date,msa,inventory_count,mortgage_rate,fed_funds,cpi,unemployment
2018-02-03,Atlanta,18062.0,4.15,1.3,247.805,4.1
2018-02-10,Atlanta,17959.0,4.22,1.41,247.805,4.0
2018-02-17,Atlanta,17935.0,4.32,1.41,248.859,4.0
2018-02-24,Atlanta,17905.0,4.38,1.41,248.859,4.0
2018-03-03,Atlanta,17945.0,4.4,1.41,248.859,4.0
2018-03-10,Atlanta,18059.0,4.43,1.42,248.859,4.0
2018-03-17,Atlanta,18410.0,4.46,1.42,248.859,4.1
2018-03-24,Atlanta,18648.0,4.44,1.42,249.529,4.1
2018-03-31,Atlanta,18794.0,4.45,1.42,249.529,4.1
2018-04-07,Atlanta,18941.0,4.44,1.51,249.529,4.1
2018-04-14,Atlanta,18964.0,4.4,1.51,249.529,4.0
2018-04-21,Atlanta,19172.0,4.42,1.51,249.577,4.0
2018-04-28,Atlanta,19424.0,4.47,1.51,249.577,4.0
2018-05-05,Atlanta,19693.0,4.58,1.51,249.577,4.0
2018-05-12,Atlanta,19903.0,4.55,1.69,249.577,4.0
2018-05-19,Atlanta,20130.0,4.55,1.69,250.227,4.0
2018-05-26,Atlanta,20389.0,4.61,1.69,250.227,4.0
2018-06-02,Atlanta,20618.0,4.66,1.69,250.227,4.0
2018-06-09,Atlanta,20898.0,4.56,1.7,250.227,4.0
2018-06-16,Atlanta,21146.0,4.54,1.7,250.227,3.8
2018-06-23,Atlanta,21391.0,4.62,1.7,250.792,3.8
2018-06-30,Atlanta,21893.0,4.57,1.7,250.792,3.8
2018-07-07,Atlanta,22240.0,4.55,1.7,250.792,3.8
2018-07-14,Atlanta,22675.0,4.52,1.82,250.792,4.0
2018-07-21,Atlanta,23064.0,4.53,1.82,251.018,4.0
2018-07-28,Atlanta,23310.0,4.52,1.82,251.018,4.0
2018-08-04,Atlanta,23555.0,4.54,1.82,251.018,4.0
2018-08-11,Atlanta,23608.0,4.6,1.91,251.018,3.8
2018-08-18,Atlanta,23669.0,4.59,1.91,251.214,3.8
2018-08-25,Atlanta,23583.0,4.53,1.91,251.214,3.8
2018-09-01,Atlanta,23543.0,4.51,1.91,251.214,3.8
2018-09-08,Atlanta,23515.0,4.52,1.91,251.214,3.8
2018-09-15,Atlanta,23486.0,4.54,1.91,251.214,3.8
2018-09-22,Atlanta,23471.0,4.6,1.91,251.663,3.8
2018-09-29,Atlanta,23446.0,4.65,1.91,251.663,3.8
2018-10-06,Atlanta,23429.0,4.72,1.91,251.663,3.8
2018-10-13,Atlanta,23380.0,4.71,1.95,251.663,3.7
2018-10-20,Atlanta,23385.0,4.9,1.95,252.182,3.7
2018-10-27,Atlanta,23348.0,4.85,1.95,252.182,3.7
2018-11-03,Atlanta,23311.0,4.86,1.95,252.182,3.7
2018-11-10,Atlanta,23225.0,4.83,2.19,252.182,3.8
2018-11-17,Atlanta,23039.0,4.94,2.19,252.772,3.8
2018-11-24,Atlanta,22700.0,4.94,2.19,252.772,3.8
2018-12-01,Atlanta,22487.0,4.81,2.19,252.772,3.8
2018-12-08,Atlanta,22121.0,4.81,2.2,252.772,3.8
2018-12-15,Atlanta,21736.0,4.75,2.2,252.772,3.8
2018-12-22,Atlanta,21470.0,4.63,2.2,252.594,3.8
2018-12-29,Atlanta,20908.0,4.62,2.2,252.594,3.8
2019-01-05,Atlanta,20607.0,4.55,2.2,252.594,3.8
2019-01-12,Atlanta,20366.0,4.51,2.27,252.594,3.9
2019-01-19,Atlanta,20331.0,4.45,2.27,252.767,3.9
2019-01-26,Atlanta,20432.0,4.45,2.27,252.767,3.9
2019-02-02,Atlanta,20480.0,4.45,2.27,252.767,3.9
2019-02-09,Atlanta,20527.0,4.46,2.4,252.767,3.9
2019-02-16,Atlanta,20545.0,4.41,2.4,252.767,4.0
2019-02-23,Atlanta,20591.0,4.37,2.4,252.561,4.0
2019-03-02,Atlanta,20591.0,4.35,2.4,252.561,4.0
2019-03-09,Atlanta,21826.0,4.35,2.4,252.561,4.0
2019-03-16,Atlanta,22061.0,4.41,2.4,252.561,3.8
2019-03-23,Atlanta,22343.0,4.31,2.4,253.319,3.8
2019-03-30,Atlanta,21777.0,4.28,2.4,253.319,3.8
2019-04-06,Atlanta,22071.0,4.06,2.4,253.319,3.8
2019-04-13,Atlanta,22443.0,4.08,2.41,253.319,3.8
2019-04-20,Atlanta,22807.0,4.12,2.41,254.277,3.8
2019-04-27,Atlanta,23141.0,4.17,2.41,254.277,3.8
2019-05-04,Atlanta,23538.0,4.2,2.41,254.277,3.8
2019-05-11,Atlanta,23778.0,4.14,2.42,254.277,3.7
2019-05-18,Atlanta,24124.0,4.1,2.42,255.233,3.7
2019-05-25,Atlanta,24431.0,4.07,2.42,255.233,3.7
2019-06-01,Atlanta,24633.0,4.06,2.42,255.233,3.7
2019-06-08,Atlanta,24843.0,3.99,2.39,255.233,3.7
2019-06-15,Atlanta,24971.0,3.82,2.39,255.233,3.6
2019-06-22,Atlanta,25160.0,3.82,2.39,255.296,3.6
2019-06-29,Atlanta,25344.0,3.84,2.39,255.296,3.6
2019-07-06,Atlanta,25315.0,3.73,2.39,255.296,3.6
2019-07-13,Atlanta,25477.0,3.75,2.38,255.296,3.6
2019-07-20,Atlanta,25579.0,3.75,2.38,255.213,3.6
2019-07-27,Atlanta,25647.0,3.81,2.38,255.213,3.6
2019-08-03,Atlanta,25924.0,3.75,2.38,255.213,3.6
2019-08-10,Atlanta,25918.0,3.75,2.4,255.213,3.7
2019-08-17,Atlanta,25890.0,3.6,2.4,255.802,3.7
2019-08-24,Atlanta,25838.0,3.6,2.4,255.802,3.7
2019-08-31,Atlanta,25753.0,3.55,2.4,255.802,3.7
2019-09-07,Atlanta,25696.0,3.58,2.13,255.802,3.7
2019-09-14,Atlanta,25640.0,3.49,2.13,255.802,3.6
2019-09-21,Atlanta,25623.0,3.56,2.13,256.036,3.6
2019-09-28,Atlanta,25591.0,3.73,2.13,256.036,3.6
2019-10-05,Atlanta,25624.0,3.64,2.13,256.036,3.6
2019-10-12,Atlanta,25646.0,3.65,2.04,256.036,3.5
2019-10-19,Atlanta,25629.0,3.57,2.04,256.43,3.5
2019-10-26,Atlanta,25622.0,3.69,2.04,256.43,3.5
2019-11-02,Atlanta,25509.0,3.75,2.04,256.43,3.5
2019-11-09,Atlanta,25256.0,3.78,1.83,256.43,3.5
2019-11-16,Atlanta,24946.0,3.69,1.83,256.43,3.6
2019-11-23,Atlanta,24560.0,3.75,1.83,257.155,3.6
2019-11-30,Atlanta,23973.0,3.66,1.83,257.155,3.6
2019-12-07,Atlanta,23538.0,3.68,1.83,257.155,3.6
2019-12-14,Atlanta,23072.0,3.68,1.55,257.155,3.6
2019-12-21,Atlanta,22603.0,3.73,1.55,257.879,3.6
2019-12-28,Atlanta,22131.0,3.73,1.55,257.879,3.6
2020-01-04,Atlanta,21624.0,3.74,1.55,257.879,3.6
2020-01-11,Atlanta,21199.0,3.72,1.55,257.879,3.6
2020-01-18,Atlanta,20885.0,3.64,1.55,258.63,3.6
2020-01-25,Atlanta,20878.0,3.65,1.55,258.63,3.6
2020-02-01,Atlanta,20915.0,3.6,1.55,258.63,3.6
2020-02-08,Atlanta,20898.0,3.51,1.55,258.63,3.6
2020-02-15,Atlanta,20782.0,3.45,1.55,258.63,3.6
2020-02-22,Atlanta,20619.0,3.47,1.55,259.127,3.6
2020-02-29,Atlanta,20457.0,3.49,1.55,259.127,3.6
2020-03-07,Atlanta,20392.0,3.45,1.55,259.127,3.6
2020-03-14,Atlanta,20488.0,3.29,1.58,259.127,3.5
2020-03-21,Atlanta,20735.0,3.36,1.58,259.25,3.5
2020-03-28,Atlanta,20996.0,3.65,1.58,259.25,3.5
2020-04-04,Atlanta,21485.0,3.5,1.58,259.25,3.5
2020-04-11,Atlanta,21873.0,3.33,0.65,259.25,4.4
2020-04-18,Atlanta,22198.0,3.33,0.65,258.076,4.4
2020-04-25,Atlanta,22478.0,3.31,0.65,258.076,4.4
2020-05-02,Atlanta,22619.0,3.33,0.65,258.076,4.4
2020-05-09,Atlanta,22691.0,3.23,0.05,258.076,4.4
2020-05-16,Atlanta,22979.0,3.26,0.05,258.076,14.8
2020-05-23,Atlanta,23020.0,3.28,0.05,256.032,14.8
2020-05-30,Atlanta,22917.0,3.24,0.05,256.032,14.8
2020-06-06,Atlanta,22834.0,3.15,0.05,256.032,14.8
2020-06-13,Atlanta,22397.0,3.18,0.05,256.032,13.2
2020-06-20,Atlanta,22153.0,3.21,0.05,255.802,13.2
2020-06-27,Atlanta,21841.0,3.13,0.05,255.802,13.2
2020-07-04,Atlanta,21429.0,3.13,0.05,255.802,13.2
2020-07-11,Atlanta,21023.0,3.07,0.08,255.802,11.0
2020-07-18,Atlanta,20623.0,3.03,0.08,257.042,11.0
2020-07-25,Atlanta,20248.0,2.98,0.08,257.042,11.0
2020-08-01,Atlanta,19970.0,3.01,0.08,257.042,11.0
2020-08-08,Atlanta,19695.0,2.99,0.09,257.042,11.0
2020-08-15,Atlanta,19394.0,2.88,0.09,257.042,10.2
2020-08-22,Atlanta,19165.0,2.96,0.09,258.352,10.2
2020-08-29,Atlanta,18970.0,2.99,0.09,258.352,10.2
2020-09-05,Atlanta,18742.0,2.91,0.09,258.352,10.2
2020-09-12,Atlanta,18507.0,2.93,0.1,258.352,8.4
2020-09-19,Atlanta,18305.0,2.86,0.1,259.316,8.4
2020-09-26,Atlanta,18098.0,2.87,0.1,259.316,8.4
2020-10-03,Atlanta,17926.0,2.9,0.1,259.316,8.4
2020-10-10,Atlanta,17813.0,2.88,0.09,259.316,8.4
2020-10-17,Atlanta,17638.0,2.87,0.09,259.316,7.8
2020-10-24,Atlanta,17480.0,2.81,0.09,259.997,7.8
2020-10-31,Atlanta,17248.0,2.8,0.09,259.997,7.8
2020-11-07,Atlanta,16949.0,2.81,0.09,259.997,7.8
2020-11-14,Atlanta,16628.0,2.78,0.09,259.997,6.9
2020-11-21,Atlanta,16243.0,2.84,0.09,260.319,6.9
2020-11-28,Atlanta,15705.0,2.72,0.09,260.319,6.9
2020-12-05,Atlanta,15275.0,2.72,0.09,260.319,6.9
2020-12-12,Atlanta,14772.0,2.71,0.09,260.319,6.7
2020-12-19,Atlanta,14271.0,2.71,0.09,260.911,6.7
2020-12-26,Atlanta,13770.0,2.67,0.09,260.911,6.7
2021-01-02,Atlanta,13173.0,2.66,0.09,260.911,6.7
2021-01-09,Atlanta,12722.0,2.67,0.09,260.911,6.7
2021-01-16,Atlanta,12750.0,2.65,0.09,260.911,6.7
2021-01-23,Atlanta,12817.0,2.79,0.09,262.045,6.7
2021-01-30,Atlanta,12872.0,2.77,0.09,262.045,6.7
2021-02-06,Atlanta,12883.0,2.73,0.09,262.045,6.7
2021-02-13,Atlanta,12474.0,2.73,0.09,262.045,6.4
2021-02-20,Atlanta,12054.0,2.73,0.09,262.687,6.4
2021-02-27,Atlanta,11680.0,2.81,0.09,262.687,6.4
2021-03-06,Atlanta,11364.0,2.97,0.09,262.687,6.4
2021-03-13,Atlanta,11173.0,3.02,0.08,262.687,6.2
2021-03-20,Atlanta,11216.0,3.05,0.08,263.579,6.2
2021-03-27,Atlanta,11319.0,3.09,0.08,263.579,6.2
2021-04-03,Atlanta,11409.0,3.17,0.08,263.579,6.2
2021-04-10,Atlanta,11438.0,3.18,0.07,263.579,6.1
2021-04-17,Atlanta,11597.0,3.13,0.07,264.961,6.1
2021-04-24,Atlanta,11796.0,3.04,0.07,264.961,6.1
2021-05-01,Atlanta,11962.0,2.97,0.07,264.961,6.1
2021-05-08,Atlanta,12077.0,2.98,0.07,264.961,6.1
2021-05-15,Atlanta,12129.0,2.96,0.07,264.961,6.1
2021-05-22,Atlanta,12269.0,2.94,0.07,266.614,6.1
2021-05-29,Atlanta,12418.0,3.0,0.07,266.614,6.1
2021-06-05,Atlanta,12609.0,2.95,0.07,266.614,6.1
2021-06-12,Atlanta,12922.0,2.99,0.06,266.614,5.8
2021-06-19,Atlanta,13208.0,2.96,0.06,268.383,5.8
2021-06-26,Atlanta,13577.0,2.93,0.06,268.383,5.8
2021-07-03,Atlanta,13936.0,3.02,0.06,268.383,5.8
2021-07-10,Atlanta,14192.0,2.98,0.08,268.383,5.8
2021-07-17,Atlanta,14215.0,2.9,0.08,268.383,5.9
2021-07-24,Atlanta,14212.0,2.88,0.08,270.654,5.9
2021-07-31,Atlanta,14233.0,2.78,0.08,270.654,5.9
2021-08-07,Atlanta,14203.0,2.8,0.1,270.654,5.9
2021-08-14,Atlanta,14356.0,2.77,0.1,270.654,5.4
2021-08-21,Atlanta,14421.0,2.87,0.1,271.903,5.4
2021-08-28,Atlanta,14491.0,2.86,0.1,271.903,5.4
2021-09-04,Atlanta,14563.0,2.87,0.1,271.903,5.4
2021-09-11,Atlanta,14491.0,2.87,0.09,271.903,5.1
2021-09-18,Atlanta,14494.0,2.88,0.09,272.676,5.1
2021-09-25,Atlanta,14352.0,2.86,0.09,272.676,5.1
2021-10-02,Atlanta,14202.0,2.88,0.09,272.676,5.1
2021-10-09,Atlanta,14059.0,3.01,0.08,272.676,5.1
2021-10-16,Atlanta,13873.0,2.99,0.08,272.676,4.7
2021-10-23,Atlanta,13839.0,3.05,0.08,273.91,4.7
2021-10-30,Atlanta,13736.0,3.09,0.08,273.91,4.7
2021-11-06,Atlanta,13664.0,3.14,0.08,273.91,4.7
2021-11-13,Atlanta,13575.0,3.09,0.08,273.91,4.5
2021-11-20,Atlanta,13437.0,2.98,0.08,276.55,4.5
2021-11-27,Atlanta,13027.0,3.1,0.08,276.55,4.5
2021-12-04,Atlanta,12715.0,3.1,0.08,276.55,4.5
2021-12-11,Atlanta,12325.0,3.11,0.08,276.55,4.1
2021-12-18,Atlanta,11878.0,3.1,0.08,278.919,4.1
2021-12-25,Atlanta,11555.0,3.12,0.08,278.919,4.1
2022-01-01,Atlanta,11083.0,3.05,0.08,278.919,4.1
2022-01-08,Atlanta,10769.0,3.11,0.08,278.919,4.1
2022-01-15,Atlanta,10589.0,3.22,0.08,278.919,3.9
2022-01-22,Atlanta,10564.0,3.45,0.08,280.845,3.9
2022-01-29,Atlanta,10631.0,3.56,0.08,280.845,3.9
2022-02-05,Atlanta,10632.0,3.55,0.08,280.845,3.9
2022-02-12,Atlanta,10524.0,3.55,0.08,280.845,4.0
2022-02-19,Atlanta,10440.0,3.69,0.08,282.543,4.0
2022-02-26,Atlanta,10339.0,3.92,0.08,282.543,4.0
2022-03-05,Atlanta,10344.0,3.89,0.08,282.543,4.0
2022-03-12,Atlanta,10377.0,3.76,0.08,282.543,4.0
2022-03-19,Atlanta,10421.0,3.85,0.08,282.543,3.9
2022-03-26,Atlanta,10505.0,4.16,0.08,284.5,3.9
2022-04-02,Atlanta,10495.0,4.42,0.08,284.5,3.9
2022-04-09,Atlanta,10453.0,4.67,0.2,284.5,3.9
2022-04-16,Atlanta,10473.0,4.72,0.2,284.5,3.7
2022-04-23,Atlanta,10635.0,5.0,0.2,287.674,3.7
2022-04-30,Atlanta,10949.0,5.11,0.2,287.674,3.7
2022-05-07,Atlanta,11316.0,5.1,0.2,287.674,3.7
2022-05-14,Atlanta,11756.0,5.27,0.33,287.674,3.7
2022-05-21,Atlanta,12155.0,5.3,0.33,288.561,3.7
2022-05-28,Atlanta,12379.0,5.25,0.33,288.561,3.7
2022-06-04,Atlanta,12746.0,5.1,0.33,288.561,3.7
2022-06-11,Atlanta,13189.0,5.09,0.77,288.561,3.6
2022-06-18,Atlanta,13620.0,5.23,0.77,291.298,3.6
2022-06-25,Atlanta,14311.0,5.78,0.77,291.298,3.6
2022-07-02,Atlanta,14987.0,5.81,0.77,291.298,3.6
2022-07-09,Atlanta,15555.0,5.7,1.21,291.298,3.6
2022-07-16,Atlanta,16215.0,5.3,1.21,291.298,3.6
2022-07-23,Atlanta,16714.0,5.51,1.21,294.957,3.6
2022-07-30,Atlanta,17135.0,5.54,1.21,294.957,3.6
2022-08-06,Atlanta,17523.0,5.3,1.21,294.957,3.6
2022-08-13,Atlanta,17788.0,4.99,1.68,294.957,3.5
2022-08-20,Atlanta,17980.0,5.22,1.68,294.913,3.5
2022-08-27,Atlanta,18112.0,5.13,1.68,294.913,3.5
2022-09-03,Atlanta,18183.0,5.55,1.68,294.913,3.5
2022-09-10,Atlanta,18108.0,5.66,2.33,294.913,3.6
2022-09-17,Atlanta,18104.0,5.89,2.33,295.097,3.6
2022-09-24,Atlanta,18107.0,6.02,2.33,295.097,3.6
2022-10-01,Atlanta,18158.0,6.29,2.33,295.097,3.6
2022-10-08,Atlanta,18269.0,6.7,2.56,295.097,3.6
2022-10-15,Atlanta,18315.0,6.66,2.56,295.097,3.5
2022-10-22,Atlanta,18389.0,6.92,2.56,296.349,3.5
2022-10-29,Atlanta,18418.0,6.94,2.56,296.349,3.5
2022-11-05,Atlanta,18464.0,7.08,2.56,296.349,3.5
2022-11-12,Atlanta,18419.0,6.95,3.08,296.349,3.6
2022-11-19,Atlanta,18252.0,7.08,3.08,298.007,3.6
2022-11-26,Atlanta,17883.0,6.61,3.08,298.007,3.6
2022-12-03,Atlanta,17591.0,6.58,3.08,298.007,3.6
2022-12-10,Atlanta,17223.0,6.49,3.78,298.007,3.6
2022-12-17,Atlanta,16886.0,6.33,3.78,298.007,3.6
2022-12-24,Atlanta,16580.0,6.31,3.78,298.786,3.6
2022-12-31,Atlanta,16076.0,6.27,3.78,298.786,3.6
2023-01-07,Atlanta,15625.0,6.42,4.1,298.786,3.6
2023-01-14,Atlanta,15254.0,6.48,4.1,298.786,3.5
2023-01-21,Atlanta,14994.0,6.33,4.1,298.832,3.5
2023-01-28,Atlanta,14778.0,6.15,4.1,298.832,3.5
2023-02-04,Atlanta,14541.0,6.13,4.1,298.832,3.5
2023-02-11,Atlanta,14275.0,6.09,4.33,298.832,3.5
2023-02-18,Atlanta,13964.0,6.12,4.33,300.42,3.5
2023-02-25,Atlanta,13651.0,6.32,4.33,300.42,3.5
2023-03-04,Atlanta,13469.0,6.5,4.33,300.42,3.5
2023-03-11,Atlanta,13244.0,6.65,4.57,300.42,3.5
2023-03-18,Atlanta,13093.0,6.73,4.57,300.42,3.6
2023-03-25,Atlanta,12966.0,6.6,4.57,301.45,3.6
2023-04-01,Atlanta,12827.0,6.42,4.57,301.45,3.6
2023-04-08,Atlanta,12583.0,6.32,4.65,301.45,3.6
2023-04-15,Atlanta,12428.0,6.28,4.65,301.45,3.5
2023-04-22,Atlanta,12581.0,6.27,4.65,301.821,3.5
2023-04-29,Atlanta,12824.0,6.39,4.65,301.821,3.5
2023-05-06,Atlanta,13079.0,6.43,4.65,301.821,3.5
2023-05-13,Atlanta,13200.0,6.39,4.83,301.821,3.4
2023-05-20,Atlanta,13153.0,6.35,4.83,302.845,3.4
2023-05-27,Atlanta,13055.0,6.39,4.83,302.845,3.4
2023-06-03,Atlanta,13097.0,6.57,4.83,302.845,3.4
2023-06-10,Atlanta,13241.0,6.79,5.06,302.845,3.6
2023-06-17,Atlanta,13456.0,6.71,5.06,303.334,3.6
2023-06-24,Atlanta,13666.0,6.69,5.06,303.334,3.6
2023-07-01,Atlanta,13904.0,6.67,5.06,303.334,3.6
2023-07-08,Atlanta,13951.0,6.71,5.08,303.334,3.6
2023-07-15,Atlanta,14069.0,6.81,5.08,303.334,3.6
2023-07-22,Atlanta,14270.0,6.96,5.08,304.014,3.6
2023-07-29,Atlanta,14439.0,6.78,5.08,304.014,3.6
2023-08-05,Atlanta,14711.0,6.81,5.08,304.014,3.6
2023-08-12,Atlanta,14632.0,6.9,5.12,304.014,3.5
2023-08-19,Atlanta,14384.0,6.96,5.12,304.609,3.5
2023-08-26,Atlanta,14209.0,7.09,5.12,304.609,3.5
2023-09-02,Atlanta,14155.0,7.23,5.12,304.609,3.5
2023-09-09,Atlanta,14401.0,7.18,5.33,304.609,3.5
2023-09-16,Atlanta,14760.0,7.12,5.33,304.609,3.7
2023-09-23,Atlanta,15089.0,7.18,5.33,306.082,3.7
2023-09-30,Atlanta,15384.0,7.19,5.33,306.082,3.7
2023-10-07,Atlanta,15413.0,7.31,5.33,306.082,3.7
2023-10-14,Atlanta,15404.0,7.49,5.33,306.082,3.7
2023-10-21,Atlanta,15472.0,7.57,5.33,307.276,3.7
2023-10-28,Atlanta,15608.0,7.63,5.33,307.276,3.7
2023-11-04,Atlanta,15831.0,7.79,5.33,307.276,3.7
2023-11-11,Atlanta,16045.0,7.76,5.33,307.276,3.9
2023-11-18,Atlanta,16184.0,7.5,5.33,307.696,3.9
2023-11-25,Atlanta,16071.0,7.44,5.33,307.696,3.9
2023-12-02,Atlanta,16011.0,7.29,5.33,307.696,3.9
2023-12-09,Atlanta,15772.0,7.22,5.33,307.696,3.9
2023-12-16,Atlanta,15387.0,7.03,5.33,307.696,3.7
2023-12-23,Atlanta,15137.0,6.95,5.33,308.148,3.7
2023-12-30,Atlanta,14722.0,6.67,5.33,308.148,3.7
2024-01-06,Atlanta,14401.0,6.61,5.33,308.148,3.7
2024-01-13,Atlanta,14232.0,6.62,5.33,308.148,3.8
2024-01-20,Atlanta,14184.0,6.66,5.33,308.741,3.8
2024-01-27,Atlanta,14253.0,6.6,5.33,308.741,3.8
2024-02-03,Atlanta,14455.0,6.69,5.33,308.741,3.8
2024-02-10,Atlanta,14538.0,6.63,5.33,308.741,3.7
2024-02-17,Atlanta,14530.0,6.64,5.33,309.698,3.7
2024-02-24,Atlanta,14633.0,6.77,5.33,309.698,3.7
2024-03-02,Atlanta,14821.0,6.9,5.33,309.698,3.7
2024-03-09,Atlanta,15018.0,6.94,5.33,309.698,3.7
2024-03-16,Atlanta,15291.0,6.88,5.33,309.698,3.9
2024-03-23,Atlanta,15592.0,6.74,5.33,310.967,3.9
2024-03-30,Atlanta,15802.0,6.87,5.33,310.967,3.9
2024-04-06,Atlanta,16128.0,6.79,5.33,310.967,3.9
2024-04-13,Atlanta,16539.0,6.82,5.33,310.967,3.9
2024-04-20,Atlanta,16829.0,6.88,5.33,312.345,3.9
2024-04-27,Atlanta,17032.0,7.1,5.33,312.345,3.9
2024-05-04,Atlanta,17502.0,7.17,5.33,312.345,3.9
2024-05-11,Atlanta,17862.0,7.22,5.33,312.345,3.9
2024-05-18,Atlanta,18192.0,7.09,5.33,313.023,3.9
2024-05-25,Atlanta,18476.0,7.02,5.33,313.023,3.9
2024-06-01,Atlanta,18703.0,6.94,5.33,313.023,3.9
2024-06-08,Atlanta,19012.0,7.03,5.33,313.023,3.9
2024-06-15,Atlanta,19446.0,6.99,5.33,313.023,3.9
2024-06-22,Atlanta,19962.0,6.95,5.33,313.175,3.9
2024-06-29,Atlanta,20262.0,6.87,5.33,313.175,3.9
2024-07-06,Atlanta,20403.0,6.86,5.33,313.175,3.9
2024-07-13,Atlanta,20621.0,6.95,5.33,313.175,4.1
2024-07-20,Atlanta,20845.0,6.89,5.33,313.044,4.1
2024-07-27,Atlanta,21000.0,6.77,5.33,313.044,4.1
2024-08-03,Atlanta,21194.0,6.78,5.33,313.044,4.1
2024-08-10,Atlanta,21150.0,6.73,5.33,313.044,4.2
2024-08-17,Atlanta,21332.0,6.47,5.33,313.569,4.2
2024-08-24,Atlanta,21593.0,6.49,5.33,313.569,4.2
2024-08-31,Atlanta,21674.0,6.46,5.33,313.569,4.2
2024-09-07,Atlanta,21800.0,6.35,5.33,313.569,4.2
2024-09-14,Atlanta,21808.0,6.35,5.33,313.569,4.2
2024-09-21,Atlanta,21909.0,6.2,5.33,314.062,4.2
2024-09-28,Atlanta,22173.0,6.09,5.33,314.062,4.2
2024-10-05,Atlanta,22450.0,6.08,5.33,314.062,4.2
2024-10-12,Atlanta,22562.0,6.12,5.13,314.062,4.1
2024-10-19,Atlanta,22750.0,6.32,5.13,314.732,4.1
2024-10-26,Atlanta,23050.0,6.44,5.13,314.732,4.1
2024-11-02,Atlanta,23203.0,6.54,5.13,314.732,4.1
2024-11-09,Atlanta,23297.0,6.72,4.83,314.732,4.1
2024-11-16,Atlanta,23202.0,6.79,4.83,314.732,4.1
2024-11-23,Atlanta,22933.0,6.78,4.83,315.631,4.1
2024-11-30,Atlanta,22603.0,6.84,4.83,315.631,4.1
2024-12-07,Atlanta,22350.0,6.81,4.83,315.631,4.1
2024-12-14,Atlanta,22015.0,6.69,4.64,315.631,4.2
2024-12-21,Atlanta,21635.0,6.6,4.64,316.528,4.2
2024-12-28,Atlanta,21278.0,6.72,4.64,316.528,4.2
2025-01-04,Atlanta,20958.0,6.85,4.64,316.528,4.2
2025-01-11,Atlanta,20588.0,6.91,4.48,316.528,4.1
2025-01-18,Atlanta,20442.0,6.93,4.48,317.604,4.1
2025-01-25,Atlanta,20462.0,7.04,4.48,317.604,4.1
2025-02-01,Atlanta,20531.0,6.96,4.48,317.604,4.1
2025-02-08,Atlanta,20718.0,6.95,4.33,317.604,4.1
2025-02-15,Atlanta,20939.0,6.89,4.33,317.604,4.0
2025-02-22,Atlanta,21199.0,6.87,4.33,318.961,4.0
2025-03-01,Atlanta,21516.0,6.85,4.33,318.961,4.0
2025-03-08,Atlanta,21889.0,6.76,4.33,318.961,4.0
2025-03-15,Atlanta,22252.0,6.63,4.33,318.961,4.2
2025-03-22,Atlanta,22694.0,6.65,4.33,319.679,4.2
2025-03-29,Atlanta,23143.0,6.67,4.33,319.679,4.2
2025-04-05,Atlanta,23665.0,6.65,4.33,319.679,4.2
2025-04-12,Atlanta,24062.0,6.64,4.33,319.679,4.2
2025-04-19,Atlanta,24506.0,6.62,4.33,319.785,4.2
2025-04-26,Atlanta,24967.0,6.83,4.33,319.785,4.2
2025-05-03,Atlanta,25426.0,6.81,4.33,319.785,4.2
2025-05-10,Atlanta,25879.0,6.76,4.33,319.785,4.2
2025-05-17,Atlanta,26246.0,6.76,4.33,319.785,4.2
2025-05-24,Atlanta,26573.0,6.81,4.33,320.302,4.2
2025-05-31,Atlanta,26812.0,6.86,4.33,320.302,4.2
2025-06-07,Atlanta,27100.0,6.89,4.33,320.302,4.2
2025-06-14,Atlanta,27387.0,6.85,4.33,320.302,4.3
2025-06-21,Atlanta,27663.0,6.84,4.33,320.62,4.3
2025-06-28,Atlanta,28072.0,6.81,4.33,320.62,4.3
2025-07-05,Atlanta,28158.0,6.77,4.33,320.62,4.3
2025-07-12,Atlanta,28233.0,6.67,4.33,320.62,4.1
2025-07-19,Atlanta,28270.0,6.72,4.33,321.435,4.1
2025-07-26,Atlanta,28260.0,6.75,4.33,321.435,4.1
2025-08-02,Atlanta,28462.0,6.74,4.33,321.435,4.1
2025-08-09,Atlanta,28421.0,6.72,4.33,321.435,4.1
2025-08-16,Atlanta,28371.0,6.63,4.33,321.435,4.3
2025-08-23,Atlanta,28168.0,6.58,4.33,322.169,4.3
2025-08-30,Atlanta,28115.0,6.58,4.33,322.169,4.3
2025-09-06,Atlanta,28034.0,6.56,4.33,322.169,4.3
2025-09-13,Atlanta,27912.0,6.5,4.33,322.169,4.3
2025-09-20,Atlanta,27828.0,6.35,4.33,323.291,4.3
2025-09-27,Atlanta,27610.0,6.26,4.33,323.291,4.3
2025-10-04,Atlanta,27726.0,6.3,4.33,323.291,4.3
2025-10-11,Atlanta,27680.0,6.34,4.22,323.291,4.4
2025-10-18,Atlanta,27644.0,6.3,4.22,324.245,4.4
2025-10-25,Atlanta,27561.0,6.27,4.22,324.245,4.4
2025-11-01,Atlanta,27296.0,6.19,4.22,324.245,4.4
2025-11-08,Atlanta,27086.0,6.17,4.09,324.245,4.4
2025-11-15,Atlanta,26790.0,6.22,4.09,324.245,4.4
2025-11-22,Atlanta,26610.0,6.24,4.09,324.245,4.4
2025-11-29,Atlanta,26144.0,6.26,4.09,324.245,4.4
2025-12-06,Atlanta,25759.0,6.23,4.09,324.245,4.4
2025-12-13,Atlanta,25260.0,6.19,3.88,324.245,4.5
2025-12-20,Atlanta,24675.0,6.22,3.88,325.063,4.5
2025-12-27,Atlanta,24075.0,6.21,3.88,325.063,4.5
2026-01-03,Atlanta,23493.0,6.18,3.88,325.063,4.5
2026-01-10,Atlanta,22901.0,6.15,3.72,325.063,4.4
2026-01-17,Atlanta,22454.0,6.16,3.72,326.031,4.4
2026-01-24,Atlanta,22446.0,6.06,3.72,326.031,4.4
2026-01-31,Atlanta,22372.0,6.09,3.72,326.031,4.4
2026-02-07,Atlanta,22479.0,6.1,3.64,326.031,4.4
2026-02-14,Atlanta,22569.0,6.11,3.64,326.031,4.3
2026-02-21,Atlanta,22684.0,6.09,3.64,326.588,4.3
2026-02-28,Atlanta,22858.0,6.01,3.64,326.588,4.3
2026-03-07,Atlanta,23091.0,5.98,3.64,326.588,4.3
2026-03-14,Atlanta,23345.0,6.0,3.64,326.588,4.4
2026-03-21,Atlanta,23726.0,6.11,3.64,327.46,4.4
2026-03-28,Atlanta,24182.0,6.22,3.64,327.46,4.4
2026-04-04,Atlanta,24662.0,6.38,3.64,327.46,4.4
2026-04-11,Atlanta,25031.0,6.46,3.64,327.46,4.3
2026-04-18,Atlanta,25396.0,6.37,3.64,330.293,4.3
2026-04-25,Atlanta,25878.0,6.3,3.64,330.293,4.3
2026-05-02,Atlanta,26299.0,6.23,3.64,330.293,4.3
2026-05-09,Atlanta,26668.0,6.3,3.64,330.293,4.3
2026-05-16,Atlanta,26865.0,6.37,3.64,330.293,4.3
2026-05-23,Atlanta,27006.0,6.36,3.64,332.407,4.3
2026-05-30,Atlanta,27166.0,6.51,3.64,332.407,4.3
2026-06-06,Atlanta,27404.0,6.53,3.64,332.407,4.3
2026-06-13,Atlanta,27604.0,6.48,3.63,332.407,4.3
2026-06-20,Atlanta,27726.0,6.52,3.63,333.979,4.3
2018-02-03,Boston,5661.0,4.15,1.3,247.805,4.1
2018-02-10,Boston,5657.0,4.22,1.41,247.805,4.0
2018-02-17,Boston,5699.0,4.32,1.41,248.859,4.0
2018-02-24,Boston,5752.0,4.38,1.41,248.859,4.0
2018-03-03,Boston,5931.0,4.4,1.41,248.859,4.0
2018-03-10,Boston,6182.0,4.43,1.42,248.859,4.0
2018-03-17,Boston,6457.0,4.46,1.42,248.859,4.1
2018-03-24,Boston,6721.0,4.44,1.42,249.529,4.1
2018-03-31,Boston,6826.0,4.45,1.42,249.529,4.1
2018-04-07,Boston,6997.0,4.44,1.51,249.529,4.1
2018-04-14,Boston,7257.0,4.4,1.51,249.529,4.0
2018-04-21,Boston,7555.0,4.42,1.51,249.577,4.0
2018-04-28,Boston,8029.0,4.47,1.51,249.577,4.0
2018-05-05,Boston,8493.0,4.58,1.51,249.577,4.0
2018-05-12,Boston,8776.0,4.55,1.69,249.577,4.0
2018-05-19,Boston,9214.0,4.55,1.69,250.227,4.0
2018-05-26,Boston,9471.0,4.61,1.69,250.227,4.0
2018-06-02,Boston,9643.0,4.66,1.69,250.227,4.0
2018-06-09,Boston,9986.0,4.56,1.7,250.227,4.0
2018-06-16,Boston,10137.0,4.54,1.7,250.227,3.8
2018-06-23,Boston,10440.0,4.62,1.7,250.792,3.8
2018-06-30,Boston,10615.0,4.57,1.7,250.792,3.8
2018-07-07,Boston,10474.0,4.55,1.7,250.792,3.8
2018-07-14,Boston,10626.0,4.52,1.82,250.792,4.0
2018-07-21,Boston,10725.0,4.53,1.82,251.018,4.0
2018-07-28,Boston,10863.0,4.52,1.82,251.018,4.0
2018-08-04,Boston,11171.0,4.54,1.82,251.018,4.0
2018-08-11,Boston,11178.0,4.6,1.91,251.018,3.8
2018-08-18,Boston,11139.0,4.59,1.91,251.214,3.8
2018-08-25,Boston,11142.0,4.53,1.91,251.214,3.8
2018-09-01,Boston,11037.0,4.51,1.91,251.214,3.8
2018-09-08,Boston,11116.0,4.52,1.91,251.214,3.8
2018-09-15,Boston,11380.0,4.54,1.91,251.214,3.8
2018-09-22,Boston,11669.0,4.6,1.91,251.663,3.8
2018-09-29,Boston,12099.0,4.65,1.91,251.663,3.8
2018-10-06,Boston,12316.0,4.72,1.91,251.663,3.8
2018-10-13,Boston,12361.0,4.71,1.95,251.663,3.7
2018-10-20,Boston,12376.0,4.9,1.95,252.182,3.7
2018-10-27,Boston,12329.0,4.85,1.95,252.182,3.7
2018-11-03,Boston,12270.0,4.86,1.95,252.182,3.7
2018-11-10,Boston,12127.0,4.83,2.19,252.182,3.8
2018-11-17,Boston,11885.0,4.94,2.19,252.772,3.8
2018-11-24,Boston,11418.0,4.94,2.19,252.772,3.8
2018-12-01,Boston,10935.0,4.81,2.19,252.772,3.8
2018-12-08,Boston,10373.0,4.81,2.2,252.772,3.8
2018-12-15,Boston,9759.0,4.75,2.2,252.772,3.8
2018-12-22,Boston,9214.0,4.63,2.2,252.594,3.8
2018-12-29,Boston,8568.0,4.62,2.2,252.594,3.8
2019-01-05,Boston,8080.0,4.55,2.2,252.594,3.8
2019-01-12,Boston,7775.0,4.51,2.27,252.594,3.9
2019-01-19,Boston,7650.0,4.45,2.27,252.767,3.9
2019-01-26,Boston,7654.0,4.45,2.27,252.767,3.9
2019-02-02,Boston,7641.0,4.45,2.27,252.767,3.9
2019-02-09,Boston,7588.0,4.46,2.4,252.767,3.9
2019-02-16,Boston,7565.0,4.41,2.4,252.767,4.0
2019-02-23,Boston,7546.0,4.37,2.4,252.561,4.0
2019-03-02,Boston,7623.0,4.35,2.4,252.561,4.0
2019-03-09,Boston,7785.0,4.35,2.4,252.561,4.0
2019-03-16,Boston,7979.0,4.41,2.4,252.561,3.8
2019-03-23,Boston,8248.0,4.31,2.4,253.319,3.8
2019-03-30,Boston,8511.0,4.28,2.4,253.319,3.8
2019-04-06,Boston,8862.0,4.06,2.4,253.319,3.8
2019-04-13,Boston,9240.0,4.08,2.41,253.319,3.8
2019-04-20,Boston,9449.0,4.12,2.41,254.277,3.8
2019-04-27,Boston,9744.0,4.17,2.41,254.277,3.8
2019-05-04,Boston,10103.0,4.2,2.41,254.277,3.8
2019-05-11,Boston,10379.0,4.14,2.42,254.277,3.7
2019-05-18,Boston,10976.0,4.1,2.42,255.233,3.7
2019-05-25,Boston,11312.0,4.07,2.42,255.233,3.7
2019-06-01,Boston,11530.0,4.06,2.42,255.233,3.7
2019-06-08,Boston,11881.0,3.99,2.39,255.233,3.7
2019-06-15,Boston,12040.0,3.82,2.39,255.233,3.6
2019-06-22,Boston,12321.0,3.82,2.39,255.296,3.6
2019-06-29,Boston,12476.0,3.84,2.39,255.296,3.6
2019-07-06,Boston,12211.0,3.73,2.39,255.296,3.6
2019-07-13,Boston,12046.0,3.75,2.38,255.296,3.6
2019-07-20,Boston,11864.0,3.75,2.38,255.213,3.6
2019-07-27,Boston,11642.0,3.81,2.38,255.213,3.6
2019-08-03,Boston,11679.0,3.75,2.38,255.213,3.6
2019-08-10,Boston,11559.0,3.75,2.4,255.213,3.7
2019-08-17,Boston,11400.0,3.6,2.4,255.802,3.7
2019-08-24,Boston,11286.0,3.6,2.4,255.802,3.7
2019-08-31,Boston,11104.0,3.55,2.4,255.802,3.7
2019-09-07,Boston,11149.0,3.58,2.13,255.802,3.7
2019-09-14,Boston,11382.0,3.49,2.13,255.802,3.6
2019-09-21,Boston,11639.0,3.56,2.13,256.036,3.6
2019-09-28,Boston,12000.0,3.73,2.13,256.036,3.6
2019-10-05,Boston,12191.0,3.64,2.13,256.036,3.6
2019-10-12,Boston,12173.0,3.65,2.04,256.036,3.5
2019-10-19,Boston,12118.0,3.57,2.04,256.43,3.5
2019-10-26,Boston,12003.0,3.69,2.04,256.43,3.5
2019-11-02,Boston,11763.0,3.75,2.04,256.43,3.5
2019-11-09,Boston,11455.0,3.78,1.83,256.43,3.5
2019-11-16,Boston,11047.0,3.69,1.83,256.43,3.6
2019-11-23,Boston,10542.0,3.75,1.83,257.155,3.6
2019-11-30,Boston,9905.0,3.66,1.83,257.155,3.6
2019-12-07,Boston,9253.0,3.68,1.83,257.155,3.6
2019-12-14,Boston,8582.0,3.68,1.55,257.155,3.6
2019-12-21,Boston,7896.0,3.73,1.55,257.879,3.6
2019-12-28,Boston,7250.0,3.73,1.55,257.879,3.6
2020-01-04,Boston,6698.0,3.74,1.55,257.879,3.6
2020-01-11,Boston,6298.0,3.72,1.55,257.879,3.6
2020-01-18,Boston,6053.0,3.64,1.55,258.63,3.6
2020-01-25,Boston,6007.0,3.65,1.55,258.63,3.6
2020-02-01,Boston,5978.0,3.6,1.55,258.63,3.6
2020-02-08,Boston,6013.0,3.51,1.55,258.63,3.6
2020-02-15,Boston,6037.0,3.45,1.55,258.63,3.6
2020-02-22,Boston,6087.0,3.47,1.55,259.127,3.6
2020-02-29,Boston,6277.0,3.49,1.55,259.127,3.6
2020-03-07,Boston,6504.0,3.45,1.55,259.127,3.6
2020-03-14,Boston,6867.0,3.29,1.58,259.127,3.5
2020-03-21,Boston,7195.0,3.36,1.58,259.25,3.5
2020-03-28,Boston,7283.0,3.65,1.58,259.25,3.5
2020-04-04,Boston,7223.0,3.5,1.58,259.25,3.5
2020-04-11,Boston,7015.0,3.33,0.65,259.25,4.4
2020-04-18,Boston,6867.0,3.33,0.65,258.076,4.4
2020-04-25,Boston,6856.0,3.31,0.65,258.076,4.4
2020-05-02,Boston,6953.0,3.33,0.65,258.076,4.4
2020-05-09,Boston,7144.0,3.23,0.05,258.076,4.4
2020-05-16,Boston,7380.0,3.26,0.05,258.076,14.8
2020-05-23,Boston,7651.0,3.28,0.05,256.032,14.8
2020-05-30,Boston,7906.0,3.24,0.05,256.032,14.8
2020-06-06,Boston,8204.0,3.15,0.05,256.032,14.8
2020-06-13,Boston,8466.0,3.18,0.05,256.032,13.2
2020-06-20,Boston,8703.0,3.21,0.05,255.802,13.2
2020-06-27,Boston,8906.0,3.13,0.05,255.802,13.2
2020-07-04,Boston,8778.0,3.13,0.05,255.802,13.2
2020-07-11,Boston,8651.0,3.07,0.08,255.802,11.0
2020-07-18,Boston,8591.0,3.03,0.08,257.042,11.0
2020-07-25,Boston,8461.0,2.98,0.08,257.042,11.0
2020-08-01,Boston,8509.0,3.01,0.08,257.042,11.0
2020-08-08,Boston,8488.0,2.99,0.09,257.042,11.0
2020-08-15,Boston,8367.0,2.88,0.09,257.042,10.2
2020-08-22,Boston,8270.0,2.96,0.09,258.352,10.2
2020-08-29,Boston,8240.0,2.99,0.09,258.352,10.2
2020-09-05,Boston,8164.0,2.91,0.09,258.352,10.2
2020-09-12,Boston,8220.0,2.93,0.1,258.352,8.4
2020-09-19,Boston,8294.0,2.86,0.1,259.316,8.4
2020-09-26,Boston,8355.0,2.87,0.1,259.316,8.4
2020-10-03,Boston,8501.0,2.9,0.1,259.316,8.4
2020-10-10,Boston,8511.0,2.88,0.09,259.316,8.4
2020-10-17,Boston,8521.0,2.87,0.09,259.316,7.8
2020-10-24,Boston,8528.0,2.81,0.09,259.997,7.8
2020-10-31,Boston,8396.0,2.8,0.09,259.997,7.8
2020-11-07,Boston,8204.0,2.81,0.09,259.997,7.8
2020-11-14,Boston,7978.0,2.78,0.09,259.997,6.9
2020-11-21,Boston,7654.0,2.84,0.09,260.319,6.9
2020-11-28,Boston,7242.0,2.72,0.09,260.319,6.9
2020-12-05,Boston,6846.0,2.72,0.09,260.319,6.9
2020-12-12,Boston,6410.0,2.71,0.09,260.319,6.7
2020-12-19,Boston,5925.0,2.71,0.09,260.911,6.7
2020-12-26,Boston,5460.0,2.67,0.09,260.911,6.7
2021-01-02,Boston,4972.0,2.66,0.09,260.911,6.7
2021-01-09,Boston,4597.0,2.67,0.09,260.911,6.7
2021-01-16,Boston,4456.0,2.65,0.09,260.911,6.7
2021-01-23,Boston,4513.0,2.79,0.09,262.045,6.7
2021-01-30,Boston,4615.0,2.77,0.09,262.045,6.7
2021-02-06,Boston,4662.0,2.73,0.09,262.045,6.7
2021-02-13,Boston,4652.0,2.73,0.09,262.045,6.4
2021-02-20,Boston,4621.0,2.73,0.09,262.687,6.4
2021-02-27,Boston,4643.0,2.81,0.09,262.687,6.4
2021-03-06,Boston,4759.0,2.97,0.09,262.687,6.4
2021-03-13,Boston,4923.0,3.02,0.08,262.687,6.2
2021-03-20,Boston,5152.0,3.05,0.08,263.579,6.2
2021-03-27,Boston,5394.0,3.09,0.08,263.579,6.2
2021-04-03,Boston,5461.0,3.17,0.08,263.579,6.2
2021-04-10,Boston,5583.0,3.18,0.07,263.579,6.1
2021-04-17,Boston,5768.0,3.13,0.07,264.961,6.1
2021-04-24,Boston,5857.0,3.04,0.07,264.961,6.1
2021-05-01,Boston,6106.0,2.97,0.07,264.961,6.1
2021-05-08,Boston,6216.0,2.98,0.07,264.961,6.1
2021-05-15,Boston,6262.0,2.96,0.07,264.961,6.1
2021-05-22,Boston,6488.0,2.94,0.07,266.614,6.1
2021-05-29,Boston,6445.0,3.0,0.07,266.614,6.1
2021-06-05,Boston,6490.0,2.95,0.07,266.614,6.1
2021-06-12,Boston,6692.0,2.99,0.06,266.614,5.8
2021-06-19,Boston,6771.0,2.96,0.06,268.383,5.8
2021-06-26,Boston,7115.0,2.93,0.06,268.383,5.8
2021-07-03,Boston,7123.0,3.02,0.06,268.383,5.8
2021-07-10,Boston,6922.0,2.98,0.08,268.383,5.8
2021-07-17,Boston,6864.0,2.9,0.08,268.383,5.9
2021-07-24,Boston,6748.0,2.88,0.08,270.654,5.9
2021-07-31,Boston,6878.0,2.78,0.08,270.654,5.9
2021-08-07,Boston,7016.0,2.8,0.1,270.654,5.9
2021-08-14,Boston,7012.0,2.77,0.1,270.654,5.4
2021-08-21,Boston,6978.0,2.87,0.1,271.903,5.4
2021-08-28,Boston,6917.0,2.86,0.1,271.903,5.4
2021-09-04,Boston,6727.0,2.87,0.1,271.903,5.4
2021-09-11,Boston,6711.0,2.87,0.09,271.903,5.1
2021-09-18,Boston,6897.0,2.88,0.09,272.676,5.1
2021-09-25,Boston,7108.0,2.86,0.09,272.676,5.1
2021-10-02,Boston,7464.0,2.88,0.09,272.676,5.1
2021-10-09,Boston,7563.0,3.01,0.08,272.676,5.1
2021-10-16,Boston,7465.0,2.99,0.08,272.676,4.7
2021-10-23,Boston,7356.0,3.05,0.08,273.91,4.7
2021-10-30,Boston,7119.0,3.09,0.08,273.91,4.7
2021-11-06,Boston,6892.0,3.14,0.08,273.91,4.7
2021-11-13,Boston,6642.0,3.09,0.08,273.91,4.5
2021-11-20,Boston,6348.0,2.98,0.08,276.55,4.5
2021-11-27,Boston,5926.0,3.1,0.08,276.55,4.5
2021-12-04,Boston,5553.0,3.1,0.08,276.55,4.5
2021-12-11,Boston,5164.0,3.11,0.08,276.55,4.1
2021-12-18,Boston,4700.0,3.1,0.08,278.919,4.1
2021-12-25,Boston,4294.0,3.12,0.08,278.919,4.1
2022-01-01,Boston,3821.0,3.05,0.08,278.919,4.1
2022-01-08,Boston,3477.0,3.11,0.08,278.919,4.1
2022-01-15,Boston,3309.0,3.22,0.08,278.919,3.9
2022-01-22,Boston,3312.0,3.45,0.08,280.845,3.9
2022-01-29,Boston,3366.0,3.56,0.08,280.845,3.9
2022-02-05,Boston,3371.0,3.55,0.08,280.845,3.9
2022-02-12,Boston,3394.0,3.55,0.08,280.845,4.0
2022-02-19,Boston,3411.0,3.69,0.08,282.543,4.0
2022-02-26,Boston,3449.0,3.92,0.08,282.543,4.0
2022-03-05,Boston,3556.0,3.89,0.08,282.543,4.0
2022-03-12,Boston,3687.0,3.76,0.08,282.543,4.0
2022-03-19,Boston,3845.0,3.85,0.08,282.543,3.9
2022-03-26,Boston,4064.0,4.16,0.08,284.5,3.9
2022-04-02,Boston,4272.0,4.42,0.08,284.5,3.9
2022-04-09,Boston,4501.0,4.67,0.2,284.5,3.9
2022-04-16,Boston,4597.0,4.72,0.2,284.5,3.7
2022-04-23,Boston,4697.0,5.0,0.2,287.674,3.7
2022-04-30,Boston,4963.0,5.11,0.2,287.674,3.7
2022-05-07,Boston,5209.0,5.1,0.2,287.674,3.7
2022-05-14,Boston,5755.0,5.27,0.33,287.674,3.7
2022-05-21,Boston,6492.0,5.3,0.33,288.561,3.7
2022-05-28,Boston,6894.0,5.25,0.33,288.561,3.7
2022-06-04,Boston,7421.0,5.1,0.33,288.561,3.7
2022-06-11,Boston,7550.0,5.09,0.77,288.561,3.6
2022-06-18,Boston,7445.0,5.23,0.77,291.298,3.6
2022-06-25,Boston,7566.0,5.78,0.77,291.298,3.6
2022-07-02,Boston,7308.0,5.81,0.77,291.298,3.6
2022-07-09,Boston,7233.0,5.7,1.21,291.298,3.6
2022-07-16,Boston,7311.0,5.3,1.21,291.298,3.6
2022-07-23,Boston,7268.0,5.51,1.21,294.957,3.6
2022-07-30,Boston,7359.0,5.54,1.21,294.957,3.6
2022-08-06,Boston,7420.0,5.3,1.21,294.957,3.6
2022-08-13,Boston,7316.0,4.99,1.68,294.957,3.5
2022-08-20,Boston,7155.0,5.22,1.68,294.913,3.5
2022-08-27,Boston,6978.0,5.13,1.68,294.913,3.5
2022-09-03,Boston,6730.0,5.55,1.68,294.913,3.5
2022-09-10,Boston,6609.0,5.66,2.33,294.913,3.6
2022-09-17,Boston,6666.0,5.89,2.33,295.097,3.6
2022-09-24,Boston,6794.0,6.02,2.33,295.097,3.6
2022-10-01,Boston,7059.0,6.29,2.33,295.097,3.6
2022-10-08,Boston,7166.0,6.7,2.56,295.097,3.6
2022-10-15,Boston,7167.0,6.66,2.56,295.097,3.5
2022-10-22,Boston,7182.0,6.92,2.56,296.349,3.5
2022-10-29,Boston,7144.0,6.94,2.56,296.349,3.5
2022-11-05,Boston,7124.0,7.08,2.56,296.349,3.5
2022-11-12,Boston,7029.0,6.95,3.08,296.349,3.6
2022-11-19,Boston,6853.0,7.08,3.08,298.007,3.6
2022-11-26,Boston,6543.0,6.61,3.08,298.007,3.6
2022-12-03,Boston,6221.0,6.58,3.08,298.007,3.6
2022-12-10,Boston,5878.0,6.49,3.78,298.007,3.6
2022-12-17,Boston,5477.0,6.33,3.78,298.007,3.6
2022-12-24,Boston,5123.0,6.31,3.78,298.786,3.6
2022-12-31,Boston,4713.0,6.27,3.78,298.786,3.6
2023-01-07,Boston,4398.0,6.42,4.1,298.786,3.6
2023-01-14,Boston,4226.0,6.48,4.1,298.786,3.5
2023-01-21,Boston,4181.0,6.33,4.1,298.832,3.5
2023-01-28,Boston,4190.0,6.15,4.1,298.832,3.5
2023-02-04,Boston,4161.0,6.13,4.1,298.832,3.5
2023-02-11,Boston,4111.0,6.09,4.33,298.832,3.5
2023-02-18,Boston,4041.0,6.12,4.33,300.42,3.5
2023-02-25,Boston,3972.0,6.32,4.33,300.42,3.5
2023-03-04,Boston,3979.0,6.5,4.33,300.42,3.5
2023-03-11,Boston,4047.0,6.65,4.57,300.42,3.5
2023-03-18,Boston,4147.0,6.73,4.57,300.42,3.6
2023-03-25,Boston,4307.0,6.6,4.57,301.45,3.6
2023-04-01,Boston,4465.0,6.42,4.57,301.45,3.6
2023-04-08,Boston,4478.0,6.32,4.65,301.45,3.6
2023-04-15,Boston,4569.0,6.28,4.65,301.45,3.5
2023-04-22,Boston,4682.0,6.27,4.65,301.821,3.5
2023-04-29,Boston,4764.0,6.39,4.65,301.821,3.5
2023-05-06,Boston,4981.0,6.43,4.65,301.821,3.5
2023-05-13,Boston,5084.0,6.39,4.83,301.821,3.4
2023-05-20,Boston,5221.0,6.35,4.83,302.845,3.4
2023-05-27,Boston,5222.0,6.39,4.83,302.845,3.4
2023-06-03,Boston,5206.0,6.57,4.83,302.845,3.4
2023-06-10,Boston,5332.0,6.79,5.06,302.845,3.6
2023-06-17,Boston,5341.0,6.71,5.06,303.334,3.6
2023-06-24,Boston,5462.0,6.69,5.06,303.334,3.6
2023-07-01,Boston,5413.0,6.67,5.06,303.334,3.6
2023-07-08,Boston,5162.0,6.71,5.08,303.334,3.6
2023-07-15,Boston,5061.0,6.81,5.08,303.334,3.6
2023-07-22,Boston,4965.0,6.96,5.08,304.014,3.6
2023-07-29,Boston,4959.0,6.78,5.08,304.014,3.6
2023-08-05,Boston,5035.0,6.81,5.08,304.014,3.6
2023-08-12,Boston,4995.0,6.9,5.12,304.014,3.5
2023-08-19,Boston,4956.0,6.96,5.12,304.609,3.5
2023-08-26,Boston,4964.0,7.09,5.12,304.609,3.5
2023-09-02,Boston,4889.0,7.23,5.12,304.609,3.5
2023-09-09,Boston,4926.0,7.18,5.33,304.609,3.5
2023-09-16,Boston,5067.0,7.12,5.33,304.609,3.7
2023-09-23,Boston,5209.0,7.18,5.33,306.082,3.7
2023-09-30,Boston,5466.0,7.19,5.33,306.082,3.7
2023-10-07,Boston,5596.0,7.31,5.33,306.082,3.7
2023-10-14,Boston,5650.0,7.49,5.33,306.082,3.7
2023-10-21,Boston,5693.0,7.57,5.33,307.276,3.7
2023-10-28,Boston,5696.0,7.63,5.33,307.276,3.7
2023-11-04,Boston,5712.0,7.79,5.33,307.276,3.7
2023-11-11,Boston,5678.0,7.76,5.33,307.276,3.9
2023-11-18,Boston,5600.0,7.5,5.33,307.696,3.9
2023-11-25,Boston,5377.0,7.44,5.33,307.696,3.9
2023-12-02,Boston,5132.0,7.29,5.33,307.696,3.9
2023-12-09,Boston,4880.0,7.22,5.33,307.696,3.9
2023-12-16,Boston,4577.0,7.03,5.33,307.696,3.7
2023-12-23,Boston,4302.0,6.95,5.33,308.148,3.7
2023-12-30,Boston,3942.0,6.67,5.33,308.148,3.7
2024-01-06,Boston,3630.0,6.61,5.33,308.148,3.7
2024-01-13,Boston,3450.0,6.62,5.33,308.148,3.8
2024-01-20,Boston,3423.0,6.66,5.33,308.741,3.8
2024-01-27,Boston,3489.0,6.6,5.33,308.741,3.8
2024-02-03,Boston,3533.0,6.69,5.33,308.741,3.8
2024-02-10,Boston,3556.0,6.63,5.33,308.741,3.7
2024-02-17,Boston,3538.0,6.64,5.33,309.698,3.7
2024-02-24,Boston,3543.0,6.77,5.33,309.698,3.7
2024-03-02,Boston,3619.0,6.9,5.33,309.698,3.7
2024-03-09,Boston,3755.0,6.94,5.33,309.698,3.7
2024-03-16,Boston,3931.0,6.88,5.33,309.698,3.9
2024-03-23,Boston,4150.0,6.74,5.33,310.967,3.9
2024-03-30,Boston,4221.0,6.87,5.33,310.967,3.9
2024-04-06,Boston,4329.0,6.79,5.33,310.967,3.9
2024-04-13,Boston,4522.0,6.82,5.33,310.967,3.9
2024-04-20,Boston,4658.0,6.88,5.33,312.345,3.9
2024-04-27,Boston,4925.0,7.1,5.33,312.345,3.9
2024-05-04,Boston,5183.0,7.17,5.33,312.345,3.9
2024-05-11,Boston,5347.0,7.22,5.33,312.345,3.9
2024-05-18,Boston,5659.0,7.09,5.33,313.023,3.9
2024-05-25,Boston,5793.0,7.02,5.33,313.023,3.9
2024-06-01,Boston,5892.0,6.94,5.33,313.023,3.9
2024-06-08,Boston,6116.0,7.03,5.33,313.023,3.9
2024-06-15,Boston,6221.0,6.99,5.33,313.023,3.9
2024-06-22,Boston,6489.0,6.95,5.33,313.175,3.9
2024-06-29,Boston,6645.0,6.87,5.33,313.175,3.9
2024-07-06,Boston,6453.0,6.86,5.33,313.175,3.9
2024-07-13,Boston,6342.0,6.95,5.33,313.175,4.1
2024-07-20,Boston,6269.0,6.89,5.33,313.044,4.1
2024-07-27,Boston,6207.0,6.77,5.33,313.044,4.1
2024-08-03,Boston,6369.0,6.78,5.33,313.044,4.1
2024-08-10,Boston,6403.0,6.73,5.33,313.044,4.2
2024-08-17,Boston,6348.0,6.47,5.33,313.569,4.2
2024-08-24,Boston,6305.0,6.49,5.33,313.569,4.2
2024-08-31,Boston,6137.0,6.46,5.33,313.569,4.2
2024-09-07,Boston,6119.0,6.35,5.33,313.569,4.2
2024-09-14,Boston,6268.0,6.35,5.33,313.569,4.2
2024-09-21,Boston,6486.0,6.2,5.33,314.062,4.2
2024-09-28,Boston,6836.0,6.09,5.33,314.062,4.2
2024-10-05,Boston,7072.0,6.08,5.33,314.062,4.2
2024-10-12,Boston,7106.0,6.12,5.13,314.062,4.1
2024-10-19,Boston,7085.0,6.32,5.13,314.732,4.1
2024-10-26,Boston,7030.0,6.44,5.13,314.732,4.1
2024-11-02,Boston,6906.0,6.54,5.13,314.732,4.1
2024-11-09,Boston,6743.0,6.72,4.83,314.732,4.1
2024-11-16,Boston,6529.0,6.79,4.83,314.732,4.1
2024-11-23,Boston,6259.0,6.78,4.83,315.631,4.1
2024-11-30,Boston,5857.0,6.84,4.83,315.631,4.1
2024-12-07,Boston,5490.0,6.81,4.83,315.631,4.1
2024-12-14,Boston,5122.0,6.69,4.64,315.631,4.2
2024-12-21,Boston,4704.0,6.6,4.64,316.528,4.2
2024-12-28,Boston,4340.0,6.72,4.64,316.528,4.2
2025-01-04,Boston,4009.0,6.85,4.64,316.528,4.2
2025-01-11,Boston,3799.0,6.91,4.48,316.528,4.1
2025-01-18,Boston,3755.0,6.93,4.48,317.604,4.1
2025-01-25,Boston,3839.0,7.04,4.48,317.604,4.1
2025-02-01,Boston,3935.0,6.96,4.48,317.604,4.1
2025-02-08,Boston,3971.0,6.95,4.33,317.604,4.1
2025-02-15,Boston,3943.0,6.89,4.33,317.604,4.0
2025-02-22,Boston,3922.0,6.87,4.33,318.961,4.0
2025-03-01,Boston,3970.0,6.85,4.33,318.961,4.0
2025-03-08,Boston,4102.0,6.76,4.33,318.961,4.0
2025-03-15,Boston,4321.0,6.63,4.33,318.961,4.2
2025-03-22,Boston,4607.0,6.65,4.33,319.679,4.2
2025-03-29,Boston,4905.0,6.67,4.33,319.679,4.2
2025-04-05,Boston,5217.0,6.65,4.33,319.679,4.2
2025-04-12,Boston,5608.0,6.64,4.33,319.679,4.2
2025-04-19,Boston,5854.0,6.62,4.33,319.785,4.2
2025-04-26,Boston,6101.0,6.83,4.33,319.785,4.2
2025-05-03,Boston,6447.0,6.81,4.33,319.785,4.2
2025-05-10,Boston,6688.0,6.76,4.33,319.785,4.2
2025-05-17,Boston,7168.0,6.76,4.33,319.785,4.2
2025-05-24,Boston,7480.0,6.81,4.33,320.302,4.2
2025-05-31,Boston,7607.0,6.86,4.33,320.302,4.2
2025-06-07,Boston,7846.0,6.89,4.33,320.302,4.2
2025-06-14,Boston,7931.0,6.85,4.33,320.302,4.3
2025-06-21,Boston,8159.0,6.84,4.33,320.62,4.3
2025-06-28,Boston,8370.0,6.81,4.33,320.62,4.3
2025-07-05,Boston,8200.0,6.77,4.33,320.62,4.3
2025-07-12,Boston,8060.0,6.67,4.33,320.62,4.1
2025-07-19,Boston,7926.0,6.72,4.33,321.435,4.1
2025-07-26,Boston,7758.0,6.75,4.33,321.435,4.1
2025-08-02,Boston,7799.0,6.74,4.33,321.435,4.1
2025-08-09,Boston,7804.0,6.72,4.33,321.435,4.1
2025-08-16,Boston,7800.0,6.63,4.33,321.435,4.3
2025-08-23,Boston,7867.0,6.58,4.33,322.169,4.3
2025-08-30,Boston,7897.0,6.58,4.33,322.169,4.3
2025-09-06,Boston,7851.0,6.56,4.33,322.169,4.3
2025-09-13,Boston,7948.0,6.5,4.33,322.169,4.3
2025-09-20,Boston,8057.0,6.35,4.33,323.291,4.3
2025-09-27,Boston,8238.0,6.26,4.33,323.291,4.3
2025-10-04,Boston,8502.0,6.3,4.33,323.291,4.3
2025-10-11,Boston,8544.0,6.34,4.22,323.291,4.4
2025-10-18,Boston,8513.0,6.3,4.22,324.245,4.4
2025-10-25,Boston,8450.0,6.27,4.22,324.245,4.4
2025-11-01,Boston,8301.0,6.19,4.22,324.245,4.4
2025-11-08,Boston,8102.0,6.17,4.09,324.245,4.4
2025-11-15,Boston,7881.0,6.22,4.09,324.245,4.4
2025-11-22,Boston,7591.0,6.24,4.09,324.245,4.4
2025-11-29,Boston,7164.0,6.26,4.09,324.245,4.4
2025-12-06,Boston,6744.0,6.23,4.09,324.245,4.4
2025-12-13,Boston,6287.0,6.19,3.88,324.245,4.5
2025-12-20,Boston,5795.0,6.22,3.88,325.063,4.5
2025-12-27,Boston,5355.0,6.21,3.88,325.063,4.5
2026-01-03,Boston,4938.0,6.18,3.88,325.063,4.5
2026-01-10,Boston,4643.0,6.15,3.72,325.063,4.4
2026-01-17,Boston,4504.0,6.16,3.72,326.031,4.4
2026-01-24,Boston,4521.0,6.06,3.72,326.031,4.4
2026-01-31,Boston,4555.0,6.09,3.72,326.031,4.4
2026-02-07,Boston,4549.0,6.1,3.64,326.031,4.4
2026-02-14,Boston,4510.0,6.11,3.64,326.031,4.3
2026-02-21,Boston,4460.0,6.09,3.64,326.588,4.3
2026-02-28,Boston,4429.0,6.01,3.64,326.588,4.3
2026-03-07,Boston,4515.0,5.98,3.64,326.588,4.3
2026-03-14,Boston,4696.0,6.0,3.64,326.588,4.4
2026-03-21,Boston,4992.0,6.11,3.64,327.46,4.4
2026-03-28,Boston,5424.0,6.22,3.64,327.46,4.4
2026-04-04,Boston,5689.0,6.38,3.64,327.46,4.4
2026-04-11,Boston,6057.0,6.46,3.64,327.46,4.3
2026-04-18,Boston,6467.0,6.37,3.64,330.293,4.3
2026-04-25,Boston,6748.0,6.3,3.64,330.293,4.3
2026-05-02,Boston,7207.0,6.23,3.64,330.293,4.3
2026-05-09,Boston,7566.0,6.3,3.64,330.293,4.3
2026-05-16,Boston,7953.0,6.37,3.64,330.293,4.3
2026-05-23,Boston,8261.0,6.36,3.64,332.407,4.3
2026-05-30,Boston,8510.0,6.51,3.64,332.407,4.3
2026-06-06,Boston,8802.0,6.53,3.64,332.407,4.3
2026-06-13,Boston,9013.0,6.48,3.63,332.407,4.3
2026-06-20,Boston,9308.0,6.52,3.63,333.979,4.3
2018-02-03,Chicago,27287.0,4.15,1.3,247.805,4.1
2018-02-10,Chicago,27458.0,4.22,1.41,247.805,4.0
2018-02-17,Chicago,27688.0,4.32,1.41,248.859,4.0
2018-02-24,Chicago,27982.0,4.38,1.41,248.859,4.0
2018-03-03,Chicago,28726.0,4.4,1.41,248.859,4.0
2018-03-10,Chicago,29531.0,4.43,1.42,248.859,4.0
2018-03-17,Chicago,30637.0,4.46,1.42,248.859,4.1
2018-03-24,Chicago,31502.0,4.44,1.42,249.529,4.1
2018-03-31,Chicago,31779.0,4.45,1.42,249.529,4.1
2018-04-07,Chicago,32111.0,4.44,1.51,249.529,4.1
2018-04-14,Chicago,32171.0,4.4,1.51,249.529,4.0
2018-04-21,Chicago,32519.0,4.42,1.51,249.577,4.0
2018-04-28,Chicago,32998.0,4.47,1.51,249.577,4.0
2018-05-05,Chicago,33472.0,4.58,1.51,249.577,4.0
2018-05-12,Chicago,33892.0,4.55,1.69,249.577,4.0
2018-05-19,Chicago,34357.0,4.55,1.69,250.227,4.0
2018-05-26,Chicago,34846.0,4.61,1.69,250.227,4.0
2018-06-02,Chicago,35262.0,4.66,1.69,250.227,4.0
2018-06-09,Chicago,35789.0,4.56,1.7,250.227,4.0
2018-06-16,Chicago,36317.0,4.54,1.7,250.227,3.8
2018-06-23,Chicago,36914.0,4.62,1.7,250.792,3.8
2018-06-30,Chicago,37487.0,4.57,1.7,250.792,3.8
2018-07-07,Chicago,37760.0,4.55,1.7,250.792,3.8
2018-07-14,Chicago,38146.0,4.52,1.82,250.792,4.0
2018-07-21,Chicago,38504.0,4.53,1.82,251.018,4.0
2018-07-28,Chicago,38787.0,4.52,1.82,251.018,4.0
2018-08-04,Chicago,39233.0,4.54,1.82,251.018,4.0
2018-08-11,Chicago,39438.0,4.6,1.91,251.018,3.8
2018-08-18,Chicago,39517.0,4.59,1.91,251.214,3.8
2018-08-25,Chicago,39620.0,4.53,1.91,251.214,3.8
2018-09-01,Chicago,39630.0,4.51,1.91,251.214,3.8
2018-09-08,Chicago,39652.0,4.52,1.91,251.214,3.8
2018-09-15,Chicago,39739.0,4.54,1.91,251.214,3.8
2018-09-22,Chicago,39821.0,4.6,1.91,251.663,3.8
2018-09-29,Chicago,39911.0,4.65,1.91,251.663,3.8
2018-10-06,Chicago,39889.0,4.72,1.91,251.663,3.8
2018-10-13,Chicago,39775.0,4.71,1.95,251.663,3.7
2018-10-20,Chicago,39534.0,4.9,1.95,252.182,3.7
2018-10-27,Chicago,39210.0,4.85,1.95,252.182,3.7
2018-11-03,Chicago,38859.0,4.86,1.95,252.182,3.7
2018-11-10,Chicago,38306.0,4.83,2.19,252.182,3.8
2018-11-17,Chicago,37636.0,4.94,2.19,252.772,3.8
2018-11-24,Chicago,36613.0,4.94,2.19,252.772,3.8
2018-12-01,Chicago,35538.0,4.81,2.19,252.772,3.8
2018-12-08,Chicago,34333.0,4.81,2.2,252.772,3.8
2018-12-15,Chicago,33075.0,4.75,2.2,252.772,3.8
2018-12-22,Chicago,32022.0,4.63,2.2,252.594,3.8
2018-12-29,Chicago,30748.0,4.62,2.2,252.594,3.8
2019-01-05,Chicago,29736.0,4.55,2.2,252.594,3.8
2019-01-12,Chicago,29102.0,4.51,2.27,252.594,3.9
2019-01-19,Chicago,28818.0,4.45,2.27,252.767,3.9
2019-01-26,Chicago,28824.0,4.45,2.27,252.767,3.9
2019-02-02,Chicago,28787.0,4.45,2.27,252.767,3.9
2019-02-09,Chicago,28861.0,4.46,2.4,252.767,3.9
2019-02-16,Chicago,29073.0,4.41,2.4,252.767,4.0
2019-02-23,Chicago,29420.0,4.37,2.4,252.561,4.0
2019-03-02,Chicago,30066.0,4.35,2.4,252.561,4.0
2019-03-09,Chicago,30697.0,4.35,2.4,252.561,4.0
2019-03-16,Chicago,31273.0,4.41,2.4,252.561,3.8
2019-03-23,Chicago,31953.0,4.31,2.4,253.319,3.8
2019-03-30,Chicago,32573.0,4.28,2.4,253.319,3.8
2019-04-06,Chicago,33636.0,4.06,2.4,253.319,3.8
2019-04-13,Chicago,34599.0,4.08,2.41,253.319,3.8
2019-04-20,Chicago,35363.0,4.12,2.41,254.277,3.8
2019-04-27,Chicago,36227.0,4.17,2.41,254.277,3.8
2019-05-04,Chicago,36649.0,4.2,2.41,254.277,3.8
2019-05-11,Chicago,37099.0,4.14,2.42,254.277,3.7
2019-05-18,Chicago,37760.0,4.1,2.42,255.233,3.7
2019-05-25,Chicago,38245.0,4.07,2.42,255.233,3.7
2019-06-01,Chicago,38614.0,4.06,2.42,255.233,3.7
2019-06-08,Chicago,39049.0,3.99,2.39,255.233,3.7
2019-06-15,Chicago,39353.0,3.82,2.39,255.233,3.6
2019-06-22,Chicago,39833.0,3.82,2.39,255.296,3.6
2019-06-29,Chicago,40349.0,3.84,2.39,255.296,3.6
2019-07-06,Chicago,40428.0,3.73,2.39,255.296,3.6
2019-07-13,Chicago,40728.0,3.75,2.38,255.296,3.6
2019-07-20,Chicago,40945.0,3.75,2.38,255.213,3.6
2019-07-27,Chicago,41082.0,3.81,2.38,255.213,3.6
2019-08-03,Chicago,41516.0,3.75,2.38,255.213,3.6
2019-08-10,Chicago,41663.0,3.75,2.4,255.213,3.7
2019-08-17,Chicago,41715.0,3.6,2.4,255.802,3.7
2019-08-24,Chicago,41734.0,3.6,2.4,255.802,3.7
2019-08-31,Chicago,41676.0,3.55,2.4,255.802,3.7
2019-09-07,Chicago,41649.0,3.58,2.13,255.802,3.7
2019-09-14,Chicago,41695.0,3.49,2.13,255.802,3.6
2019-09-21,Chicago,41707.0,3.56,2.13,256.036,3.6
2019-09-28,Chicago,41690.0,3.73,2.13,256.036,3.6
2019-10-05,Chicago,41543.0,3.64,2.13,256.036,3.6
2019-10-12,Chicago,41221.0,3.65,2.04,256.036,3.5
2019-10-19,Chicago,40820.0,3.57,2.04,256.43,3.5
2019-10-26,Chicago,40405.0,3.69,2.04,256.43,3.5
2019-11-02,Chicago,39956.0,3.75,2.04,256.43,3.5
2019-11-09,Chicago,39253.0,3.78,1.83,256.43,3.5
2019-11-16,Chicago,38413.0,3.69,1.83,256.43,3.6
2019-11-23,Chicago,37361.0,3.75,1.83,257.155,3.6
2019-11-30,Chicago,35995.0,3.66,1.83,257.155,3.6
2019-12-07,Chicago,34777.0,3.68,1.83,257.155,3.6
2019-12-14,Chicago,33584.0,3.68,1.55,257.155,3.6
2019-12-21,Chicago,32395.0,3.73,1.55,257.879,3.6
2019-12-28,Chicago,31221.0,3.73,1.55,257.879,3.6
2020-01-04,Chicago,30168.0,3.74,1.55,257.879,3.6
2020-01-11,Chicago,29394.0,3.72,1.55,257.879,3.6
2020-01-18,Chicago,28937.0,3.64,1.55,258.63,3.6
2020-01-25,Chicago,28941.0,3.65,1.55,258.63,3.6
2020-02-01,Chicago,28984.0,3.6,1.55,258.63,3.6
2020-02-08,Chicago,29162.0,3.51,1.55,258.63,3.6
2020-02-15,Chicago,29405.0,3.45,1.55,258.63,3.6
2020-02-22,Chicago,29694.0,3.47,1.55,259.127,3.6
2020-02-29,Chicago,30017.0,3.49,1.55,259.127,3.6
2020-03-07,Chicago,30452.0,3.45,1.55,259.127,3.6
2020-03-14,Chicago,30910.0,3.29,1.58,259.127,3.5
2020-03-21,Chicago,31155.0,3.36,1.58,259.25,3.5
2020-03-28,Chicago,31101.0,3.65,1.58,259.25,3.5
2020-04-04,Chicago,30648.0,3.5,1.58,259.25,3.5
2020-04-11,Chicago,30033.0,3.33,0.65,259.25,4.4
2020-04-18,Chicago,29596.0,3.33,0.65,258.076,4.4
2020-04-25,Chicago,29471.0,3.31,0.65,258.076,4.4
2020-05-02,Chicago,29544.0,3.33,0.65,258.076,4.4
2020-05-09,Chicago,29688.0,3.23,0.05,258.076,4.4
2020-05-16,Chicago,29887.0,3.26,0.05,258.076,14.8
2020-05-23,Chicago,30053.0,3.28,0.05,256.032,14.8
2020-05-30,Chicago,30106.0,3.24,0.05,256.032,14.8
2020-06-06,Chicago,30251.0,3.15,0.05,256.032,14.8
2020-06-13,Chicago,30390.0,3.18,0.05,256.032,13.2
2020-06-20,Chicago,30515.0,3.21,0.05,255.802,13.2
2020-06-27,Chicago,30622.0,3.13,0.05,255.802,13.2
2020-07-04,Chicago,30379.0,3.13,0.05,255.802,13.2
2020-07-11,Chicago,30252.0,3.07,0.08,255.802,11.0
2020-07-18,Chicago,30181.0,3.03,0.08,257.042,11.0
2020-07-25,Chicago,30090.0,2.98,0.08,257.042,11.0
2020-08-01,Chicago,30134.0,3.01,0.08,257.042,11.0
2020-08-08,Chicago,30006.0,2.99,0.09,257.042,11.0
2020-08-15,Chicago,29823.0,2.88,0.09,257.042,10.2
2020-08-22,Chicago,29765.0,2.96,0.09,258.352,10.2
2020-08-29,Chicago,29775.0,2.99,0.09,258.352,10.2
2020-09-05,Chicago,29769.0,2.91,0.09,258.352,10.2
2020-09-12,Chicago,29751.0,2.93,0.1,258.352,8.4
2020-09-19,Chicago,29791.0,2.86,0.1,259.316,8.4
2020-09-26,Chicago,29853.0,2.87,0.1,259.316,8.4
2020-10-03,Chicago,29839.0,2.9,0.1,259.316,8.4
2020-10-10,Chicago,29846.0,2.88,0.09,259.316,8.4
2020-10-17,Chicago,29632.0,2.87,0.09,259.316,7.8
2020-10-24,Chicago,29344.0,2.81,0.09,259.997,7.8
2020-10-31,Chicago,28928.0,2.8,0.09,259.997,7.8
2020-11-07,Chicago,28397.0,2.81,0.09,259.997,7.8
2020-11-14,Chicago,27823.0,2.78,0.09,259.997,6.9
2020-11-21,Chicago,27078.0,2.84,0.09,260.319,6.9
2020-11-28,Chicago,26120.0,2.72,0.09,260.319,6.9
2020-12-05,Chicago,25192.0,2.72,0.09,260.319,6.9
2020-12-12,Chicago,24200.0,2.71,0.09,260.319,6.7
2020-12-19,Chicago,23274.0,2.71,0.09,260.911,6.7
2020-12-26,Chicago,22345.0,2.67,0.09,260.911,6.7
2021-01-02,Chicago,21363.0,2.66,0.09,260.911,6.7
2021-01-09,Chicago,20623.0,2.67,0.09,260.911,6.7
2021-01-16,Chicago,20623.0,2.65,0.09,260.911,6.7
2021-01-23,Chicago,20623.0,2.79,0.09,262.045,6.7
2021-01-30,Chicago,20623.0,2.77,0.09,262.045,6.7
2021-02-06,Chicago,20623.0,2.73,0.09,262.045,6.7
2021-02-13,Chicago,22662.0,2.73,0.09,262.045,6.4
2021-02-20,Chicago,20663.0,2.73,0.09,262.687,6.4
2021-02-27,Chicago,20137.0,2.81,0.09,262.687,6.4
2021-03-06,Chicago,19828.0,2.97,0.09,262.687,6.4
2021-03-13,Chicago,19696.0,3.02,0.08,262.687,6.2
2021-03-20,Chicago,19883.0,3.05,0.08,263.579,6.2
2021-03-27,Chicago,20067.0,3.09,0.08,263.579,6.2
2021-04-03,Chicago,20091.0,3.17,0.08,263.579,6.2
2021-04-10,Chicago,20209.0,3.18,0.07,263.579,6.1
2021-04-17,Chicago,20456.0,3.13,0.07,264.961,6.1
2021-04-24,Chicago,20759.0,3.04,0.07,264.961,6.1
2021-05-01,Chicago,21227.0,2.97,0.07,264.961,6.1
2021-05-08,Chicago,21562.0,2.98,0.07,264.961,6.1
2021-05-15,Chicago,21910.0,2.96,0.07,264.961,6.1
2021-05-22,Chicago,22507.0,2.94,0.07,266.614,6.1
2021-05-29,Chicago,22858.0,3.0,0.07,266.614,6.1
2021-06-05,Chicago,23286.0,2.95,0.07,266.614,6.1
2021-06-12,Chicago,23818.0,2.99,0.06,266.614,5.8
2021-06-19,Chicago,24210.0,2.96,0.06,268.383,5.8
2021-06-26,Chicago,24872.0,2.93,0.06,268.383,5.8
2021-07-03,Chicago,25354.0,3.02,0.06,268.383,5.8
2021-07-10,Chicago,25725.0,2.98,0.08,268.383,5.8
2021-07-17,Chicago,26247.0,2.9,0.08,268.383,5.9
2021-07-24,Chicago,26708.0,2.88,0.08,270.654,5.9
2021-07-31,Chicago,27295.0,2.78,0.08,270.654,5.9
2021-08-07,Chicago,27820.0,2.8,0.1,270.654,5.9
2021-08-14,Chicago,28141.0,2.77,0.1,270.654,5.4
2021-08-21,Chicago,28287.0,2.87,0.1,271.903,5.4
2021-08-28,Chicago,28335.0,2.86,0.1,271.903,5.4
2021-09-04,Chicago,28204.0,2.87,0.1,271.903,5.4
2021-09-11,Chicago,27979.0,2.87,0.09,271.903,5.1
2021-09-18,Chicago,27949.0,2.88,0.09,272.676,5.1
2021-09-25,Chicago,27864.0,2.86,0.09,272.676,5.1
2021-10-02,Chicago,27838.0,2.88,0.09,272.676,5.1
2021-10-09,Chicago,27757.0,3.01,0.08,272.676,5.1
2021-10-16,Chicago,27400.0,2.99,0.08,272.676,4.7
2021-10-23,Chicago,27037.0,3.05,0.08,273.91,4.7
2021-10-30,Chicago,26480.0,3.09,0.08,273.91,4.7
2021-11-06,Chicago,25797.0,3.14,0.08,273.91,4.7
2021-11-13,Chicago,25013.0,3.09,0.08,273.91,4.5
2021-11-20,Chicago,24074.0,2.98,0.08,276.55,4.5
2021-11-27,Chicago,22787.0,3.1,0.08,276.55,4.5
2021-12-04,Chicago,21612.0,3.1,0.08,276.55,4.5
2021-12-11,Chicago,20508.0,3.11,0.08,276.55,4.1
2021-12-18,Chicago,19288.0,3.1,0.08,278.919,4.1
2021-12-25,Chicago,18229.0,3.12,0.08,278.919,4.1
2022-01-01,Chicago,17059.0,3.05,0.08,278.919,4.1
2022-01-08,Chicago,16088.0,3.11,0.08,278.919,4.1
2022-01-15,Chicago,15490.0,3.22,0.08,278.919,3.9
2022-01-22,Chicago,15193.0,3.45,0.08,280.845,3.9
2022-01-29,Chicago,14968.0,3.56,0.08,280.845,3.9
2022-02-05,Chicago,14668.0,3.55,0.08,280.845,3.9
2022-02-12,Chicago,14288.0,3.55,0.08,280.845,4.0
2022-02-19,Chicago,14069.0,3.69,0.08,282.543,4.0
2022-02-26,Chicago,14043.0,3.92,0.08,282.543,4.0
2022-03-05,Chicago,14221.0,3.89,0.08,282.543,4.0
2022-03-12,Chicago,14455.0,3.76,0.08,282.543,4.0
2022-03-19,Chicago,14658.0,3.85,0.08,282.543,3.9
2022-03-26,Chicago,14805.0,4.16,0.08,284.5,3.9
2022-04-02,Chicago,14812.0,4.42,0.08,284.5,3.9
2022-04-09,Chicago,14995.0,4.67,0.2,284.5,3.9
2022-04-16,Chicago,15094.0,4.72,0.2,284.5,3.7
2022-04-23,Chicago,15322.0,5.0,0.2,287.674,3.7
2022-04-30,Chicago,15761.0,5.11,0.2,287.674,3.7
2022-05-07,Chicago,16079.0,5.1,0.2,287.674,3.7
2022-05-14,Chicago,16635.0,5.27,0.33,287.674,3.7
2022-05-21,Chicago,17321.0,5.3,0.33,288.561,3.7
2022-05-28,Chicago,17836.0,5.25,0.33,288.561,3.7
2022-06-04,Chicago,18418.0,5.1,0.33,288.561,3.7
2022-06-11,Chicago,19071.0,5.09,0.77,288.561,3.6
2022-06-18,Chicago,19599.0,5.23,0.77,291.298,3.6
2022-06-25,Chicago,20322.0,5.78,0.77,291.298,3.6
2022-07-02,Chicago,20934.0,5.81,0.77,291.298,3.6
2022-07-09,Chicago,21388.0,5.7,1.21,291.298,3.6
2022-07-16,Chicago,21968.0,5.3,1.21,291.298,3.6
2022-07-23,Chicago,22364.0,5.51,1.21,294.957,3.6
2022-07-30,Chicago,22804.0,5.54,1.21,294.957,3.6
2022-08-06,Chicago,23173.0,5.3,1.21,294.957,3.6
2022-08-13,Chicago,23246.0,4.99,1.68,294.957,3.5
2022-08-20,Chicago,23215.0,5.22,1.68,294.913,3.5
2022-08-27,Chicago,23080.0,5.13,1.68,294.913,3.5
2022-09-03,Chicago,22871.0,5.55,1.68,294.913,3.5
2022-09-10,Chicago,22704.0,5.66,2.33,294.913,3.6
2022-09-17,Chicago,22666.0,5.89,2.33,295.097,3.6
2022-09-24,Chicago,22653.0,6.02,2.33,295.097,3.6
2022-10-01,Chicago,22647.0,6.29,2.33,295.097,3.6
2022-10-08,Chicago,22635.0,6.7,2.56,295.097,3.6
2022-10-15,Chicago,22522.0,6.66,2.56,295.097,3.5
2022-10-22,Chicago,22394.0,6.92,2.56,296.349,3.5
2022-10-29,Chicago,22217.0,6.94,2.56,296.349,3.5
2022-11-05,Chicago,22006.0,7.08,2.56,296.349,3.5
2022-11-12,Chicago,21706.0,6.95,3.08,296.349,3.6
2022-11-19,Chicago,21283.0,7.08,3.08,298.007,3.6
2022-11-26,Chicago,20646.0,6.61,3.08,298.007,3.6
2022-12-03,Chicago,20006.0,6.58,3.08,298.007,3.6
2022-12-10,Chicago,19294.0,6.49,3.78,298.007,3.6
2022-12-17,Chicago,18562.0,6.33,3.78,298.007,3.6
2022-12-24,Chicago,17846.0,6.31,3.78,298.786,3.6
2022-12-31,Chicago,16996.0,6.27,3.78,298.786,3.6
2023-01-07,Chicago,16292.0,6.42,4.1,298.786,3.6
2023-01-14,Chicago,15835.0,6.48,4.1,298.786,3.5
2023-01-21,Chicago,15638.0,6.33,4.1,298.832,3.5
2023-01-28,Chicago,15511.0,6.15,4.1,298.832,3.5
2023-02-04,Chicago,15274.0,6.13,4.1,298.832,3.5
2023-02-11,Chicago,14975.0,6.09,4.33,298.832,3.5
2023-02-18,Chicago,14706.0,6.12,4.33,300.42,3.5
2023-02-25,Chicago,14510.0,6.32,4.33,300.42,3.5
2023-03-04,Chicago,14473.0,6.5,4.33,300.42,3.5
2023-03-11,Chicago,14420.0,6.65,4.57,300.42,3.5
2023-03-18,Chicago,14337.0,6.73,4.57,300.42,3.6
2023-03-25,Chicago,14240.0,6.6,4.57,301.45,3.6
2023-04-01,Chicago,14098.0,6.42,4.57,301.45,3.6
2023-04-08,Chicago,13886.0,6.32,4.65,301.45,3.6
2023-04-15,Chicago,13849.0,6.28,4.65,301.45,3.5
2023-04-22,Chicago,13925.0,6.27,4.65,301.821,3.5
2023-04-29,Chicago,14022.0,6.39,4.65,301.821,3.5
2023-05-06,Chicago,14205.0,6.43,4.65,301.821,3.5
2023-05-13,Chicago,14211.0,6.39,4.83,301.821,3.4
2023-05-20,Chicago,14195.0,6.35,4.83,302.845,3.4
2023-05-27,Chicago,14196.0,6.39,4.83,302.845,3.4
2023-06-03,Chicago,14189.0,6.57,4.83,302.845,3.4
2023-06-10,Chicago,14380.0,6.79,5.06,302.845,3.6
2023-06-17,Chicago,14499.0,6.71,5.06,303.334,3.6
2023-06-24,Chicago,14606.0,6.69,5.06,303.334,3.6
2023-07-01,Chicago,14738.0,6.67,5.06,303.334,3.6
2023-07-08,Chicago,14646.0,6.71,5.08,303.334,3.6
2023-07-15,Chicago,14802.0,6.81,5.08,303.334,3.6
2023-07-22,Chicago,15018.0,6.96,5.08,304.014,3.6
2023-07-29,Chicago,15212.0,6.78,5.08,304.014,3.6
2023-08-05,Chicago,15468.0,6.81,5.08,304.014,3.6
2023-08-12,Chicago,15495.0,6.9,5.12,304.014,3.5
2023-08-19,Chicago,15488.0,6.96,5.12,304.609,3.5
2023-08-26,Chicago,15565.0,7.09,5.12,304.609,3.5
2023-09-02,Chicago,15572.0,7.23,5.12,304.609,3.5
2023-09-09,Chicago,15631.0,7.18,5.33,304.609,3.5
2023-09-16,Chicago,15783.0,7.12,5.33,304.609,3.7
2023-09-23,Chicago,15825.0,7.18,5.33,306.082,3.7
2023-09-30,Chicago,15960.0,7.19,5.33,306.082,3.7
2023-10-07,Chicago,16092.0,7.31,5.33,306.082,3.7
2023-10-14,Chicago,16117.0,7.49,5.33,306.082,3.7
2023-10-21,Chicago,16177.0,7.57,5.33,307.276,3.7
2023-10-28,Chicago,16194.0,7.63,5.33,307.276,3.7
2023-11-04,Chicago,16141.0,7.79,5.33,307.276,3.7
2023-11-11,Chicago,16059.0,7.76,5.33,307.276,3.9
2023-11-18,Chicago,15911.0,7.5,5.33,307.696,3.9
2023-11-25,Chicago,15526.0,7.44,5.33,307.696,3.9
2023-12-02,Chicago,15169.0,7.29,5.33,307.696,3.9
2023-12-09,Chicago,14757.0,7.22,5.33,307.696,3.9
2023-12-16,Chicago,14245.0,7.03,5.33,307.696,3.7
2023-12-23,Chicago,13777.0,6.95,5.33,308.148,3.7
2023-12-30,Chicago,13106.0,6.67,5.33,308.148,3.7
2024-01-06,Chicago,12541.0,6.61,5.33,308.148,3.7
2024-01-13,Chicago,12183.0,6.62,5.33,308.148,3.8
2024-01-20,Chicago,11971.0,6.66,5.33,308.741,3.8
2024-01-27,Chicago,11918.0,6.6,5.33,308.741,3.8
2024-02-03,Chicago,11878.0,6.69,5.33,308.741,3.8
2024-02-10,Chicago,11770.0,6.63,5.33,308.741,3.7
2024-02-17,Chicago,11775.0,6.64,5.33,309.698,3.7
2024-02-24,Chicago,11883.0,6.77,5.33,309.698,3.7
2024-03-02,Chicago,12040.0,6.9,5.33,309.698,3.7
2024-03-09,Chicago,12226.0,6.94,5.33,309.698,3.7
2024-03-16,Chicago,12360.0,6.88,5.33,309.698,3.9
2024-03-23,Chicago,12430.0,6.74,5.33,310.967,3.9
2024-03-30,Chicago,12276.0,6.87,5.33,310.967,3.9
2024-04-06,Chicago,12263.0,6.79,5.33,310.967,3.9
2024-04-13,Chicago,12379.0,6.82,5.33,310.967,3.9
2024-04-20,Chicago,12544.0,6.88,5.33,312.345,3.9
2024-04-27,Chicago,12912.0,7.1,5.33,312.345,3.9
2024-05-04,Chicago,13189.0,7.17,5.33,312.345,3.9
2024-05-11,Chicago,13354.0,7.22,5.33,312.345,3.9
2024-05-18,Chicago,13613.0,7.09,5.33,313.023,3.9
2024-05-25,Chicago,13802.0,7.02,5.33,313.023,3.9
2024-06-01,Chicago,13939.0,6.94,5.33,313.023,3.9
2024-06-08,Chicago,14245.0,7.03,5.33,313.023,3.9
2024-06-15,Chicago,14476.0,6.99,5.33,313.023,3.9
2024-06-22,Chicago,14790.0,6.95,5.33,313.175,3.9
2024-06-29,Chicago,15154.0,6.87,5.33,313.175,3.9
2024-07-06,Chicago,15163.0,6.86,5.33,313.175,3.9
2024-07-13,Chicago,15376.0,6.95,5.33,313.175,4.1
2024-07-20,Chicago,15638.0,6.89,5.33,313.044,4.1
2024-07-27,Chicago,15890.0,6.77,5.33,313.044,4.1
2024-08-03,Chicago,16340.0,6.78,5.33,313.044,4.1
2024-08-10,Chicago,16546.0,6.73,5.33,313.044,4.2
2024-08-17,Chicago,16670.0,6.47,5.33,313.569,4.2
2024-08-24,Chicago,16723.0,6.49,5.33,313.569,4.2
2024-08-31,Chicago,16772.0,6.46,5.33,313.569,4.2
2024-09-07,Chicago,16856.0,6.35,5.33,313.569,4.2
2024-09-14,Chicago,17039.0,6.35,5.33,313.569,4.2
2024-09-21,Chicago,17282.0,6.2,5.33,314.062,4.2
2024-09-28,Chicago,17504.0,6.09,5.33,314.062,4.2
2024-10-05,Chicago,17733.0,6.08,5.33,314.062,4.2
2024-10-12,Chicago,17810.0,6.12,5.13,314.062,4.1
2024-10-19,Chicago,17855.0,6.32,5.13,314.732,4.1
2024-10-26,Chicago,17865.0,6.44,5.13,314.732,4.1
2024-11-02,Chicago,17732.0,6.54,5.13,314.732,4.1
2024-11-09,Chicago,17518.0,6.72,4.83,314.732,4.1
2024-11-16,Chicago,17266.0,6.79,4.83,314.732,4.1
2024-11-23,Chicago,16948.0,6.78,4.83,315.631,4.1
2024-11-30,Chicago,16424.0,6.84,4.83,315.631,4.1
2024-12-07,Chicago,15969.0,6.81,4.83,315.631,4.1
2024-12-14,Chicago,15425.0,6.69,4.64,315.631,4.2
2024-12-21,Chicago,14789.0,6.6,4.64,316.528,4.2
2024-12-28,Chicago,14161.0,6.72,4.64,316.528,4.2
2025-01-04,Chicago,13547.0,6.85,4.64,316.528,4.2
2025-01-11,Chicago,13116.0,6.91,4.48,316.528,4.1
2025-01-18,Chicago,12918.0,6.93,4.48,317.604,4.1
2025-01-25,Chicago,12943.0,7.04,4.48,317.604,4.1
2025-02-01,Chicago,12969.0,6.96,4.48,317.604,4.1
2025-02-08,Chicago,12907.0,6.95,4.33,317.604,4.1
2025-02-15,Chicago,12779.0,6.89,4.33,317.604,4.0
2025-02-22,Chicago,12727.0,6.87,4.33,318.961,4.0
2025-03-01,Chicago,12721.0,6.85,4.33,318.961,4.0
2025-03-08,Chicago,12794.0,6.76,4.33,318.961,4.0
2025-03-15,Chicago,12971.0,6.63,4.33,318.961,4.2
2025-03-22,Chicago,13118.0,6.65,4.33,319.679,4.2
2025-03-29,Chicago,13230.0,6.67,4.33,319.679,4.2
2025-04-05,Chicago,13356.0,6.65,4.33,319.679,4.2
2025-04-12,Chicago,13524.0,6.64,4.33,319.679,4.2
2025-04-19,Chicago,13692.0,6.62,4.33,319.785,4.2
2025-04-26,Chicago,13966.0,6.83,4.33,319.785,4.2
2025-05-03,Chicago,14316.0,6.81,4.33,319.785,4.2
2025-05-10,Chicago,14572.0,6.76,4.33,319.785,4.2
2025-05-17,Chicago,14947.0,6.76,4.33,319.785,4.2
2025-05-24,Chicago,15216.0,6.81,4.33,320.302,4.2
2025-05-31,Chicago,15345.0,6.86,4.33,320.302,4.2
2025-06-07,Chicago,15602.0,6.89,4.33,320.302,4.2
2025-06-14,Chicago,15768.0,6.85,4.33,320.302,4.3
2025-06-21,Chicago,16002.0,6.84,4.33,320.62,4.3
2025-06-28,Chicago,16324.0,6.81,4.33,320.62,4.3
2025-07-05,Chicago,16289.0,6.77,4.33,320.62,4.3
2025-07-12,Chicago,16395.0,6.67,4.33,320.62,4.1
2025-07-19,Chicago,16568.0,6.72,4.33,321.435,4.1
2025-07-26,Chicago,16662.0,6.75,4.33,321.435,4.1
2025-08-02,Chicago,16925.0,6.74,4.33,321.435,4.1
2025-08-09,Chicago,17034.0,6.72,4.33,321.435,4.1
2025-08-16,Chicago,17029.0,6.63,4.33,321.435,4.3
2025-08-23,Chicago,17021.0,6.58,4.33,322.169,4.3
2025-08-30,Chicago,17011.0,6.58,4.33,322.169,4.3
2025-09-06,Chicago,17037.0,6.56,4.33,322.169,4.3
2025-09-13,Chicago,17169.0,6.5,4.33,322.169,4.3
2025-09-20,Chicago,17320.0,6.35,4.33,323.291,4.3
2025-09-27,Chicago,17472.0,6.26,4.33,323.291,4.3
2025-10-04,Chicago,17586.0,6.3,4.33,323.291,4.3
2025-10-11,Chicago,17554.0,6.34,4.22,323.291,4.4
2025-10-18,Chicago,17497.0,6.3,4.22,324.245,4.4
2025-10-25,Chicago,17459.0,6.27,4.22,324.245,4.4
2025-11-01,Chicago,17352.0,6.19,4.22,324.245,4.4
2025-11-08,Chicago,17222.0,6.17,4.09,324.245,4.4
2025-11-15,Chicago,17003.0,6.22,4.09,324.245,4.4
2025-11-22,Chicago,16658.0,6.24,4.09,324.245,4.4
2025-11-29,Chicago,16081.0,6.26,4.09,324.245,4.4
2025-12-06,Chicago,15498.0,6.23,4.09,324.245,4.4
2025-12-13,Chicago,14899.0,6.19,3.88,324.245,4.5
2025-12-20,Chicago,14274.0,6.22,3.88,325.063,4.5
2025-12-27,Chicago,13701.0,6.21,3.88,325.063,4.5
2026-01-03,Chicago,13132.0,6.18,3.88,325.063,4.5
2026-01-10,Chicago,12723.0,6.15,3.72,325.063,4.4
2026-01-17,Chicago,12539.0,6.16,3.72,326.031,4.4
2026-01-24,Chicago,12514.0,6.06,3.72,326.031,4.4
2026-01-31,Chicago,12466.0,6.09,3.72,326.031,4.4
2026-02-07,Chicago,12348.0,6.1,3.64,326.031,4.4
2026-02-14,Chicago,12231.0,6.11,3.64,326.031,4.3
2026-02-21,Chicago,12247.0,6.09,3.64,326.588,4.3
2026-02-28,Chicago,12314.0,6.01,3.64,326.588,4.3
2026-03-07,Chicago,12496.0,5.98,3.64,326.588,4.3
2026-03-14,Chicago,12651.0,6.0,3.64,326.588,4.4
2026-03-21,Chicago,12768.0,6.11,3.64,327.46,4.4
2026-03-28,Chicago,12940.0,6.22,3.64,327.46,4.4
2026-04-04,Chicago,12926.0,6.38,3.64,327.46,4.4
2026-04-11,Chicago,13020.0,6.46,3.64,327.46,4.3
2026-04-18,Chicago,13265.0,6.37,3.64,330.293,4.3
2026-04-25,Chicago,13492.0,6.3,3.64,330.293,4.3
2026-05-02,Chicago,13965.0,6.23,3.64,330.293,4.3
2026-05-09,Chicago,14361.0,6.3,3.64,330.293,4.3
2026-05-16,Chicago,14672.0,6.37,3.64,330.293,4.3
2026-05-23,Chicago,15034.0,6.36,3.64,332.407,4.3
2026-05-30,Chicago,15215.0,6.51,3.64,332.407,4.3
2026-06-06,Chicago,15507.0,6.53,3.64,332.407,4.3
2026-06-13,Chicago,15792.0,6.48,3.63,332.407,4.3
2026-06-20,Chicago,16012.0,6.52,3.63,333.979,4.3
2018-02-03,Dallas,17536.0,4.15,1.3,247.805,4.1
2018-02-10,Dallas,17648.0,4.22,1.41,247.805,4.0
2018-02-17,Dallas,17725.0,4.32,1.41,248.859,4.0
2018-02-24,Dallas,17647.0,4.38,1.41,248.859,4.0
2018-03-03,Dallas,17546.0,4.4,1.41,248.859,4.0
2018-03-10,Dallas,17639.0,4.43,1.42,248.859,4.0
2018-03-17,Dallas,17913.0,4.46,1.42,248.859,4.1
2018-03-24,Dallas,18304.0,4.44,1.42,249.529,4.1
2018-03-31,Dallas,18649.0,4.45,1.42,249.529,4.1
2018-04-07,Dallas,19050.0,4.44,1.51,249.529,4.1
2018-04-14,Dallas,19350.0,4.4,1.51,249.529,4.0
2018-04-21,Dallas,19812.0,4.42,1.51,249.577,4.0
2018-04-28,Dallas,20368.0,4.47,1.51,249.577,4.0
2018-05-05,Dallas,20810.0,4.58,1.51,249.577,4.0
2018-05-12,Dallas,21185.0,4.55,1.69,249.577,4.0
2018-05-19,Dallas,21570.0,4.55,1.69,250.227,4.0
2018-05-26,Dallas,21989.0,4.61,1.69,250.227,4.0
2018-06-02,Dallas,22386.0,4.66,1.69,250.227,4.0
2018-06-09,Dallas,22838.0,4.56,1.7,250.227,4.0
2018-06-16,Dallas,23239.0,4.54,1.7,250.227,3.8
2018-06-23,Dallas,23617.0,4.62,1.7,250.792,3.8
2018-06-30,Dallas,24028.0,4.57,1.7,250.792,3.8
2018-07-07,Dallas,24472.0,4.55,1.7,250.792,3.8
2018-07-14,Dallas,24964.0,4.52,1.82,250.792,4.0
2018-07-21,Dallas,25395.0,4.53,1.82,251.018,4.0
2018-07-28,Dallas,25783.0,4.52,1.82,251.018,4.0
2018-08-04,Dallas,26091.0,4.54,1.82,251.018,4.0
2018-08-11,Dallas,26201.0,4.6,1.91,251.018,3.8
2018-08-18,Dallas,26222.0,4.59,1.91,251.214,3.8
2018-08-25,Dallas,26154.0,4.53,1.91,251.214,3.8
2018-09-01,Dallas,26011.0,4.51,1.91,251.214,3.8
2018-09-08,Dallas,25901.0,4.52,1.91,251.214,3.8
2018-09-15,Dallas,25823.0,4.54,1.91,251.214,3.8
2018-09-22,Dallas,25631.0,4.6,1.91,251.663,3.8
2018-09-29,Dallas,25517.0,4.65,1.91,251.663,3.8
2018-10-06,Dallas,25431.0,4.72,1.91,251.663,3.8
2018-10-13,Dallas,25349.0,4.71,1.95,251.663,3.7
2018-10-20,Dallas,25311.0,4.9,1.95,252.182,3.7
2018-10-27,Dallas,25202.0,4.85,1.95,252.182,3.7
2018-11-03,Dallas,25064.0,4.86,1.95,252.182,3.7
2018-11-10,Dallas,24909.0,4.83,2.19,252.182,3.8
2018-11-17,Dallas,24822.0,4.94,2.19,252.772,3.8
2018-11-24,Dallas,24490.0,4.94,2.19,252.772,3.8
2018-12-01,Dallas,24160.0,4.81,2.19,252.772,3.8
2018-12-08,Dallas,23618.0,4.81,2.2,252.772,3.8
2018-12-15,Dallas,23012.0,4.75,2.2,252.772,3.8
2018-12-22,Dallas,22442.0,4.63,2.2,252.594,3.8
2018-12-29,Dallas,21615.0,4.62,2.2,252.594,3.8
2019-01-05,Dallas,20984.0,4.55,2.2,252.594,3.8
2019-01-12,Dallas,20553.0,4.51,2.27,252.594,3.9
2019-01-19,Dallas,20507.0,4.45,2.27,252.767,3.9
2019-01-26,Dallas,20723.0,4.45,2.27,252.767,3.9
2019-02-02,Dallas,21001.0,4.45,2.27,252.767,3.9
2019-02-09,Dallas,21211.0,4.46,2.4,252.767,3.9
2019-02-16,Dallas,21350.0,4.41,2.4,252.767,4.0
2019-02-23,Dallas,21497.0,4.37,2.4,252.561,4.0
2019-03-02,Dallas,21720.0,4.35,2.4,252.561,4.0
2019-03-09,Dallas,21978.0,4.35,2.4,252.561,4.0
2019-03-16,Dallas,22220.0,4.41,2.4,252.561,3.8
2019-03-23,Dallas,22575.0,4.31,2.4,253.319,3.8
2019-03-30,Dallas,22925.0,4.28,2.4,253.319,3.8
2019-04-06,Dallas,23351.0,4.06,2.4,253.319,3.8
2019-04-13,Dallas,23776.0,4.08,2.41,253.319,3.8
2019-04-20,Dallas,24122.0,4.12,2.41,254.277,3.8
2019-04-27,Dallas,24529.0,4.17,2.41,254.277,3.8
2019-05-04,Dallas,24959.0,4.2,2.41,254.277,3.8
2019-05-11,Dallas,25324.0,4.14,2.42,254.277,3.7
2019-05-18,Dallas,25782.0,4.1,2.42,255.233,3.7
2019-05-25,Dallas,26150.0,4.07,2.42,255.233,3.7
2019-06-01,Dallas,26418.0,4.06,2.42,255.233,3.7
2019-06-08,Dallas,26767.0,3.99,2.39,255.233,3.7
2019-06-15,Dallas,27058.0,3.82,2.39,255.233,3.6
2019-06-22,Dallas,27394.0,3.82,2.39,255.296,3.6
2019-06-29,Dallas,27776.0,3.84,2.39,255.296,3.6
2019-07-06,Dallas,27921.0,3.73,2.39,255.296,3.6
2019-07-13,Dallas,28134.0,3.75,2.38,255.296,3.6
2019-07-20,Dallas,28293.0,3.75,2.38,255.213,3.6
2019-07-27,Dallas,28387.0,3.81,2.38,255.213,3.6
2019-08-03,Dallas,28585.0,3.75,2.38,255.213,3.6
2019-08-10,Dallas,28539.0,3.75,2.4,255.213,3.7
2019-08-17,Dallas,28388.0,3.6,2.4,255.802,3.7
2019-08-24,Dallas,28124.0,3.6,2.4,255.802,3.7
2019-08-31,Dallas,27812.0,3.55,2.4,255.802,3.7
2019-09-07,Dallas,27535.0,3.58,2.13,255.802,3.7
2019-09-14,Dallas,27292.0,3.49,2.13,255.802,3.6
2019-09-21,Dallas,27097.0,3.56,2.13,256.036,3.6
2019-09-28,Dallas,26900.0,3.73,2.13,256.036,3.6
2019-10-05,Dallas,26752.0,3.64,2.13,256.036,3.6
2019-10-12,Dallas,26573.0,3.65,2.04,256.036,3.5
2019-10-19,Dallas,26409.0,3.57,2.04,256.43,3.5
2019-10-26,Dallas,26258.0,3.69,2.04,256.43,3.5
2019-11-02,Dallas,26039.0,3.75,2.04,256.43,3.5
2019-11-09,Dallas,25759.0,3.78,1.83,256.43,3.5
2019-11-16,Dallas,25431.0,3.69,1.83,256.43,3.6
2019-11-23,Dallas,25059.0,3.75,1.83,257.155,3.6
2019-11-30,Dallas,24459.0,3.66,1.83,257.155,3.6
2019-12-07,Dallas,23910.0,3.68,1.83,257.155,3.6
2019-12-14,Dallas,23265.0,3.68,1.55,257.155,3.6
2019-12-21,Dallas,22602.0,3.73,1.55,257.879,3.6
2019-12-28,Dallas,21896.0,3.73,1.55,257.879,3.6
2020-01-04,Dallas,21184.0,3.74,1.55,257.879,3.6
2020-01-11,Dallas,20656.0,3.72,1.55,257.879,3.6
2020-01-18,Dallas,20331.0,3.64,1.55,258.63,3.6
2020-01-25,Dallas,20393.0,3.65,1.55,258.63,3.6
2020-02-01,Dallas,20535.0,3.6,1.55,258.63,3.6
2020-02-08,Dallas,20680.0,3.51,1.55,258.63,3.6
2020-02-15,Dallas,20750.0,3.45,1.55,258.63,3.6
2020-02-22,Dallas,20831.0,3.47,1.55,259.127,3.6
2020-02-29,Dallas,20983.0,3.49,1.55,259.127,3.6
2020-03-07,Dallas,21210.0,3.45,1.55,259.127,3.6
2020-03-14,Dallas,21542.0,3.29,1.58,259.127,3.5
2020-03-21,Dallas,21772.0,3.36,1.58,259.25,3.5
2020-03-28,Dallas,21788.0,3.65,1.58,259.25,3.5
2020-04-04,Dallas,21641.0,3.5,1.58,259.25,3.5
2020-04-11,Dallas,21355.0,3.33,0.65,259.25,4.4
2020-04-18,Dallas,21214.0,3.33,0.65,258.076,4.4
2020-04-25,Dallas,21255.0,3.31,0.65,258.076,4.4
2020-05-02,Dallas,21537.0,3.33,0.65,258.076,4.4
2020-05-09,Dallas,21916.0,3.23,0.05,258.076,4.4
2020-05-16,Dallas,22279.0,3.26,0.05,258.076,14.8
2020-05-23,Dallas,22651.0,3.28,0.05,256.032,14.8
2020-05-30,Dallas,22800.0,3.24,0.05,256.032,14.8
2020-06-06,Dallas,22914.0,3.15,0.05,256.032,14.8
2020-06-13,Dallas,22947.0,3.18,0.05,256.032,13.2
2020-06-20,Dallas,22898.0,3.21,0.05,255.802,13.2
2020-06-27,Dallas,22902.0,3.13,0.05,255.802,13.2
2020-07-04,Dallas,22696.0,3.13,0.05,255.802,13.2
2020-07-11,Dallas,22448.0,3.07,0.08,255.802,11.0
2020-07-18,Dallas,22175.0,3.03,0.08,257.042,11.0
2020-07-25,Dallas,21828.0,2.98,0.08,257.042,11.0
2020-08-01,Dallas,21535.0,3.01,0.08,257.042,11.0
2020-08-08,Dallas,21199.0,2.99,0.09,257.042,11.0
2020-08-15,Dallas,20862.0,2.88,0.09,257.042,10.2
2020-08-22,Dallas,20524.0,2.96,0.09,258.352,10.2
2020-08-29,Dallas,20247.0,2.99,0.09,258.352,10.2
2020-09-05,Dallas,19984.0,2.91,0.09,258.352,10.2
2020-09-12,Dallas,19633.0,2.93,0.1,258.352,8.4
2020-09-19,Dallas,19335.0,2.86,0.1,259.316,8.4
2020-09-26,Dallas,19052.0,2.87,0.1,259.316,8.4
2020-10-03,Dallas,18761.0,2.9,0.1,259.316,8.4
2020-10-10,Dallas,18523.0,2.88,0.09,259.316,8.4
2020-10-17,Dallas,18193.0,2.87,0.09,259.316,7.8
2020-10-24,Dallas,17838.0,2.81,0.09,259.997,7.8
2020-10-31,Dallas,17403.0,2.8,0.09,259.997,7.8
2020-11-07,Dallas,16958.0,2.81,0.09,259.997,7.8
2020-11-14,Dallas,16534.0,2.78,0.09,259.997,6.9
2020-11-21,Dallas,16108.0,2.84,0.09,260.319,6.9
2020-11-28,Dallas,15586.0,2.72,0.09,260.319,6.9
2020-12-05,Dallas,15127.0,2.72,0.09,260.319,6.9
2020-12-12,Dallas,14599.0,2.71,0.09,260.319,6.7
2020-12-19,Dallas,14024.0,2.71,0.09,260.911,6.7
2020-12-26,Dallas,13386.0,2.67,0.09,260.911,6.7
2021-01-02,Dallas,12625.0,2.66,0.09,260.911,6.7
2021-01-09,Dallas,12055.0,2.67,0.09,260.911,6.7
2021-01-16,Dallas,11782.0,2.65,0.09,260.911,6.7
2021-01-23,Dallas,11886.0,2.79,0.09,262.045,6.7
2021-01-30,Dallas,12152.0,2.77,0.09,262.045,6.7
2021-02-06,Dallas,12404.0,2.73,0.09,262.045,6.7
2021-02-13,Dallas,12380.0,2.73,0.09,262.045,6.4
2021-02-20,Dallas,11887.0,2.73,0.09,262.687,6.4
2021-02-27,Dallas,11480.0,2.81,0.09,262.687,6.4
2021-03-06,Dallas,11168.0,2.97,0.09,262.687,6.4
2021-03-13,Dallas,11051.0,3.02,0.08,262.687,6.2
2021-03-20,Dallas,11384.0,3.05,0.08,263.579,6.2
2021-03-27,Dallas,11632.0,3.09,0.08,263.579,6.2
2021-04-03,Dallas,11742.0,3.17,0.08,263.579,6.2
2021-04-10,Dallas,11827.0,3.18,0.07,263.579,6.1
2021-04-17,Dallas,11943.0,3.13,0.07,264.961,6.1
2021-04-24,Dallas,12057.0,3.04,0.07,264.961,6.1
2021-05-01,Dallas,12195.0,2.97,0.07,264.961,6.1
2021-05-08,Dallas,12291.0,2.98,0.07,264.961,6.1
2021-05-15,Dallas,12387.0,2.96,0.07,264.961,6.1
2021-05-22,Dallas,12484.0,2.94,0.07,266.614,6.1
2021-05-29,Dallas,12589.0,3.0,0.07,266.614,6.1
2021-06-05,Dallas,12722.0,2.95,0.07,266.614,6.1
2021-06-12,Dallas,12923.0,2.99,0.06,266.614,5.8
2021-06-19,Dallas,13199.0,2.96,0.06,268.383,5.8
2021-06-26,Dallas,13604.0,2.93,0.06,268.383,5.8
2021-07-03,Dallas,13970.0,3.02,0.06,268.383,5.8
2021-07-10,Dallas,14301.0,2.98,0.08,268.383,5.8
2021-07-17,Dallas,14658.0,2.9,0.08,268.383,5.9
2021-07-24,Dallas,14996.0,2.88,0.08,270.654,5.9
2021-07-31,Dallas,15364.0,2.78,0.08,270.654,5.9
2021-08-07,Dallas,15706.0,2.8,0.1,270.654,5.9
2021-08-14,Dallas,15964.0,2.77,0.1,270.654,5.4
2021-08-21,Dallas,16081.0,2.87,0.1,271.903,5.4
2021-08-28,Dallas,16098.0,2.86,0.1,271.903,5.4
2021-09-04,Dallas,16019.0,2.87,0.1,271.903,5.4
2021-09-11,Dallas,15853.0,2.87,0.09,271.903,5.1
2021-09-18,Dallas,15677.0,2.88,0.09,272.676,5.1
2021-09-25,Dallas,15520.0,2.86,0.09,272.676,5.1
2021-10-02,Dallas,15303.0,2.88,0.09,272.676,5.1
2021-10-09,Dallas,15092.0,3.01,0.08,272.676,5.1
2021-10-16,Dallas,14869.0,2.99,0.08,272.676,4.7
2021-10-23,Dallas,14643.0,3.05,0.08,273.91,4.7
2021-10-30,Dallas,14450.0,3.09,0.08,273.91,4.7
2021-11-06,Dallas,14237.0,3.14,0.08,273.91,4.7
2021-11-13,Dallas,13961.0,3.09,0.08,273.91,4.5
2021-11-20,Dallas,13668.0,2.98,0.08,276.55,4.5
2021-11-27,Dallas,13079.0,3.1,0.08,276.55,4.5
2021-12-04,Dallas,12582.0,3.1,0.08,276.55,4.5
2021-12-11,Dallas,12104.0,3.11,0.08,276.55,4.1
2021-12-18,Dallas,11549.0,3.1,0.08,278.919,4.1
2021-12-25,Dallas,11011.0,3.12,0.08,278.919,4.1
2022-01-01,Dallas,10292.0,3.05,0.08,278.919,4.1
2022-01-08,Dallas,9692.0,3.11,0.08,278.919,4.1
2022-01-15,Dallas,9270.0,3.22,0.08,278.919,3.9
2022-01-22,Dallas,9154.0,3.45,0.08,280.845,3.9
2022-01-29,Dallas,9203.0,3.56,0.08,280.845,3.9
2022-02-05,Dallas,9093.0,3.55,0.08,280.845,3.9
2022-02-12,Dallas,8973.0,3.55,0.08,280.845,4.0
2022-02-19,Dallas,8945.0,3.69,0.08,282.543,4.0
2022-02-26,Dallas,8870.0,3.92,0.08,282.543,4.0
2022-03-05,Dallas,8948.0,3.89,0.08,282.543,4.0
2022-03-12,Dallas,8469.0,3.76,0.08,282.543,4.0
2022-03-19,Dallas,7927.0,3.85,0.08,282.543,3.9
2022-03-26,Dallas,7398.0,4.16,0.08,284.5,3.9
2022-04-02,Dallas,6921.0,4.42,0.08,284.5,3.9
2022-04-09,Dallas,7135.0,4.67,0.2,284.5,3.9
2022-04-16,Dallas,7254.0,4.72,0.2,284.5,3.7
2022-04-23,Dallas,7492.0,5.0,0.2,287.674,3.7
2022-04-30,Dallas,7800.0,5.11,0.2,287.674,3.7
2022-05-07,Dallas,7979.0,5.1,0.2,287.674,3.7
2022-05-14,Dallas,8400.0,5.27,0.33,287.674,3.7
2022-05-21,Dallas,8949.0,5.3,0.33,288.561,3.7
2022-05-28,Dallas,9432.0,5.25,0.33,288.561,3.7
2022-06-04,Dallas,10007.0,5.1,0.33,288.561,3.7
2022-06-11,Dallas,10724.0,5.09,0.77,288.561,3.6
2022-06-18,Dallas,11443.0,5.23,0.77,291.298,3.6
2022-06-25,Dallas,12292.0,5.78,0.77,291.298,3.6
2022-07-02,Dallas,13138.0,5.81,0.77,291.298,3.6
2022-07-09,Dallas,13793.0,5.7,1.21,291.298,3.6
2022-07-16,Dallas,14436.0,5.3,1.21,291.298,3.6
2022-07-23,Dallas,14971.0,5.51,1.21,294.957,3.6
2022-07-30,Dallas,15460.0,5.54,1.21,294.957,3.6
2022-08-06,Dallas,15929.0,5.3,1.21,294.957,3.6
2022-08-13,Dallas,16201.0,4.99,1.68,294.957,3.5
2022-08-20,Dallas,16375.0,5.22,1.68,294.913,3.5
2022-08-27,Dallas,16383.0,5.13,1.68,294.913,3.5
2022-09-03,Dallas,16282.0,5.55,1.68,294.913,3.5
2022-09-10,Dallas,16140.0,5.66,2.33,294.913,3.6
2022-09-17,Dallas,16063.0,5.89,2.33,295.097,3.6
2022-09-24,Dallas,16080.0,6.02,2.33,295.097,3.6
2022-10-01,Dallas,16112.0,6.29,2.33,295.097,3.6
2022-10-08,Dallas,16193.0,6.7,2.56,295.097,3.6
2022-10-15,Dallas,16237.0,6.66,2.56,295.097,3.5
2022-10-22,Dallas,16297.0,6.92,2.56,296.349,3.5
2022-10-29,Dallas,16344.0,6.94,2.56,296.349,3.5
2022-11-05,Dallas,16376.0,7.08,2.56,296.349,3.5
2022-11-12,Dallas,16348.0,6.95,3.08,296.349,3.6
2022-11-19,Dallas,16216.0,7.08,3.08,298.007,3.6
2022-11-26,Dallas,15942.0,6.61,3.08,298.007,3.6
2022-12-03,Dallas,15710.0,6.58,3.08,298.007,3.6
2022-12-10,Dallas,15403.0,6.49,3.78,298.007,3.6
2022-12-17,Dallas,15058.0,6.33,3.78,298.007,3.6
2022-12-24,Dallas,14684.0,6.31,3.78,298.786,3.6
2022-12-31,Dallas,14164.0,6.27,3.78,298.786,3.6
2023-01-07,Dallas,13722.0,6.42,4.1,298.786,3.6
2023-01-14,Dallas,13409.0,6.48,4.1,298.786,3.5
2023-01-21,Dallas,13244.0,6.33,4.1,298.832,3.5
2023-01-28,Dallas,13075.0,6.15,4.1,298.832,3.5
2023-02-04,Dallas,12667.0,6.13,4.1,298.832,3.5
2023-02-11,Dallas,12304.0,6.09,4.33,298.832,3.5
2023-02-18,Dallas,11957.0,6.12,4.33,300.42,3.5
2023-02-25,Dallas,11653.0,6.32,4.33,300.42,3.5
2023-03-04,Dallas,11618.0,6.5,4.33,300.42,3.5
2023-03-11,Dallas,11548.0,6.65,4.57,300.42,3.5
2023-03-18,Dallas,11532.0,6.73,4.57,300.42,3.6
2023-03-25,Dallas,11595.0,6.6,4.57,301.45,3.6
2023-04-01,Dallas,11692.0,6.42,4.57,301.45,3.6
2023-04-08,Dallas,11789.0,6.32,4.65,301.45,3.6
2023-04-15,Dallas,12153.0,6.28,4.65,301.45,3.5
2023-04-22,Dallas,12678.0,6.27,4.65,301.821,3.5
2023-04-29,Dallas,13216.0,6.39,4.65,301.821,3.5
2023-05-06,Dallas,13848.0,6.43,4.65,301.821,3.5
2023-05-13,Dallas,14294.0,6.39,4.83,301.821,3.4
2023-05-20,Dallas,14598.0,6.35,4.83,302.845,3.4
2023-05-27,Dallas,14860.0,6.39,4.83,302.845,3.4
2023-06-03,Dallas,15038.0,6.57,4.83,302.845,3.4
2023-06-10,Dallas,15238.0,6.79,5.06,302.845,3.6
2023-06-17,Dallas,15445.0,6.71,5.06,303.334,3.6
2023-06-24,Dallas,15634.0,6.69,5.06,303.334,3.6
2023-07-01,Dallas,15880.0,6.67,5.06,303.334,3.6
2023-07-08,Dallas,16009.0,6.71,5.08,303.334,3.6
2023-07-15,Dallas,16243.0,6.81,5.08,303.334,3.6
2023-07-22,Dallas,16524.0,6.96,5.08,304.014,3.6
2023-07-29,Dallas,16692.0,6.78,5.08,304.014,3.6
2023-08-05,Dallas,16919.0,6.81,5.08,304.014,3.6
2023-08-12,Dallas,16983.0,6.9,5.12,304.014,3.5
2023-08-19,Dallas,17000.0,6.96,5.12,304.609,3.5
2023-08-26,Dallas,17063.0,7.09,5.12,304.609,3.5
2023-09-02,Dallas,17088.0,7.23,5.12,304.609,3.5
2023-09-09,Dallas,17112.0,7.18,5.33,304.609,3.5
2023-09-16,Dallas,17179.0,7.12,5.33,304.609,3.7
2023-09-23,Dallas,17253.0,7.18,5.33,306.082,3.7
2023-09-30,Dallas,17394.0,7.19,5.33,306.082,3.7
2023-10-07,Dallas,17572.0,7.31,5.33,306.082,3.7
2023-10-14,Dallas,17807.0,7.49,5.33,306.082,3.7
2023-10-21,Dallas,18052.0,7.57,5.33,307.276,3.7
2023-10-28,Dallas,18202.0,7.63,5.33,307.276,3.7
2023-11-04,Dallas,18372.0,7.79,5.33,307.276,3.7
2023-11-11,Dallas,18466.0,7.76,5.33,307.276,3.9
2023-11-18,Dallas,18519.0,7.5,5.33,307.696,3.9
2023-11-25,Dallas,18394.0,7.44,5.33,307.696,3.9
2023-12-02,Dallas,18292.0,7.29,5.33,307.696,3.9
2023-12-09,Dallas,18100.0,7.22,5.33,307.696,3.9
2023-12-16,Dallas,17788.0,7.03,5.33,307.696,3.7
2023-12-23,Dallas,17477.0,6.95,5.33,308.148,3.7
2023-12-30,Dallas,16907.0,6.67,5.33,308.148,3.7
2024-01-06,Dallas,16381.0,6.61,5.33,308.148,3.7
2024-01-13,Dallas,16045.0,6.62,5.33,308.148,3.8
2024-01-20,Dallas,15884.0,6.66,5.33,308.741,3.8
2024-01-27,Dallas,15896.0,6.6,5.33,308.741,3.8
2024-02-03,Dallas,15967.0,6.69,5.33,308.741,3.8
2024-02-10,Dallas,15977.0,6.63,5.33,308.741,3.7
2024-02-17,Dallas,16064.0,6.64,5.33,309.698,3.7
2024-02-24,Dallas,16247.0,6.77,5.33,309.698,3.7
2024-03-02,Dallas,16478.0,6.9,5.33,309.698,3.7
2024-03-09,Dallas,16815.0,6.94,5.33,309.698,3.7
2024-03-16,Dallas,17125.0,6.88,5.33,309.698,3.9
2024-03-23,Dallas,17451.0,6.74,5.33,310.967,3.9
2024-03-30,Dallas,17684.0,6.87,5.33,310.967,3.9
2024-04-06,Dallas,17939.0,6.79,5.33,310.967,3.9
2024-04-13,Dallas,18292.0,6.82,5.33,310.967,3.9
2024-04-20,Dallas,18652.0,6.88,5.33,312.345,3.9
2024-04-27,Dallas,19116.0,7.1,5.33,312.345,3.9
2024-05-04,Dallas,19581.0,7.17,5.33,312.345,3.9
2024-05-11,Dallas,19925.0,7.22,5.33,312.345,3.9
2024-05-18,Dallas,20315.0,7.09,5.33,313.023,3.9
2024-05-25,Dallas,20742.0,7.02,5.33,313.023,3.9
2024-06-01,Dallas,21163.0,6.94,5.33,313.023,3.9
2024-06-08,Dallas,21825.0,7.03,5.33,313.023,3.9
2024-06-15,Dallas,22566.0,6.99,5.33,313.023,3.9
2024-06-22,Dallas,23364.0,6.95,5.33,313.175,3.9
2024-06-29,Dallas,24354.0,6.87,5.33,313.175,3.9
2024-07-06,Dallas,24620.0,6.86,5.33,313.175,3.9
2024-07-13,Dallas,24907.0,6.95,5.33,313.175,4.1
2024-07-20,Dallas,25114.0,6.89,5.33,313.044,4.1
2024-07-27,Dallas,25049.0,6.77,5.33,313.044,4.1
2024-08-03,Dallas,25487.0,6.78,5.33,313.044,4.1
2024-08-10,Dallas,25651.0,6.73,5.33,313.044,4.2
2024-08-17,Dallas,25722.0,6.47,5.33,313.569,4.2
2024-08-24,Dallas,25731.0,6.49,5.33,313.569,4.2
2024-08-31,Dallas,25711.0,6.46,5.33,313.569,4.2
2024-09-07,Dallas,25697.0,6.35,5.33,313.569,4.2
2024-09-14,Dallas,25725.0,6.35,5.33,313.569,4.2
2024-09-21,Dallas,25793.0,6.2,5.33,314.062,4.2
2024-09-28,Dallas,25868.0,6.09,5.33,314.062,4.2
2024-10-05,Dallas,26011.0,6.08,5.33,314.062,4.2
2024-10-12,Dallas,26082.0,6.12,5.13,314.062,4.1
2024-10-19,Dallas,26123.0,6.32,5.13,314.732,4.1
2024-10-26,Dallas,26165.0,6.44,5.13,314.732,4.1
2024-11-02,Dallas,26107.0,6.54,5.13,314.732,4.1
2024-11-09,Dallas,25956.0,6.72,4.83,314.732,4.1
2024-11-16,Dallas,25819.0,6.79,4.83,314.732,4.1
2024-11-23,Dallas,25609.0,6.78,4.83,315.631,4.1
2024-11-30,Dallas,25221.0,6.84,4.83,315.631,4.1
2024-12-07,Dallas,24921.0,6.81,4.83,315.631,4.1
2024-12-14,Dallas,24478.0,6.69,4.64,315.631,4.2
2024-12-21,Dallas,23910.0,6.6,4.64,316.528,4.2
2024-12-28,Dallas,23303.0,6.72,4.64,316.528,4.2
2025-01-04,Dallas,22741.0,6.85,4.64,316.528,4.2
2025-01-11,Dallas,22225.0,6.91,4.48,316.528,4.1
2025-01-18,Dallas,22005.0,6.93,4.48,317.604,4.1
2025-01-25,Dallas,22118.0,7.04,4.48,317.604,4.1
2025-02-01,Dallas,22211.0,6.96,4.48,317.604,4.1
2025-02-08,Dallas,22401.0,6.95,4.33,317.604,4.1
2025-02-15,Dallas,22502.0,6.89,4.33,317.604,4.0
2025-02-22,Dallas,22552.0,6.87,4.33,318.961,4.0
2025-03-01,Dallas,22713.0,6.85,4.33,318.961,4.0
2025-03-08,Dallas,23008.0,6.76,4.33,318.961,4.0
2025-03-15,Dallas,23351.0,6.63,4.33,318.961,4.2
2025-03-22,Dallas,23883.0,6.65,4.33,319.679,4.2
2025-03-29,Dallas,24476.0,6.67,4.33,319.679,4.2
2025-04-05,Dallas,25119.0,6.65,4.33,319.679,4.2
2025-04-12,Dallas,25856.0,6.64,4.33,319.679,4.2
2025-04-19,Dallas,26527.0,6.62,4.33,319.785,4.2
2025-04-26,Dallas,27226.0,6.83,4.33,319.785,4.2
2025-05-03,Dallas,27929.0,6.81,4.33,319.785,4.2
2025-05-10,Dallas,28509.0,6.76,4.33,319.785,4.2
2025-05-17,Dallas,29148.0,6.76,4.33,319.785,4.2
2025-05-24,Dallas,29687.0,6.81,4.33,320.302,4.2
2025-05-31,Dallas,30078.0,6.86,4.33,320.302,4.2
2025-06-07,Dallas,30571.0,6.89,4.33,320.302,4.2
2025-06-14,Dallas,30947.0,6.85,4.33,320.302,4.3
2025-06-21,Dallas,31324.0,6.84,4.33,320.62,4.3
2025-06-28,Dallas,31719.0,6.81,4.33,320.62,4.3
2025-07-05,Dallas,31897.0,6.77,4.33,320.62,4.3
2025-07-12,Dallas,32108.0,6.67,4.33,320.62,4.1
2025-07-19,Dallas,32286.0,6.72,4.33,321.435,4.1
2025-07-26,Dallas,32334.0,6.75,4.33,321.435,4.1
2025-08-02,Dallas,32424.0,6.74,4.33,321.435,4.1
2025-08-09,Dallas,32337.0,6.72,4.33,321.435,4.1
2025-08-16,Dallas,32137.0,6.63,4.33,321.435,4.3
2025-08-23,Dallas,31936.0,6.58,4.33,322.169,4.3
2025-08-30,Dallas,31714.0,6.58,4.33,322.169,4.3
2025-09-06,Dallas,31436.0,6.56,4.33,322.169,4.3
2025-09-13,Dallas,31214.0,6.5,4.33,322.169,4.3
2025-09-20,Dallas,31033.0,6.35,4.33,323.291,4.3
2025-09-27,Dallas,30860.0,6.26,4.33,323.291,4.3
2025-10-04,Dallas,30829.0,6.3,4.33,323.291,4.3
2025-10-11,Dallas,30683.0,6.34,4.22,323.291,4.4
2025-10-18,Dallas,30527.0,6.3,4.22,324.245,4.4
2025-10-25,Dallas,30379.0,6.27,4.22,324.245,4.4
2025-11-01,Dallas,30164.0,6.19,4.22,324.245,4.4
2025-11-08,Dallas,29864.0,6.17,4.09,324.245,4.4
2025-11-15,Dallas,29505.0,6.22,4.09,324.245,4.4
2025-11-22,Dallas,29062.0,6.24,4.09,324.245,4.4
2025-11-29,Dallas,28387.0,6.26,4.09,324.245,4.4
2025-12-06,Dallas,27825.0,6.23,4.09,324.245,4.4
2025-12-13,Dallas,27225.0,6.19,3.88,324.245,4.5
2025-12-20,Dallas,26573.0,6.22,3.88,325.063,4.5
2025-12-27,Dallas,25894.0,6.21,3.88,325.063,4.5
2026-01-03,Dallas,25221.0,6.18,3.88,325.063,4.5
2026-01-10,Dallas,24809.0,6.15,3.72,325.063,4.4
2026-01-17,Dallas,24442.0,6.16,3.72,326.031,4.4
2026-01-24,Dallas,24277.0,6.06,3.72,326.031,4.4
2026-01-31,Dallas,24048.0,6.09,3.72,326.031,4.4
2026-02-07,Dallas,23832.0,6.1,3.64,326.031,4.4
2026-02-14,Dallas,23810.0,6.11,3.64,326.031,4.3
2026-02-21,Dallas,23969.0,6.09,3.64,326.588,4.3
2026-02-28,Dallas,24314.0,6.01,3.64,326.588,4.3
2026-03-07,Dallas,24615.0,5.98,3.64,326.588,4.3
2026-03-14,Dallas,24953.0,6.0,3.64,326.588,4.4
2026-03-21,Dallas,25313.0,6.11,3.64,327.46,4.4
2026-03-28,Dallas,25704.0,6.22,3.64,327.46,4.4
2026-04-04,Dallas,25980.0,6.38,3.64,327.46,4.4
2026-04-11,Dallas,26281.0,6.46,3.64,327.46,4.3
2026-04-18,Dallas,26628.0,6.37,3.64,330.293,4.3
2026-04-25,Dallas,26887.0,6.3,3.64,330.293,4.3
2026-05-02,Dallas,27196.0,6.23,3.64,330.293,4.3
2026-05-09,Dallas,27414.0,6.3,3.64,330.293,4.3
2026-05-16,Dallas,27674.0,6.37,3.64,330.293,4.3
2026-05-23,Dallas,28038.0,6.36,3.64,332.407,4.3
2026-05-30,Dallas,28401.0,6.51,3.64,332.407,4.3
2026-06-06,Dallas,28831.0,6.53,3.64,332.407,4.3
2026-06-13,Dallas,29151.0,6.48,3.63,332.407,4.3
2026-06-20,Dallas,29428.0,6.52,3.63,333.979,4.3
2018-02-03,Detroit,10041.0,4.15,1.3,247.805,4.1
2018-02-10,Detroit,9886.0,4.22,1.41,247.805,4.0
2018-02-17,Detroit,9706.0,4.32,1.41,248.859,4.0
2018-02-24,Detroit,9588.0,4.38,1.41,248.859,4.0
2018-03-03,Detroit,9502.0,4.4,1.41,248.859,4.0
2018-03-10,Detroit,9516.0,4.43,1.42,248.859,4.0
2018-03-17,Detroit,9671.0,4.46,1.42,248.859,4.1
2018-03-24,Detroit,9794.0,4.44,1.42,249.529,4.1
2018-03-31,Detroit,9940.0,4.45,1.42,249.529,4.1
2018-04-07,Detroit,10091.0,4.44,1.51,249.529,4.1
2018-04-14,Detroit,10209.0,4.4,1.51,249.529,4.0
2018-04-21,Detroit,10401.0,4.42,1.51,249.577,4.0
2018-04-28,Detroit,10659.0,4.47,1.51,249.577,4.0
2018-05-05,Detroit,10936.0,4.58,1.51,249.577,4.0
2018-05-12,Detroit,11208.0,4.55,1.69,249.577,4.0
2018-05-19,Detroit,11513.0,4.55,1.69,250.227,4.0
2018-05-26,Detroit,11796.0,4.61,1.69,250.227,4.0
2018-06-02,Detroit,12048.0,4.66,1.69,250.227,4.0
2018-06-09,Detroit,12367.0,4.56,1.7,250.227,4.0
2018-06-16,Detroit,12663.0,4.54,1.7,250.227,3.8
2018-06-23,Detroit,12973.0,4.62,1.7,250.792,3.8
2018-06-30,Detroit,13268.0,4.57,1.7,250.792,3.8
2018-07-07,Detroit,13431.0,4.55,1.7,250.792,3.8
2018-07-14,Detroit,13708.0,4.52,1.82,250.792,4.0
2018-07-21,Detroit,14005.0,4.53,1.82,251.018,4.0
2018-07-28,Detroit,14330.0,4.52,1.82,251.018,4.0
2018-08-04,Detroit,14728.0,4.54,1.82,251.018,4.0
2018-08-11,Detroit,15026.0,4.6,1.91,251.018,3.8
2018-08-18,Detroit,15268.0,4.59,1.91,251.214,3.8
2018-08-25,Detroit,15504.0,4.53,1.91,251.214,3.8
2018-09-01,Detroit,15694.0,4.51,1.91,251.214,3.8
2018-09-08,Detroit,15839.0,4.52,1.91,251.214,3.8
2018-09-15,Detroit,15947.0,4.54,1.91,251.214,3.8
2018-09-22,Detroit,16019.0,4.6,1.91,251.663,3.8
2018-09-29,Detroit,16078.0,4.65,1.91,251.663,3.8
2018-10-06,Detroit,16062.0,4.72,1.91,251.663,3.8
2018-10-13,Detroit,16029.0,4.71,1.95,251.663,3.7
2018-10-20,Detroit,15997.0,4.9,1.95,252.182,3.7
2018-10-27,Detroit,15917.0,4.85,1.95,252.182,3.7
2018-11-03,Detroit,15855.0,4.86,1.95,252.182,3.7
2018-11-10,Detroit,15762.0,4.83,2.19,252.182,3.8
2018-11-17,Detroit,15560.0,4.94,2.19,252.772,3.8
2018-11-24,Detroit,15234.0,4.94,2.19,252.772,3.8
2018-12-01,Detroit,14935.0,4.81,2.19,252.772,3.8
2018-12-08,Detroit,14507.0,4.81,2.2,252.772,3.8
2018-12-15,Detroit,14127.0,4.75,2.2,252.772,3.8
2018-12-22,Detroit,13792.0,4.63,2.2,252.594,3.8
2018-12-29,Detroit,13309.0,4.62,2.2,252.594,3.8
2019-01-05,Detroit,12959.0,4.55,2.2,252.594,3.8
2019-01-12,Detroit,12679.0,4.51,2.27,252.594,3.9
2019-01-19,Detroit,12554.0,4.45,2.27,252.767,3.9
2019-01-26,Detroit,12495.0,4.45,2.27,252.767,3.9
2019-02-02,Detroit,12373.0,4.45,2.27,252.767,3.9
2019-02-09,Detroit,12169.0,4.46,2.4,252.767,3.9
2019-02-16,Detroit,11954.0,4.41,2.4,252.767,4.0
2019-02-23,Detroit,11774.0,4.37,2.4,252.561,4.0
2019-03-02,Detroit,11665.0,4.35,2.4,252.561,4.0
2019-03-09,Detroit,11578.0,4.35,2.4,252.561,4.0
2019-03-16,Detroit,11495.0,4.41,2.4,252.561,3.8
2019-03-23,Detroit,11503.0,4.31,2.4,253.319,3.8
2019-03-30,Detroit,11534.0,4.28,2.4,253.319,3.8
2019-04-06,Detroit,11639.0,4.06,2.4,253.319,3.8
2019-04-13,Detroit,11813.0,4.08,2.41,253.319,3.8
2019-04-20,Detroit,11947.0,4.12,2.41,254.277,3.8
2019-04-27,Detroit,12175.0,4.17,2.41,254.277,3.8
2019-05-04,Detroit,12463.0,4.2,2.41,254.277,3.8
2019-05-11,Detroit,12744.0,4.14,2.42,254.277,3.7
2019-05-18,Detroit,13179.0,4.1,2.42,255.233,3.7
2019-05-25,Detroit,13584.0,4.07,2.42,255.233,3.7
2019-06-01,Detroit,13977.0,4.06,2.42,255.233,3.7
2019-06-08,Detroit,14436.0,3.99,2.39,255.233,3.7
2019-06-15,Detroit,14676.0,3.82,2.39,255.233,3.6
2019-06-22,Detroit,14980.0,3.82,2.39,255.296,3.6
2019-06-29,Detroit,15295.0,3.84,2.39,255.296,3.6
2019-07-06,Detroit,15388.0,3.73,2.39,255.296,3.6
2019-07-13,Detroit,15733.0,3.75,2.38,255.296,3.6
2019-07-20,Detroit,16010.0,3.75,2.38,255.213,3.6
2019-07-27,Detroit,16197.0,3.81,2.38,255.213,3.6
2019-08-03,Detroit,16521.0,3.75,2.38,255.213,3.6
2019-08-10,Detroit,16730.0,3.75,2.4,255.213,3.7
2019-08-17,Detroit,16902.0,3.6,2.4,255.802,3.7
2019-08-24,Detroit,17080.0,3.6,2.4,255.802,3.7
2019-08-31,Detroit,17165.0,3.55,2.4,255.802,3.7
2019-09-07,Detroit,17185.0,3.58,2.13,255.802,3.7
2019-09-14,Detroit,17209.0,3.49,2.13,255.802,3.6
2019-09-21,Detroit,17230.0,3.56,2.13,256.036,3.6
2019-09-28,Detroit,17278.0,3.73,2.13,256.036,3.6
2019-10-05,Detroit,17252.0,3.64,2.13,256.036,3.6
2019-10-12,Detroit,17169.0,3.65,2.04,256.036,3.5
2019-10-19,Detroit,17045.0,3.57,2.04,256.43,3.5
2019-10-26,Detroit,16889.0,3.69,2.04,256.43,3.5
2019-11-02,Detroit,16721.0,3.75,2.04,256.43,3.5
2019-11-09,Detroit,16488.0,3.78,1.83,256.43,3.5
2019-11-16,Detroit,16157.0,3.69,1.83,256.43,3.6
2019-11-23,Detroit,15757.0,3.75,1.83,257.155,3.6
2019-11-30,Detroit,15242.0,3.66,1.83,257.155,3.6
2019-12-07,Detroit,14761.0,3.68,1.83,257.155,3.6
2019-12-14,Detroit,14301.0,3.68,1.55,257.155,3.6
2019-12-21,Detroit,13857.0,3.73,1.55,257.879,3.6
2019-12-28,Detroit,13399.0,3.73,1.55,257.879,3.6
2020-01-04,Detroit,12981.0,3.74,1.55,257.879,3.6
2020-01-11,Detroit,12638.0,3.72,1.55,257.879,3.6
2020-01-18,Detroit,12364.0,3.64,1.55,258.63,3.6
2020-01-25,Detroit,12261.0,3.65,1.55,258.63,3.6
2020-02-01,Detroit,12097.0,3.6,1.55,258.63,3.6
2020-02-08,Detroit,11919.0,3.51,1.55,258.63,3.6
2020-02-15,Detroit,11729.0,3.45,1.55,258.63,3.6
2020-02-22,Detroit,11530.0,3.47,1.55,259.127,3.6
2020-02-29,Detroit,11404.0,3.49,1.55,259.127,3.6
2020-03-07,Detroit,11329.0,3.45,1.55,259.127,3.6
2020-03-14,Detroit,11312.0,3.29,1.58,259.127,3.5
2020-03-21,Detroit,11307.0,3.36,1.58,259.25,3.5
2020-03-28,Detroit,11152.0,3.65,1.58,259.25,3.5
2020-04-04,Detroit,10902.0,3.5,1.58,259.25,3.5
2020-04-11,Detroit,10610.0,3.33,0.65,259.25,4.4
2020-04-18,Detroit,10353.0,3.33,0.65,258.076,4.4
2020-04-25,Detroit,10275.0,3.31,0.65,258.076,4.4
2020-05-02,Detroit,10331.0,3.33,0.65,258.076,4.4
2020-05-09,Detroit,10652.0,3.23,0.05,258.076,4.4
2020-05-16,Detroit,11069.0,3.26,0.05,258.076,14.8
2020-05-23,Detroit,11418.0,3.28,0.05,256.032,14.8
2020-05-30,Detroit,11681.0,3.24,0.05,256.032,14.8
2020-06-06,Detroit,11659.0,3.15,0.05,256.032,14.8
2020-06-13,Detroit,11498.0,3.18,0.05,256.032,13.2
2020-06-20,Detroit,11387.0,3.21,0.05,255.802,13.2
2020-06-27,Detroit,11270.0,3.13,0.05,255.802,13.2
2020-07-04,Detroit,11101.0,3.13,0.05,255.802,13.2
2020-07-11,Detroit,11021.0,3.07,0.08,255.802,11.0
2020-07-18,Detroit,10953.0,3.03,0.08,257.042,11.0
2020-07-25,Detroit,10864.0,2.98,0.08,257.042,11.0
2020-08-01,Detroit,10831.0,3.01,0.08,257.042,11.0
2020-08-08,Detroit,10727.0,2.99,0.09,257.042,11.0
2020-08-15,Detroit,10602.0,2.88,0.09,257.042,10.2
2020-08-22,Detroit,10559.0,2.96,0.09,258.352,10.2
2020-08-29,Detroit,10523.0,2.99,0.09,258.352,10.2
2020-09-05,Detroit,10541.0,2.91,0.09,258.352,10.2
2020-09-12,Detroit,10548.0,2.93,0.1,258.352,8.4
2020-09-19,Detroit,10555.0,2.86,0.1,259.316,8.4
2020-09-26,Detroit,10537.0,2.87,0.1,259.316,8.4
2020-10-03,Detroit,10453.0,2.9,0.1,259.316,8.4
2020-10-10,Detroit,10346.0,2.88,0.09,259.316,8.4
2020-10-17,Detroit,10204.0,2.87,0.09,259.316,7.8
2020-10-24,Detroit,10059.0,2.81,0.09,259.997,7.8
2020-10-31,Detroit,9863.0,2.8,0.09,259.997,7.8
2020-11-07,Detroit,9627.0,2.81,0.09,259.997,7.8
2020-11-14,Detroit,9370.0,2.78,0.09,259.997,6.9
2020-11-21,Detroit,9099.0,2.84,0.09,260.319,6.9
2020-11-28,Detroit,8757.0,2.72,0.09,260.319,6.9
2020-12-05,Detroit,8499.0,2.72,0.09,260.319,6.9
2020-12-12,Detroit,8255.0,2.71,0.09,260.319,6.7
2020-12-19,Detroit,8073.0,2.71,0.09,260.911,6.7
2020-12-26,Detroit,7951.0,2.67,0.09,260.911,6.7
2021-01-02,Detroit,7815.0,2.66,0.09,260.911,6.7
2021-01-09,Detroit,7765.0,2.67,0.09,260.911,6.7
2021-01-16,Detroit,7996.0,2.65,0.09,260.911,6.7
2021-01-23,Detroit,7810.0,2.79,0.09,262.045,6.7
2021-01-30,Detroit,7586.0,2.77,0.09,262.045,6.7
2021-02-06,Detroit,7290.0,2.73,0.09,262.045,6.7
2021-02-13,Detroit,6679.0,2.73,0.09,262.045,6.4
2021-02-20,Detroit,6462.0,2.73,0.09,262.687,6.4
2021-02-27,Detroit,6274.0,2.81,0.09,262.687,6.4
2021-03-06,Detroit,6117.0,2.97,0.09,262.687,6.4
2021-03-13,Detroit,5992.0,3.02,0.08,262.687,6.2
2021-03-20,Detroit,6003.0,3.05,0.08,263.579,6.2
2021-03-27,Detroit,6045.0,3.09,0.08,263.579,6.2
2021-04-03,Detroit,6027.0,3.17,0.08,263.579,6.2
2021-04-10,Detroit,6047.0,3.18,0.07,263.579,6.1
2021-04-17,Detroit,6090.0,3.13,0.07,264.961,6.1
2021-04-24,Detroit,6147.0,3.04,0.07,264.961,6.1
2021-05-01,Detroit,6280.0,2.97,0.07,264.961,6.1
2021-05-08,Detroit,6421.0,2.98,0.07,264.961,6.1
2021-05-15,Detroit,6573.0,2.96,0.07,264.961,6.1
2021-05-22,Detroit,6780.0,2.94,0.07,266.614,6.1
2021-05-29,Detroit,6945.0,3.0,0.07,266.614,6.1
2021-06-05,Detroit,7132.0,2.95,0.07,266.614,6.1
2021-06-12,Detroit,7394.0,2.99,0.06,266.614,5.8
2021-06-19,Detroit,7629.0,2.96,0.06,268.383,5.8
2021-06-26,Detroit,7973.0,2.93,0.06,268.383,5.8
2021-07-03,Detroit,8255.0,3.02,0.06,268.383,5.8
2021-07-10,Detroit,8464.0,2.98,0.08,268.383,5.8
2021-07-17,Detroit,8779.0,2.9,0.08,268.383,5.9
2021-07-24,Detroit,9045.0,2.88,0.08,270.654,5.9
2021-07-31,Detroit,9390.0,2.78,0.08,270.654,5.9
2021-08-07,Detroit,9754.0,2.8,0.1,270.654,5.9
2021-08-14,Detroit,9991.0,2.77,0.1,270.654,5.4
2021-08-21,Detroit,10220.0,2.87,0.1,271.903,5.4
2021-08-28,Detroit,10419.0,2.86,0.1,271.903,5.4
2021-09-04,Detroit,10524.0,2.87,0.1,271.903,5.4
2021-09-11,Detroit,10577.0,2.87,0.09,271.903,5.1
2021-09-18,Detroit,10622.0,2.88,0.09,272.676,5.1
2021-09-25,Detroit,10589.0,2.86,0.09,272.676,5.1
2021-10-02,Detroit,10569.0,2.88,0.09,272.676,5.1
2021-10-09,Detroit,10517.0,3.01,0.08,272.676,5.1
2021-10-16,Detroit,10401.0,2.99,0.08,272.676,4.7
2021-10-23,Detroit,10295.0,3.05,0.08,273.91,4.7
2021-10-30,Detroit,10140.0,3.09,0.08,273.91,4.7
2021-11-06,Detroit,10061.0,3.14,0.08,273.91,4.7
2021-11-13,Detroit,9893.0,3.09,0.08,273.91,4.5
2021-11-20,Detroit,9604.0,2.98,0.08,276.55,4.5
2021-11-27,Detroit,9192.0,3.1,0.08,276.55,4.5
2021-12-04,Detroit,8747.0,3.1,0.08,276.55,4.5
2021-12-11,Detroit,8324.0,3.11,0.08,276.55,4.1
2021-12-18,Detroit,7966.0,3.1,0.08,278.919,4.1
2021-12-25,Detroit,7611.0,3.12,0.08,278.919,4.1
2022-01-01,Detroit,7193.0,3.05,0.08,278.919,4.1
2022-01-08,Detroit,6856.0,3.11,0.08,278.919,4.1
2022-01-15,Detroit,6586.0,3.22,0.08,278.919,3.9
2022-01-22,Detroit,6455.0,3.45,0.08,280.845,3.9
2022-01-29,Detroit,6363.0,3.56,0.08,280.845,3.9
2022-02-05,Detroit,6214.0,3.55,0.08,280.845,3.9
2022-02-12,Detroit,6049.0,3.55,0.08,280.845,4.0
2022-02-19,Detroit,5897.0,3.69,0.08,282.543,4.0
2022-02-26,Detroit,5776.0,3.92,0.08,282.543,4.0
2022-03-05,Detroit,5801.0,3.89,0.08,282.543,4.0
2022-03-12,Detroit,5872.0,3.76,0.08,282.543,4.0
2022-03-19,Detroit,5990.0,3.85,0.08,282.543,3.9
2022-03-26,Detroit,6131.0,4.16,0.08,284.5,3.9
2022-04-02,Detroit,6188.0,4.42,0.08,284.5,3.9
2022-04-09,Detroit,6274.0,4.67,0.2,284.5,3.9
2022-04-16,Detroit,6325.0,4.72,0.2,284.5,3.7
2022-04-23,Detroit,6453.0,5.0,0.2,287.674,3.7
2022-04-30,Detroit,6671.0,5.11,0.2,287.674,3.7
2022-05-07,Detroit,6874.0,5.1,0.2,287.674,3.7
2022-05-14,Detroit,7184.0,5.27,0.33,287.674,3.7
2022-05-21,Detroit,7539.0,5.3,0.33,288.561,3.7
2022-05-28,Detroit,7820.0,5.25,0.33,288.561,3.7
2022-06-04,Detroit,8124.0,5.1,0.33,288.561,3.7
2022-06-11,Detroit,8483.0,5.09,0.77,288.561,3.6
2022-06-18,Detroit,8844.0,5.23,0.77,291.298,3.6
2022-06-25,Detroit,9316.0,5.78,0.77,291.298,3.6
2022-07-02,Detroit,9750.0,5.81,0.77,291.298,3.6
2022-07-09,Detroit,10058.0,5.7,1.21,291.298,3.6
2022-07-16,Detroit,10374.0,5.3,1.21,291.298,3.6
2022-07-23,Detroit,10639.0,5.51,1.21,294.957,3.6
2022-07-30,Detroit,10935.0,5.54,1.21,294.957,3.6
2022-08-06,Detroit,11238.0,5.3,1.21,294.957,3.6
2022-08-13,Detroit,11415.0,4.99,1.68,294.957,3.5
2022-08-20,Detroit,11505.0,5.22,1.68,294.913,3.5
2022-08-27,Detroit,11528.0,5.13,1.68,294.913,3.5
2022-09-03,Detroit,11481.0,5.55,1.68,294.913,3.5
2022-09-10,Detroit,11368.0,5.66,2.33,294.913,3.6
2022-09-17,Detroit,11295.0,5.89,2.33,295.097,3.6
2022-09-24,Detroit,11255.0,6.02,2.33,295.097,3.6
2022-10-01,Detroit,11238.0,6.29,2.33,295.097,3.6
2022-10-08,Detroit,11254.0,6.7,2.56,295.097,3.6
2022-10-15,Detroit,11254.0,6.66,2.56,295.097,3.5
2022-10-22,Detroit,11217.0,6.92,2.56,296.349,3.5
2022-10-29,Detroit,11171.0,6.94,2.56,296.349,3.5
2022-11-05,Detroit,11118.0,7.08,2.56,296.349,3.5
2022-11-12,Detroit,11014.0,6.95,3.08,296.349,3.6
2022-11-19,Detroit,10878.0,7.08,3.08,298.007,3.6
2022-11-26,Detroit,10649.0,6.61,3.08,298.007,3.6
2022-12-03,Detroit,10449.0,6.58,3.08,298.007,3.6
2022-12-10,Detroit,10212.0,6.49,3.78,298.007,3.6
2022-12-17,Detroit,9952.0,6.33,3.78,298.007,3.6
2022-12-24,Detroit,9692.0,6.31,3.78,298.786,3.6
2022-12-31,Detroit,9329.0,6.27,3.78,298.786,3.6
2023-01-07,Detroit,8994.0,6.42,4.1,298.786,3.6
2023-01-14,Detroit,8715.0,6.48,4.1,298.786,3.5
2023-01-21,Detroit,8513.0,6.33,4.1,298.832,3.5
2023-01-28,Detroit,8328.0,6.15,4.1,298.832,3.5
2023-02-04,Detroit,8094.0,6.13,4.1,298.832,3.5
2023-02-11,Detroit,7861.0,6.09,4.33,298.832,3.5
2023-02-18,Detroit,7629.0,6.12,4.33,300.42,3.5
2023-02-25,Detroit,7394.0,6.32,4.33,300.42,3.5
2023-03-04,Detroit,7244.0,6.5,4.33,300.42,3.5
2023-03-11,Detroit,7083.0,6.65,4.57,300.42,3.5
2023-03-18,Detroit,6951.0,6.73,4.57,300.42,3.6
2023-03-25,Detroit,6890.0,6.6,4.57,301.45,3.6
2023-04-01,Detroit,6844.0,6.42,4.57,301.45,3.6
2023-04-08,Detroit,6778.0,6.32,4.65,301.45,3.6
2023-04-15,Detroit,6792.0,6.28,4.65,301.45,3.5
2023-04-22,Detroit,6853.0,6.27,4.65,301.821,3.5
2023-04-29,Detroit,6910.0,6.39,4.65,301.821,3.5
2023-05-06,Detroit,7040.0,6.43,4.65,301.821,3.5
2023-05-13,Detroit,7097.0,6.39,4.83,301.821,3.4
2023-05-20,Detroit,7151.0,6.35,4.83,302.845,3.4
2023-05-27,Detroit,7193.0,6.39,4.83,302.845,3.4
2023-06-03,Detroit,7237.0,6.57,4.83,302.845,3.4
2023-06-10,Detroit,7344.0,6.79,5.06,302.845,3.6
2023-06-17,Detroit,7413.0,6.71,5.06,303.334,3.6
2023-06-24,Detroit,7484.0,6.69,5.06,303.334,3.6
2023-07-01,Detroit,7558.0,6.67,5.06,303.334,3.6
2023-07-08,Detroit,7516.0,6.71,5.08,303.334,3.6
2023-07-15,Detroit,7597.0,6.81,5.08,303.334,3.6
2023-07-22,Detroit,7742.0,6.96,5.08,304.014,3.6
2023-07-29,Detroit,7875.0,6.78,5.08,304.014,3.6
2023-08-05,Detroit,8149.0,6.81,5.08,304.014,3.6
2023-08-12,Detroit,8274.0,6.9,5.12,304.014,3.5
2023-08-19,Detroit,8347.0,6.96,5.12,304.609,3.5
2023-08-26,Detroit,8425.0,7.09,5.12,304.609,3.5
2023-09-02,Detroit,8376.0,7.23,5.12,304.609,3.5
2023-09-09,Detroit,8340.0,7.18,5.33,304.609,3.5
2023-09-16,Detroit,8368.0,7.12,5.33,304.609,3.7
2023-09-23,Detroit,8375.0,7.18,5.33,306.082,3.7
2023-09-30,Detroit,8423.0,7.19,5.33,306.082,3.7
2023-10-07,Detroit,8500.0,7.31,5.33,306.082,3.7
2023-10-14,Detroit,8538.0,7.49,5.33,306.082,3.7
2023-10-21,Detroit,8588.0,7.57,5.33,307.276,3.7
2023-10-28,Detroit,8635.0,7.63,5.33,307.276,3.7
2023-11-04,Detroit,8702.0,7.79,5.33,307.276,3.7
2023-11-11,Detroit,8741.0,7.76,5.33,307.276,3.9
2023-11-18,Detroit,8757.0,7.5,5.33,307.696,3.9
2023-11-25,Detroit,8648.0,7.44,5.33,307.696,3.9
2023-12-02,Detroit,8519.0,7.29,5.33,307.696,3.9
2023-12-09,Detroit,8338.0,7.22,5.33,307.696,3.9
2023-12-16,Detroit,8127.0,7.03,5.33,307.696,3.7
2023-12-23,Detroit,7936.0,6.95,5.33,308.148,3.7
2023-12-30,Detroit,7619.0,6.67,5.33,308.148,3.7
2024-01-06,Detroit,7398.0,6.61,5.33,308.148,3.7
2024-01-13,Detroit,7192.0,6.62,5.33,308.148,3.8
2024-01-20,Detroit,7053.0,6.66,5.33,308.741,3.8
2024-01-27,Detroit,7014.0,6.6,5.33,308.741,3.8
2024-02-03,Detroit,6915.0,6.69,5.33,308.741,3.8
2024-02-10,Detroit,6836.0,6.63,5.33,308.741,3.7
2024-02-17,Detroit,6784.0,6.64,5.33,309.698,3.7
2024-02-24,Detroit,6726.0,6.77,5.33,309.698,3.7
2024-03-02,Detroit,6700.0,6.9,5.33,309.698,3.7
2024-03-09,Detroit,6704.0,6.94,5.33,309.698,3.7
2024-03-16,Detroit,6721.0,6.88,5.33,309.698,3.9
2024-03-23,Detroit,6746.0,6.74,5.33,310.967,3.9
2024-03-30,Detroit,6697.0,6.87,5.33,310.967,3.9
2024-04-06,Detroit,6677.0,6.79,5.33,310.967,3.9
2024-04-13,Detroit,6706.0,6.82,5.33,310.967,3.9
2024-04-20,Detroit,6757.0,6.88,5.33,312.345,3.9
2024-04-27,Detroit,6912.0,7.1,5.33,312.345,3.9
2024-05-04,Detroit,7085.0,7.17,5.33,312.345,3.9
2024-05-11,Detroit,7226.0,7.22,5.33,312.345,3.9
2024-05-18,Detroit,7424.0,7.09,5.33,313.023,3.9
2024-05-25,Detroit,7590.0,7.02,5.33,313.023,3.9
2024-06-01,Detroit,7730.0,6.94,5.33,313.023,3.9
2024-06-08,Detroit,7983.0,7.03,5.33,313.023,3.9
2024-06-15,Detroit,8267.0,6.99,5.33,313.023,3.9
2024-06-22,Detroit,8384.0,6.95,5.33,313.175,3.9
2024-06-29,Detroit,8470.0,6.87,5.33,313.175,3.9
2024-07-06,Detroit,8305.0,6.86,5.33,313.175,3.9
2024-07-13,Detroit,8167.0,6.95,5.33,313.175,4.1
2024-07-20,Detroit,8289.0,6.89,5.33,313.044,4.1
2024-07-27,Detroit,8442.0,6.77,5.33,313.044,4.1
2024-08-03,Detroit,8768.0,6.78,5.33,313.044,4.1
2024-08-10,Detroit,8994.0,6.73,5.33,313.044,4.2
2024-08-17,Detroit,9156.0,6.47,5.33,313.569,4.2
2024-08-24,Detroit,9305.0,6.49,5.33,313.569,4.2
2024-08-31,Detroit,9358.0,6.46,5.33,313.569,4.2
2024-09-07,Detroit,9395.0,6.35,5.33,313.569,4.2
2024-09-14,Detroit,9454.0,6.35,5.33,313.569,4.2
2024-09-21,Detroit,9509.0,6.2,5.33,314.062,4.2
2024-09-28,Detroit,9609.0,6.09,5.33,314.062,4.2
2024-10-05,Detroit,9695.0,6.08,5.33,314.062,4.2
2024-10-12,Detroit,9722.0,6.12,5.13,314.062,4.1
2024-10-19,Detroit,9711.0,6.32,5.13,314.732,4.1
2024-10-26,Detroit,9699.0,6.44,5.13,314.732,4.1
2024-11-02,Detroit,9643.0,6.54,5.13,314.732,4.1
2024-11-09,Detroit,9568.0,6.72,4.83,314.732,4.1
2024-11-16,Detroit,9498.0,6.79,4.83,314.732,4.1
2024-11-23,Detroit,9409.0,6.78,4.83,315.631,4.1
2024-11-30,Detroit,9206.0,6.84,4.83,315.631,4.1
2024-12-07,Detroit,9039.0,6.81,4.83,315.631,4.1
2024-12-14,Detroit,8845.0,6.69,4.64,315.631,4.2
2024-12-21,Detroit,8581.0,6.6,4.64,316.528,4.2
2024-12-28,Detroit,8337.0,6.72,4.64,316.528,4.2
2025-01-04,Detroit,8054.0,6.85,4.64,316.528,4.2
2025-01-11,Detroit,7832.0,6.91,4.48,316.528,4.1
2025-01-18,Detroit,7724.0,6.93,4.48,317.604,4.1
2025-01-25,Detroit,7694.0,7.04,4.48,317.604,4.1
2025-02-01,Detroit,7618.0,6.96,4.48,317.604,4.1
2025-02-08,Detroit,7470.0,6.95,4.33,317.604,4.1
2025-02-15,Detroit,7296.0,6.89,4.33,317.604,4.0
2025-02-22,Detroit,7143.0,6.87,4.33,318.961,4.0
2025-03-01,Detroit,7052.0,6.85,4.33,318.961,4.0
2025-03-08,Detroit,7031.0,6.76,4.33,318.961,4.0
2025-03-15,Detroit,7077.0,6.63,4.33,318.961,4.2
2025-03-22,Detroit,7188.0,6.65,4.33,319.679,4.2
2025-03-29,Detroit,7310.0,6.67,4.33,319.679,4.2
2025-04-05,Detroit,7476.0,6.65,4.33,319.679,4.2
2025-04-12,Detroit,7638.0,6.64,4.33,319.679,4.2
2025-04-19,Detroit,7742.0,6.62,4.33,319.785,4.2
2025-04-26,Detroit,7905.0,6.83,4.33,319.785,4.2
2025-05-03,Detroit,8091.0,6.81,4.33,319.785,4.2
2025-05-10,Detroit,8246.0,6.76,4.33,319.785,4.2
2025-05-17,Detroit,8505.0,6.76,4.33,319.785,4.2
2025-05-24,Detroit,8696.0,6.81,4.33,320.302,4.2
2025-05-31,Detroit,8823.0,6.86,4.33,320.302,4.2
2025-06-07,Detroit,9031.0,6.89,4.33,320.302,4.2
2025-06-14,Detroit,9210.0,6.85,4.33,320.302,4.3
2025-06-21,Detroit,9432.0,6.84,4.33,320.62,4.3
2025-06-28,Detroit,9660.0,6.81,4.33,320.62,4.3
2025-07-05,Detroit,9684.0,6.77,4.33,320.62,4.3
2025-07-12,Detroit,9785.0,6.67,4.33,320.62,4.1
2025-07-19,Detroit,9940.0,6.72,4.33,321.435,4.1
2025-07-26,Detroit,10089.0,6.75,4.33,321.435,4.1
2025-08-02,Detroit,10360.0,6.74,4.33,321.435,4.1
2025-08-09,Detroit,10534.0,6.72,4.33,321.435,4.1
2025-08-16,Detroit,10674.0,6.63,4.33,321.435,4.3
2025-08-23,Detroit,10825.0,6.58,4.33,322.169,4.3
2025-08-30,Detroit,10910.0,6.58,4.33,322.169,4.3
2025-09-06,Detroit,10976.0,6.56,4.33,322.169,4.3
2025-09-13,Detroit,11061.0,6.5,4.33,322.169,4.3
2025-09-20,Detroit,11136.0,6.35,4.33,323.291,4.3
2025-09-27,Detroit,11271.0,6.26,4.33,323.291,4.3
2025-10-04,Detroit,11389.0,6.3,4.33,323.291,4.3
2025-10-11,Detroit,11423.0,6.34,4.22,323.291,4.4
2025-10-18,Detroit,11451.0,6.3,4.22,324.245,4.4
2025-10-25,Detroit,11449.0,6.27,4.22,324.245,4.4
2025-11-01,Detroit,11429.0,6.19,4.22,324.245,4.4
2025-11-08,Detroit,11387.0,6.17,4.09,324.245,4.4
2025-11-15,Detroit,11299.0,6.22,4.09,324.245,4.4
2025-11-22,Detroit,11188.0,6.24,4.09,324.245,4.4
2025-11-29,Detroit,10976.0,6.26,4.09,324.245,4.4
2025-12-06,Detroit,10780.0,6.23,4.09,324.245,4.4
2025-12-13,Detroit,10533.0,6.19,3.88,324.245,4.5
2025-12-20,Detroit,10221.0,6.22,3.88,325.063,4.5
2025-12-27,Detroit,9877.0,6.21,3.88,325.063,4.5
2026-01-03,Detroit,9510.0,6.18,3.88,325.063,4.5
2026-01-10,Detroit,9221.0,6.15,3.72,325.063,4.4
2026-01-17,Detroit,9055.0,6.16,3.72,326.031,4.4
2026-01-24,Detroit,8990.0,6.06,3.72,326.031,4.4
2026-01-31,Detroit,8903.0,6.09,3.72,326.031,4.4
2026-02-07,Detroit,8781.0,6.1,3.64,326.031,4.4
2026-02-14,Detroit,8601.0,6.11,3.64,326.031,4.3
2026-02-21,Detroit,8470.0,6.09,3.64,326.588,4.3
2026-02-28,Detroit,8403.0,6.01,3.64,326.588,4.3
2026-03-07,Detroit,8431.0,5.98,3.64,326.588,4.3
2026-03-14,Detroit,8507.0,6.0,3.64,326.588,4.4
2026-03-21,Detroit,8607.0,6.11,3.64,327.46,4.4
2026-03-28,Detroit,8736.0,6.22,3.64,327.46,4.4
2026-04-04,Detroit,8779.0,6.38,3.64,327.46,4.4
2026-04-11,Detroit,8922.0,6.46,3.64,327.46,4.3
2026-04-18,Detroit,9123.0,6.37,3.64,330.293,4.3
2026-04-25,Detroit,9313.0,6.3,3.64,330.293,4.3
2026-05-02,Detroit,9553.0,6.23,3.64,330.293,4.3
2026-05-09,Detroit,9695.0,6.3,3.64,330.293,4.3
2026-05-16,Detroit,9847.0,6.37,3.64,330.293,4.3
2026-05-23,Detroit,9973.0,6.36,3.64,332.407,4.3
2026-05-30,Detroit,10092.0,6.51,3.64,332.407,4.3
2026-06-06,Detroit,10279.0,6.53,3.64,332.407,4.3
2026-06-13,Detroit,10439.0,6.48,3.63,332.407,4.3
2026-06-20,Detroit,10663.0,6.52,3.63,333.979,4.3
2018-02-03,Houston,19163.0,4.15,1.3,247.805,4.1
2018-02-10,Houston,19128.0,4.22,1.41,247.805,4.0
2018-02-17,Houston,19150.0,4.32,1.41,248.859,4.0
2018-02-24,Houston,19203.0,4.38,1.41,248.859,4.0
2018-03-03,Houston,19344.0,4.4,1.41,248.859,4.0
2018-03-10,Houston,19622.0,4.43,1.42,248.859,4.0
2018-03-17,Houston,20130.0,4.46,1.42,248.859,4.1
2018-03-24,Houston,20564.0,4.44,1.42,249.529,4.1
2018-03-31,Houston,20943.0,4.45,1.42,249.529,4.1
2018-04-07,Houston,21292.0,4.44,1.51,249.529,4.1
2018-04-14,Houston,21475.0,4.4,1.51,249.529,4.0
2018-04-21,Houston,21835.0,4.42,1.51,249.577,4.0
2018-04-28,Houston,22230.0,4.47,1.51,249.577,4.0
2018-05-05,Houston,22639.0,4.58,1.51,249.577,4.0
2018-05-12,Houston,23034.0,4.55,1.69,249.577,4.0
2018-05-19,Houston,23391.0,4.55,1.69,250.227,4.0
2018-05-26,Houston,23769.0,4.61,1.69,250.227,4.0
2018-06-02,Houston,24024.0,4.66,1.69,250.227,4.0
2018-06-09,Houston,24336.0,4.56,1.7,250.227,4.0
2018-06-16,Houston,24600.0,4.54,1.7,250.227,3.8
2018-06-23,Houston,24765.0,4.62,1.7,250.792,3.8
2018-06-30,Houston,25068.0,4.57,1.7,250.792,3.8
2018-07-07,Houston,25301.0,4.55,1.7,250.792,3.8
2018-07-14,Houston,25565.0,4.52,1.82,250.792,4.0
2018-07-21,Houston,25887.0,4.53,1.82,251.018,4.0
2018-07-28,Houston,26117.0,4.52,1.82,251.018,4.0
2018-08-04,Houston,26314.0,4.54,1.82,251.018,4.0
2018-08-11,Houston,26368.0,4.6,1.91,251.018,3.8
2018-08-18,Houston,26327.0,4.59,1.91,251.214,3.8
2018-08-25,Houston,26255.0,4.53,1.91,251.214,3.8
2018-09-01,Houston,26121.0,4.51,1.91,251.214,3.8
2018-09-08,Houston,25957.0,4.52,1.91,251.214,3.8
2018-09-15,Houston,25782.0,4.54,1.91,251.214,3.8
2018-09-22,Houston,25590.0,4.6,1.91,251.663,3.8
2018-09-29,Houston,25392.0,4.65,1.91,251.663,3.8
2018-10-06,Houston,25252.0,4.72,1.91,251.663,3.8
2018-10-13,Houston,25111.0,4.71,1.95,251.663,3.7
2018-10-20,Houston,24975.0,4.9,1.95,252.182,3.7
2018-10-27,Houston,24841.0,4.85,1.95,252.182,3.7
2018-11-03,Houston,24728.0,4.86,1.95,252.182,3.7
2018-11-10,Houston,24577.0,4.83,2.19,252.182,3.8
2018-11-17,Houston,24378.0,4.94,2.19,252.772,3.8
2018-11-24,Houston,24021.0,4.94,2.19,252.772,3.8
2018-12-01,Houston,23751.0,4.81,2.19,252.772,3.8
2018-12-08,Houston,23410.0,4.81,2.2,252.772,3.8
2018-12-15,Houston,23056.0,4.75,2.2,252.772,3.8
2018-12-22,Houston,22794.0,4.63,2.2,252.594,3.8
2018-12-29,Houston,22267.0,4.62,2.2,252.594,3.8
2019-01-05,Houston,21831.0,4.55,2.2,252.594,3.8
2019-01-12,Houston,21583.0,4.51,2.27,252.594,3.9
2019-01-19,Houston,21536.0,4.45,2.27,252.767,3.9
2019-01-26,Houston,21687.0,4.45,2.27,252.767,3.9
2019-02-02,Houston,21876.0,4.45,2.27,252.767,3.9
2019-02-09,Houston,21973.0,4.46,2.4,252.767,3.9
2019-02-16,Houston,22495.0,4.41,2.4,252.767,4.0
2019-02-23,Houston,22855.0,4.37,2.4,252.561,4.0
2019-03-02,Houston,23212.0,4.35,2.4,252.561,4.0
2019-03-09,Houston,23622.0,4.35,2.4,252.561,4.0
2019-03-16,Houston,23535.0,4.41,2.4,252.561,3.8
2019-03-23,Houston,23662.0,4.31,2.4,253.319,3.8
2019-03-30,Houston,23875.0,4.28,2.4,253.319,3.8
2019-04-06,Houston,24159.0,4.06,2.4,253.319,3.8
2019-04-13,Houston,24433.0,4.08,2.41,253.319,3.8
2019-04-20,Houston,24653.0,4.12,2.41,254.277,3.8
2019-04-27,Houston,24904.0,4.17,2.41,254.277,3.8
2019-05-04,Houston,25130.0,4.2,2.41,254.277,3.8
2019-05-11,Houston,25368.0,4.14,2.42,254.277,3.7
2019-05-18,Houston,25647.0,4.1,2.42,255.233,3.7
2019-05-25,Houston,25872.0,4.07,2.42,255.233,3.7
2019-06-01,Houston,26054.0,4.06,2.42,255.233,3.7
2019-06-08,Houston,26311.0,3.99,2.39,255.233,3.7
2019-06-15,Houston,26563.0,3.82,2.39,255.233,3.6
2019-06-22,Houston,26873.0,3.82,2.39,255.296,3.6
2019-06-29,Houston,27138.0,3.84,2.39,255.296,3.6
2019-07-06,Houston,27246.0,3.73,2.39,255.296,3.6
2019-07-13,Houston,27452.0,3.75,2.38,255.296,3.6
2019-07-20,Houston,27546.0,3.75,2.38,255.213,3.6
2019-07-27,Houston,27603.0,3.81,2.38,255.213,3.6
2019-08-03,Houston,27658.0,3.75,2.38,255.213,3.6
2019-08-10,Houston,27553.0,3.75,2.4,255.213,3.7
2019-08-17,Houston,27417.0,3.6,2.4,255.802,3.7
2019-08-24,Houston,27228.0,3.6,2.4,255.802,3.7
2019-08-31,Houston,27072.0,3.55,2.4,255.802,3.7
2019-09-07,Houston,26842.0,3.58,2.13,255.802,3.7
2019-09-14,Houston,26623.0,3.49,2.13,255.802,3.6
2019-09-21,Houston,26363.0,3.56,2.13,256.036,3.6
2019-09-28,Houston,26109.0,3.73,2.13,256.036,3.6
2019-10-05,Houston,25900.0,3.64,2.13,256.036,3.6
2019-10-12,Houston,25641.0,3.65,2.04,256.036,3.5
2019-10-19,Houston,25539.0,3.57,2.04,256.43,3.5
2019-10-26,Houston,25345.0,3.69,2.04,256.43,3.5
2019-11-02,Houston,25197.0,3.75,2.04,256.43,3.5
2019-11-09,Houston,24997.0,3.78,1.83,256.43,3.5
2019-11-16,Houston,24695.0,3.69,1.83,256.43,3.6
2019-11-23,Houston,24436.0,3.75,1.83,257.155,3.6
2019-11-30,Houston,23952.0,3.66,1.83,257.155,3.6
2019-12-07,Houston,23571.0,3.68,1.83,257.155,3.6
2019-12-14,Houston,23151.0,3.68,1.55,257.155,3.6
2019-12-21,Houston,22713.0,3.73,1.55,257.879,3.6
2019-12-28,Houston,22270.0,3.73,1.55,257.879,3.6
2020-01-04,Houston,21842.0,3.74,1.55,257.879,3.6
2020-01-11,Houston,21533.0,3.72,1.55,257.879,3.6
2020-01-18,Houston,21335.0,3.64,1.55,258.63,3.6
2020-01-25,Houston,21353.0,3.65,1.55,258.63,3.6
2020-02-01,Houston,21420.0,3.6,1.55,258.63,3.6
2020-02-08,Houston,21492.0,3.51,1.55,258.63,3.6
2020-02-15,Houston,21563.0,3.45,1.55,258.63,3.6
2020-02-22,Houston,21649.0,3.47,1.55,259.127,3.6
2020-02-29,Houston,21766.0,3.49,1.55,259.127,3.6
2020-03-07,Houston,21941.0,3.45,1.55,259.127,3.6
2020-03-14,Houston,22171.0,3.29,1.58,259.127,3.5
2020-03-21,Houston,22447.0,3.36,1.58,259.25,3.5
2020-03-28,Houston,22632.0,3.65,1.58,259.25,3.5
2020-04-04,Houston,22776.0,3.5,1.58,259.25,3.5
2020-04-11,Houston,22823.0,3.33,0.65,259.25,4.4
2020-04-18,Houston,22870.0,3.33,0.65,258.076,4.4
2020-04-25,Houston,22935.0,3.31,0.65,258.076,4.4
2020-05-02,Houston,22995.0,3.33,0.65,258.076,4.4
2020-05-09,Houston,23090.0,3.23,0.05,258.076,4.4
2020-05-16,Houston,23107.0,3.26,0.05,258.076,14.8
2020-05-23,Houston,23085.0,3.28,0.05,256.032,14.8
2020-05-30,Houston,22899.0,3.24,0.05,256.032,14.8
2020-06-06,Houston,22678.0,3.15,0.05,256.032,14.8
2020-06-13,Houston,22418.0,3.18,0.05,256.032,13.2
2020-06-20,Houston,22114.0,3.21,0.05,255.802,13.2
2020-06-27,Houston,21796.0,3.13,0.05,255.802,13.2
2020-07-04,Houston,21439.0,3.13,0.05,255.802,13.2
2020-07-11,Houston,21142.0,3.07,0.08,255.802,11.0
2020-07-18,Houston,20903.0,3.03,0.08,257.042,11.0
2020-07-25,Houston,20704.0,2.98,0.08,257.042,11.0
2020-08-01,Houston,20482.0,3.01,0.08,257.042,11.0
2020-08-08,Houston,20241.0,2.99,0.09,257.042,11.0
2020-08-15,Houston,20001.0,2.88,0.09,257.042,10.2
2020-08-22,Houston,19803.0,2.96,0.09,258.352,10.2
2020-08-29,Houston,19549.0,2.99,0.09,258.352,10.2
2020-09-05,Houston,19350.0,2.91,0.09,258.352,10.2
2020-09-12,Houston,19043.0,2.93,0.1,258.352,8.4
2020-09-19,Houston,18817.0,2.86,0.1,259.316,8.4
2020-09-26,Houston,18563.0,2.87,0.1,259.316,8.4
2020-10-03,Houston,18323.0,2.9,0.1,259.316,8.4
2020-10-10,Houston,18152.0,2.88,0.09,259.316,8.4
2020-10-17,Houston,17925.0,2.87,0.09,259.316,7.8
2020-10-24,Houston,17809.0,2.81,0.09,259.997,7.8
2020-10-31,Houston,17583.0,2.8,0.09,259.997,7.8
2020-11-07,Houston,17341.0,2.81,0.09,259.997,7.8
2020-11-14,Houston,17107.0,2.78,0.09,259.997,6.9
2020-11-21,Houston,16879.0,2.84,0.09,260.319,6.9
2020-11-28,Houston,16507.0,2.72,0.09,260.319,6.9
2020-12-05,Houston,16206.0,2.72,0.09,260.319,6.9
2020-12-12,Houston,15859.0,2.71,0.09,260.319,6.7
2020-12-19,Houston,15418.0,2.71,0.09,260.911,6.7
2020-12-26,Houston,14964.0,2.67,0.09,260.911,6.7
2021-01-02,Houston,14446.0,2.66,0.09,260.911,6.7
2021-01-09,Houston,14041.0,2.67,0.09,260.911,6.7
2021-01-16,Houston,13882.0,2.65,0.09,260.911,6.7
2021-01-23,Houston,13867.0,2.79,0.09,262.045,6.7
2021-01-30,Houston,13879.0,2.77,0.09,262.045,6.7
2021-02-06,Houston,13837.0,2.73,0.09,262.045,6.7
2021-02-13,Houston,13587.0,2.73,0.09,262.045,6.4
2021-02-20,Houston,13014.0,2.73,0.09,262.687,6.4
2021-02-27,Houston,12585.0,2.81,0.09,262.687,6.4
2021-03-06,Houston,12242.0,2.97,0.09,262.687,6.4
2021-03-13,Houston,12043.0,3.02,0.08,262.687,6.2
2021-03-20,Houston,12168.0,3.05,0.08,263.579,6.2
2021-03-27,Houston,12188.0,3.09,0.08,263.579,6.2
2021-04-03,Houston,12092.0,3.17,0.08,263.579,6.2
2021-04-10,Houston,12014.0,3.18,0.07,263.579,6.1
2021-04-17,Houston,12075.0,3.13,0.07,264.961,6.1
2021-04-24,Houston,12120.0,3.04,0.07,264.961,6.1
2021-05-01,Houston,12211.0,2.97,0.07,264.961,6.1
2021-05-08,Houston,12269.0,2.98,0.07,264.961,6.1
2021-05-15,Houston,12340.0,2.96,0.07,264.961,6.1
2021-05-22,Houston,12442.0,2.94,0.07,266.614,6.1
2021-05-29,Houston,12539.0,3.0,0.07,266.614,6.1
2021-06-05,Houston,12711.0,2.95,0.07,266.614,6.1
2021-06-12,Houston,12983.0,2.99,0.06,266.614,5.8
2021-06-19,Houston,13320.0,2.96,0.06,268.383,5.8
2021-06-26,Houston,13766.0,2.93,0.06,268.383,5.8
2021-07-03,Houston,14165.0,3.02,0.06,268.383,5.8
2021-07-10,Houston,14412.0,2.98,0.08,268.383,5.8
2021-07-17,Houston,14727.0,2.9,0.08,268.383,5.9
2021-07-24,Houston,15010.0,2.88,0.08,270.654,5.9
2021-07-31,Houston,15302.0,2.78,0.08,270.654,5.9
2021-08-07,Houston,15628.0,2.8,0.1,270.654,5.9
2021-08-14,Houston,15835.0,2.77,0.1,270.654,5.4
2021-08-21,Houston,15948.0,2.87,0.1,271.903,5.4
2021-08-28,Houston,16005.0,2.86,0.1,271.903,5.4
2021-09-04,Houston,15972.0,2.87,0.1,271.903,5.4
2021-09-11,Houston,15849.0,2.87,0.09,271.903,5.1
2021-09-18,Houston,15683.0,2.88,0.09,272.676,5.1
2021-09-25,Houston,15459.0,2.86,0.09,272.676,5.1
2021-10-02,Houston,15250.0,2.88,0.09,272.676,5.1
2021-10-09,Houston,15044.0,3.01,0.08,272.676,5.1
2021-10-16,Houston,14867.0,2.99,0.08,272.676,4.7
2021-10-23,Houston,14752.0,3.05,0.08,273.91,4.7
2021-10-30,Houston,14588.0,3.09,0.08,273.91,4.7
2021-11-06,Houston,14419.0,3.14,0.08,273.91,4.7
2021-11-13,Houston,14229.0,3.09,0.08,273.91,4.5
2021-11-20,Houston,13999.0,2.98,0.08,276.55,4.5
2021-11-27,Houston,13571.0,3.1,0.08,276.55,4.5
2021-12-04,Houston,13283.0,3.1,0.08,276.55,4.5
2021-12-11,Houston,12915.0,3.11,0.08,276.55,4.1
2021-12-18,Houston,12474.0,3.1,0.08,278.919,4.1
2021-12-25,Houston,12084.0,3.12,0.08,278.919,4.1
2022-01-01,Houston,11534.0,3.05,0.08,278.919,4.1
2022-01-08,Houston,11198.0,3.11,0.08,278.919,4.1
2022-01-15,Houston,11039.0,3.22,0.08,278.919,3.9
2022-01-22,Houston,11068.0,3.45,0.08,280.845,3.9
2022-01-29,Houston,11133.0,3.56,0.08,280.845,3.9
2022-02-05,Houston,11068.0,3.55,0.08,280.845,3.9
2022-02-12,Houston,10883.0,3.55,0.08,280.845,4.0
2022-02-19,Houston,10754.0,3.69,0.08,282.543,4.0
2022-02-26,Houston,10598.0,3.92,0.08,282.543,4.0
2022-03-05,Houston,10534.0,3.89,0.08,282.543,4.0
2022-03-12,Houston,10530.0,3.76,0.08,282.543,4.0
2022-03-19,Houston,10484.0,3.85,0.08,282.543,3.9
2022-03-26,Houston,10512.0,4.16,0.08,284.5,3.9
2022-04-02,Houston,10594.0,4.42,0.08,284.5,3.9
2022-04-09,Houston,10717.0,4.67,0.2,284.5,3.9
2022-04-16,Houston,10792.0,4.72,0.2,284.5,3.7
2022-04-23,Houston,10918.0,5.0,0.2,287.674,3.7
2022-04-30,Houston,11073.0,5.11,0.2,287.674,3.7
2022-05-07,Houston,11221.0,5.1,0.2,287.674,3.7
2022-05-14,Houston,11541.0,5.27,0.33,287.674,3.7
2022-05-21,Houston,11906.0,5.3,0.33,288.561,3.7
2022-05-28,Houston,12178.0,5.25,0.33,288.561,3.7
2022-06-04,Houston,12505.0,5.1,0.33,288.561,3.7
2022-06-11,Houston,12912.0,5.09,0.77,288.561,3.6
2022-06-18,Houston,13393.0,5.23,0.77,291.298,3.6
2022-06-25,Houston,13987.0,5.78,0.77,291.298,3.6
2022-07-02,Houston,14596.0,5.81,0.77,291.298,3.6
2022-07-09,Houston,15127.0,5.7,1.21,291.298,3.6
2022-07-16,Houston,15707.0,5.3,1.21,291.298,3.6
2022-07-23,Houston,16268.0,5.51,1.21,294.957,3.6
2022-07-30,Houston,16799.0,5.54,1.21,294.957,3.6
2022-08-06,Houston,17287.0,5.3,1.21,294.957,3.6
2022-08-13,Houston,17615.0,4.99,1.68,294.957,3.5
2022-08-20,Houston,17804.0,5.22,1.68,294.913,3.5
2022-08-27,Houston,17877.0,5.13,1.68,294.913,3.5
2022-09-03,Houston,17885.0,5.55,1.68,294.913,3.5
2022-09-10,Houston,17806.0,5.66,2.33,294.913,3.6
2022-09-17,Houston,17798.0,5.89,2.33,295.097,3.6
2022-09-24,Houston,17819.0,6.02,2.33,295.097,3.6
2022-10-01,Houston,17854.0,6.29,2.33,295.097,3.6
2022-10-08,Houston,17928.0,6.7,2.56,295.097,3.6
2022-10-15,Houston,17993.0,6.66,2.56,295.097,3.5
2022-10-22,Houston,18060.0,6.92,2.56,296.349,3.5
2022-10-29,Houston,18124.0,6.94,2.56,296.349,3.5
2022-11-05,Houston,18197.0,7.08,2.56,296.349,3.5
2022-11-12,Houston,18182.0,6.95,3.08,296.349,3.6
2022-11-19,Houston,18118.0,7.08,3.08,298.007,3.6
2022-11-26,Houston,17913.0,6.61,3.08,298.007,3.6
2022-12-03,Houston,17726.0,6.58,3.08,298.007,3.6
2022-12-10,Houston,17516.0,6.49,3.78,298.007,3.6
2022-12-17,Houston,17274.0,6.33,3.78,298.007,3.6
2022-12-24,Houston,16995.0,6.31,3.78,298.786,3.6
2022-12-31,Houston,16591.0,6.27,3.78,298.786,3.6
2023-01-07,Houston,16241.0,6.42,4.1,298.786,3.6
2023-01-14,Houston,16008.0,6.48,4.1,298.786,3.5
2023-01-21,Houston,15937.0,6.33,4.1,298.832,3.5
2023-01-28,Houston,15915.0,6.15,4.1,298.832,3.5
2023-02-04,Houston,15810.0,6.13,4.1,298.832,3.5
2023-02-11,Houston,15680.0,6.09,4.33,298.832,3.5
2023-02-18,Houston,15544.0,6.12,4.33,300.42,3.5
2023-02-25,Houston,15418.0,6.32,4.33,300.42,3.5
2023-03-04,Houston,15414.0,6.5,4.33,300.42,3.5
2023-03-11,Houston,15437.0,6.65,4.57,300.42,3.5
2023-03-18,Houston,15458.0,6.73,4.57,300.42,3.6
2023-03-25,Houston,15511.0,6.6,4.57,301.45,3.6
2023-04-01,Houston,15568.0,6.42,4.57,301.45,3.6
2023-04-08,Houston,15518.0,6.32,4.65,301.45,3.6
2023-04-15,Houston,15504.0,6.28,4.65,301.45,3.5
2023-04-22,Houston,15535.0,6.27,4.65,301.821,3.5
2023-04-29,Houston,15527.0,6.39,4.65,301.821,3.5
2023-05-06,Houston,15612.0,6.43,4.65,301.821,3.5
2023-05-13,Houston,15656.0,6.39,4.83,301.821,3.4
2023-05-20,Houston,15657.0,6.35,4.83,302.845,3.4
2023-05-27,Houston,15741.0,6.39,4.83,302.845,3.4
2023-06-03,Houston,15830.0,6.57,4.83,302.845,3.4
2023-06-10,Houston,16039.0,6.79,5.06,302.845,3.6
2023-06-17,Houston,16301.0,6.71,5.06,303.334,3.6
2023-06-24,Houston,16518.0,6.69,5.06,303.334,3.6
2023-07-01,Houston,16809.0,6.67,5.06,303.334,3.6
2023-07-08,Houston,17000.0,6.71,5.08,303.334,3.6
2023-07-15,Houston,17227.0,6.81,5.08,303.334,3.6
2023-07-22,Houston,17455.0,6.96,5.08,304.014,3.6
2023-07-29,Houston,17590.0,6.78,5.08,304.014,3.6
2023-08-05,Houston,17730.0,6.81,5.08,304.014,3.6
2023-08-12,Houston,17771.0,6.9,5.12,304.014,3.5
2023-08-19,Houston,17797.0,6.96,5.12,304.609,3.5
2023-08-26,Houston,17830.0,7.09,5.12,304.609,3.5
2023-09-02,Houston,17906.0,7.23,5.12,304.609,3.5
2023-09-09,Houston,17938.0,7.18,5.33,304.609,3.5
2023-09-16,Houston,17936.0,7.12,5.33,304.609,3.7
2023-09-23,Houston,17964.0,7.18,5.33,306.082,3.7
2023-09-30,Houston,17965.0,7.19,5.33,306.082,3.7
2023-10-07,Houston,18022.0,7.31,5.33,306.082,3.7
2023-10-14,Houston,18122.0,7.49,5.33,306.082,3.7
2023-10-21,Houston,18244.0,7.57,5.33,307.276,3.7
2023-10-28,Houston,18377.0,7.63,5.33,307.276,3.7
2023-11-04,Houston,18546.0,7.79,5.33,307.276,3.7
2023-11-11,Houston,18653.0,7.76,5.33,307.276,3.9
2023-11-18,Houston,18691.0,7.5,5.33,307.696,3.9
2023-11-25,Houston,18557.0,7.44,5.33,307.696,3.9
2023-12-02,Houston,18445.0,7.29,5.33,307.696,3.9
2023-12-09,Houston,18310.0,7.22,5.33,307.696,3.9
2023-12-16,Houston,18125.0,7.03,5.33,307.696,3.7
2023-12-23,Houston,17987.0,6.95,5.33,308.148,3.7
2023-12-30,Houston,17649.0,6.67,5.33,308.148,3.7
2024-01-06,Houston,17358.0,6.61,5.33,308.148,3.7
2024-01-13,Houston,17190.0,6.62,5.33,308.148,3.8
2024-01-20,Houston,17102.0,6.66,5.33,308.741,3.8
2024-01-27,Houston,17118.0,6.6,5.33,308.741,3.8
2024-02-03,Houston,17198.0,6.69,5.33,308.741,3.8
2024-02-10,Houston,17229.0,6.63,5.33,308.741,3.7
2024-02-17,Houston,17287.0,6.64,5.33,309.698,3.7
2024-02-24,Houston,17450.0,6.77,5.33,309.698,3.7
2024-03-02,Houston,17660.0,6.9,5.33,309.698,3.7
2024-03-09,Houston,17924.0,6.94,5.33,309.698,3.7
2024-03-16,Houston,18225.0,6.88,5.33,309.698,3.9
2024-03-23,Houston,18526.0,6.74,5.33,310.967,3.9
2024-03-30,Houston,18725.0,6.87,5.33,310.967,3.9
2024-04-06,Houston,18953.0,6.79,5.33,310.967,3.9
2024-04-13,Houston,19228.0,6.82,5.33,310.967,3.9
2024-04-20,Houston,19539.0,6.88,5.33,312.345,3.9
2024-04-27,Houston,19901.0,7.1,5.33,312.345,3.9
2024-05-04,Houston,20213.0,7.17,5.33,312.345,3.9
2024-05-11,Houston,20503.0,7.22,5.33,312.345,3.9
2024-05-18,Houston,20755.0,7.09,5.33,313.023,3.9
2024-05-25,Houston,21057.0,7.02,5.33,313.023,3.9
2024-06-01,Houston,21355.0,6.94,5.33,313.023,3.9
2024-06-08,Houston,21728.0,7.03,5.33,313.023,3.9
2024-06-15,Houston,22163.0,6.99,5.33,313.023,3.9
2024-06-22,Houston,22540.0,6.95,5.33,313.175,3.9
2024-06-29,Houston,22950.0,6.87,5.33,313.175,3.9
2024-07-06,Houston,23182.0,6.86,5.33,313.175,3.9
2024-07-13,Houston,23118.0,6.95,5.33,313.175,4.1
2024-07-20,Houston,23165.0,6.89,5.33,313.044,4.1
2024-07-27,Houston,23165.0,6.77,5.33,313.044,4.1
2024-08-03,Houston,23231.0,6.78,5.33,313.044,4.1
2024-08-10,Houston,23479.0,6.73,5.33,313.044,4.2
2024-08-17,Houston,23571.0,6.47,5.33,313.569,4.2
2024-08-24,Houston,23625.0,6.49,5.33,313.569,4.2
2024-08-31,Houston,23669.0,6.46,5.33,313.569,4.2
2024-09-07,Houston,23667.0,6.35,5.33,313.569,4.2
2024-09-14,Houston,23705.0,6.35,5.33,313.569,4.2
2024-09-21,Houston,23772.0,6.2,5.33,314.062,4.2
2024-09-28,Houston,23823.0,6.09,5.33,314.062,4.2
2024-10-05,Houston,23929.0,6.08,5.33,314.062,4.2
2024-10-12,Houston,23962.0,6.12,5.13,314.062,4.1
2024-10-19,Houston,24002.0,6.32,5.13,314.732,4.1
2024-10-26,Houston,24046.0,6.44,5.13,314.732,4.1
2024-11-02,Houston,24020.0,6.54,5.13,314.732,4.1
2024-11-09,Houston,24011.0,6.72,4.83,314.732,4.1
2024-11-16,Houston,23995.0,6.79,4.83,314.732,4.1
2024-11-23,Houston,23948.0,6.78,4.83,315.631,4.1
2024-11-30,Houston,23793.0,6.84,4.83,315.631,4.1
2024-12-07,Houston,23683.0,6.81,4.83,315.631,4.1
2024-12-14,Houston,23495.0,6.69,4.64,315.631,4.2
2024-12-21,Houston,23237.0,6.6,4.64,316.528,4.2
2024-12-28,Houston,22961.0,6.72,4.64,316.528,4.2
2025-01-04,Houston,22656.0,6.85,4.64,316.528,4.2
2025-01-11,Houston,22424.0,6.91,4.48,316.528,4.1
2025-01-18,Houston,22363.0,6.93,4.48,317.604,4.1
2025-01-25,Houston,22410.0,7.04,4.48,317.604,4.1
2025-02-01,Houston,22526.0,6.96,4.48,317.604,4.1
2025-02-08,Houston,22688.0,6.95,4.33,317.604,4.1
2025-02-15,Houston,22850.0,6.89,4.33,317.604,4.0
2025-02-22,Houston,23126.0,6.87,4.33,318.961,4.0
2025-03-01,Houston,23420.0,6.85,4.33,318.961,4.0
2025-03-08,Houston,23778.0,6.76,4.33,318.961,4.0
2025-03-15,Houston,24180.0,6.63,4.33,318.961,4.2
2025-03-22,Houston,24691.0,6.65,4.33,319.679,4.2
2025-03-29,Houston,25230.0,6.67,4.33,319.679,4.2
2025-04-05,Houston,25771.0,6.65,4.33,319.679,4.2
2025-04-12,Houston,26288.0,6.64,4.33,319.679,4.2
2025-04-19,Houston,26738.0,6.62,4.33,319.785,4.2
2025-04-26,Houston,27180.0,6.83,4.33,319.785,4.2
2025-05-03,Houston,27655.0,6.81,4.33,319.785,4.2
2025-05-10,Houston,28063.0,6.76,4.33,319.785,4.2
2025-05-17,Houston,28545.0,6.76,4.33,319.785,4.2
2025-05-24,Houston,29016.0,6.81,4.33,320.302,4.2
2025-05-31,Houston,29326.0,6.86,4.33,320.302,4.2
2025-06-07,Houston,29702.0,6.89,4.33,320.302,4.2
2025-06-14,Houston,30011.0,6.85,4.33,320.302,4.3
2025-06-21,Houston,30317.0,6.84,4.33,320.62,4.3
2025-06-28,Houston,30703.0,6.81,4.33,320.62,4.3
2025-07-05,Houston,30973.0,6.77,4.33,320.62,4.3
2025-07-12,Houston,31257.0,6.67,4.33,320.62,4.1
2025-07-19,Houston,31539.0,6.72,4.33,321.435,4.1
2025-07-26,Houston,31768.0,6.75,4.33,321.435,4.1
2025-08-02,Houston,32011.0,6.74,4.33,321.435,4.1
2025-08-09,Houston,32074.0,6.72,4.33,321.435,4.1
2025-08-16,Houston,32010.0,6.63,4.33,321.435,4.3
2025-08-23,Houston,31911.0,6.58,4.33,322.169,4.3
2025-08-30,Houston,31780.0,6.58,4.33,322.169,4.3
2025-09-06,Houston,31595.0,6.56,4.33,322.169,4.3
2025-09-13,Houston,31446.0,6.5,4.33,322.169,4.3
2025-09-20,Houston,31257.0,6.35,4.33,323.291,4.3
2025-09-27,Houston,31066.0,6.26,4.33,323.291,4.3
2025-10-04,Houston,30993.0,6.3,4.33,323.291,4.3
2025-10-11,Houston,30851.0,6.34,4.22,323.291,4.4
2025-10-18,Houston,30749.0,6.3,4.22,324.245,4.4
2025-10-25,Houston,30668.0,6.27,4.22,324.245,4.4
2025-11-01,Houston,30559.0,6.19,4.22,324.245,4.4
2025-11-08,Houston,30444.0,6.17,4.09,324.245,4.4
2025-11-15,Houston,30261.0,6.22,4.09,324.245,4.4
2025-11-22,Houston,30019.0,6.24,4.09,324.245,4.4
2025-11-29,Houston,29587.0,6.26,4.09,324.245,4.4
2025-12-06,Houston,29208.0,6.23,4.09,324.245,4.4
2025-12-13,Houston,28817.0,6.19,3.88,324.245,4.5
2025-12-20,Houston,28388.0,6.22,3.88,325.063,4.5
2025-12-27,Houston,27989.0,6.21,3.88,325.063,4.5
2026-01-03,Houston,27588.0,6.18,3.88,325.063,4.5
2026-01-10,Houston,27200.0,6.15,3.72,325.063,4.4
2026-01-17,Houston,26997.0,6.16,3.72,326.031,4.4
2026-01-24,Houston,26954.0,6.06,3.72,326.031,4.4
2026-01-31,Houston,26943.0,6.09,3.72,326.031,4.4
2026-02-07,Houston,27050.0,6.1,3.64,326.031,4.4
2026-02-14,Houston,27135.0,6.11,3.64,326.031,4.3
2026-02-21,Houston,27307.0,6.09,3.64,326.588,4.3
2026-02-28,Houston,27574.0,6.01,3.64,326.588,4.3
2026-03-07,Houston,27871.0,5.98,3.64,326.588,4.3
2026-03-14,Houston,28180.0,6.0,3.64,326.588,4.4
2026-03-21,Houston,28528.0,6.11,3.64,327.46,4.4
2026-03-28,Houston,28876.0,6.22,3.64,327.46,4.4
2026-04-04,Houston,29209.0,6.38,3.64,327.46,4.4
2026-04-11,Houston,29554.0,6.46,3.64,327.46,4.3
2026-04-18,Houston,29923.0,6.37,3.64,330.293,4.3
2026-04-25,Houston,30189.0,6.3,3.64,330.293,4.3
2026-05-02,Houston,30447.0,6.23,3.64,330.293,4.3
2026-05-09,Houston,30637.0,6.3,3.64,330.293,4.3
2026-05-16,Houston,30802.0,6.37,3.64,330.293,4.3
2026-05-23,Houston,31025.0,6.36,3.64,332.407,4.3
2026-05-30,Houston,31182.0,6.51,3.64,332.407,4.3
2026-06-06,Houston,31413.0,6.53,3.64,332.407,4.3
2026-06-13,Houston,31561.0,6.48,3.63,332.407,4.3
2026-06-20,Houston,31685.0,6.52,3.63,333.979,4.3
2018-02-03,Los Angeles,14067.0,4.15,1.3,247.805,4.1
2018-02-10,Los Angeles,14493.0,4.22,1.41,247.805,4.0
2018-02-17,Los Angeles,14833.0,4.32,1.41,248.859,4.0
2018-02-24,Los Angeles,15147.0,4.38,1.41,248.859,4.0
2018-03-03,Los Angeles,15491.0,4.4,1.41,248.859,4.0
2018-03-10,Los Angeles,15715.0,4.43,1.42,248.859,4.0
2018-03-17,Los Angeles,16175.0,4.46,1.42,248.859,4.1
2018-03-24,Los Angeles,16450.0,4.44,1.42,249.529,4.1
2018-03-31,Los Angeles,16604.0,4.45,1.42,249.529,4.1
2018-04-07,Los Angeles,16769.0,4.44,1.51,249.529,4.1
2018-04-14,Los Angeles,16819.0,4.4,1.51,249.529,4.0
2018-04-21,Los Angeles,17126.0,4.42,1.51,249.577,4.0
2018-04-28,Los Angeles,17522.0,4.47,1.51,249.577,4.0
2018-05-05,Los Angeles,18019.0,4.58,1.51,249.577,4.0
2018-05-12,Los Angeles,18370.0,4.55,1.69,249.577,4.0
2018-05-19,Los Angeles,18715.0,4.55,1.69,250.227,4.0
2018-05-26,Los Angeles,19080.0,4.61,1.69,250.227,4.0
2018-06-02,Los Angeles,19287.0,4.66,1.69,250.227,4.0
2018-06-09,Los Angeles,19646.0,4.56,1.7,250.227,4.0
2018-06-16,Los Angeles,19936.0,4.54,1.7,250.227,3.8
2018-06-23,Los Angeles,20248.0,4.62,1.7,250.792,3.8
2018-06-30,Los Angeles,20670.0,4.57,1.7,250.792,3.8
2018-07-07,Los Angeles,20817.0,4.55,1.7,250.792,3.8
2018-07-14,Los Angeles,21128.0,4.52,1.82,250.792,4.0
2018-07-21,Los Angeles,21428.0,4.53,1.82,251.018,4.0
2018-07-28,Los Angeles,21828.0,4.52,1.82,251.018,4.0
2018-08-04,Los Angeles,22273.0,4.54,1.82,251.018,4.0
2018-08-11,Los Angeles,22530.0,4.6,1.91,251.018,3.8
2018-08-18,Los Angeles,22772.0,4.59,1.91,251.214,3.8
2018-08-25,Los Angeles,22867.0,4.53,1.91,251.214,3.8
2018-09-01,Los Angeles,22934.0,4.51,1.91,251.214,3.8
2018-09-08,Los Angeles,23020.0,4.52,1.91,251.214,3.8
2018-09-15,Los Angeles,23124.0,4.54,1.91,251.214,3.8
2018-09-22,Los Angeles,23226.0,4.6,1.91,251.663,3.8
2018-09-29,Los Angeles,23436.0,4.65,1.91,251.663,3.8
2018-10-06,Los Angeles,23621.0,4.72,1.91,251.663,3.8
2018-10-13,Los Angeles,23725.0,4.71,1.95,251.663,3.7
2018-10-20,Los Angeles,23803.0,4.9,1.95,252.182,3.7
2018-10-27,Los Angeles,23834.0,4.85,1.95,252.182,3.7
2018-11-03,Los Angeles,23881.0,4.86,1.95,252.182,3.7
2018-11-10,Los Angeles,23914.0,4.83,2.19,252.182,3.8
2018-11-17,Los Angeles,23849.0,4.94,2.19,252.772,3.8
2018-11-24,Los Angeles,23488.0,4.94,2.19,252.772,3.8
2018-12-01,Los Angeles,23124.0,4.81,2.19,252.772,3.8
2018-12-08,Los Angeles,22572.0,4.81,2.2,252.772,3.8
2018-12-15,Los Angeles,21927.0,4.75,2.2,252.772,3.8
2018-12-22,Los Angeles,21345.0,4.63,2.2,252.594,3.8
2018-12-29,Los Angeles,20454.0,4.62,2.2,252.594,3.8
2019-01-05,Los Angeles,19779.0,4.55,2.2,252.594,3.8
2019-01-12,Los Angeles,19396.0,4.51,2.27,252.594,3.9
2019-01-19,Los Angeles,19375.0,4.45,2.27,252.767,3.9
2019-01-26,Los Angeles,19714.0,4.45,2.27,252.767,3.9
2019-02-02,Los Angeles,20009.0,4.45,2.27,252.767,3.9
2019-02-09,Los Angeles,20209.0,4.46,2.4,252.767,3.9
2019-02-16,Los Angeles,20375.0,4.41,2.4,252.767,4.0
2019-02-23,Los Angeles,20452.0,4.37,2.4,252.561,4.0
2019-03-02,Los Angeles,20620.0,4.35,2.4,252.561,4.0
2019-03-09,Los Angeles,20764.0,4.35,2.4,252.561,4.0
2019-03-16,Los Angeles,20885.0,4.41,2.4,252.561,3.8
2019-03-23,Los Angeles,21008.0,4.31,2.4,253.319,3.8
2019-03-30,Los Angeles,21124.0,4.28,2.4,253.319,3.8
2019-04-06,Los Angeles,21307.0,4.06,2.4,253.319,3.8
2019-04-13,Los Angeles,21528.0,4.08,2.41,253.319,3.8
2019-04-20,Los Angeles,21686.0,4.12,2.41,254.277,3.8
2019-04-27,Los Angeles,21892.0,4.17,2.41,254.277,3.8
2019-05-04,Los Angeles,22176.0,4.2,2.41,254.277,3.8
2019-05-11,Los Angeles,22391.0,4.14,2.42,254.277,3.7
2019-05-18,Los Angeles,22767.0,4.1,2.42,255.233,3.7
2019-05-25,Los Angeles,22975.0,4.07,2.42,255.233,3.7
2019-06-01,Los Angeles,23034.0,4.06,2.42,255.233,3.7
2019-06-08,Los Angeles,23145.0,3.99,2.39,255.233,3.7
2019-06-15,Los Angeles,23152.0,3.82,2.39,255.233,3.6
2019-06-22,Los Angeles,23314.0,3.82,2.39,255.296,3.6
2019-06-29,Los Angeles,23518.0,3.84,2.39,255.296,3.6
2019-07-06,Los Angeles,23434.0,3.73,2.39,255.296,3.6
2019-07-13,Los Angeles,23539.0,3.75,2.38,255.296,3.6
2019-07-20,Los Angeles,23603.0,3.75,2.38,255.213,3.6
2019-07-27,Los Angeles,23613.0,3.81,2.38,255.213,3.6
2019-08-03,Los Angeles,23795.0,3.75,2.38,255.213,3.6
2019-08-10,Los Angeles,23741.0,3.75,2.4,255.213,3.7
2019-08-17,Los Angeles,23574.0,3.6,2.4,255.802,3.7
2019-08-24,Los Angeles,23354.0,3.6,2.4,255.802,3.7
2019-08-31,Los Angeles,23020.0,3.55,2.4,255.802,3.7
2019-09-07,Los Angeles,22709.0,3.58,2.13,255.802,3.7
2019-09-14,Los Angeles,22601.0,3.49,2.13,255.802,3.6
2019-09-21,Los Angeles,22527.0,3.56,2.13,256.036,3.6
2019-09-28,Los Angeles,22539.0,3.73,2.13,256.036,3.6
2019-10-05,Los Angeles,22516.0,3.64,2.13,256.036,3.6
2019-10-12,Los Angeles,22282.0,3.65,2.04,256.036,3.5
2019-10-19,Los Angeles,22000.0,3.57,2.04,256.43,3.5
2019-10-26,Los Angeles,21671.0,3.69,2.04,256.43,3.5
2019-11-02,Los Angeles,21312.0,3.75,2.04,256.43,3.5
2019-11-09,Los Angeles,20867.0,3.78,1.83,256.43,3.5
2019-11-16,Los Angeles,20372.0,3.69,1.83,256.43,3.6
2019-11-23,Los Angeles,19838.0,3.75,1.83,257.155,3.6
2019-11-30,Los Angeles,18982.0,3.66,1.83,257.155,3.6
2019-12-07,Los Angeles,18206.0,3.68,1.83,257.155,3.6
2019-12-14,Los Angeles,17385.0,3.68,1.55,257.155,3.6
2019-12-21,Los Angeles,16524.0,3.73,1.55,257.879,3.6
2019-12-28,Los Angeles,15686.0,3.73,1.55,257.879,3.6
2020-01-04,Los Angeles,14863.0,3.74,1.55,257.879,3.6
2020-01-11,Los Angeles,14335.0,3.72,1.55,257.879,3.6
2020-01-18,Los Angeles,14104.0,3.64,1.55,258.63,3.6
2020-01-25,Los Angeles,14309.0,3.65,1.55,258.63,3.6
2020-02-01,Los Angeles,14549.0,3.6,1.55,258.63,3.6
2020-02-08,Los Angeles,14713.0,3.51,1.55,258.63,3.6
2020-02-15,Los Angeles,14830.0,3.45,1.55,258.63,3.6
2020-02-22,Los Angeles,14907.0,3.47,1.55,259.127,3.6
2020-02-29,Los Angeles,15018.0,3.49,1.55,259.127,3.6
2020-03-07,Los Angeles,15138.0,3.45,1.55,259.127,3.6
2020-03-14,Los Angeles,15217.0,3.29,1.58,259.127,3.5
2020-03-21,Los Angeles,15213.0,3.36,1.58,259.25,3.5
2020-03-28,Los Angeles,15093.0,3.65,1.58,259.25,3.5
2020-04-04,Los Angeles,14963.0,3.5,1.58,259.25,3.5
2020-04-11,Los Angeles,14821.0,3.33,0.65,259.25,4.4
2020-04-18,Los Angeles,14842.0,3.33,0.65,258.076,4.4
2020-04-25,Los Angeles,14968.0,3.31,0.65,258.076,4.4
2020-05-02,Los Angeles,15183.0,3.33,0.65,258.076,4.4
2020-05-09,Los Angeles,15477.0,3.23,0.05,258.076,4.4
2020-05-16,Los Angeles,15801.0,3.26,0.05,258.076,14.8
2020-05-23,Los Angeles,16230.0,3.28,0.05,256.032,14.8
2020-05-30,Los Angeles,16537.0,3.24,0.05,256.032,14.8
2020-06-06,Los Angeles,16831.0,3.15,0.05,256.032,14.8
2020-06-13,Los Angeles,17043.0,3.18,0.05,256.032,13.2
2020-06-20,Los Angeles,17148.0,3.21,0.05,255.802,13.2
2020-06-27,Los Angeles,17185.0,3.13,0.05,255.802,13.2
2020-07-04,Los Angeles,17094.0,3.13,0.05,255.802,13.2
2020-07-11,Los Angeles,17033.0,3.07,0.08,255.802,11.0
2020-07-18,Los Angeles,17006.0,3.03,0.08,257.042,11.0
2020-07-25,Los Angeles,17042.0,2.98,0.08,257.042,11.0
2020-08-01,Los Angeles,17128.0,3.01,0.08,257.042,11.0
2020-08-08,Los Angeles,17140.0,2.99,0.09,257.042,11.0
2020-08-15,Los Angeles,17125.0,2.88,0.09,257.042,10.2
2020-08-22,Los Angeles,17089.0,2.96,0.09,258.352,10.2
2020-08-29,Los Angeles,17090.0,2.99,0.09,258.352,10.2
2020-09-05,Los Angeles,17160.0,2.91,0.09,258.352,10.2
2020-09-12,Los Angeles,17190.0,2.93,0.1,258.352,8.4
2020-09-19,Los Angeles,17109.0,2.86,0.1,259.316,8.4
2020-09-26,Los Angeles,17009.0,2.87,0.1,259.316,8.4
2020-10-03,Los Angeles,16898.0,2.9,0.1,259.316,8.4
2020-10-10,Los Angeles,16846.0,2.88,0.09,259.316,8.4
2020-10-17,Los Angeles,16955.0,2.87,0.09,259.316,7.8
2020-10-24,Los Angeles,17067.0,2.81,0.09,259.997,7.8
2020-10-31,Los Angeles,17109.0,2.8,0.09,259.997,7.8
2020-11-07,Los Angeles,16935.0,2.81,0.09,259.997,7.8
2020-11-14,Los Angeles,16682.0,2.78,0.09,259.997,6.9
2020-11-21,Los Angeles,16314.0,2.84,0.09,260.319,6.9
2020-11-28,Los Angeles,15687.0,2.72,0.09,260.319,6.9
2020-12-05,Los Angeles,15257.0,2.72,0.09,260.319,6.9
2020-12-12,Los Angeles,15257.0,2.71,0.09,260.319,6.7
2020-12-19,Los Angeles,15257.0,2.71,0.09,260.911,6.7
2020-12-26,Los Angeles,13484.0,2.67,0.09,260.911,6.7
2021-01-02,Los Angeles,12676.0,2.66,0.09,260.911,6.7
2021-01-09,Los Angeles,12101.0,2.67,0.09,260.911,6.7
2021-01-16,Los Angeles,11981.0,2.65,0.09,260.911,6.7
2021-01-23,Los Angeles,12131.0,2.79,0.09,262.045,6.7
2021-01-30,Los Angeles,12395.0,2.77,0.09,262.045,6.7
2021-02-06,Los Angeles,12564.0,2.73,0.09,262.045,6.7
2021-02-13,Los Angeles,12438.0,2.73,0.09,262.045,6.4
2021-02-20,Los Angeles,12329.0,2.73,0.09,262.687,6.4
2021-02-27,Los Angeles,12244.0,2.81,0.09,262.687,6.4
2021-03-06,Los Angeles,12195.0,2.97,0.09,262.687,6.4
2021-03-13,Los Angeles,12194.0,3.02,0.08,262.687,6.2
2021-03-20,Los Angeles,12240.0,3.05,0.08,263.579,6.2
2021-03-27,Los Angeles,12329.0,3.09,0.08,263.579,6.2
2021-04-03,Los Angeles,12323.0,3.17,0.08,263.579,6.2
2021-04-10,Los Angeles,12312.0,3.18,0.07,263.579,6.1
2021-04-17,Los Angeles,12366.0,3.13,0.07,264.961,6.1
2021-04-24,Los Angeles,12360.0,3.04,0.07,264.961,6.1
2021-05-01,Los Angeles,12414.0,2.97,0.07,264.961,6.1
2021-05-08,Los Angeles,12410.0,2.98,0.07,264.961,6.1
2021-05-15,Los Angeles,12352.0,2.96,0.07,264.961,6.1
2021-05-22,Los Angeles,12421.0,2.94,0.07,266.614,6.1
2021-05-29,Los Angeles,12442.0,3.0,0.07,266.614,6.1
2021-06-05,Los Angeles,12493.0,2.95,0.07,266.614,6.1
2021-06-12,Los Angeles,12604.0,2.99,0.06,266.614,5.8
2021-06-19,Los Angeles,12711.0,2.96,0.06,268.383,5.8
2021-06-26,Los Angeles,12930.0,2.93,0.06,268.383,5.8
2021-07-03,Los Angeles,13055.0,3.02,0.06,268.383,5.8
2021-07-10,Los Angeles,13174.0,2.98,0.08,268.383,5.8
2021-07-17,Los Angeles,13396.0,2.9,0.08,268.383,5.9
2021-07-24,Los Angeles,13603.0,2.88,0.08,270.654,5.9
2021-07-31,Los Angeles,13845.0,2.78,0.08,270.654,5.9
2021-08-07,Los Angeles,13998.0,2.8,0.1,270.654,5.9
2021-08-14,Los Angeles,14019.0,2.77,0.1,270.654,5.4
2021-08-21,Los Angeles,14013.0,2.87,0.1,271.903,5.4
2021-08-28,Los Angeles,13990.0,2.86,0.1,271.903,5.4
2021-09-04,Los Angeles,13875.0,2.87,0.1,271.903,5.4
2021-09-11,Los Angeles,13630.0,2.87,0.09,271.903,5.1
2021-09-18,Los Angeles,13405.0,2.88,0.09,272.676,5.1
2021-09-25,Los Angeles,13239.0,2.86,0.09,272.676,5.1
2021-10-02,Los Angeles,13091.0,2.88,0.09,272.676,5.1
2021-10-09,Los Angeles,12962.0,3.01,0.08,272.676,5.1
2021-10-16,Los Angeles,12793.0,2.99,0.08,272.676,4.7
2021-10-23,Los Angeles,12611.0,3.05,0.08,273.91,4.7
2021-10-30,Los Angeles,12393.0,3.09,0.08,273.91,4.7
2021-11-06,Los Angeles,12202.0,3.14,0.08,273.91,4.7
2021-11-13,Los Angeles,11948.0,3.09,0.08,273.91,4.5
2021-11-20,Los Angeles,11605.0,2.98,0.08,276.55,4.5
2021-11-27,Los Angeles,11010.0,3.1,0.08,276.55,4.5
2021-12-04,Los Angeles,10496.0,3.1,0.08,276.55,4.5
2021-12-11,Los Angeles,9953.0,3.11,0.08,276.55,4.1
2021-12-18,Los Angeles,9363.0,3.1,0.08,278.919,4.1
2021-12-25,Los Angeles,8823.0,3.12,0.08,278.919,4.1
2022-01-01,Los Angeles,8067.0,3.05,0.08,278.919,4.1
2022-01-08,Los Angeles,7553.0,3.11,0.08,278.919,4.1
2022-01-15,Los Angeles,7358.0,3.22,0.08,278.919,3.9
2022-01-22,Los Angeles,7506.0,3.45,0.08,280.845,3.9
2022-01-29,Los Angeles,7853.0,3.56,0.08,280.845,3.9
2022-02-05,Los Angeles,8115.0,3.55,0.08,280.845,3.9
2022-02-12,Los Angeles,8239.0,3.55,0.08,280.845,4.0
2022-02-19,Los Angeles,8379.0,3.69,0.08,282.543,4.0
2022-02-26,Los Angeles,8527.0,3.92,0.08,282.543,4.0
2022-03-05,Los Angeles,8684.0,3.89,0.08,282.543,4.0
2022-03-12,Los Angeles,8836.0,3.76,0.08,282.543,4.0
2022-03-19,Los Angeles,8980.0,3.85,0.08,282.543,3.9
2022-03-26,Los Angeles,9063.0,4.16,0.08,284.5,3.9
2022-04-02,Los Angeles,9137.0,4.42,0.08,284.5,3.9
2022-04-09,Los Angeles,9283.0,4.67,0.2,284.5,3.9
2022-04-16,Los Angeles,9379.0,4.72,0.2,284.5,3.7
2022-04-23,Los Angeles,9643.0,5.0,0.2,287.674,3.7
2022-04-30,Los Angeles,10048.0,5.11,0.2,287.674,3.7
2022-05-07,Los Angeles,10420.0,5.1,0.2,287.674,3.7
2022-05-14,Los Angeles,10945.0,5.27,0.33,287.674,3.7
2022-05-21,Los Angeles,11530.0,5.3,0.33,288.561,3.7
2022-05-28,Los Angeles,11929.0,5.25,0.33,288.561,3.7
2022-06-04,Los Angeles,12365.0,5.1,0.33,288.561,3.7
2022-06-11,Los Angeles,12826.0,5.09,0.77,288.561,3.6
2022-06-18,Los Angeles,13263.0,5.23,0.77,291.298,3.6
2022-06-25,Los Angeles,13880.0,5.78,0.77,291.298,3.6
2022-07-02,Los Angeles,14468.0,5.81,0.77,291.298,3.6
2022-07-09,Los Angeles,15000.0,5.7,1.21,291.298,3.6
2022-07-16,Los Angeles,15571.0,5.3,1.21,291.298,3.6
2022-07-23,Los Angeles,16028.0,5.51,1.21,294.957,3.6
2022-07-30,Los Angeles,16441.0,5.54,1.21,294.957,3.6
2022-08-06,Los Angeles,16741.0,5.3,1.21,294.957,3.6
2022-08-13,Los Angeles,16819.0,4.99,1.68,294.957,3.5
2022-08-20,Los Angeles,16828.0,5.22,1.68,294.913,3.5
2022-08-27,Los Angeles,16768.0,5.13,1.68,294.913,3.5
2022-09-03,Los Angeles,16621.0,5.55,1.68,294.913,3.5
2022-09-10,Los Angeles,16413.0,5.66,2.33,294.913,3.6
2022-09-17,Los Angeles,16218.0,5.89,2.33,295.097,3.6
2022-09-24,Los Angeles,16073.0,6.02,2.33,295.097,3.6
2022-10-01,Los Angeles,15977.0,6.29,2.33,295.097,3.6
2022-10-08,Los Angeles,15952.0,6.7,2.56,295.097,3.6
2022-10-15,Los Angeles,15879.0,6.66,2.56,295.097,3.5
2022-10-22,Los Angeles,15835.0,6.92,2.56,296.349,3.5
2022-10-29,Los Angeles,15818.0,6.94,2.56,296.349,3.5
2022-11-05,Los Angeles,15792.0,7.08,2.56,296.349,3.5
2022-11-12,Los Angeles,15718.0,6.95,3.08,296.349,3.6
2022-11-19,Los Angeles,15552.0,7.08,3.08,298.007,3.6
2022-11-26,Los Angeles,15166.0,6.61,3.08,298.007,3.6
2022-12-03,Los Angeles,14806.0,6.58,3.08,298.007,3.6
2022-12-10,Los Angeles,14382.0,6.49,3.78,298.007,3.6
2022-12-17,Los Angeles,13861.0,6.33,3.78,298.007,3.6
2022-12-24,Los Angeles,13325.0,6.31,3.78,298.786,3.6
2022-12-31,Los Angeles,12595.0,6.27,3.78,298.786,3.6
2023-01-07,Los Angeles,12001.0,6.42,4.1,298.786,3.6
2023-01-14,Los Angeles,11620.0,6.48,4.1,298.786,3.5
2023-01-21,Los Angeles,11529.0,6.33,4.1,298.832,3.5
2023-01-28,Los Angeles,11587.0,6.15,4.1,298.832,3.5
2023-02-04,Los Angeles,11584.0,6.13,4.1,298.832,3.5
2023-02-11,Los Angeles,11458.0,6.09,4.33,298.832,3.5
2023-02-18,Los Angeles,11247.0,6.12,4.33,300.42,3.5
2023-02-25,Los Angeles,11002.0,6.32,4.33,300.42,3.5
2023-03-04,Los Angeles,10771.0,6.5,4.33,300.42,3.5
2023-03-11,Los Angeles,10619.0,6.65,4.57,300.42,3.5
2023-03-18,Los Angeles,10494.0,6.73,4.57,300.42,3.6
2023-03-25,Los Angeles,10402.0,6.6,4.57,301.45,3.6
2023-04-01,Los Angeles,10364.0,6.42,4.57,301.45,3.6
2023-04-08,Los Angeles,10216.0,6.32,4.65,301.45,3.6
2023-04-15,Los Angeles,10101.0,6.28,4.65,301.45,3.5
2023-04-22,Los Angeles,10065.0,6.27,4.65,301.821,3.5
2023-04-29,Los Angeles,10014.0,6.39,4.65,301.821,3.5
2023-05-06,Los Angeles,10057.0,6.43,4.65,301.821,3.5
2023-05-13,Los Angeles,10093.0,6.39,4.83,301.821,3.4
2023-05-20,Los Angeles,10156.0,6.35,4.83,302.845,3.4
2023-05-27,Los Angeles,10191.0,6.39,4.83,302.845,3.4
2023-06-03,Los Angeles,10240.0,6.57,4.83,302.845,3.4
2023-06-10,Los Angeles,10342.0,6.79,5.06,302.845,3.6
2023-06-17,Los Angeles,10368.0,6.71,5.06,303.334,3.6
2023-06-24,Los Angeles,10496.0,6.69,5.06,303.334,3.6
2023-07-01,Los Angeles,10632.0,6.67,5.06,303.334,3.6
2023-07-08,Los Angeles,10650.0,6.71,5.08,303.334,3.6
2023-07-15,Los Angeles,10777.0,6.81,5.08,303.334,3.6
2023-07-22,Los Angeles,10902.0,6.96,5.08,304.014,3.6
2023-07-29,Los Angeles,11022.0,6.78,5.08,304.014,3.6
2023-08-05,Los Angeles,11236.0,6.81,5.08,304.014,3.6
2023-08-12,Los Angeles,11347.0,6.9,5.12,304.014,3.5
2023-08-19,Los Angeles,11411.0,6.96,5.12,304.609,3.5
2023-08-26,Los Angeles,11448.0,7.09,5.12,304.609,3.5
2023-09-02,Los Angeles,11423.0,7.23,5.12,304.609,3.5
2023-09-09,Los Angeles,11381.0,7.18,5.33,304.609,3.5
2023-09-16,Los Angeles,11396.0,7.12,5.33,304.609,3.7
2023-09-23,Los Angeles,11429.0,7.18,5.33,306.082,3.7
2023-09-30,Los Angeles,11489.0,7.19,5.33,306.082,3.7
2023-10-07,Los Angeles,11569.0,7.31,5.33,306.082,3.7
2023-10-14,Los Angeles,11636.0,7.49,5.33,306.082,3.7
2023-10-21,Los Angeles,11756.0,7.57,5.33,307.276,3.7
2023-10-28,Los Angeles,11876.0,7.63,5.33,307.276,3.7
2023-11-04,Los Angeles,11987.0,7.79,5.33,307.276,3.7
2023-11-11,Los Angeles,12043.0,7.76,5.33,307.276,3.9
2023-11-18,Los Angeles,12017.0,7.5,5.33,307.696,3.9
2023-11-25,Los Angeles,11777.0,7.44,5.33,307.696,3.9
2023-12-02,Los Angeles,11588.0,7.29,5.33,307.696,3.9
2023-12-09,Los Angeles,11316.0,7.22,5.33,307.696,3.9
2023-12-16,Los Angeles,11002.0,7.03,5.33,307.696,3.7
2023-12-23,Los Angeles,10683.0,6.95,5.33,308.148,3.7
2023-12-30,Los Angeles,10112.0,6.67,5.33,308.148,3.7
2024-01-06,Los Angeles,9665.0,6.61,5.33,308.148,3.7
2024-01-13,Los Angeles,9416.0,6.62,5.33,308.148,3.8
2024-01-20,Los Angeles,9449.0,6.66,5.33,308.741,3.8
2024-01-27,Los Angeles,9714.0,6.6,5.33,308.741,3.8
2024-02-03,Los Angeles,9947.0,6.69,5.33,308.741,3.8
2024-02-10,Los Angeles,9995.0,6.63,5.33,308.741,3.7
2024-02-17,Los Angeles,10030.0,6.64,5.33,309.698,3.7
2024-02-24,Los Angeles,10063.0,6.77,5.33,309.698,3.7
2024-03-02,Los Angeles,10157.0,6.9,5.33,309.698,3.7
2024-03-09,Los Angeles,10335.0,6.94,5.33,309.698,3.7
2024-03-16,Los Angeles,10500.0,6.88,5.33,309.698,3.9
2024-03-23,Los Angeles,10654.0,6.74,5.33,310.967,3.9
2024-03-30,Los Angeles,10664.0,6.87,5.33,310.967,3.9
2024-04-06,Los Angeles,10722.0,6.79,5.33,310.967,3.9
2024-04-13,Los Angeles,10863.0,6.82,5.33,310.967,3.9
2024-04-20,Los Angeles,11089.0,6.88,5.33,312.345,3.9
2024-04-27,Los Angeles,11466.0,7.1,5.33,312.345,3.9
2024-05-04,Los Angeles,11849.0,7.17,5.33,312.345,3.9
2024-05-11,Los Angeles,12158.0,7.22,5.33,312.345,3.9
2024-05-18,Los Angeles,12495.0,7.09,5.33,313.023,3.9
2024-05-25,Los Angeles,12741.0,7.02,5.33,313.023,3.9
2024-06-01,Los Angeles,12952.0,6.94,5.33,313.023,3.9
2024-06-08,Los Angeles,13248.0,7.03,5.33,313.023,3.9
2024-06-15,Los Angeles,13478.0,6.99,5.33,313.023,3.9
2024-06-22,Los Angeles,13814.0,6.95,5.33,313.175,3.9
2024-06-29,Los Angeles,14205.0,6.87,5.33,313.175,3.9
2024-07-06,Los Angeles,14335.0,6.86,5.33,313.175,3.9
2024-07-13,Los Angeles,14606.0,6.95,5.33,313.175,4.1
2024-07-20,Los Angeles,14887.0,6.89,5.33,313.044,4.1
2024-07-27,Los Angeles,15101.0,6.77,5.33,313.044,4.1
2024-08-03,Los Angeles,15475.0,6.78,5.33,313.044,4.1
2024-08-10,Los Angeles,15647.0,6.73,5.33,313.044,4.2
2024-08-17,Los Angeles,15738.0,6.47,5.33,313.569,4.2
2024-08-24,Los Angeles,15832.0,6.49,5.33,313.569,4.2
2024-08-31,Los Angeles,15844.0,6.46,5.33,313.569,4.2
2024-09-07,Los Angeles,15895.0,6.35,5.33,313.569,4.2
2024-09-14,Los Angeles,16044.0,6.35,5.33,313.569,4.2
2024-09-21,Los Angeles,16205.0,6.2,5.33,314.062,4.2
2024-09-28,Los Angeles,16406.0,6.09,5.33,314.062,4.2
2024-10-05,Los Angeles,16569.0,6.08,5.33,314.062,4.2
2024-10-12,Los Angeles,16585.0,6.12,5.13,314.062,4.1
2024-10-19,Los Angeles,16545.0,6.32,5.13,314.732,4.1
2024-10-26,Los Angeles,16489.0,6.44,5.13,314.732,4.1
2024-11-02,Los Angeles,16359.0,6.54,5.13,314.732,4.1
2024-11-09,Los Angeles,16192.0,6.72,4.83,314.732,4.1
2024-11-16,Los Angeles,16040.0,6.79,4.83,314.732,4.1
2024-11-23,Los Angeles,15806.0,6.78,4.83,315.631,4.1
2024-11-30,Los Angeles,15346.0,6.84,4.83,315.631,4.1
2024-12-07,Los Angeles,14947.0,6.81,4.83,315.631,4.1
2024-12-14,Los Angeles,14443.0,6.69,4.64,315.631,4.2
2024-12-21,Los Angeles,13876.0,6.6,4.64,316.528,4.2
2024-12-28,Los Angeles,13353.0,6.72,4.64,316.528,4.2
2025-01-04,Los Angeles,12817.0,6.85,4.64,316.528,4.2
2025-01-11,Los Angeles,12514.0,6.91,4.48,316.528,4.1
2025-01-18,Los Angeles,12575.0,6.93,4.48,317.604,4.1
2025-01-25,Los Angeles,12969.0,7.04,4.48,317.604,4.1
2025-02-01,Los Angeles,13439.0,6.96,4.48,317.604,4.1
2025-02-08,Los Angeles,13783.0,6.95,4.33,317.604,4.1
2025-02-15,Los Angeles,14019.0,6.89,4.33,317.604,4.0
2025-02-22,Los Angeles,14265.0,6.87,4.33,318.961,4.0
2025-03-01,Los Angeles,14528.0,6.85,4.33,318.961,4.0
2025-03-08,Los Angeles,14871.0,6.76,4.33,318.961,4.0
2025-03-15,Los Angeles,15202.0,6.63,4.33,318.961,4.2
2025-03-22,Los Angeles,15551.0,6.65,4.33,319.679,4.2
2025-03-29,Los Angeles,15904.0,6.67,4.33,319.679,4.2
2025-04-05,Los Angeles,16271.0,6.65,4.33,319.679,4.2
2025-04-12,Los Angeles,16670.0,6.64,4.33,319.679,4.2
2025-04-19,Los Angeles,16976.0,6.62,4.33,319.785,4.2
2025-04-26,Los Angeles,17380.0,6.83,4.33,319.785,4.2
2025-05-03,Los Angeles,17844.0,6.81,4.33,319.785,4.2
2025-05-10,Los Angeles,18233.0,6.76,4.33,319.785,4.2
2025-05-17,Los Angeles,18815.0,6.76,4.33,319.785,4.2
2025-05-24,Los Angeles,19155.0,6.81,4.33,320.302,4.2
2025-05-31,Los Angeles,19354.0,6.86,4.33,320.302,4.2
2025-06-07,Los Angeles,19636.0,6.89,4.33,320.302,4.2
2025-06-14,Los Angeles,19764.0,6.85,4.33,320.302,4.3
2025-06-21,Los Angeles,20048.0,6.84,4.33,320.62,4.3
2025-06-28,Los Angeles,20413.0,6.81,4.33,320.62,4.3
2025-07-05,Los Angeles,20545.0,6.77,4.33,320.62,4.3
2025-07-12,Los Angeles,20757.0,6.67,4.33,320.62,4.1
2025-07-19,Los Angeles,20941.0,6.72,4.33,321.435,4.1
2025-07-26,Los Angeles,21053.0,6.75,4.33,321.435,4.1
2025-08-02,Los Angeles,21286.0,6.74,4.33,321.435,4.1
2025-08-09,Los Angeles,21373.0,6.72,4.33,321.435,4.1
2025-08-16,Los Angeles,21368.0,6.63,4.33,321.435,4.3
2025-08-23,Los Angeles,21286.0,6.58,4.33,322.169,4.3
2025-08-30,Los Angeles,21110.0,6.58,4.33,322.169,4.3
2025-09-06,Los Angeles,20901.0,6.56,4.33,322.169,4.3
2025-09-13,Los Angeles,20710.0,6.5,4.33,322.169,4.3
2025-09-20,Los Angeles,20525.0,6.35,4.33,323.291,4.3
2025-09-27,Los Angeles,20371.0,6.26,4.33,323.291,4.3
2025-10-04,Los Angeles,20250.0,6.3,4.33,323.291,4.3
2025-10-11,Los Angeles,20065.0,6.34,4.22,323.291,4.4
2025-10-18,Los Angeles,19877.0,6.3,4.22,324.245,4.4
2025-10-25,Los Angeles,19664.0,6.27,4.22,324.245,4.4
2025-11-01,Los Angeles,19391.0,6.19,4.22,324.245,4.4
2025-11-08,Los Angeles,19083.0,6.17,4.09,324.245,4.4
2025-11-15,Los Angeles,18745.0,6.22,4.09,324.245,4.4
2025-11-22,Los Angeles,18334.0,6.24,4.09,324.245,4.4
2025-11-29,Los Angeles,17737.0,6.26,4.09,324.245,4.4
2025-12-06,Los Angeles,17258.0,6.23,4.09,324.245,4.4
2025-12-13,Los Angeles,16714.0,6.19,3.88,324.245,4.5
2025-12-20,Los Angeles,16129.0,6.22,3.88,325.063,4.5
2025-12-27,Los Angeles,15525.0,6.21,3.88,325.063,4.5
2026-01-03,Los Angeles,14805.0,6.18,3.88,325.063,4.5
2026-01-10,Los Angeles,14316.0,6.15,3.72,325.063,4.4
2026-01-17,Los Angeles,14231.0,6.16,3.72,326.031,4.4
2026-01-24,Los Angeles,14504.0,6.06,3.72,326.031,4.4
2026-01-31,Los Angeles,14949.0,6.09,3.72,326.031,4.4
2026-02-07,Los Angeles,15294.0,6.1,3.64,326.031,4.4
2026-02-14,Los Angeles,15491.0,6.11,3.64,326.031,4.3
2026-02-21,Los Angeles,15640.0,6.09,3.64,326.588,4.3
2026-02-28,Los Angeles,15813.0,6.01,3.64,326.588,4.3
2026-03-07,Los Angeles,16080.0,5.98,3.64,326.588,4.3
2026-03-14,Los Angeles,16387.0,6.0,3.64,326.588,4.4
2026-03-21,Los Angeles,16751.0,6.11,3.64,327.46,4.4
2026-03-28,Los Angeles,17070.0,6.22,3.64,327.46,4.4
2026-04-04,Los Angeles,17329.0,6.38,3.64,327.46,4.4
2026-04-11,Los Angeles,17599.0,6.46,3.64,327.46,4.3
2026-04-18,Los Angeles,17940.0,6.37,3.64,330.293,4.3
2026-04-25,Los Angeles,18322.0,6.3,3.64,330.293,4.3
2026-05-02,Los Angeles,18733.0,6.23,3.64,330.293,4.3
2026-05-09,Los Angeles,19122.0,6.3,3.64,330.293,4.3
2026-05-16,Los Angeles,19359.0,6.37,3.64,330.293,4.3
2026-05-23,Los Angeles,19461.0,6.36,3.64,332.407,4.3
2026-05-30,Los Angeles,19505.0,6.51,3.64,332.407,4.3
2026-06-06,Los Angeles,19551.0,6.53,3.64,332.407,4.3
2026-06-13,Los Angeles,19609.0,6.48,3.63,332.407,4.3
2026-06-20,Los Angeles,19688.0,6.52,3.63,333.979,4.3
2018-02-03,Miami,46091.0,4.15,1.3,247.805,4.1
2018-02-10,Miami,46267.0,4.22,1.41,247.805,4.0
2018-02-17,Miami,46328.0,4.32,1.41,248.859,4.0
2018-02-24,Miami,46384.0,4.38,1.41,248.859,4.0
2018-03-03,Miami,46404.0,4.4,1.41,248.859,4.0
2018-03-10,Miami,46512.0,4.43,1.42,248.859,4.0
2018-03-17,Miami,46753.0,4.46,1.42,248.859,4.1
2018-03-24,Miami,46758.0,4.44,1.42,249.529,4.1
2018-03-31,Miami,46675.0,4.45,1.42,249.529,4.1
2018-04-07,Miami,46486.0,4.44,1.51,249.529,4.1
2018-04-14,Miami,46088.0,4.4,1.51,249.529,4.0
2018-04-21,Miami,45849.0,4.42,1.51,249.577,4.0
2018-04-28,Miami,45662.0,4.47,1.51,249.577,4.0
2018-05-05,Miami,45401.0,4.58,1.51,249.577,4.0
2018-05-12,Miami,45091.0,4.55,1.69,249.577,4.0
2018-05-19,Miami,44772.0,4.55,1.69,250.227,4.0
2018-05-26,Miami,44396.0,4.61,1.69,250.227,4.0
2018-06-02,Miami,43989.0,4.66,1.69,250.227,4.0
2018-06-09,Miami,43632.0,4.56,1.7,250.227,4.0
2018-06-16,Miami,43281.0,4.54,1.7,250.227,3.8
2018-06-23,Miami,43005.0,4.62,1.7,250.792,3.8
2018-06-30,Miami,42855.0,4.57,1.7,250.792,3.8
2018-07-07,Miami,42603.0,4.55,1.7,250.792,3.8
2018-07-14,Miami,42501.0,4.52,1.82,250.792,4.0
2018-07-21,Miami,42410.0,4.53,1.82,251.018,4.0
2018-07-28,Miami,42248.0,4.52,1.82,251.018,4.0
2018-08-04,Miami,42221.0,4.54,1.82,251.018,4.0
2018-08-11,Miami,42054.0,4.6,1.91,251.018,3.8
2018-08-18,Miami,41859.0,4.59,1.91,251.214,3.8
2018-08-25,Miami,41804.0,4.53,1.91,251.214,3.8
2018-09-01,Miami,41763.0,4.51,1.91,251.214,3.8
2018-09-08,Miami,41744.0,4.52,1.91,251.214,3.8
2018-09-15,Miami,41810.0,4.54,1.91,251.214,3.8
2018-09-22,Miami,41929.0,4.6,1.91,251.663,3.8
2018-09-29,Miami,42102.0,4.65,1.91,251.663,3.8
2018-10-06,Miami,42362.0,4.72,1.91,251.663,3.8
2018-10-13,Miami,42627.0,4.71,1.95,251.663,3.7
2018-10-20,Miami,42933.0,4.9,1.95,252.182,3.7
2018-10-27,Miami,43199.0,4.85,1.95,252.182,3.7
2018-11-03,Miami,43495.0,4.86,1.95,252.182,3.7
2018-11-10,Miami,43835.0,4.83,2.19,252.182,3.8
2018-11-17,Miami,44087.0,4.94,2.19,252.772,3.8
2018-11-24,Miami,44166.0,4.94,2.19,252.772,3.8
2018-12-01,Miami,44378.0,4.81,2.19,252.772,3.8
2018-12-08,Miami,44386.0,4.81,2.2,252.772,3.8
2018-12-15,Miami,44386.0,4.75,2.2,252.772,3.8
2018-12-22,Miami,44533.0,4.63,2.2,252.594,3.8
2018-12-29,Miami,44328.0,4.62,2.2,252.594,3.8
2019-01-05,Miami,44242.0,4.55,2.2,252.594,3.8
2019-01-12,Miami,44406.0,4.51,2.27,252.594,3.9
2019-01-19,Miami,44906.0,4.45,2.27,252.767,3.9
2019-01-26,Miami,45657.0,4.45,2.27,252.767,3.9
2019-02-02,Miami,46583.0,4.45,2.27,252.767,3.9
2019-02-09,Miami,47437.0,4.46,2.4,252.767,3.9
2019-02-16,Miami,48245.0,4.41,2.4,252.767,4.0
2019-02-23,Miami,49038.0,4.37,2.4,252.561,4.0
2019-03-02,Miami,49692.0,4.35,2.4,252.561,4.0
2019-03-09,Miami,50098.0,4.35,2.4,252.561,4.0
2019-03-16,Miami,50337.0,4.41,2.4,252.561,3.8
2019-03-23,Miami,50458.0,4.31,2.4,253.319,3.8
2019-03-30,Miami,50452.0,4.28,2.4,253.319,3.8
2019-04-06,Miami,50457.0,4.06,2.4,253.319,3.8
2019-04-13,Miami,50323.0,4.08,2.41,253.319,3.8
2019-04-20,Miami,50156.0,4.12,2.41,254.277,3.8
2019-04-27,Miami,50019.0,4.17,2.41,254.277,3.8
2019-05-04,Miami,49876.0,4.2,2.41,254.277,3.8
2019-05-11,Miami,49604.0,4.14,2.42,254.277,3.7
2019-05-18,Miami,49359.0,4.1,2.42,255.233,3.7
2019-05-25,Miami,49043.0,4.07,2.42,255.233,3.7
2019-06-01,Miami,48805.0,4.06,2.42,255.233,3.7
2019-06-08,Miami,48554.0,3.99,2.39,255.233,3.7
2019-06-15,Miami,48236.0,3.82,2.39,255.233,3.6
2019-06-22,Miami,48009.0,3.82,2.39,255.296,3.6
2019-06-29,Miami,47688.0,3.84,2.39,255.296,3.6
2019-07-06,Miami,47284.0,3.73,2.39,255.296,3.6
2019-07-13,Miami,47065.0,3.75,2.38,255.296,3.6
2019-07-20,Miami,46798.0,3.75,2.38,255.213,3.6
2019-07-27,Miami,46506.0,3.81,2.38,255.213,3.6
2019-08-03,Miami,46472.0,3.75,2.38,255.213,3.6
2019-08-10,Miami,46186.0,3.75,2.4,255.213,3.7
2019-08-17,Miami,45901.0,3.6,2.4,255.802,3.7
2019-08-24,Miami,45651.0,3.6,2.4,255.802,3.7
2019-08-31,Miami,45269.0,3.55,2.4,255.802,3.7
2019-09-07,Miami,44982.0,3.58,2.13,255.802,3.7
2019-09-14,Miami,44858.0,3.49,2.13,255.802,3.6
2019-09-21,Miami,44814.0,3.56,2.13,256.036,3.6
2019-09-28,Miami,44918.0,3.73,2.13,256.036,3.6
2019-10-05,Miami,45095.0,3.64,2.13,256.036,3.6
2019-10-12,Miami,45172.0,3.65,2.04,256.036,3.5
2019-10-19,Miami,45291.0,3.57,2.04,256.43,3.5
2019-10-26,Miami,45427.0,3.69,2.04,256.43,3.5
2019-11-02,Miami,45587.0,3.75,2.04,256.43,3.5
2019-11-09,Miami,45766.0,3.78,1.83,256.43,3.5
2019-11-16,Miami,45926.0,3.69,1.83,256.43,3.6
2019-11-23,Miami,46035.0,3.75,1.83,257.155,3.6
2019-11-30,Miami,45914.0,3.66,1.83,257.155,3.6
2019-12-07,Miami,45894.0,3.68,1.83,257.155,3.6
2019-12-14,Miami,45802.0,3.68,1.55,257.155,3.6
2019-12-21,Miami,45693.0,3.73,1.55,257.879,3.6
2019-12-28,Miami,45446.0,3.73,1.55,257.879,3.6
2020-01-04,Miami,45111.0,3.74,1.55,257.879,3.6
2020-01-11,Miami,44934.0,3.72,1.55,257.879,3.6
2020-01-18,Miami,44965.0,3.64,1.55,258.63,3.6
2020-01-25,Miami,45407.0,3.65,1.55,258.63,3.6
2020-02-01,Miami,45869.0,3.6,1.55,258.63,3.6
2020-02-08,Miami,46218.0,3.51,1.55,258.63,3.6
2020-02-15,Miami,46425.0,3.45,1.55,258.63,3.6
2020-02-22,Miami,46550.0,3.47,1.55,259.127,3.6
2020-02-29,Miami,46628.0,3.49,1.55,259.127,3.6
2020-03-07,Miami,46667.0,3.45,1.55,259.127,3.6
2020-03-14,Miami,46706.0,3.29,1.58,259.127,3.5
2020-03-21,Miami,46587.0,3.36,1.58,259.25,3.5
2020-03-28,Miami,46334.0,3.65,1.58,259.25,3.5
2020-04-04,Miami,45981.0,3.5,1.58,259.25,3.5
2020-04-11,Miami,45392.0,3.33,0.65,259.25,4.4
2020-04-18,Miami,44933.0,3.33,0.65,258.076,4.4
2020-04-25,Miami,44560.0,3.31,0.65,258.076,4.4
2020-05-02,Miami,44298.0,3.33,0.65,258.076,4.4
2020-05-09,Miami,44201.0,3.23,0.05,258.076,4.4
2020-05-16,Miami,44196.0,3.26,0.05,258.076,14.8
2020-05-23,Miami,44157.0,3.28,0.05,256.032,14.8
2020-05-30,Miami,44094.0,3.24,0.05,256.032,14.8
2020-06-06,Miami,44044.0,3.15,0.05,256.032,14.8
2020-06-13,Miami,43938.0,3.18,0.05,256.032,13.2
2020-06-20,Miami,43749.0,3.21,0.05,255.802,13.2
2020-06-27,Miami,43468.0,3.13,0.05,255.802,13.2
2020-07-04,Miami,43058.0,3.13,0.05,255.802,13.2
2020-07-11,Miami,42543.0,3.07,0.08,255.802,11.0
2020-07-18,Miami,42133.0,3.03,0.08,257.042,11.0
2020-07-25,Miami,41758.0,2.98,0.08,257.042,11.0
2020-08-01,Miami,41438.0,3.01,0.08,257.042,11.0
2020-08-08,Miami,41134.0,2.99,0.09,257.042,11.0
2020-08-15,Miami,40848.0,2.88,0.09,257.042,10.2
2020-08-22,Miami,40638.0,2.96,0.09,258.352,10.2
2020-08-29,Miami,40536.0,2.99,0.09,258.352,10.2
2020-09-05,Miami,40637.0,2.91,0.09,258.352,10.2
2020-09-12,Miami,40616.0,2.93,0.1,258.352,8.4
2020-09-19,Miami,40541.0,2.86,0.1,259.316,8.4
2020-09-26,Miami,40331.0,2.87,0.1,259.316,8.4
2020-10-03,Miami,39957.0,2.9,0.1,259.316,8.4
2020-10-10,Miami,39731.0,2.88,0.09,259.316,8.4
2020-10-17,Miami,39329.0,2.87,0.09,259.316,7.8
2020-10-24,Miami,38968.0,2.81,0.09,259.997,7.8
2020-10-31,Miami,38636.0,2.8,0.09,259.997,7.8
2020-11-07,Miami,38292.0,2.81,0.09,259.997,7.8
2020-11-14,Miami,38158.0,2.78,0.09,259.997,6.9
2020-11-21,Miami,38184.0,2.84,0.09,260.319,6.9
2020-11-28,Miami,38013.0,2.72,0.09,260.319,6.9
2020-12-05,Miami,37991.0,2.72,0.09,260.319,6.9
2020-12-12,Miami,37984.0,2.71,0.09,260.319,6.7
2020-12-19,Miami,37998.0,2.71,0.09,260.911,6.7
2020-12-26,Miami,38115.0,2.67,0.09,260.911,6.7
2021-01-02,Miami,38068.0,2.66,0.09,260.911,6.7
2021-01-09,Miami,38264.0,2.67,0.09,260.911,6.7
2021-01-16,Miami,38264.0,2.65,0.09,260.911,6.7
2021-01-23,Miami,39684.0,2.79,0.09,262.045,6.7
2021-01-30,Miami,39133.0,2.77,0.09,262.045,6.7
2021-02-06,Miami,38459.0,2.73,0.09,262.045,6.7
2021-02-13,Miami,38459.0,2.73,0.09,262.045,6.4
2021-02-20,Miami,34674.0,2.73,0.09,262.687,6.4
2021-02-27,Miami,33670.0,2.81,0.09,262.687,6.4
2021-03-06,Miami,32349.0,2.97,0.09,262.687,6.4
2021-03-13,Miami,31306.0,3.02,0.08,262.687,6.2
2021-03-20,Miami,30504.0,3.05,0.08,263.579,6.2
2021-03-27,Miami,29744.0,3.09,0.08,263.579,6.2
2021-04-03,Miami,28981.0,3.17,0.08,263.579,6.2
2021-04-10,Miami,28257.0,3.18,0.07,263.579,6.1
2021-04-17,Miami,27569.0,3.13,0.07,264.961,6.1
2021-04-24,Miami,26958.0,3.04,0.07,264.961,6.1
2021-05-01,Miami,26492.0,2.97,0.07,264.961,6.1
2021-05-08,Miami,25996.0,2.98,0.07,264.961,6.1
2021-05-15,Miami,25496.0,2.96,0.07,264.961,6.1
2021-05-22,Miami,25234.0,2.94,0.07,266.614,6.1
2021-05-29,Miami,24917.0,3.0,0.07,266.614,6.1
2021-06-05,Miami,24735.0,2.95,0.07,266.614,6.1
2021-06-12,Miami,24665.0,2.99,0.06,266.614,5.8
2021-06-19,Miami,24386.0,2.96,0.06,268.383,5.8
2021-06-26,Miami,24163.0,2.93,0.06,268.383,5.8
2021-07-03,Miami,24019.0,3.02,0.06,268.383,5.8
2021-07-10,Miami,23834.0,2.98,0.08,268.383,5.8
2021-07-17,Miami,23906.0,2.9,0.08,268.383,5.9
2021-07-24,Miami,24061.0,2.88,0.08,270.654,5.9
2021-07-31,Miami,24200.0,2.78,0.08,270.654,5.9
2021-08-07,Miami,24303.0,2.8,0.1,270.654,5.9
2021-08-14,Miami,24333.0,2.77,0.1,270.654,5.4
2021-08-21,Miami,24236.0,2.87,0.1,271.903,5.4
2021-08-28,Miami,24136.0,2.86,0.1,271.903,5.4
2021-09-04,Miami,24054.0,2.87,0.1,271.903,5.4
2021-09-11,Miami,23782.0,2.87,0.09,271.903,5.1
2021-09-18,Miami,23624.0,2.88,0.09,272.676,5.1
2021-09-25,Miami,23436.0,2.86,0.09,272.676,5.1
2021-10-02,Miami,23246.0,2.88,0.09,272.676,5.1
2021-10-09,Miami,23127.0,3.01,0.08,272.676,5.1
2021-10-16,Miami,22908.0,2.99,0.08,272.676,4.7
2021-10-23,Miami,22674.0,3.05,0.08,273.91,4.7
2021-10-30,Miami,22417.0,3.09,0.08,273.91,4.7
2021-11-06,Miami,22201.0,3.14,0.08,273.91,4.7
2021-11-13,Miami,21954.0,3.09,0.08,273.91,4.5
2021-11-20,Miami,21680.0,2.98,0.08,276.55,4.5
2021-11-27,Miami,21115.0,3.1,0.08,276.55,4.5
2021-12-04,Miami,20687.0,3.1,0.08,276.55,4.5
2021-12-11,Miami,20273.0,3.11,0.08,276.55,4.1
2021-12-18,Miami,19804.0,3.1,0.08,278.919,4.1
2021-12-25,Miami,19437.0,3.12,0.08,278.919,4.1
2022-01-01,Miami,18806.0,3.05,0.08,278.919,4.1
2022-01-08,Miami,18373.0,3.11,0.08,278.919,4.1
2022-01-15,Miami,18108.0,3.22,0.08,278.919,3.9
2022-01-22,Miami,17983.0,3.45,0.08,280.845,3.9
2022-01-29,Miami,17939.0,3.56,0.08,280.845,3.9
2022-02-05,Miami,17773.0,3.55,0.08,280.845,3.9
2022-02-12,Miami,17438.0,3.55,0.08,280.845,4.0
2022-02-19,Miami,17100.0,3.69,0.08,282.543,4.0
2022-02-26,Miami,16771.0,3.92,0.08,282.543,4.0
2022-03-05,Miami,16508.0,3.89,0.08,282.543,4.0
2022-03-12,Miami,16339.0,3.76,0.08,282.543,4.0
2022-03-19,Miami,16212.0,3.85,0.08,282.543,3.9
2022-03-26,Miami,16087.0,4.16,0.08,284.5,3.9
2022-04-02,Miami,15919.0,4.42,0.08,284.5,3.9
2022-04-09,Miami,15804.0,4.67,0.2,284.5,3.9
2022-04-16,Miami,15736.0,4.72,0.2,284.5,3.7
2022-04-23,Miami,15772.0,5.0,0.2,287.674,3.7
2022-04-30,Miami,15889.0,5.11,0.2,287.674,3.7
2022-05-07,Miami,16057.0,5.1,0.2,287.674,3.7
2022-05-14,Miami,16369.0,5.27,0.33,287.674,3.7
2022-05-21,Miami,16786.0,5.3,0.33,288.561,3.7
2022-05-28,Miami,17239.0,5.25,0.33,288.561,3.7
2022-06-04,Miami,17755.0,5.1,0.33,288.561,3.7
2022-06-11,Miami,18309.0,5.09,0.77,288.561,3.6
2022-06-18,Miami,18921.0,5.23,0.77,291.298,3.6
2022-06-25,Miami,19663.0,5.78,0.77,291.298,3.6
2022-07-02,Miami,20482.0,5.81,0.77,291.298,3.6
2022-07-09,Miami,21223.0,5.7,1.21,291.298,3.6
2022-07-16,Miami,21998.0,5.3,1.21,291.298,3.6
2022-07-23,Miami,22663.0,5.51,1.21,294.957,3.6
2022-07-30,Miami,23214.0,5.54,1.21,294.957,3.6
2022-08-06,Miami,23754.0,5.3,1.21,294.957,3.6
2022-08-13,Miami,24127.0,4.99,1.68,294.957,3.5
2022-08-20,Miami,24412.0,5.22,1.68,294.913,3.5
2022-08-27,Miami,24676.0,5.13,1.68,294.913,3.5
2022-09-03,Miami,24861.0,5.55,1.68,294.913,3.5
2022-09-10,Miami,24906.0,5.66,2.33,294.913,3.6
2022-09-17,Miami,24966.0,5.89,2.33,295.097,3.6
2022-09-24,Miami,24954.0,6.02,2.33,295.097,3.6
2022-10-01,Miami,24886.0,6.29,2.33,295.097,3.6
2022-10-08,Miami,24990.0,6.7,2.56,295.097,3.6
2022-10-15,Miami,25121.0,6.66,2.56,295.097,3.5
2022-10-22,Miami,25348.0,6.92,2.56,296.349,3.5
2022-10-29,Miami,25717.0,6.94,2.56,296.349,3.5
2022-11-05,Miami,26098.0,7.08,2.56,296.349,3.5
2022-11-12,Miami,26384.0,6.95,3.08,296.349,3.6
2022-11-19,Miami,26669.0,7.08,3.08,298.007,3.6
2022-11-26,Miami,26767.0,6.61,3.08,298.007,3.6
2022-12-03,Miami,26930.0,6.58,3.08,298.007,3.6
2022-12-10,Miami,27097.0,6.49,3.78,298.007,3.6
2022-12-17,Miami,27187.0,6.33,3.78,298.007,3.6
2022-12-24,Miami,27268.0,6.31,3.78,298.786,3.6
2022-12-31,Miami,27089.0,6.27,3.78,298.786,3.6
2023-01-07,Miami,26966.0,6.42,4.1,298.786,3.6
2023-01-14,Miami,26984.0,6.48,4.1,298.786,3.5
2023-01-21,Miami,27216.0,6.33,4.1,298.832,3.5
2023-01-28,Miami,27536.0,6.15,4.1,298.832,3.5
2023-02-04,Miami,27742.0,6.13,4.1,298.832,3.5
2023-02-11,Miami,27755.0,6.09,4.33,298.832,3.5
2023-02-18,Miami,27607.0,6.12,4.33,300.42,3.5
2023-02-25,Miami,27375.0,6.32,4.33,300.42,3.5
2023-03-04,Miami,27200.0,6.5,4.33,300.42,3.5
2023-03-11,Miami,26987.0,6.65,4.57,300.42,3.5
2023-03-18,Miami,26752.0,6.73,4.57,300.42,3.6
2023-03-25,Miami,26489.0,6.6,4.57,301.45,3.6
2023-04-01,Miami,26201.0,6.42,4.57,301.45,3.6
2023-04-08,Miami,25870.0,6.32,4.65,301.45,3.6
2023-04-15,Miami,25571.0,6.28,4.65,301.45,3.5
2023-04-22,Miami,25321.0,6.27,4.65,301.821,3.5
2023-04-29,Miami,25053.0,6.39,4.65,301.821,3.5
2023-05-06,Miami,24903.0,6.43,4.65,301.821,3.5
2023-05-13,Miami,24779.0,6.39,4.83,301.821,3.4
2023-05-20,Miami,24687.0,6.35,4.83,302.845,3.4
2023-05-27,Miami,24615.0,6.39,4.83,302.845,3.4
2023-06-03,Miami,24520.0,6.57,4.83,302.845,3.4
2023-06-10,Miami,24432.0,6.79,5.06,302.845,3.6
2023-06-17,Miami,24351.0,6.71,5.06,303.334,3.6
2023-06-24,Miami,24231.0,6.69,5.06,303.334,3.6
2023-07-01,Miami,24158.0,6.67,5.06,303.334,3.6
2023-07-08,Miami,23982.0,6.71,5.08,303.334,3.6
2023-07-15,Miami,23902.0,6.81,5.08,303.334,3.6
2023-07-22,Miami,23896.0,6.96,5.08,304.014,3.6
2023-07-29,Miami,23857.0,6.78,5.08,304.014,3.6
2023-08-05,Miami,23982.0,6.81,5.08,304.014,3.6
2023-08-12,Miami,23993.0,6.9,5.12,304.014,3.5
2023-08-19,Miami,24013.0,6.96,5.12,304.609,3.5
2023-08-26,Miami,24085.0,7.09,5.12,304.609,3.5
2023-09-02,Miami,24198.0,7.23,5.12,304.609,3.5
2023-09-09,Miami,24380.0,7.18,5.33,304.609,3.5
2023-09-16,Miami,24686.0,7.12,5.33,304.609,3.7
2023-09-23,Miami,25048.0,7.18,5.33,306.082,3.7
2023-09-30,Miami,25421.0,7.19,5.33,306.082,3.7
2023-10-07,Miami,25882.0,7.31,5.33,306.082,3.7
2023-10-14,Miami,26321.0,7.49,5.33,306.082,3.7
2023-10-21,Miami,26829.0,7.57,5.33,307.276,3.7
2023-10-28,Miami,27411.0,7.63,5.33,307.276,3.7
2023-11-04,Miami,28068.0,7.79,5.33,307.276,3.7
2023-11-11,Miami,28722.0,7.76,5.33,307.276,3.9
2023-11-18,Miami,29330.0,7.5,5.33,307.696,3.9
2023-11-25,Miami,29724.0,7.44,5.33,307.696,3.9
2023-12-02,Miami,30154.0,7.29,5.33,307.696,3.9
2023-12-09,Miami,30563.0,7.22,5.33,307.696,3.9
2023-12-16,Miami,30967.0,7.03,5.33,307.696,3.7
2023-12-23,Miami,31380.0,6.95,5.33,308.148,3.7
2023-12-30,Miami,31461.0,6.67,5.33,308.148,3.7
2024-01-06,Miami,31572.0,6.61,5.33,308.148,3.7
2024-01-13,Miami,31860.0,6.62,5.33,308.148,3.8
2024-01-20,Miami,32461.0,6.66,5.33,308.741,3.8
2024-01-27,Miami,33305.0,6.6,5.33,308.741,3.8
2024-02-03,Miami,34222.0,6.69,5.33,308.741,3.8
2024-02-10,Miami,34976.0,6.63,5.33,308.741,3.7
2024-02-17,Miami,35568.0,6.64,5.33,309.698,3.7
2024-02-24,Miami,36122.0,6.77,5.33,309.698,3.7
2024-03-02,Miami,36661.0,6.9,5.33,309.698,3.7
2024-03-09,Miami,37004.0,6.94,5.33,309.698,3.7
2024-03-16,Miami,37340.0,6.88,5.33,309.698,3.9
2024-03-23,Miami,37583.0,6.74,5.33,310.967,3.9
2024-03-30,Miami,37600.0,6.87,5.33,310.967,3.9
2024-04-06,Miami,37782.0,6.79,5.33,310.967,3.9
2024-04-13,Miami,37925.0,6.82,5.33,310.967,3.9
2024-04-20,Miami,38104.0,6.88,5.33,312.345,3.9
2024-04-27,Miami,38304.0,7.1,5.33,312.345,3.9
2024-05-04,Miami,38485.0,7.17,5.33,312.345,3.9
2024-05-11,Miami,38549.0,7.22,5.33,312.345,3.9
2024-05-18,Miami,38609.0,7.09,5.33,313.023,3.9
2024-05-25,Miami,38722.0,7.02,5.33,313.023,3.9
2024-06-01,Miami,38797.0,6.94,5.33,313.023,3.9
2024-06-08,Miami,39018.0,7.03,5.33,313.023,3.9
2024-06-15,Miami,39203.0,6.99,5.33,313.023,3.9
2024-06-22,Miami,39403.0,6.95,5.33,313.175,3.9
2024-06-29,Miami,39657.0,6.87,5.33,313.175,3.9
2024-07-06,Miami,39583.0,6.86,5.33,313.175,3.9
2024-07-13,Miami,39617.0,6.95,5.33,313.175,4.1
2024-07-20,Miami,39621.0,6.89,5.33,313.044,4.1
2024-07-27,Miami,39532.0,6.77,5.33,313.044,4.1
2024-08-03,Miami,39701.0,6.78,5.33,313.044,4.1
2024-08-10,Miami,39701.0,6.73,5.33,313.044,4.2
2024-08-17,Miami,39706.0,6.47,5.33,313.569,4.2
2024-08-24,Miami,39731.0,6.49,5.33,313.569,4.2
2024-08-31,Miami,39810.0,6.46,5.33,313.569,4.2
2024-09-07,Miami,40015.0,6.35,5.33,313.569,4.2
2024-09-14,Miami,40306.0,6.35,5.33,313.569,4.2
2024-09-21,Miami,40675.0,6.2,5.33,314.062,4.2
2024-09-28,Miami,41055.0,6.09,5.33,314.062,4.2
2024-10-05,Miami,41459.0,6.08,5.33,314.062,4.2
2024-10-12,Miami,41620.0,6.12,5.13,314.062,4.1
2024-10-19,Miami,41838.0,6.32,5.13,314.732,4.1
2024-10-26,Miami,42068.0,6.44,5.13,314.732,4.1
2024-11-02,Miami,42286.0,6.54,5.13,314.732,4.1
2024-11-09,Miami,42698.0,6.72,4.83,314.732,4.1
2024-11-16,Miami,43146.0,6.79,4.83,314.732,4.1
2024-11-23,Miami,43633.0,6.78,4.83,315.631,4.1
2024-11-30,Miami,43955.0,6.84,4.83,315.631,4.1
2024-12-07,Miami,44418.0,6.81,4.83,315.631,4.1
2024-12-14,Miami,44712.0,6.69,4.64,315.631,4.2
2024-12-21,Miami,44872.0,6.6,4.64,316.528,4.2
2024-12-28,Miami,44957.0,6.72,4.64,316.528,4.2
2025-01-04,Miami,44934.0,6.85,4.64,316.528,4.2
2025-01-11,Miami,45065.0,6.91,4.48,316.528,4.1
2025-01-18,Miami,45519.0,6.93,4.48,317.604,4.1
2025-01-25,Miami,46257.0,7.04,4.48,317.604,4.1
2025-02-01,Miami,47072.0,6.96,4.48,317.604,4.1
2025-02-08,Miami,47839.0,6.95,4.33,317.604,4.1
2025-02-15,Miami,48378.0,6.89,4.33,317.604,4.0
2025-02-22,Miami,48897.0,6.87,4.33,318.961,4.0
2025-03-01,Miami,49305.0,6.85,4.33,318.961,4.0
2025-03-08,Miami,49653.0,6.76,4.33,318.961,4.0
2025-03-15,Miami,50028.0,6.63,4.33,318.961,4.2
2025-03-22,Miami,50389.0,6.65,4.33,319.679,4.2
2025-03-29,Miami,50744.0,6.67,4.33,319.679,4.2
2025-04-05,Miami,51149.0,6.65,4.33,319.679,4.2
2025-04-12,Miami,51376.0,6.64,4.33,319.679,4.2
2025-04-19,Miami,51529.0,6.62,4.33,319.785,4.2
2025-04-26,Miami,51676.0,6.83,4.33,319.785,4.2
2025-05-03,Miami,51715.0,6.81,4.33,319.785,4.2
2025-05-10,Miami,51644.0,6.76,4.33,319.785,4.2
2025-05-17,Miami,51564.0,6.76,4.33,319.785,4.2
2025-05-24,Miami,51415.0,6.81,4.33,320.302,4.2
2025-05-31,Miami,51201.0,6.86,4.33,320.302,4.2
2025-06-07,Miami,51005.0,6.89,4.33,320.302,4.2
2025-06-14,Miami,50779.0,6.85,4.33,320.302,4.3
2025-06-21,Miami,50555.0,6.84,4.33,320.62,4.3
2025-06-28,Miami,50355.0,6.81,4.33,320.62,4.3
2025-07-05,Miami,50164.0,6.77,4.33,320.62,4.3
2025-07-12,Miami,49943.0,6.67,4.33,320.62,4.1
2025-07-19,Miami,49662.0,6.72,4.33,321.435,4.1
2025-07-26,Miami,49361.0,6.75,4.33,321.435,4.1
2025-08-02,Miami,49149.0,6.74,4.33,321.435,4.1
2025-08-09,Miami,48800.0,6.72,4.33,321.435,4.1
2025-08-16,Miami,48467.0,6.63,4.33,321.435,4.3
2025-08-23,Miami,48116.0,6.58,4.33,322.169,4.3
2025-08-30,Miami,47709.0,6.58,4.33,322.169,4.3
2025-09-06,Miami,47385.0,6.56,4.33,322.169,4.3
2025-09-13,Miami,47111.0,6.5,4.33,322.169,4.3
2025-09-20,Miami,46917.0,6.35,4.33,323.291,4.3
2025-09-27,Miami,46763.0,6.26,4.33,323.291,4.3
2025-10-04,Miami,46757.0,6.3,4.33,323.291,4.3
2025-10-11,Miami,46748.0,6.34,4.22,323.291,4.4
2025-10-18,Miami,46735.0,6.3,4.22,324.245,4.4
2025-10-25,Miami,46820.0,6.27,4.22,324.245,4.4
2025-11-01,Miami,46889.0,6.19,4.22,324.245,4.4
2025-11-08,Miami,46961.0,6.17,4.09,324.245,4.4
2025-11-15,Miami,47051.0,6.22,4.09,324.245,4.4
2025-11-22,Miami,47116.0,6.24,4.09,324.245,4.4
2025-11-29,Miami,46954.0,6.26,4.09,324.245,4.4
2025-12-06,Miami,46889.0,6.23,4.09,324.245,4.4
2025-12-13,Miami,46740.0,6.19,3.88,324.245,4.5
2025-12-20,Miami,46540.0,6.22,3.88,325.063,4.5
2025-12-27,Miami,46298.0,6.21,3.88,325.063,4.5
2026-01-03,Miami,45963.0,6.18,3.88,325.063,4.5
2026-01-10,Miami,45725.0,6.15,3.72,325.063,4.4
2026-01-17,Miami,45668.0,6.16,3.72,326.031,4.4
2026-01-24,Miami,45984.0,6.06,3.72,326.031,4.4
2026-01-31,Miami,46379.0,6.09,3.72,326.031,4.4
2026-02-07,Miami,46727.0,6.1,3.64,326.031,4.4
2026-02-14,Miami,46949.0,6.11,3.64,326.031,4.3
2026-02-21,Miami,47055.0,6.09,3.64,326.588,4.3
2026-02-28,Miami,47052.0,6.01,3.64,326.588,4.3
2026-03-07,Miami,46976.0,5.98,3.64,326.588,4.3
2026-03-14,Miami,46832.0,6.0,3.64,326.588,4.4
2026-03-21,Miami,46575.0,6.11,3.64,327.46,4.4
2026-03-28,Miami,46299.0,6.22,3.64,327.46,4.4
2026-04-04,Miami,46023.0,6.38,3.64,327.46,4.4
2026-04-11,Miami,45693.0,6.46,3.64,327.46,4.3
2026-04-18,Miami,45448.0,6.37,3.64,330.293,4.3
2026-04-25,Miami,45170.0,6.3,3.64,330.293,4.3
2026-05-02,Miami,44900.0,6.23,3.64,330.293,4.3
2026-05-09,Miami,44562.0,6.3,3.64,330.293,4.3
2026-05-16,Miami,44161.0,6.37,3.64,330.293,4.3
2026-05-23,Miami,43770.0,6.36,3.64,332.407,4.3
2026-05-30,Miami,43324.0,6.51,3.64,332.407,4.3
2026-06-06,Miami,43108.0,6.53,3.64,332.407,4.3
2026-06-13,Miami,42789.0,6.48,3.63,332.407,4.3
2026-06-20,Miami,42450.0,6.52,3.63,333.979,4.3
2018-02-03,New York,54940.0,4.15,1.3,247.805,4.1
2018-02-10,New York,56344.0,4.22,1.41,247.805,4.0
2018-02-17,New York,57463.0,4.32,1.41,248.859,4.0
2018-02-24,New York,58652.0,4.38,1.41,248.859,4.0
2018-03-03,New York,60209.0,4.4,1.41,248.859,4.0
2018-03-10,New York,61109.0,4.43,1.42,248.859,4.0
2018-03-17,New York,62549.0,4.46,1.42,248.859,4.1
2018-03-24,New York,63752.0,4.44,1.42,249.529,4.1
2018-03-31,New York,64608.0,4.45,1.42,249.529,4.1
2018-04-07,New York,65295.0,4.44,1.51,249.529,4.1
2018-04-14,New York,66046.0,4.4,1.51,249.529,4.0
2018-04-21,New York,67116.0,4.42,1.51,249.577,4.0
2018-04-28,New York,68210.0,4.47,1.51,249.577,4.0
2018-05-05,New York,69728.0,4.58,1.51,249.577,4.0
2018-05-12,New York,70932.0,4.55,1.69,249.577,4.0
2018-05-19,New York,72115.0,4.55,1.69,250.227,4.0
2018-05-26,New York,73105.0,4.61,1.69,250.227,4.0
2018-06-02,New York,73876.0,4.66,1.69,250.227,4.0
2018-06-09,New York,74817.0,4.56,1.7,250.227,4.0
2018-06-16,New York,75417.0,4.54,1.7,250.227,3.8
2018-06-23,New York,76047.0,4.62,1.7,250.792,3.8
2018-06-30,New York,76441.0,4.57,1.7,250.792,3.8
2018-07-07,New York,76261.0,4.55,1.7,250.792,3.8
2018-07-14,New York,76403.0,4.52,1.82,250.792,4.0
2018-07-21,New York,76406.0,4.53,1.82,251.018,4.0
2018-07-28,New York,76387.0,4.52,1.82,251.018,4.0
2018-08-04,New York,76615.0,4.54,1.82,251.018,4.0
2018-08-11,New York,76373.0,4.6,1.91,251.018,3.8
2018-08-18,New York,75990.0,4.59,1.91,251.214,3.8
2018-08-25,New York,75554.0,4.53,1.91,251.214,3.8
2018-09-01,New York,75003.0,4.51,1.91,251.214,3.8
2018-09-08,New York,74768.0,4.52,1.91,251.214,3.8
2018-09-15,New York,74796.0,4.54,1.91,251.214,3.8
2018-09-22,New York,75111.0,4.6,1.91,251.663,3.8
2018-09-29,New York,75627.0,4.65,1.91,251.663,3.8
2018-10-06,New York,75899.0,4.72,1.91,251.663,3.8
2018-10-13,New York,76060.0,4.71,1.95,251.663,3.7
2018-10-20,New York,75989.0,4.9,1.95,252.182,3.7
2018-10-27,New York,75767.0,4.85,1.95,252.182,3.7
2018-11-03,New York,75439.0,4.86,1.95,252.182,3.7
2018-11-10,New York,74861.0,4.83,2.19,252.182,3.8
2018-11-17,New York,73976.0,4.94,2.19,252.772,3.8
2018-11-24,New York,72552.0,4.94,2.19,252.772,3.8
2018-12-01,New York,71292.0,4.81,2.19,252.772,3.8
2018-12-08,New York,69534.0,4.81,2.2,252.772,3.8
2018-12-15,New York,67806.0,4.75,2.2,252.772,3.8
2018-12-22,New York,66193.0,4.63,2.2,252.594,3.8
2018-12-29,New York,63996.0,4.62,2.2,252.594,3.8
2019-01-05,New York,62441.0,4.55,2.2,252.594,3.8
2019-01-12,New York,61302.0,4.51,2.27,252.594,3.9
2019-01-19,New York,60918.0,4.45,2.27,252.767,3.9
2019-01-26,New York,61163.0,4.45,2.27,252.767,3.9
2019-02-02,New York,61612.0,4.45,2.27,252.767,3.9
2019-02-09,New York,62121.0,4.46,2.4,252.767,3.9
2019-02-16,New York,62715.0,4.41,2.4,252.767,4.0
2019-02-23,New York,63314.0,4.37,2.4,252.561,4.0
2019-03-02,New York,64172.0,4.35,2.4,252.561,4.0
2019-03-09,New York,65072.0,4.35,2.4,252.561,4.0
2019-03-16,New York,65936.0,4.41,2.4,252.561,3.8
2019-03-23,New York,67067.0,4.31,2.4,253.319,3.8
2019-03-30,New York,68217.0,4.28,2.4,253.319,3.8
2019-04-06,New York,69683.0,4.06,2.4,253.319,3.8
2019-04-13,New York,71459.0,4.08,2.41,253.319,3.8
2019-04-20,New York,72833.0,4.12,2.41,254.277,3.8
2019-04-27,New York,74199.0,4.17,2.41,254.277,3.8
2019-05-04,New York,75588.0,4.2,2.41,254.277,3.8
2019-05-11,New York,76651.0,4.14,2.42,254.277,3.7
2019-05-18,New York,78195.0,4.1,2.42,255.233,3.7
2019-05-25,New York,79310.0,4.07,2.42,255.233,3.7
2019-06-01,New York,80163.0,4.06,2.42,255.233,3.7
2019-06-08,New York,80887.0,3.99,2.39,255.233,3.7
2019-06-15,New York,81207.0,3.82,2.39,255.233,3.6
2019-06-22,New York,81723.0,3.82,2.39,255.296,3.6
2019-06-29,New York,82018.0,3.84,2.39,255.296,3.6
2019-07-06,New York,81639.0,3.73,2.39,255.296,3.6
2019-07-13,New York,81581.0,3.75,2.38,255.296,3.6
2019-07-20,New York,81232.0,3.75,2.38,255.213,3.6
2019-07-27,New York,80656.0,3.81,2.38,255.213,3.6
2019-08-03,New York,80550.0,3.75,2.38,255.213,3.6
2019-08-10,New York,79867.0,3.75,2.4,255.213,3.7
2019-08-17,New York,79178.0,3.6,2.4,255.802,3.7
2019-08-24,New York,78494.0,3.6,2.4,255.802,3.7
2019-08-31,New York,77560.0,3.55,2.4,255.802,3.7
2019-09-07,New York,77056.0,3.58,2.13,255.802,3.7
2019-09-14,New York,76916.0,3.49,2.13,255.802,3.6
2019-09-21,New York,77015.0,3.56,2.13,256.036,3.6
2019-09-28,New York,77441.0,3.73,2.13,256.036,3.6
2019-10-05,New York,77580.0,3.64,2.13,256.036,3.6
2019-10-12,New York,77299.0,3.65,2.04,256.036,3.5
2019-10-19,New York,76807.0,3.57,2.04,256.43,3.5
2019-10-26,New York,76178.0,3.69,2.04,256.43,3.5
2019-11-02,New York,75385.0,3.75,2.04,256.43,3.5
2019-11-09,New York,74393.0,3.78,1.83,256.43,3.5
2019-11-16,New York,73257.0,3.69,1.83,256.43,3.6
2019-11-23,New York,71834.0,3.75,1.83,257.155,3.6
2019-11-30,New York,69891.0,3.66,1.83,257.155,3.6
2019-12-07,New York,68092.0,3.68,1.83,257.155,3.6
2019-12-14,New York,66116.0,3.68,1.55,257.155,3.6
2019-12-21,New York,64105.0,3.73,1.55,257.879,3.6
2019-12-28,New York,62063.0,3.73,1.55,257.879,3.6
2020-01-04,New York,60162.0,3.74,1.55,257.879,3.6
2020-01-11,New York,58683.0,3.72,1.55,257.879,3.6
2020-01-18,New York,57790.0,3.64,1.55,258.63,3.6
2020-01-25,New York,57833.0,3.65,1.55,258.63,3.6
2020-02-01,New York,58075.0,3.6,1.55,258.63,3.6
2020-02-08,New York,58425.0,3.51,1.55,258.63,3.6
2020-02-15,New York,58692.0,3.45,1.55,258.63,3.6
2020-02-22,New York,59068.0,3.47,1.55,259.127,3.6
2020-02-29,New York,59902.0,3.49,1.55,259.127,3.6
2020-03-07,New York,60819.0,3.45,1.55,259.127,3.6
2020-03-14,New York,62207.0,3.29,1.58,259.127,3.5
2020-03-21,New York,62918.0,3.36,1.58,259.25,3.5
2020-03-28,New York,63282.0,3.65,1.58,259.25,3.5
2020-04-04,New York,62512.0,3.5,1.58,259.25,3.5
2020-04-11,New York,60662.0,3.33,0.65,259.25,4.4
2020-04-18,New York,59160.0,3.33,0.65,258.076,4.4
2020-04-25,New York,57264.0,3.31,0.65,258.076,4.4
2020-05-02,New York,56460.0,3.33,0.65,258.076,4.4
2020-05-09,New York,56204.0,3.23,0.05,258.076,4.4
2020-05-16,New York,56175.0,3.26,0.05,258.076,14.8
2020-05-23,New York,56275.0,3.28,0.05,256.032,14.8
2020-05-30,New York,56367.0,3.24,0.05,256.032,14.8
2020-06-06,New York,56869.0,3.15,0.05,256.032,14.8
2020-06-13,New York,57519.0,3.18,0.05,256.032,13.2
2020-06-20,New York,58533.0,3.21,0.05,255.802,13.2
2020-06-27,New York,59876.0,3.13,0.05,255.802,13.2
2020-07-04,New York,60811.0,3.13,0.05,255.802,13.2
2020-07-11,New York,61933.0,3.07,0.08,255.802,11.0
2020-07-18,New York,62930.0,3.03,0.08,257.042,11.0
2020-07-25,New York,63700.0,2.98,0.08,257.042,11.0
2020-08-01,New York,64329.0,3.01,0.08,257.042,11.0
2020-08-08,New York,64378.0,2.99,0.09,257.042,11.0
2020-08-15,New York,64436.0,2.88,0.09,257.042,10.2
2020-08-22,New York,64328.0,2.96,0.09,258.352,10.2
2020-08-29,New York,64448.0,2.99,0.09,258.352,10.2
2020-09-05,New York,64606.0,2.91,0.09,258.352,10.2
2020-09-12,New York,64585.0,2.93,0.1,258.352,8.4
2020-09-19,New York,64548.0,2.86,0.1,259.316,8.4
2020-09-26,New York,64390.0,2.87,0.1,259.316,8.4
2020-10-03,New York,64333.0,2.9,0.1,259.316,8.4
2020-10-10,New York,64189.0,2.88,0.09,259.316,8.4
2020-10-17,New York,63748.0,2.87,0.09,259.316,7.8
2020-10-24,New York,63227.0,2.81,0.09,259.997,7.8
2020-10-31,New York,62378.0,2.8,0.09,259.997,7.8
2020-11-07,New York,61310.0,2.81,0.09,259.997,7.8
2020-11-14,New York,60395.0,2.78,0.09,259.997,6.9
2020-11-21,New York,59344.0,2.84,0.09,260.319,6.9
2020-11-28,New York,58034.0,2.72,0.09,260.319,6.9
2020-12-05,New York,57010.0,2.72,0.09,260.319,6.9
2020-12-12,New York,55777.0,2.71,0.09,260.319,6.7
2020-12-19,New York,54507.0,2.71,0.09,260.911,6.7
2020-12-26,New York,53237.0,2.67,0.09,260.911,6.7
2021-01-02,New York,51768.0,2.66,0.09,260.911,6.7
2021-01-09,New York,50683.0,2.67,0.09,260.911,6.7
2021-01-16,New York,50535.0,2.65,0.09,260.911,6.7
2021-01-23,New York,49807.0,2.79,0.09,262.045,6.7
2021-01-30,New York,49275.0,2.77,0.09,262.045,6.7
2021-02-06,New York,48394.0,2.73,0.09,262.045,6.7
2021-02-13,New York,47536.0,2.73,0.09,262.045,6.4
2021-02-20,New York,46854.0,2.73,0.09,262.687,6.4
2021-02-27,New York,46129.0,2.81,0.09,262.687,6.4
2021-03-06,New York,45880.0,2.97,0.09,262.687,6.4
2021-03-13,New York,45182.0,3.02,0.08,262.687,6.2
2021-03-20,New York,45741.0,3.05,0.08,263.579,6.2
2021-03-27,New York,46293.0,3.09,0.08,263.579,6.2
2021-04-03,New York,46668.0,3.17,0.08,263.579,6.2
2021-04-10,New York,47084.0,3.18,0.07,263.579,6.1
2021-04-17,New York,47511.0,3.13,0.07,264.961,6.1
2021-04-24,New York,48142.0,3.04,0.07,264.961,6.1
2021-05-01,New York,49048.0,2.97,0.07,264.961,6.1
2021-05-08,New York,49788.0,2.98,0.07,264.961,6.1
2021-05-15,New York,50370.0,2.96,0.07,264.961,6.1
2021-05-22,New York,51129.0,2.94,0.07,266.614,6.1
2021-05-29,New York,51573.0,3.0,0.07,266.614,6.1
2021-06-05,New York,52159.0,2.95,0.07,266.614,6.1
2021-06-12,New York,52900.0,2.99,0.06,266.614,5.8
2021-06-19,New York,53384.0,2.96,0.06,268.383,5.8
2021-06-26,New York,54047.0,2.93,0.06,268.383,5.8
2021-07-03,New York,54248.0,3.02,0.06,268.383,5.8
2021-07-10,New York,54289.0,2.98,0.08,268.383,5.8
2021-07-17,New York,54429.0,2.9,0.08,268.383,5.9
2021-07-24,New York,54494.0,2.88,0.08,270.654,5.9
2021-07-31,New York,54734.0,2.78,0.08,270.654,5.9
2021-08-07,New York,54887.0,2.8,0.1,270.654,5.9
2021-08-14,New York,54964.0,2.77,0.1,270.654,5.4
2021-08-21,New York,54721.0,2.87,0.1,271.903,5.4
2021-08-28,New York,54385.0,2.86,0.1,271.903,5.4
2021-09-04,New York,53750.0,2.87,0.1,271.903,5.4
2021-09-11,New York,52967.0,2.87,0.09,271.903,5.1
2021-09-18,New York,52712.0,2.88,0.09,272.676,5.1
2021-09-25,New York,52575.0,2.86,0.09,272.676,5.1
2021-10-02,New York,52713.0,2.88,0.09,272.676,5.1
2021-10-09,New York,52840.0,3.01,0.08,272.676,5.1
2021-10-16,New York,52596.0,2.99,0.08,272.676,4.7
2021-10-23,New York,52280.0,3.05,0.08,273.91,4.7
2021-10-30,New York,51679.0,3.09,0.08,273.91,4.7
2021-11-06,New York,50954.0,3.14,0.08,273.91,4.7
2021-11-13,New York,50112.0,3.09,0.08,273.91,4.5
2021-11-20,New York,49204.0,2.98,0.08,276.55,4.5
2021-11-27,New York,47838.0,3.1,0.08,276.55,4.5
2021-12-04,New York,46856.0,3.1,0.08,276.55,4.5
2021-12-11,New York,44959.0,3.11,0.08,276.55,4.1
2021-12-18,New York,42775.0,3.1,0.08,278.919,4.1
2021-12-25,New York,40665.0,3.12,0.08,278.919,4.1
2022-01-01,New York,37940.0,3.05,0.08,278.919,4.1
2022-01-08,New York,36262.0,3.11,0.08,278.919,4.1
2022-01-15,New York,35059.0,3.22,0.08,278.919,3.9
2022-01-22,New York,34570.0,3.45,0.08,280.845,3.9
2022-01-29,New York,34453.0,3.56,0.08,280.845,3.9
2022-02-05,New York,34555.0,3.55,0.08,280.845,3.9
2022-02-12,New York,34639.0,3.55,0.08,280.845,4.0
2022-02-19,New York,34799.0,3.69,0.08,282.543,4.0
2022-02-26,New York,35090.0,3.92,0.08,282.543,4.0
2022-03-05,New York,35531.0,3.89,0.08,282.543,4.0
2022-03-12,New York,36093.0,3.76,0.08,282.543,4.0
2022-03-19,New York,36721.0,3.85,0.08,282.543,3.9
2022-03-26,New York,37375.0,4.16,0.08,284.5,3.9
2022-04-02,New York,37920.0,4.42,0.08,284.5,3.9
2022-04-09,New York,38502.0,4.67,0.2,284.5,3.9
2022-04-16,New York,38774.0,4.72,0.2,284.5,3.7
2022-04-23,New York,39254.0,5.0,0.2,287.674,3.7
2022-04-30,New York,39946.0,5.11,0.2,287.674,3.7
2022-05-07,New York,40673.0,5.1,0.2,287.674,3.7
2022-05-14,New York,41869.0,5.27,0.33,287.674,3.7
2022-05-21,New York,43076.0,5.3,0.33,288.561,3.7
2022-05-28,New York,43883.0,5.25,0.33,288.561,3.7
2022-06-04,New York,44753.0,5.1,0.33,288.561,3.7
2022-06-11,New York,45552.0,5.09,0.77,288.561,3.6
2022-06-18,New York,46220.0,5.23,0.77,291.298,3.6
2022-06-25,New York,47169.0,5.78,0.77,291.298,3.6
2022-07-02,New York,47893.0,5.81,0.77,291.298,3.6
2022-07-09,New York,48389.0,5.7,1.21,291.298,3.6
2022-07-16,New York,48695.0,5.3,1.21,291.298,3.6
2022-07-23,New York,48777.0,5.51,1.21,294.957,3.6
2022-07-30,New York,48771.0,5.54,1.21,294.957,3.6
2022-08-06,New York,48671.0,5.3,1.21,294.957,3.6
2022-08-13,New York,48465.0,4.99,1.68,294.957,3.5
2022-08-20,New York,48151.0,5.22,1.68,294.913,3.5
2022-08-27,New York,47750.0,5.13,1.68,294.913,3.5
2022-09-03,New York,47224.0,5.55,1.68,294.913,3.5
2022-09-10,New York,46975.0,5.66,2.33,294.913,3.6
2022-09-17,New York,46556.0,5.89,2.33,295.097,3.6
2022-09-24,New York,46381.0,6.02,2.33,295.097,3.6
2022-10-01,New York,46283.0,6.29,2.33,295.097,3.6
2022-10-08,New York,45883.0,6.7,2.56,295.097,3.6
2022-10-15,New York,45731.0,6.66,2.56,295.097,3.5
2022-10-22,New York,45507.0,6.92,2.56,296.349,3.5
2022-10-29,New York,45266.0,6.94,2.56,296.349,3.5
2022-11-05,New York,45057.0,7.08,2.56,296.349,3.5
2022-11-12,New York,44648.0,6.95,3.08,296.349,3.6
2022-11-19,New York,43992.0,7.08,3.08,298.007,3.6
2022-11-26,New York,42977.0,6.61,3.08,298.007,3.6
2022-12-03,New York,42057.0,6.58,3.08,298.007,3.6
2022-12-10,New York,40960.0,6.49,3.78,298.007,3.6
2022-12-17,New York,39764.0,6.33,3.78,298.007,3.6
2022-12-24,New York,38583.0,6.31,3.78,298.786,3.6
2022-12-31,New York,37032.0,6.27,3.78,298.786,3.6
2023-01-07,New York,35802.0,6.42,4.1,298.786,3.6
2023-01-14,New York,34871.0,6.48,4.1,298.786,3.5
2023-01-21,New York,34439.0,6.33,4.1,298.832,3.5
2023-01-28,New York,34359.0,6.15,4.1,298.832,3.5
2023-02-04,New York,34293.0,6.13,4.1,298.832,3.5
2023-02-11,New York,34201.0,6.09,4.33,298.832,3.5
2023-02-18,New York,34041.0,6.12,4.33,300.42,3.5
2023-02-25,New York,33814.0,6.32,4.33,300.42,3.5
2023-03-04,New York,33724.0,6.5,4.33,300.42,3.5
2023-03-11,New York,33677.0,6.65,4.57,300.42,3.5
2023-03-18,New York,33687.0,6.73,4.57,300.42,3.6
2023-03-25,New York,33848.0,6.6,4.57,301.45,3.6
2023-04-01,New York,34036.0,6.42,4.57,301.45,3.6
2023-04-08,New York,34013.0,6.32,4.65,301.45,3.6
2023-04-15,New York,34194.0,6.28,4.65,301.45,3.5
2023-04-22,New York,34527.0,6.27,4.65,301.821,3.5
2023-04-29,New York,34779.0,6.39,4.65,301.821,3.5
2023-05-06,New York,35342.0,6.43,4.65,301.821,3.5
2023-05-13,New York,35643.0,6.39,4.83,301.821,3.4
2023-05-20,New York,35890.0,6.35,4.83,302.845,3.4
2023-05-27,New York,35908.0,6.39,4.83,302.845,3.4
2023-06-03,New York,35931.0,6.57,4.83,302.845,3.4
2023-06-10,New York,36063.0,6.79,5.06,302.845,3.6
2023-06-17,New York,36004.0,6.71,5.06,303.334,3.6
2023-06-24,New York,36325.0,6.69,5.06,303.334,3.6
2023-07-01,New York,36290.0,6.67,5.06,303.334,3.6
2023-07-08,New York,35933.0,6.71,5.08,303.334,3.6
2023-07-15,New York,35796.0,6.81,5.08,303.334,3.6
2023-07-22,New York,35362.0,6.96,5.08,304.014,3.6
2023-07-29,New York,35120.0,6.78,5.08,304.014,3.6
2023-08-05,New York,35042.0,6.81,5.08,304.014,3.6
2023-08-12,New York,34761.0,6.9,5.12,304.014,3.5
2023-08-19,New York,34527.0,6.96,5.12,304.609,3.5
2023-08-26,New York,34251.0,7.09,5.12,304.609,3.5
2023-09-02,New York,33905.0,7.23,5.12,304.609,3.5
2023-09-09,New York,33746.0,7.18,5.33,304.609,3.5
2023-09-16,New York,33806.0,7.12,5.33,304.609,3.7
2023-09-23,New York,34055.0,7.18,5.33,306.082,3.7
2023-09-30,New York,34490.0,7.19,5.33,306.082,3.7
2023-10-07,New York,34900.0,7.31,5.33,306.082,3.7
2023-10-14,New York,35175.0,7.49,5.33,306.082,3.7
2023-10-21,New York,35474.0,7.57,5.33,307.276,3.7
2023-10-28,New York,35734.0,7.63,5.33,307.276,3.7
2023-11-04,New York,35879.0,7.79,5.33,307.276,3.7
2023-11-11,New York,35959.0,7.76,5.33,307.276,3.9
2023-11-18,New York,35631.0,7.5,5.33,307.696,3.9
2023-11-25,New York,34905.0,7.44,5.33,307.696,3.9
2023-12-02,New York,34186.0,7.29,5.33,307.696,3.9
2023-12-09,New York,33224.0,7.22,5.33,307.696,3.9
2023-12-16,New York,32343.0,7.03,5.33,307.696,3.7
2023-12-23,New York,31414.0,6.95,5.33,308.148,3.7
2023-12-30,New York,30075.0,6.67,5.33,308.148,3.7
2024-01-06,New York,29045.0,6.61,5.33,308.148,3.7
2024-01-13,New York,28337.0,6.62,5.33,308.148,3.8
2024-01-20,New York,28109.0,6.66,5.33,308.741,3.8
2024-01-27,New York,28334.0,6.6,5.33,308.741,3.8
2024-02-03,New York,28558.0,6.69,5.33,308.741,3.8
2024-02-10,New York,28669.0,6.63,5.33,308.741,3.7
2024-02-17,New York,28733.0,6.64,5.33,309.698,3.7
2024-02-24,New York,28781.0,6.77,5.33,309.698,3.7
2024-03-02,New York,29031.0,6.9,5.33,309.698,3.7
2024-03-09,New York,29387.0,6.94,5.33,309.698,3.7
2024-03-16,New York,29946.0,6.88,5.33,309.698,3.9
2024-03-23,New York,30557.0,6.74,5.33,310.967,3.9
2024-03-30,New York,30819.0,6.87,5.33,310.967,3.9
2024-04-06,New York,31207.0,6.79,5.33,310.967,3.9
2024-04-13,New York,31649.0,6.82,5.33,310.967,3.9
2024-04-20,New York,32196.0,6.88,5.33,312.345,3.9
2024-04-27,New York,32901.0,7.1,5.33,312.345,3.9
2024-05-04,New York,33584.0,7.17,5.33,312.345,3.9
2024-05-11,New York,34112.0,7.22,5.33,312.345,3.9
2024-05-18,New York,34663.0,7.09,5.33,313.023,3.9
2024-05-25,New York,35052.0,7.02,5.33,313.023,3.9
2024-06-01,New York,35384.0,6.94,5.33,313.023,3.9
2024-06-08,New York,35860.0,7.03,5.33,313.023,3.9
2024-06-15,New York,36131.0,6.99,5.33,313.023,3.9
2024-06-22,New York,36605.0,6.95,5.33,313.175,3.9
2024-06-29,New York,36948.0,6.87,5.33,313.175,3.9
2024-07-06,New York,36738.0,6.86,5.33,313.175,3.9
2024-07-13,New York,36771.0,6.95,5.33,313.175,4.1
2024-07-20,New York,36689.0,6.89,5.33,313.044,4.1
2024-07-27,New York,36551.0,6.77,5.33,313.044,4.1
2024-08-03,New York,36865.0,6.78,5.33,313.044,4.1
2024-08-10,New York,36630.0,6.73,5.33,313.044,4.2
2024-08-17,New York,36369.0,6.47,5.33,313.569,4.2
2024-08-24,New York,36060.0,6.49,5.33,313.569,4.2
2024-08-31,New York,35405.0,6.46,5.33,313.569,4.2
2024-09-07,New York,35205.0,6.35,5.33,313.569,4.2
2024-09-14,New York,35313.0,6.35,5.33,313.569,4.2
2024-09-21,New York,35626.0,6.2,5.33,314.062,4.2
2024-09-28,New York,36166.0,6.09,5.33,314.062,4.2
2024-10-05,New York,36474.0,6.08,5.33,314.062,4.2
2024-10-12,New York,36451.0,6.12,5.13,314.062,4.1
2024-10-19,New York,36256.0,6.32,5.13,314.732,4.1
2024-10-26,New York,36048.0,6.44,5.13,314.732,4.1
2024-11-02,New York,35787.0,6.54,5.13,314.732,4.1
2024-11-09,New York,35303.0,6.72,4.83,314.732,4.1
2024-11-16,New York,34735.0,6.79,4.83,314.732,4.1
2024-11-23,New York,34043.0,6.78,4.83,315.631,4.1
2024-11-30,New York,32997.0,6.84,4.83,315.631,4.1
2024-12-07,New York,32246.0,6.81,4.83,315.631,4.1
2024-12-14,New York,31365.0,6.69,4.64,315.631,4.2
2024-12-21,New York,30298.0,6.6,4.64,316.528,4.2
2024-12-28,New York,29205.0,6.72,4.64,316.528,4.2
2025-01-04,New York,28067.0,6.85,4.64,316.528,4.2
2025-01-11,New York,27288.0,6.91,4.48,316.528,4.1
2025-01-18,New York,26959.0,6.93,4.48,317.604,4.1
2025-01-25,New York,27105.0,7.04,4.48,317.604,4.1
2025-02-01,New York,27389.0,6.96,4.48,317.604,4.1
2025-02-08,New York,27647.0,6.95,4.33,317.604,4.1
2025-02-15,New York,27823.0,6.89,4.33,317.604,4.0
2025-02-22,New York,28018.0,6.87,4.33,318.961,4.0
2025-03-01,New York,28314.0,6.85,4.33,318.961,4.0
2025-03-08,New York,28722.0,6.76,4.33,318.961,4.0
2025-03-15,New York,29352.0,6.63,4.33,318.961,4.2
2025-03-22,New York,30142.0,6.65,4.33,319.679,4.2
2025-03-29,New York,30920.0,6.67,4.33,319.679,4.2
2025-04-05,New York,31806.0,6.65,4.33,319.679,4.2
2025-04-12,New York,32512.0,6.64,4.33,319.679,4.2
2025-04-19,New York,32909.0,6.62,4.33,319.785,4.2
2025-04-26,New York,33547.0,6.83,4.33,319.785,4.2
2025-05-03,New York,34219.0,6.81,4.33,319.785,4.2
2025-05-10,New York,34913.0,6.76,4.33,319.785,4.2
2025-05-17,New York,36032.0,6.76,4.33,319.785,4.2
2025-05-24,New York,36693.0,6.81,4.33,320.302,4.2
2025-05-31,New York,37145.0,6.86,4.33,320.302,4.2
2025-06-07,New York,37713.0,6.89,4.33,320.302,4.2
2025-06-14,New York,38007.0,6.85,4.33,320.302,4.3
2025-06-21,New York,38403.0,6.84,4.33,320.62,4.3
2025-06-28,New York,38830.0,6.81,4.33,320.62,4.3
2025-07-05,New York,38617.0,6.77,4.33,320.62,4.3
2025-07-12,New York,38568.0,6.67,4.33,320.62,4.1
2025-07-19,New York,38472.0,6.72,4.33,321.435,4.1
2025-07-26,New York,38191.0,6.75,4.33,321.435,4.1
2025-08-02,New York,38224.0,6.74,4.33,321.435,4.1
2025-08-09,New York,37992.0,6.72,4.33,321.435,4.1
2025-08-16,New York,37669.0,6.63,4.33,321.435,4.3
2025-08-23,New York,37288.0,6.58,4.33,322.169,4.3
2025-08-30,New York,36800.0,6.58,4.33,322.169,4.3
2025-09-06,New York,36564.0,6.56,4.33,322.169,4.3
2025-09-13,New York,36660.0,6.5,4.33,322.169,4.3
2025-09-20,New York,36995.0,6.35,4.33,323.291,4.3
2025-09-27,New York,37513.0,6.26,4.33,323.291,4.3
2025-10-04,New York,37853.0,6.3,4.33,323.291,4.3
2025-10-11,New York,37933.0,6.34,4.22,323.291,4.4
2025-10-18,New York,37803.0,6.3,4.22,324.245,4.4
2025-10-25,New York,37712.0,6.27,4.22,324.245,4.4
2025-11-01,New York,37458.0,6.19,4.22,324.245,4.4
2025-11-08,New York,37040.0,6.17,4.09,324.245,4.4
2025-11-15,New York,36539.0,6.22,4.09,324.245,4.4
2025-11-22,New York,35881.0,6.24,4.09,324.245,4.4
2025-11-29,New York,34881.0,6.26,4.09,324.245,4.4
2025-12-06,New York,34060.0,6.23,4.09,324.245,4.4
2025-12-13,New York,33103.0,6.19,3.88,324.245,4.5
2025-12-20,New York,31937.0,6.22,3.88,325.063,4.5
2025-12-27,New York,30778.0,6.21,3.88,325.063,4.5
2026-01-03,New York,29491.0,6.18,3.88,325.063,4.5
2026-01-10,New York,28617.0,6.15,3.72,325.063,4.4
2026-01-17,New York,28218.0,6.16,3.72,326.031,4.4
2026-01-24,New York,28348.0,6.06,3.72,326.031,4.4
2026-01-31,New York,28611.0,6.09,3.72,326.031,4.4
2026-02-07,New York,28737.0,6.1,3.64,326.031,4.4
2026-02-14,New York,28692.0,6.11,3.64,326.031,4.3
2026-02-21,New York,28599.0,6.09,3.64,326.588,4.3
2026-02-28,New York,28445.0,6.01,3.64,326.588,4.3
2026-03-07,New York,28508.0,5.98,3.64,326.588,4.3
2026-03-14,New York,28898.0,6.0,3.64,326.588,4.4
2026-03-21,New York,29595.0,6.11,3.64,327.46,4.4
2026-03-28,New York,30629.0,6.22,3.64,327.46,4.4
2026-04-04,New York,31361.0,6.38,3.64,327.46,4.4
2026-04-11,New York,32196.0,6.46,3.64,327.46,4.3
2026-04-18,New York,33157.0,6.37,3.64,330.293,4.3
2026-04-25,New York,34145.0,6.3,3.64,330.293,4.3
2026-05-02,New York,35438.0,6.23,3.64,330.293,4.3
2026-05-09,New York,36429.0,6.3,3.64,330.293,4.3
2026-05-16,New York,37255.0,6.37,3.64,330.293,4.3
2026-05-23,New York,37674.0,6.36,3.64,332.407,4.3
2026-05-30,New York,37995.0,6.51,3.64,332.407,4.3
2026-06-06,New York,38446.0,6.53,3.64,332.407,4.3
2026-06-13,New York,38768.0,6.48,3.63,332.407,4.3
2026-06-20,New York,39147.0,6.52,3.63,333.979,4.3
2018-02-03,Philadelphia,18745.0,4.15,1.3,247.805,4.1
2018-02-10,Philadelphia,18890.0,4.22,1.41,247.805,4.0
2018-02-17,Philadelphia,19083.0,4.32,1.41,248.859,4.0
2018-02-24,Philadelphia,19315.0,4.38,1.41,248.859,4.0
2018-03-03,Philadelphia,19611.0,4.4,1.41,248.859,4.0
2018-03-10,Philadelphia,19869.0,4.43,1.42,248.859,4.0
2018-03-17,Philadelphia,20225.0,4.46,1.42,248.859,4.1
2018-03-24,Philadelphia,20480.0,4.44,1.42,249.529,4.1
2018-03-31,Philadelphia,20638.0,4.45,1.42,249.529,4.1
2018-04-07,Philadelphia,20961.0,4.44,1.51,249.529,4.1
2018-04-14,Philadelphia,21193.0,4.4,1.51,249.529,4.0
2018-04-21,Philadelphia,21562.0,4.42,1.51,249.577,4.0
2018-04-28,Philadelphia,22065.0,4.47,1.51,249.577,4.0
2018-05-05,Philadelphia,22481.0,4.58,1.51,249.577,4.0
2018-05-12,Philadelphia,22755.0,4.55,1.69,249.577,4.0
2018-05-19,Philadelphia,23016.0,4.55,1.69,250.227,4.0
2018-05-26,Philadelphia,23139.0,4.61,1.69,250.227,4.0
2018-06-02,Philadelphia,23068.0,4.66,1.69,250.227,4.0
2018-06-09,Philadelphia,23169.0,4.56,1.7,250.227,4.0
2018-06-16,Philadelphia,23230.0,4.54,1.7,250.227,3.8
2018-06-23,Philadelphia,23358.0,4.62,1.7,250.792,3.8
2018-06-30,Philadelphia,23644.0,4.57,1.7,250.792,3.8
2018-07-07,Philadelphia,23245.0,4.55,1.7,250.792,3.8
2018-07-14,Philadelphia,22916.0,4.52,1.82,250.792,4.0
2018-07-21,Philadelphia,22537.0,4.53,1.82,251.018,4.0
2018-07-28,Philadelphia,22103.0,4.52,1.82,251.018,4.0
2018-08-04,Philadelphia,22225.0,4.54,1.82,251.018,4.0
2018-08-11,Philadelphia,22217.0,4.6,1.91,251.018,3.8
2018-08-18,Philadelphia,22156.0,4.59,1.91,251.214,3.8
2018-08-25,Philadelphia,22057.0,4.53,1.91,251.214,3.8
2018-09-01,Philadelphia,21921.0,4.51,1.91,251.214,3.8
2018-09-08,Philadelphia,21856.0,4.52,1.91,251.214,3.8
2018-09-15,Philadelphia,21859.0,4.54,1.91,251.214,3.8
2018-09-22,Philadelphia,21935.0,4.6,1.91,251.663,3.8
2018-09-29,Philadelphia,22064.0,4.65,1.91,251.663,3.8
2018-10-06,Philadelphia,22166.0,4.72,1.91,251.663,3.8
2018-10-13,Philadelphia,22202.0,4.71,1.95,251.663,3.7
2018-10-20,Philadelphia,22217.0,4.9,1.95,252.182,3.7
2018-10-27,Philadelphia,22270.0,4.85,1.95,252.182,3.7
2018-11-03,Philadelphia,22209.0,4.86,1.95,252.182,3.7
2018-11-10,Philadelphia,22165.0,4.83,2.19,252.182,3.8
2018-11-17,Philadelphia,22032.0,4.94,2.19,252.772,3.8
2018-11-24,Philadelphia,21643.0,4.94,2.19,252.772,3.8
2018-12-01,Philadelphia,21361.0,4.81,2.19,252.772,3.8
2018-12-08,Philadelphia,20888.0,4.81,2.2,252.772,3.8
2018-12-15,Philadelphia,20305.0,4.75,2.2,252.772,3.8
2018-12-22,Philadelphia,19768.0,4.63,2.2,252.594,3.8
2018-12-29,Philadelphia,19017.0,4.62,2.2,252.594,3.8
2019-01-05,Philadelphia,18405.0,4.55,2.2,252.594,3.8
2019-01-12,Philadelphia,18045.0,4.51,2.27,252.594,3.9
2019-01-19,Philadelphia,17876.0,4.45,2.27,252.767,3.9
2019-01-26,Philadelphia,17894.0,4.45,2.27,252.767,3.9
2019-02-02,Philadelphia,17943.0,4.45,2.27,252.767,3.9
2019-02-09,Philadelphia,17946.0,4.46,2.4,252.767,3.9
2019-02-16,Philadelphia,17938.0,4.41,2.4,252.767,4.0
2019-02-23,Philadelphia,17937.0,4.37,2.4,252.561,4.0
2019-03-02,Philadelphia,18054.0,4.35,2.4,252.561,4.0
2019-03-09,Philadelphia,18140.0,4.35,2.4,252.561,4.0
2019-03-16,Philadelphia,18234.0,4.41,2.4,252.561,3.8
2019-03-23,Philadelphia,18406.0,4.31,2.4,253.319,3.8
2019-03-30,Philadelphia,18563.0,4.28,2.4,253.319,3.8
2019-04-06,Philadelphia,18948.0,4.06,2.4,253.319,3.8
2019-04-13,Philadelphia,19365.0,4.08,2.41,253.319,3.8
2019-04-20,Philadelphia,19661.0,4.12,2.41,254.277,3.8
2019-04-27,Philadelphia,19920.0,4.17,2.41,254.277,3.8
2019-05-04,Philadelphia,20088.0,4.2,2.41,254.277,3.8
2019-05-11,Philadelphia,20172.0,4.14,2.42,254.277,3.7
2019-05-18,Philadelphia,20386.0,4.1,2.42,255.233,3.7
2019-05-25,Philadelphia,20500.0,4.07,2.42,255.233,3.7
2019-06-01,Philadelphia,20523.0,4.06,2.42,255.233,3.7
2019-06-08,Philadelphia,20678.0,3.99,2.39,255.233,3.7
2019-06-15,Philadelphia,20676.0,3.82,2.39,255.233,3.6
2019-06-22,Philadelphia,20741.0,3.82,2.39,255.296,3.6
2019-06-29,Philadelphia,20739.0,3.84,2.39,255.296,3.6
2019-07-06,Philadelphia,20431.0,3.73,2.39,255.296,3.6
2019-07-13,Philadelphia,20309.0,3.75,2.38,255.296,3.6
2019-07-20,Philadelphia,20152.0,3.75,2.38,255.213,3.6
2019-07-27,Philadelphia,19974.0,3.81,2.38,255.213,3.6
2019-08-03,Philadelphia,20074.0,3.75,2.38,255.213,3.6
2019-08-10,Philadelphia,19997.0,3.75,2.4,255.213,3.7
2019-08-17,Philadelphia,19854.0,3.6,2.4,255.802,3.7
2019-08-24,Philadelphia,19723.0,3.6,2.4,255.802,3.7
2019-08-31,Philadelphia,19421.0,3.55,2.4,255.802,3.7
2019-09-07,Philadelphia,19246.0,3.58,2.13,255.802,3.7
2019-09-14,Philadelphia,19225.0,3.49,2.13,255.802,3.6
2019-09-21,Philadelphia,19237.0,3.56,2.13,256.036,3.6
2019-09-28,Philadelphia,19332.0,3.73,2.13,256.036,3.6
2019-10-05,Philadelphia,19349.0,3.64,2.13,256.036,3.6
2019-10-12,Philadelphia,19276.0,3.65,2.04,256.036,3.5
2019-10-19,Philadelphia,19194.0,3.57,2.04,256.43,3.5
2019-10-26,Philadelphia,19050.0,3.69,2.04,256.43,3.5
2019-11-02,Philadelphia,18855.0,3.75,2.04,256.43,3.5
2019-11-09,Philadelphia,18604.0,3.78,1.83,256.43,3.5
2019-11-16,Philadelphia,18272.0,3.69,1.83,256.43,3.6
2019-11-23,Philadelphia,17882.0,3.75,1.83,257.155,3.6
2019-11-30,Philadelphia,17336.0,3.66,1.83,257.155,3.6
2019-12-07,Philadelphia,16815.0,3.68,1.83,257.155,3.6
2019-12-14,Philadelphia,16246.0,3.68,1.55,257.155,3.6
2019-12-21,Philadelphia,15675.0,3.73,1.55,257.879,3.6
2019-12-28,Philadelphia,15090.0,3.73,1.55,257.879,3.6
2020-01-04,Philadelphia,14532.0,3.74,1.55,257.879,3.6
2020-01-11,Philadelphia,14124.0,3.72,1.55,257.879,3.6
2020-01-18,Philadelphia,13851.0,3.64,1.55,258.63,3.6
2020-01-25,Philadelphia,13771.0,3.65,1.55,258.63,3.6
2020-02-01,Philadelphia,13669.0,3.6,1.55,258.63,3.6
2020-02-08,Philadelphia,13612.0,3.51,1.55,258.63,3.6
2020-02-15,Philadelphia,13534.0,3.45,1.55,258.63,3.6
2020-02-22,Philadelphia,13530.0,3.47,1.55,259.127,3.6
2020-02-29,Philadelphia,13624.0,3.49,1.55,259.127,3.6
2020-03-07,Philadelphia,13759.0,3.45,1.55,259.127,3.6
2020-03-14,Philadelphia,13992.0,3.29,1.58,259.127,3.5
2020-03-21,Philadelphia,14091.0,3.36,1.58,259.25,3.5
2020-03-28,Philadelphia,13934.0,3.65,1.58,259.25,3.5
2020-04-04,Philadelphia,13596.0,3.5,1.58,259.25,3.5
2020-04-11,Philadelphia,13110.0,3.33,0.65,259.25,4.4
2020-04-18,Philadelphia,12686.0,3.33,0.65,258.076,4.4
2020-04-25,Philadelphia,12450.0,3.31,0.65,258.076,4.4
2020-05-02,Philadelphia,12363.0,3.33,0.65,258.076,4.4
2020-05-09,Philadelphia,12329.0,3.23,0.05,258.076,4.4
2020-05-16,Philadelphia,12412.0,3.26,0.05,258.076,14.8
2020-05-23,Philadelphia,12640.0,3.28,0.05,256.032,14.8
2020-05-30,Philadelphia,12866.0,3.24,0.05,256.032,14.8
2020-06-06,Philadelphia,13106.0,3.15,0.05,256.032,14.8
2020-06-13,Philadelphia,13275.0,3.18,0.05,256.032,13.2
2020-06-20,Philadelphia,13318.0,3.21,0.05,255.802,13.2
2020-06-27,Philadelphia,13242.0,3.13,0.05,255.802,13.2
2020-07-04,Philadelphia,13063.0,3.13,0.05,255.802,13.2
2020-07-11,Philadelphia,12885.0,3.07,0.08,255.802,11.0
2020-07-18,Philadelphia,12706.0,3.03,0.08,257.042,11.0
2020-07-25,Philadelphia,12538.0,2.98,0.08,257.042,11.0
2020-08-01,Philadelphia,12439.0,3.01,0.08,257.042,11.0
2020-08-08,Philadelphia,12366.0,2.99,0.09,257.042,11.0
2020-08-15,Philadelphia,12264.0,2.88,0.09,257.042,10.2
2020-08-22,Philadelphia,12225.0,2.96,0.09,258.352,10.2
2020-08-29,Philadelphia,12320.0,2.99,0.09,258.352,10.2
2020-09-05,Philadelphia,12503.0,2.91,0.09,258.352,10.2
2020-09-12,Philadelphia,12865.0,2.93,0.1,258.352,8.4
2020-09-19,Philadelphia,13385.0,2.86,0.1,259.316,8.4
2020-09-26,Philadelphia,13935.0,2.87,0.1,259.316,8.4
2020-10-03,Philadelphia,14490.0,2.9,0.1,259.316,8.4
2020-10-10,Philadelphia,14203.0,2.88,0.09,259.316,8.4
2020-10-17,Philadelphia,13736.0,2.87,0.09,259.316,7.8
2020-10-24,Philadelphia,13153.0,2.81,0.09,259.997,7.8
2020-10-31,Philadelphia,12379.0,2.8,0.09,259.997,7.8
2020-11-07,Philadelphia,12188.0,2.81,0.09,259.997,7.8
2020-11-14,Philadelphia,11992.0,2.78,0.09,259.997,6.9
2020-11-21,Philadelphia,11726.0,2.84,0.09,260.319,6.9
2020-11-28,Philadelphia,11351.0,2.72,0.09,260.319,6.9
2020-12-05,Philadelphia,11052.0,2.72,0.09,260.319,6.9
2020-12-12,Philadelphia,10681.0,2.71,0.09,260.319,6.7
2020-12-19,Philadelphia,10231.0,2.71,0.09,260.911,6.7
2020-12-26,Philadelphia,9770.0,2.67,0.09,260.911,6.7
2021-01-02,Philadelphia,9298.0,2.66,0.09,260.911,6.7
2021-01-09,Philadelphia,8951.0,2.67,0.09,260.911,6.7
2021-01-16,Philadelphia,8841.0,2.65,0.09,260.911,6.7
2021-01-23,Philadelphia,8852.0,2.79,0.09,262.045,6.7
2021-01-30,Philadelphia,8868.0,2.77,0.09,262.045,6.7
2021-02-06,Philadelphia,8779.0,2.73,0.09,262.045,6.7
2021-02-13,Philadelphia,8654.0,2.73,0.09,262.045,6.4
2021-02-20,Philadelphia,8477.0,2.73,0.09,262.687,6.4
2021-02-27,Philadelphia,8318.0,2.81,0.09,262.687,6.4
2021-03-06,Philadelphia,8325.0,2.97,0.09,262.687,6.4
2021-03-13,Philadelphia,8361.0,3.02,0.08,262.687,6.2
2021-03-20,Philadelphia,8559.0,3.05,0.08,263.579,6.2
2021-03-27,Philadelphia,8793.0,3.09,0.08,263.579,6.2
2021-04-03,Philadelphia,8901.0,3.17,0.08,263.579,6.2
2021-04-10,Philadelphia,8992.0,3.18,0.07,263.579,6.1
2021-04-17,Philadelphia,9157.0,3.13,0.07,264.961,6.1
2021-04-24,Philadelphia,9327.0,3.04,0.07,264.961,6.1
2021-05-01,Philadelphia,9587.0,2.97,0.07,264.961,6.1
2021-05-08,Philadelphia,9805.0,2.98,0.07,264.961,6.1
2021-05-15,Philadelphia,9992.0,2.96,0.07,264.961,6.1
2021-05-22,Philadelphia,10316.0,2.94,0.07,266.614,6.1
2021-05-29,Philadelphia,10482.0,3.0,0.07,266.614,6.1
2021-06-05,Philadelphia,10634.0,2.95,0.07,266.614,6.1
2021-06-12,Philadelphia,10862.0,2.99,0.06,266.614,5.8
2021-06-19,Philadelphia,10995.0,2.96,0.06,268.383,5.8
2021-06-26,Philadelphia,11288.0,2.93,0.06,268.383,5.8
2021-07-03,Philadelphia,11520.0,3.02,0.06,268.383,5.8
2021-07-10,Philadelphia,11650.0,2.98,0.08,268.383,5.8
2021-07-17,Philadelphia,11869.0,2.9,0.08,268.383,5.9
2021-07-24,Philadelphia,12043.0,2.88,0.08,270.654,5.9
2021-07-31,Philadelphia,12284.0,2.78,0.08,270.654,5.9
2021-08-07,Philadelphia,12504.0,2.8,0.1,270.654,5.9
2021-08-14,Philadelphia,12588.0,2.77,0.1,270.654,5.4
2021-08-21,Philadelphia,12643.0,2.87,0.1,271.903,5.4
2021-08-28,Philadelphia,12633.0,2.86,0.1,271.903,5.4
2021-09-04,Philadelphia,12515.0,2.87,0.1,271.903,5.4
2021-09-11,Philadelphia,12430.0,2.87,0.09,271.903,5.1
2021-09-18,Philadelphia,12440.0,2.88,0.09,272.676,5.1
2021-09-25,Philadelphia,12437.0,2.86,0.09,272.676,5.1
2021-10-02,Philadelphia,12508.0,2.88,0.09,272.676,5.1
2021-10-09,Philadelphia,12495.0,3.01,0.08,272.676,5.1
2021-10-16,Philadelphia,12356.0,2.99,0.08,272.676,4.7
2021-10-23,Philadelphia,12219.0,3.05,0.08,273.91,4.7
2021-10-30,Philadelphia,12015.0,3.09,0.08,273.91,4.7
2021-11-06,Philadelphia,11779.0,3.14,0.08,273.91,4.7
2021-11-13,Philadelphia,11539.0,3.09,0.08,273.91,4.5
2021-11-20,Philadelphia,11263.0,2.98,0.08,276.55,4.5
2021-11-27,Philadelphia,10794.0,3.1,0.08,276.55,4.5
2021-12-04,Philadelphia,10392.0,3.1,0.08,276.55,4.5
2021-12-11,Philadelphia,9944.0,3.11,0.08,276.55,4.1
2021-12-18,Philadelphia,9473.0,3.1,0.08,278.919,4.1
2021-12-25,Philadelphia,9052.0,3.12,0.08,278.919,4.1
2022-01-01,Philadelphia,8523.0,3.05,0.08,278.919,4.1
2022-01-08,Philadelphia,8113.0,3.11,0.08,278.919,4.1
2022-01-15,Philadelphia,7815.0,3.22,0.08,278.919,3.9
2022-01-22,Philadelphia,7709.0,3.45,0.08,280.845,3.9
2022-01-29,Philadelphia,7687.0,3.56,0.08,280.845,3.9
2022-02-05,Philadelphia,7601.0,3.55,0.08,280.845,3.9
2022-02-12,Philadelphia,7475.0,3.55,0.08,280.845,4.0
2022-02-19,Philadelphia,7404.0,3.69,0.08,282.543,4.0
2022-02-26,Philadelphia,7378.0,3.92,0.08,282.543,4.0
2022-03-05,Philadelphia,7455.0,3.89,0.08,282.543,4.0
2022-03-12,Philadelphia,7624.0,3.76,0.08,282.543,4.0
2022-03-19,Philadelphia,7772.0,3.85,0.08,282.543,3.9
2022-03-26,Philadelphia,7899.0,4.16,0.08,284.5,3.9
2022-04-02,Philadelphia,8001.0,4.42,0.08,284.5,3.9
2022-04-09,Philadelphia,8122.0,4.67,0.2,284.5,3.9
2022-04-16,Philadelphia,8188.0,4.72,0.2,284.5,3.7
2022-04-23,Philadelphia,8373.0,5.0,0.2,287.674,3.7
2022-04-30,Philadelphia,8627.0,5.11,0.2,287.674,3.7
2022-05-07,Philadelphia,8807.0,5.1,0.2,287.674,3.7
2022-05-14,Philadelphia,9128.0,5.27,0.33,287.674,3.7
2022-05-21,Philadelphia,9458.0,5.3,0.33,288.561,3.7
2022-05-28,Philadelphia,9591.0,5.25,0.33,288.561,3.7
2022-06-04,Philadelphia,9755.0,5.1,0.33,288.561,3.7
2022-06-11,Philadelphia,9981.0,5.09,0.77,288.561,3.6
2022-06-18,Philadelphia,10148.0,5.23,0.77,291.298,3.6
2022-06-25,Philadelphia,10527.0,5.78,0.77,291.298,3.6
2022-07-02,Philadelphia,10842.0,5.81,0.77,291.298,3.6
2022-07-09,Philadelphia,11020.0,5.7,1.21,291.298,3.6
2022-07-16,Philadelphia,11263.0,5.3,1.21,291.298,3.6
2022-07-23,Philadelphia,11338.0,5.51,1.21,294.957,3.6
2022-07-30,Philadelphia,11425.0,5.54,1.21,294.957,3.6
2022-08-06,Philadelphia,11507.0,5.3,1.21,294.957,3.6
2022-08-13,Philadelphia,11433.0,4.99,1.68,294.957,3.5
2022-08-20,Philadelphia,11367.0,5.22,1.68,294.913,3.5
2022-08-27,Philadelphia,11277.0,5.13,1.68,294.913,3.5
2022-09-03,Philadelphia,11111.0,5.55,1.68,294.913,3.5
2022-09-10,Philadelphia,10983.0,5.66,2.33,294.913,3.6
2022-09-17,Philadelphia,10954.0,5.89,2.33,295.097,3.6
2022-09-24,Philadelphia,11000.0,6.02,2.33,295.097,3.6
2022-10-01,Philadelphia,11100.0,6.29,2.33,295.097,3.6
2022-10-08,Philadelphia,11176.0,6.7,2.56,295.097,3.6
2022-10-15,Philadelphia,11210.0,6.66,2.56,295.097,3.5
2022-10-22,Philadelphia,11198.0,6.92,2.56,296.349,3.5
2022-10-29,Philadelphia,11176.0,6.94,2.56,296.349,3.5
2022-11-05,Philadelphia,11158.0,7.08,2.56,296.349,3.5
2022-11-12,Philadelphia,11074.0,6.95,3.08,296.349,3.6
2022-11-19,Philadelphia,10949.0,7.08,3.08,298.007,3.6
2022-11-26,Philadelphia,10691.0,6.61,3.08,298.007,3.6
2022-12-03,Philadelphia,10449.0,6.58,3.08,298.007,3.6
2022-12-10,Philadelphia,10165.0,6.49,3.78,298.007,3.6
2022-12-17,Philadelphia,9839.0,6.33,3.78,298.007,3.6
2022-12-24,Philadelphia,9505.0,6.31,3.78,298.786,3.6
2022-12-31,Philadelphia,9062.0,6.27,3.78,298.786,3.6
2023-01-07,Philadelphia,8715.0,6.42,4.1,298.786,3.6
2023-01-14,Philadelphia,8512.0,6.48,4.1,298.786,3.5
2023-01-21,Philadelphia,8460.0,6.33,4.1,298.832,3.5
2023-01-28,Philadelphia,8458.0,6.15,4.1,298.832,3.5
2023-02-04,Philadelphia,8397.0,6.13,4.1,298.832,3.5
2023-02-11,Philadelphia,8247.0,6.09,4.33,298.832,3.5
2023-02-18,Philadelphia,8109.0,6.12,4.33,300.42,3.5
2023-02-25,Philadelphia,8034.0,6.32,4.33,300.42,3.5
2023-03-04,Philadelphia,8009.0,6.5,4.33,300.42,3.5
2023-03-11,Philadelphia,8006.0,6.65,4.57,300.42,3.5
2023-03-18,Philadelphia,8025.0,6.73,4.57,300.42,3.6
2023-03-25,Philadelphia,8012.0,6.6,4.57,301.45,3.6
2023-04-01,Philadelphia,8020.0,6.42,4.57,301.45,3.6
2023-04-08,Philadelphia,7981.0,6.32,4.65,301.45,3.6
2023-04-15,Philadelphia,7987.0,6.28,4.65,301.45,3.5
2023-04-22,Philadelphia,8077.0,6.27,4.65,301.821,3.5
2023-04-29,Philadelphia,8123.0,6.39,4.65,301.821,3.5
2023-05-06,Philadelphia,8245.0,6.43,4.65,301.821,3.5
2023-05-13,Philadelphia,8292.0,6.39,4.83,301.821,3.4
2023-05-20,Philadelphia,8325.0,6.35,4.83,302.845,3.4
2023-05-27,Philadelphia,8320.0,6.39,4.83,302.845,3.4
2023-06-03,Philadelphia,8333.0,6.57,4.83,302.845,3.4
2023-06-10,Philadelphia,8424.0,6.79,5.06,302.845,3.6
2023-06-17,Philadelphia,8432.0,6.71,5.06,303.334,3.6
2023-06-24,Philadelphia,8475.0,6.69,5.06,303.334,3.6
2023-07-01,Philadelphia,8458.0,6.67,5.06,303.334,3.6
2023-07-08,Philadelphia,8291.0,6.71,5.08,303.334,3.6
2023-07-15,Philadelphia,8280.0,6.81,5.08,303.334,3.6
2023-07-22,Philadelphia,8320.0,6.96,5.08,304.014,3.6
2023-07-29,Philadelphia,8393.0,6.78,5.08,304.014,3.6
2023-08-05,Philadelphia,8580.0,6.81,5.08,304.014,3.6
2023-08-12,Philadelphia,8643.0,6.9,5.12,304.014,3.5
2023-08-19,Philadelphia,8666.0,6.96,5.12,304.609,3.5
2023-08-26,Philadelphia,8698.0,7.09,5.12,304.609,3.5
2023-09-02,Philadelphia,8656.0,7.23,5.12,304.609,3.5
2023-09-09,Philadelphia,8638.0,7.18,5.33,304.609,3.5
2023-09-16,Philadelphia,8822.0,7.12,5.33,304.609,3.7
2023-09-23,Philadelphia,8960.0,7.18,5.33,306.082,3.7
2023-09-30,Philadelphia,9150.0,7.19,5.33,306.082,3.7
2023-10-07,Philadelphia,9364.0,7.31,5.33,306.082,3.7
2023-10-14,Philadelphia,9400.0,7.49,5.33,306.082,3.7
2023-10-21,Philadelphia,9486.0,7.57,5.33,307.276,3.7
2023-10-28,Philadelphia,9564.0,7.63,5.33,307.276,3.7
2023-11-04,Philadelphia,9621.0,7.79,5.33,307.276,3.7
2023-11-11,Philadelphia,9662.0,7.76,5.33,307.276,3.9
2023-11-18,Philadelphia,9625.0,7.5,5.33,307.696,3.9
2023-11-25,Philadelphia,9443.0,7.44,5.33,307.696,3.9
2023-12-02,Philadelphia,9258.0,7.29,5.33,307.696,3.9
2023-12-09,Philadelphia,9018.0,7.22,5.33,307.696,3.9
2023-12-16,Philadelphia,8779.0,7.03,5.33,307.696,3.7
2023-12-23,Philadelphia,8569.0,6.95,5.33,308.148,3.7
2023-12-30,Philadelphia,8204.0,6.67,5.33,308.148,3.7
2024-01-06,Philadelphia,7916.0,6.61,5.33,308.148,3.7
2024-01-13,Philadelphia,7739.0,6.62,5.33,308.148,3.8
2024-01-20,Philadelphia,7613.0,6.66,5.33,308.741,3.8
2024-01-27,Philadelphia,7604.0,6.6,5.33,308.741,3.8
2024-02-03,Philadelphia,7569.0,6.69,5.33,308.741,3.8
2024-02-10,Philadelphia,7489.0,6.63,5.33,308.741,3.7
2024-02-17,Philadelphia,7463.0,6.64,5.33,309.698,3.7
2024-02-24,Philadelphia,7499.0,6.77,5.33,309.698,3.7
2024-03-02,Philadelphia,7577.0,6.9,5.33,309.698,3.7
2024-03-09,Philadelphia,7671.0,6.94,5.33,309.698,3.7
2024-03-16,Philadelphia,7807.0,6.88,5.33,309.698,3.9
2024-03-23,Philadelphia,7922.0,6.74,5.33,310.967,3.9
2024-03-30,Philadelphia,7938.0,6.87,5.33,310.967,3.9
2024-04-06,Philadelphia,7978.0,6.79,5.33,310.967,3.9
2024-04-13,Philadelphia,8082.0,6.82,5.33,310.967,3.9
2024-04-20,Philadelphia,8192.0,6.88,5.33,312.345,3.9
2024-04-27,Philadelphia,8385.0,7.1,5.33,312.345,3.9
2024-05-04,Philadelphia,8611.0,7.17,5.33,312.345,3.9
2024-05-11,Philadelphia,8751.0,7.22,5.33,312.345,3.9
2024-05-18,Philadelphia,8938.0,7.09,5.33,313.023,3.9
2024-05-25,Philadelphia,9040.0,7.02,5.33,313.023,3.9
2024-06-01,Philadelphia,9067.0,6.94,5.33,313.023,3.9
2024-06-08,Philadelphia,9156.0,7.03,5.33,313.023,3.9
2024-06-15,Philadelphia,9195.0,6.99,5.33,313.023,3.9
2024-06-22,Philadelphia,9332.0,6.95,5.33,313.175,3.9
2024-06-29,Philadelphia,9504.0,6.87,5.33,313.175,3.9
2024-07-06,Philadelphia,9420.0,6.86,5.33,313.175,3.9
2024-07-13,Philadelphia,9428.0,6.95,5.33,313.175,4.1
2024-07-20,Philadelphia,9473.0,6.89,5.33,313.044,4.1
2024-07-27,Philadelphia,9492.0,6.77,5.33,313.044,4.1
2024-08-03,Philadelphia,9705.0,6.78,5.33,313.044,4.1
2024-08-10,Philadelphia,9795.0,6.73,5.33,313.044,4.2
2024-08-17,Philadelphia,9841.0,6.47,5.33,313.569,4.2
2024-08-24,Philadelphia,9880.0,6.49,5.33,313.569,4.2
2024-08-31,Philadelphia,9857.0,6.46,5.33,313.569,4.2
2024-09-07,Philadelphia,9886.0,6.35,5.33,313.569,4.2
2024-09-14,Philadelphia,9970.0,6.35,5.33,313.569,4.2
2024-09-21,Philadelphia,10088.0,6.2,5.33,314.062,4.2
2024-09-28,Philadelphia,10256.0,6.09,5.33,314.062,4.2
2024-10-05,Philadelphia,10382.0,6.08,5.33,314.062,4.2
2024-10-12,Philadelphia,10416.0,6.12,5.13,314.062,4.1
2024-10-19,Philadelphia,10441.0,6.32,5.13,314.732,4.1
2024-10-26,Philadelphia,10480.0,6.44,5.13,314.732,4.1
2024-11-02,Philadelphia,10492.0,6.54,5.13,314.732,4.1
2024-11-09,Philadelphia,10496.0,6.72,4.83,314.732,4.1
2024-11-16,Philadelphia,10455.0,6.79,4.83,314.732,4.1
2024-11-23,Philadelphia,10353.0,6.78,4.83,315.631,4.1
2024-11-30,Philadelphia,10098.0,6.84,4.83,315.631,4.1
2024-12-07,Philadelphia,9862.0,6.81,4.83,315.631,4.1
2024-12-14,Philadelphia,9565.0,6.69,4.64,315.631,4.2
2024-12-21,Philadelphia,9210.0,6.6,4.64,316.528,4.2
2024-12-28,Philadelphia,8850.0,6.72,4.64,316.528,4.2
2025-01-04,Philadelphia,8501.0,6.85,4.64,316.528,4.2
2025-01-11,Philadelphia,8276.0,6.91,4.48,316.528,4.1
2025-01-18,Philadelphia,8180.0,6.93,4.48,317.604,4.1
2025-01-25,Philadelphia,8208.0,7.04,4.48,317.604,4.1
2025-02-01,Philadelphia,8206.0,6.96,4.48,317.604,4.1
2025-02-08,Philadelphia,8124.0,6.95,4.33,317.604,4.1
2025-02-15,Philadelphia,8046.0,6.89,4.33,317.604,4.0
2025-02-22,Philadelphia,8053.0,6.87,4.33,318.961,4.0
2025-03-01,Philadelphia,8120.0,6.85,4.33,318.961,4.0
2025-03-08,Philadelphia,8269.0,6.76,4.33,318.961,4.0
2025-03-15,Philadelphia,8470.0,6.63,4.33,318.961,4.2
2025-03-22,Philadelphia,8685.0,6.65,4.33,319.679,4.2
2025-03-29,Philadelphia,8863.0,6.67,4.33,319.679,4.2
2025-04-05,Philadelphia,9052.0,6.65,4.33,319.679,4.2
2025-04-12,Philadelphia,9210.0,6.64,4.33,319.679,4.2
2025-04-19,Philadelphia,9286.0,6.62,4.33,319.785,4.2
2025-04-26,Philadelphia,9448.0,6.83,4.33,319.785,4.2
2025-05-03,Philadelphia,9714.0,6.81,4.33,319.785,4.2
2025-05-10,Philadelphia,9921.0,6.76,4.33,319.785,4.2
2025-05-17,Philadelphia,10215.0,6.76,4.33,319.785,4.2
2025-05-24,Philadelphia,10367.0,6.81,4.33,320.302,4.2
2025-05-31,Philadelphia,10376.0,6.86,4.33,320.302,4.2
2025-06-07,Philadelphia,10480.0,6.89,4.33,320.302,4.2
2025-06-14,Philadelphia,10518.0,6.85,4.33,320.302,4.3
2025-06-21,Philadelphia,10611.0,6.84,4.33,320.62,4.3
2025-06-28,Philadelphia,10749.0,6.81,4.33,320.62,4.3
2025-07-05,Philadelphia,10655.0,6.77,4.33,320.62,4.3
2025-07-12,Philadelphia,10694.0,6.67,4.33,320.62,4.1
2025-07-19,Philadelphia,10807.0,6.72,4.33,321.435,4.1
2025-07-26,Philadelphia,10855.0,6.75,4.33,321.435,4.1
2025-08-02,Philadelphia,11061.0,6.74,4.33,321.435,4.1
2025-08-09,Philadelphia,11137.0,6.72,4.33,321.435,4.1
2025-08-16,Philadelphia,11154.0,6.63,4.33,321.435,4.3
2025-08-23,Philadelphia,11163.0,6.58,4.33,322.169,4.3
2025-08-30,Philadelphia,11090.0,6.58,4.33,322.169,4.3
2025-09-06,Philadelphia,11093.0,6.56,4.33,322.169,4.3
2025-09-13,Philadelphia,11182.0,6.5,4.33,322.169,4.3
2025-09-20,Philadelphia,11317.0,6.35,4.33,323.291,4.3
2025-09-27,Philadelphia,11529.0,6.26,4.33,323.291,4.3
2025-10-04,Philadelphia,11687.0,6.3,4.33,323.291,4.3
2025-10-11,Philadelphia,11738.0,6.34,4.22,323.291,4.4
2025-10-18,Philadelphia,11736.0,6.3,4.22,324.245,4.4
2025-10-25,Philadelphia,11739.0,6.27,4.22,324.245,4.4
2025-11-01,Philadelphia,11691.0,6.19,4.22,324.245,4.4
2025-11-08,Philadelphia,11597.0,6.17,4.09,324.245,4.4
2025-11-15,Philadelphia,11495.0,6.22,4.09,324.245,4.4
2025-11-22,Philadelphia,11278.0,6.24,4.09,324.245,4.4
2025-11-29,Philadelphia,10921.0,6.26,4.09,324.245,4.4
2025-12-06,Philadelphia,10607.0,6.23,4.09,324.245,4.4
2025-12-13,Philadelphia,10250.0,6.19,3.88,324.245,4.5
2025-12-20,Philadelphia,9882.0,6.22,3.88,325.063,4.5
2025-12-27,Philadelphia,9516.0,6.21,3.88,325.063,4.5
2026-01-03,Philadelphia,9128.0,6.18,3.88,325.063,4.5
2026-01-10,Philadelphia,8838.0,6.15,3.72,325.063,4.4
2026-01-17,Philadelphia,8726.0,6.16,3.72,326.031,4.4
2026-01-24,Philadelphia,8762.0,6.06,3.72,326.031,4.4
2026-01-31,Philadelphia,8753.0,6.09,3.72,326.031,4.4
2026-02-07,Philadelphia,8702.0,6.1,3.64,326.031,4.4
2026-02-14,Philadelphia,8582.0,6.11,3.64,326.031,4.3
2026-02-21,Philadelphia,8488.0,6.09,3.64,326.588,4.3
2026-02-28,Philadelphia,8439.0,6.01,3.64,326.588,4.3
2026-03-07,Philadelphia,8485.0,5.98,3.64,326.588,4.3
2026-03-14,Philadelphia,8610.0,6.0,3.64,326.588,4.4
2026-03-21,Philadelphia,8835.0,6.11,3.64,327.46,4.4
2026-03-28,Philadelphia,9141.0,6.22,3.64,327.46,4.4
2026-04-04,Philadelphia,9333.0,6.38,3.64,327.46,4.4
2026-04-11,Philadelphia,9593.0,6.46,3.64,327.46,4.3
2026-04-18,Philadelphia,9916.0,6.37,3.64,330.293,4.3
2026-04-25,Philadelphia,10234.0,6.3,3.64,330.293,4.3
2026-05-02,Philadelphia,10640.0,6.23,3.64,330.293,4.3
2026-05-09,Philadelphia,10947.0,6.3,3.64,330.293,4.3
2026-05-16,Philadelphia,11157.0,6.37,3.64,330.293,4.3
2026-05-23,Philadelphia,11270.0,6.36,3.64,332.407,4.3
2026-05-30,Philadelphia,11359.0,6.51,3.64,332.407,4.3
2026-06-06,Philadelphia,11510.0,6.53,3.64,332.407,4.3
2026-06-13,Philadelphia,11637.0,6.48,3.63,332.407,4.3
2026-06-20,Philadelphia,11826.0,6.52,3.63,333.979,4.3
2018-02-03,Phoenix,20207.0,4.15,1.3,247.805,4.1
2018-02-10,Phoenix,20549.0,4.22,1.41,247.805,4.0
2018-02-17,Phoenix,20812.0,4.32,1.41,248.859,4.0
2018-02-24,Phoenix,21068.0,4.38,1.41,248.859,4.0
2018-03-03,Phoenix,21241.0,4.4,1.41,248.859,4.0
2018-03-10,Phoenix,21343.0,4.43,1.42,248.859,4.0
2018-03-17,Phoenix,21435.0,4.46,1.42,248.859,4.1
2018-03-24,Phoenix,21456.0,4.44,1.42,249.529,4.1
2018-03-31,Phoenix,21462.0,4.45,1.42,249.529,4.1
2018-04-07,Phoenix,21464.0,4.44,1.51,249.529,4.1
2018-04-14,Phoenix,21514.0,4.4,1.51,249.529,4.0
2018-04-21,Phoenix,21489.0,4.42,1.51,249.577,4.0
2018-04-28,Phoenix,21524.0,4.47,1.51,249.577,4.0
2018-05-05,Phoenix,21479.0,4.58,1.51,249.577,4.0
2018-05-12,Phoenix,21386.0,4.55,1.69,249.577,4.0
2018-05-19,Phoenix,21347.0,4.55,1.69,250.227,4.0
2018-05-26,Phoenix,21252.0,4.61,1.69,250.227,4.0
2018-06-02,Phoenix,21182.0,4.66,1.69,250.227,4.0
2018-06-09,Phoenix,20971.0,4.56,1.7,250.227,4.0
2018-06-16,Phoenix,20764.0,4.54,1.7,250.227,3.8
2018-06-23,Phoenix,20521.0,4.62,1.7,250.792,3.8
2018-06-30,Phoenix,20338.0,4.57,1.7,250.792,3.8
2018-07-07,Phoenix,20017.0,4.55,1.7,250.792,3.8
2018-07-14,Phoenix,19787.0,4.52,1.82,250.792,4.0
2018-07-21,Phoenix,19567.0,4.53,1.82,251.018,4.0
2018-07-28,Phoenix,19270.0,4.52,1.82,251.018,4.0
2018-08-04,Phoenix,19210.0,4.54,1.82,251.018,4.0
2018-08-11,Phoenix,19041.0,4.6,1.91,251.018,3.8
2018-08-18,Phoenix,18929.0,4.59,1.91,251.214,3.8
2018-08-25,Phoenix,18906.0,4.53,1.91,251.214,3.8
2018-09-01,Phoenix,18954.0,4.51,1.91,251.214,3.8
2018-09-08,Phoenix,19009.0,4.52,1.91,251.214,3.8
2018-09-15,Phoenix,19075.0,4.54,1.91,251.214,3.8
2018-09-22,Phoenix,19187.0,4.6,1.91,251.663,3.8
2018-09-29,Phoenix,19293.0,4.65,1.91,251.663,3.8
2018-10-06,Phoenix,19430.0,4.72,1.91,251.663,3.8
2018-10-13,Phoenix,19679.0,4.71,1.95,251.663,3.7
2018-10-20,Phoenix,20041.0,4.9,1.95,252.182,3.7
2018-10-27,Phoenix,20501.0,4.85,1.95,252.182,3.7
2018-11-03,Phoenix,21134.0,4.86,1.95,252.182,3.7
2018-11-10,Phoenix,21805.0,4.83,2.19,252.182,3.8
2018-11-17,Phoenix,21797.0,4.94,2.19,252.772,3.8
2018-11-24,Phoenix,21476.0,4.94,2.19,252.772,3.8
2018-12-01,Phoenix,21036.0,4.81,2.19,252.772,3.8
2018-12-08,Phoenix,20260.0,4.81,2.2,252.772,3.8
2018-12-15,Phoenix,19939.0,4.75,2.2,252.772,3.8
2018-12-22,Phoenix,19649.0,4.63,2.2,252.594,3.8
2018-12-29,Phoenix,19183.0,4.62,2.2,252.594,3.8
2019-01-05,Phoenix,18916.0,4.55,2.2,252.594,3.8
2019-01-12,Phoenix,18862.0,4.51,2.27,252.594,3.9
2019-01-19,Phoenix,19172.0,4.45,2.27,252.767,3.9
2019-01-26,Phoenix,19660.0,4.45,2.27,252.767,3.9
2019-02-02,Phoenix,20178.0,4.45,2.27,252.767,3.9
2019-02-09,Phoenix,20607.0,4.46,2.4,252.767,3.9
2019-02-16,Phoenix,20959.0,4.41,2.4,252.767,4.0
2019-02-23,Phoenix,21228.0,4.37,2.4,252.561,4.0
2019-03-02,Phoenix,21436.0,4.35,2.4,252.561,4.0
2019-03-09,Phoenix,21559.0,4.35,2.4,252.561,4.0
2019-03-16,Phoenix,21577.0,4.41,2.4,252.561,3.8
2019-03-23,Phoenix,21624.0,4.31,2.4,253.319,3.8
2019-03-30,Phoenix,21621.0,4.28,2.4,253.319,3.8
2019-04-06,Phoenix,21673.0,4.06,2.4,253.319,3.8
2019-04-13,Phoenix,21689.0,4.08,2.41,253.319,3.8
2019-04-20,Phoenix,21638.0,4.12,2.41,254.277,3.8
2019-04-27,Phoenix,21573.0,4.17,2.41,254.277,3.8
2019-05-04,Phoenix,21457.0,4.2,2.41,254.277,3.8
2019-05-11,Phoenix,21227.0,4.14,2.42,254.277,3.7
2019-05-18,Phoenix,21023.0,4.1,2.42,255.233,3.7
2019-05-25,Phoenix,20746.0,4.07,2.42,255.233,3.7
2019-06-01,Phoenix,20416.0,4.06,2.42,255.233,3.7
2019-06-08,Phoenix,20037.0,3.99,2.39,255.233,3.7
2019-06-15,Phoenix,19597.0,3.82,2.39,255.233,3.6
2019-06-22,Phoenix,19253.0,3.82,2.39,255.296,3.6
2019-06-29,Phoenix,18892.0,3.84,2.39,255.296,3.6
2019-07-06,Phoenix,18402.0,3.73,2.39,255.296,3.6
2019-07-13,Phoenix,18037.0,3.75,2.38,255.296,3.6
2019-07-20,Phoenix,17598.0,3.75,2.38,255.213,3.6
2019-07-27,Phoenix,17148.0,3.81,2.38,255.213,3.6
2019-08-03,Phoenix,16901.0,3.75,2.38,255.213,3.6
2019-08-10,Phoenix,16535.0,3.75,2.4,255.213,3.7
2019-08-17,Phoenix,16269.0,3.6,2.4,255.802,3.7
2019-08-24,Phoenix,16038.0,3.6,2.4,255.802,3.7
2019-08-31,Phoenix,15867.0,3.55,2.4,255.802,3.7
2019-09-07,Phoenix,15737.0,3.58,2.13,255.802,3.7
2019-09-14,Phoenix,15663.0,3.49,2.13,255.802,3.6
2019-09-21,Phoenix,15654.0,3.56,2.13,256.036,3.6
2019-09-28,Phoenix,15694.0,3.73,2.13,256.036,3.6
2019-10-05,Phoenix,15800.0,3.64,2.13,256.036,3.6
2019-10-12,Phoenix,15913.0,3.65,2.04,256.036,3.5
2019-10-19,Phoenix,16089.0,3.57,2.04,256.43,3.5
2019-10-26,Phoenix,16239.0,3.69,2.04,256.43,3.5
2019-11-02,Phoenix,16359.0,3.75,2.04,256.43,3.5
2019-11-09,Phoenix,16383.0,3.78,1.83,256.43,3.5
2019-11-16,Phoenix,16327.0,3.69,1.83,256.43,3.6
2019-11-23,Phoenix,16172.0,3.75,1.83,257.155,3.6
2019-11-30,Phoenix,15844.0,3.66,1.83,257.155,3.6
2019-12-07,Phoenix,15540.0,3.68,1.83,257.155,3.6
2019-12-14,Phoenix,15163.0,3.68,1.55,257.155,3.6
2019-12-21,Phoenix,14782.0,3.73,1.55,257.879,3.6
2019-12-28,Phoenix,14333.0,3.73,1.55,257.879,3.6
2020-01-04,Phoenix,13926.0,3.74,1.55,257.879,3.6
2020-01-11,Phoenix,13704.0,3.72,1.55,257.879,3.6
2020-01-18,Phoenix,13688.0,3.64,1.55,258.63,3.6
2020-01-25,Phoenix,13962.0,3.65,1.55,258.63,3.6
2020-02-01,Phoenix,14205.0,3.6,1.55,258.63,3.6
2020-02-08,Phoenix,14379.0,3.51,1.55,258.63,3.6
2020-02-15,Phoenix,14494.0,3.45,1.55,258.63,3.6
2020-02-22,Phoenix,14547.0,3.47,1.55,259.127,3.6
2020-02-29,Phoenix,14563.0,3.49,1.55,259.127,3.6
2020-03-07,Phoenix,14525.0,3.45,1.55,259.127,3.6
2020-03-14,Phoenix,14470.0,3.29,1.58,259.127,3.5
2020-03-21,Phoenix,14569.0,3.36,1.58,259.25,3.5
2020-03-28,Phoenix,14824.0,3.65,1.58,259.25,3.5
2020-04-04,Phoenix,15171.0,3.5,1.58,259.25,3.5
2020-04-11,Phoenix,15485.0,3.33,0.65,259.25,4.4
2020-04-18,Phoenix,15709.0,3.33,0.65,258.076,4.4
2020-04-25,Phoenix,15775.0,3.31,0.65,258.076,4.4
2020-05-02,Phoenix,15744.0,3.33,0.65,258.076,4.4
2020-05-09,Phoenix,15697.0,3.23,0.05,258.076,4.4
2020-05-16,Phoenix,15603.0,3.26,0.05,258.076,14.8
2020-05-23,Phoenix,15488.0,3.28,0.05,256.032,14.8
2020-05-30,Phoenix,15312.0,3.24,0.05,256.032,14.8
2020-06-06,Phoenix,15033.0,3.15,0.05,256.032,14.8
2020-06-13,Phoenix,14710.0,3.18,0.05,256.032,13.2
2020-06-20,Phoenix,14312.0,3.21,0.05,255.802,13.2
2020-06-27,Phoenix,13880.0,3.13,0.05,255.802,13.2
2020-07-04,Phoenix,13453.0,3.13,0.05,255.802,13.2
2020-07-11,Phoenix,12989.0,3.07,0.08,255.802,11.0
2020-07-18,Phoenix,12602.0,3.03,0.08,257.042,11.0
2020-07-25,Phoenix,12261.0,2.98,0.08,257.042,11.0
2020-08-01,Phoenix,12022.0,3.01,0.08,257.042,11.0
2020-08-08,Phoenix,11886.0,2.99,0.09,257.042,11.0
2020-08-15,Phoenix,11851.0,2.88,0.09,257.042,10.2
2020-08-22,Phoenix,11924.0,2.96,0.09,258.352,10.2
2020-08-29,Phoenix,12080.0,2.99,0.09,258.352,10.2
2020-09-05,Phoenix,12351.0,2.91,0.09,258.352,10.2
2020-09-12,Phoenix,12539.0,2.93,0.1,258.352,8.4
2020-09-19,Phoenix,12814.0,2.86,0.1,259.316,8.4
2020-09-26,Phoenix,13046.0,2.87,0.1,259.316,8.4
2020-10-03,Phoenix,13187.0,2.9,0.1,259.316,8.4
2020-10-10,Phoenix,13377.0,2.88,0.09,259.316,8.4
2020-10-17,Phoenix,13524.0,2.87,0.09,259.316,7.8
2020-10-24,Phoenix,13668.0,2.81,0.09,259.997,7.8
2020-10-31,Phoenix,13750.0,2.8,0.09,259.997,7.8
2020-11-07,Phoenix,13704.0,2.81,0.09,259.997,7.8
2020-11-14,Phoenix,13557.0,2.78,0.09,259.997,6.9
2020-11-21,Phoenix,13348.0,2.84,0.09,260.319,6.9
2020-11-28,Phoenix,12910.0,2.72,0.09,260.319,6.9
2020-12-05,Phoenix,12567.0,2.72,0.09,260.319,6.9
2020-12-12,Phoenix,12108.0,2.71,0.09,260.319,6.7
2020-12-19,Phoenix,11567.0,2.71,0.09,260.911,6.7
2020-12-26,Phoenix,10973.0,2.67,0.09,260.911,6.7
2021-01-02,Phoenix,10324.0,2.66,0.09,260.911,6.7
2021-01-09,Phoenix,9839.0,2.67,0.09,260.911,6.7
2021-01-16,Phoenix,9590.0,2.65,0.09,260.911,6.7
2021-01-23,Phoenix,9716.0,2.79,0.09,262.045,6.7
2021-01-30,Phoenix,9833.0,2.77,0.09,262.045,6.7
2021-02-06,Phoenix,9938.0,2.73,0.09,262.045,6.7
2021-02-13,Phoenix,9927.0,2.73,0.09,262.045,6.4
2021-02-20,Phoenix,9822.0,2.73,0.09,262.687,6.4
2021-02-27,Phoenix,9770.0,2.81,0.09,262.687,6.4
2021-03-06,Phoenix,9704.0,2.97,0.09,262.687,6.4
2021-03-13,Phoenix,9680.0,3.02,0.08,262.687,6.2
2021-03-20,Phoenix,9692.0,3.05,0.08,263.579,6.2
2021-03-27,Phoenix,9725.0,3.09,0.08,263.579,6.2
2021-04-03,Phoenix,9772.0,3.17,0.08,263.579,6.2
2021-04-10,Phoenix,9812.0,3.18,0.07,263.579,6.1
2021-04-17,Phoenix,9913.0,3.13,0.07,264.961,6.1
2021-04-24,Phoenix,9991.0,3.04,0.07,264.961,6.1
2021-05-01,Phoenix,10099.0,2.97,0.07,264.961,6.1
2021-05-08,Phoenix,10163.0,2.98,0.07,264.961,6.1
2021-05-15,Phoenix,10169.0,2.96,0.07,264.961,6.1
2021-05-22,Phoenix,10214.0,2.94,0.07,266.614,6.1
2021-05-29,Phoenix,10173.0,3.0,0.07,266.614,6.1
2021-06-05,Phoenix,10152.0,2.95,0.07,266.614,6.1
2021-06-12,Phoenix,10205.0,2.99,0.06,266.614,5.8
2021-06-19,Phoenix,10292.0,2.96,0.06,268.383,5.8
2021-06-26,Phoenix,10450.0,2.93,0.06,268.383,5.8
2021-07-03,Phoenix,10596.0,3.02,0.06,268.383,5.8
2021-07-10,Phoenix,10664.0,2.98,0.08,268.383,5.8
2021-07-17,Phoenix,10770.0,2.9,0.08,268.383,5.9
2021-07-24,Phoenix,10897.0,2.88,0.08,270.654,5.9
2021-07-31,Phoenix,11059.0,2.78,0.08,270.654,5.9
2021-08-07,Phoenix,11228.0,2.8,0.1,270.654,5.9
2021-08-14,Phoenix,11360.0,2.77,0.1,270.654,5.4
2021-08-21,Phoenix,11460.0,2.87,0.1,271.903,5.4
2021-08-28,Phoenix,11576.0,2.86,0.1,271.903,5.4
2021-09-04,Phoenix,11649.0,2.87,0.1,271.903,5.4
2021-09-11,Phoenix,11693.0,2.87,0.09,271.903,5.1
2021-09-18,Phoenix,11797.0,2.88,0.09,272.676,5.1
2021-09-25,Phoenix,11810.0,2.86,0.09,272.676,5.1
2021-10-02,Phoenix,11892.0,2.88,0.09,272.676,5.1
2021-10-09,Phoenix,11948.0,3.01,0.08,272.676,5.1
2021-10-16,Phoenix,11968.0,2.99,0.08,272.676,4.7
2021-10-23,Phoenix,12057.0,3.05,0.08,273.91,4.7
2021-10-30,Phoenix,12091.0,3.09,0.08,273.91,4.7
2021-11-06,Phoenix,12075.0,3.14,0.08,273.91,4.7
2021-11-13,Phoenix,11997.0,3.09,0.08,273.91,4.5
2021-11-20,Phoenix,11870.0,2.98,0.08,276.55,4.5
2021-11-27,Phoenix,11522.0,3.1,0.08,276.55,4.5
2021-12-04,Phoenix,11275.0,3.1,0.08,276.55,4.5
2021-12-11,Phoenix,10971.0,3.11,0.08,276.55,4.1
2021-12-18,Phoenix,10589.0,3.1,0.08,278.919,4.1
2021-12-25,Phoenix,10161.0,3.12,0.08,278.919,4.1
2022-01-01,Phoenix,9576.0,3.05,0.08,278.919,4.1
2022-01-08,Phoenix,9121.0,3.11,0.08,278.919,4.1
2022-01-15,Phoenix,8835.0,3.22,0.08,278.919,3.9
2022-01-22,Phoenix,8820.0,3.45,0.08,280.845,3.9
2022-01-29,Phoenix,8915.0,3.56,0.08,280.845,3.9
2022-02-05,Phoenix,8988.0,3.55,0.08,280.845,3.9
2022-02-12,Phoenix,8980.0,3.55,0.08,280.845,4.0
2022-02-19,Phoenix,8970.0,3.69,0.08,282.543,4.0
2022-02-26,Phoenix,8948.0,3.92,0.08,282.543,4.0
2022-03-05,Phoenix,8959.0,3.89,0.08,282.543,4.0
2022-03-12,Phoenix,8956.0,3.76,0.08,282.543,4.0
2022-03-19,Phoenix,8971.0,3.85,0.08,282.543,3.9
2022-03-26,Phoenix,8994.0,4.16,0.08,284.5,3.9
2022-04-02,Phoenix,8990.0,4.42,0.08,284.5,3.9
2022-04-09,Phoenix,9079.0,4.67,0.2,284.5,3.9
2022-04-16,Phoenix,9184.0,4.72,0.2,284.5,3.7
2022-04-23,Phoenix,9364.0,5.0,0.2,287.674,3.7
2022-04-30,Phoenix,9670.0,5.11,0.2,287.674,3.7
2022-05-07,Phoenix,9983.0,5.1,0.2,287.674,3.7
2022-05-14,Phoenix,10436.0,5.27,0.33,287.674,3.7
2022-05-21,Phoenix,11010.0,5.3,0.33,288.561,3.7
2022-05-28,Phoenix,11570.0,5.25,0.33,288.561,3.7
2022-06-04,Phoenix,12204.0,5.1,0.33,288.561,3.7
2022-06-11,Phoenix,12869.0,5.09,0.77,288.561,3.6
2022-06-18,Phoenix,13562.0,5.23,0.77,291.298,3.6
2022-06-25,Phoenix,14338.0,5.78,0.77,291.298,3.6
2022-07-02,Phoenix,15138.0,5.81,0.77,291.298,3.6
2022-07-09,Phoenix,15900.0,5.7,1.21,291.298,3.6
2022-07-16,Phoenix,16672.0,5.3,1.21,291.298,3.6
2022-07-23,Phoenix,17394.0,5.51,1.21,294.957,3.6
2022-07-30,Phoenix,18077.0,5.54,1.21,294.957,3.6
2022-08-06,Phoenix,18704.0,5.3,1.21,294.957,3.6
2022-08-13,Phoenix,19201.0,4.99,1.68,294.957,3.5
2022-08-20,Phoenix,19555.0,5.22,1.68,294.913,3.5
2022-08-27,Phoenix,19818.0,5.13,1.68,294.913,3.5
2022-09-03,Phoenix,20000.0,5.55,1.68,294.913,3.5
2022-09-10,Phoenix,20036.0,5.66,2.33,294.913,3.6
2022-09-17,Phoenix,20112.0,5.89,2.33,295.097,3.6
2022-09-24,Phoenix,20156.0,6.02,2.33,295.097,3.6
2022-10-01,Phoenix,20222.0,6.29,2.33,295.097,3.6
2022-10-08,Phoenix,20311.0,6.7,2.56,295.097,3.6
2022-10-15,Phoenix,20364.0,6.66,2.56,295.097,3.5
2022-10-22,Phoenix,20417.0,6.92,2.56,296.349,3.5
2022-10-29,Phoenix,20400.0,6.94,2.56,296.349,3.5
2022-11-05,Phoenix,20377.0,7.08,2.56,296.349,3.5
2022-11-12,Phoenix,20211.0,6.95,3.08,296.349,3.6
2022-11-19,Phoenix,19972.0,7.08,3.08,298.007,3.6
2022-11-26,Phoenix,19584.0,6.61,3.08,298.007,3.6
2022-12-03,Phoenix,19192.0,6.58,3.08,298.007,3.6
2022-12-10,Phoenix,18729.0,6.49,3.78,298.007,3.6
2022-12-17,Phoenix,18176.0,6.33,3.78,298.007,3.6
2022-12-24,Phoenix,17604.0,6.31,3.78,298.786,3.6
2022-12-31,Phoenix,16931.0,6.27,3.78,298.786,3.6
2023-01-07,Phoenix,16414.0,6.42,4.1,298.786,3.6
2023-01-14,Phoenix,16127.0,6.48,4.1,298.786,3.5
2023-01-21,Phoenix,16059.0,6.33,4.1,298.832,3.5
2023-01-28,Phoenix,16129.0,6.15,4.1,298.832,3.5
2023-02-04,Phoenix,16201.0,6.13,4.1,298.832,3.5
2023-02-11,Phoenix,16193.0,6.09,4.33,298.832,3.5
2023-02-18,Phoenix,16137.0,6.12,4.33,300.42,3.5
2023-02-25,Phoenix,16007.0,6.32,4.33,300.42,3.5
2023-03-04,Phoenix,15862.0,6.5,4.33,300.42,3.5
2023-03-11,Phoenix,15637.0,6.65,4.57,300.42,3.5
2023-03-18,Phoenix,15371.0,6.73,4.57,300.42,3.6
2023-03-25,Phoenix,15111.0,6.6,4.57,301.45,3.6
2023-04-01,Phoenix,14839.0,6.42,4.57,301.45,3.6
2023-04-08,Phoenix,14546.0,6.32,4.65,301.45,3.6
2023-04-15,Phoenix,14309.0,6.28,4.65,301.45,3.5
2023-04-22,Phoenix,14111.0,6.27,4.65,301.821,3.5
2023-04-29,Phoenix,13878.0,6.39,4.65,301.821,3.5
2023-05-06,Phoenix,13675.0,6.43,4.65,301.821,3.5
2023-05-13,Phoenix,13413.0,6.39,4.83,301.821,3.4
2023-05-20,Phoenix,13125.0,6.35,4.83,302.845,3.4
2023-05-27,Phoenix,12837.0,6.39,4.83,302.845,3.4
2023-06-03,Phoenix,12534.0,6.57,4.83,302.845,3.4
2023-06-10,Phoenix,12241.0,6.79,5.06,302.845,3.6
2023-06-17,Phoenix,11959.0,6.71,5.06,303.334,3.6
2023-06-24,Phoenix,11694.0,6.69,5.06,303.334,3.6
2023-07-01,Phoenix,11504.0,6.67,5.06,303.334,3.6
2023-07-08,Phoenix,11262.0,6.71,5.08,303.334,3.6
2023-07-15,Phoenix,11106.0,6.81,5.08,303.334,3.6
2023-07-22,Phoenix,10987.0,6.96,5.08,304.014,3.6
2023-07-29,Phoenix,10859.0,6.78,5.08,304.014,3.6
2023-08-05,Phoenix,10838.0,6.81,5.08,304.014,3.6
2023-08-12,Phoenix,10777.0,6.9,5.12,304.014,3.5
2023-08-19,Phoenix,10763.0,6.96,5.12,304.609,3.5
2023-08-26,Phoenix,10813.0,7.09,5.12,304.609,3.5
2023-09-02,Phoenix,10892.0,7.23,5.12,304.609,3.5
2023-09-09,Phoenix,10974.0,7.18,5.33,304.609,3.5
2023-09-16,Phoenix,11126.0,7.12,5.33,304.609,3.7
2023-09-23,Phoenix,11293.0,7.18,5.33,306.082,3.7
2023-09-30,Phoenix,11505.0,7.19,5.33,306.082,3.7
2023-10-07,Phoenix,11782.0,7.31,5.33,306.082,3.7
2023-10-14,Phoenix,12090.0,7.49,5.33,306.082,3.7
2023-10-21,Phoenix,12479.0,7.57,5.33,307.276,3.7
2023-10-28,Phoenix,12890.0,7.63,5.33,307.276,3.7
2023-11-04,Phoenix,13325.0,7.79,5.33,307.276,3.7
2023-11-11,Phoenix,13639.0,7.76,5.33,307.276,3.9
2023-11-18,Phoenix,13889.0,7.5,5.33,307.696,3.9
2023-11-25,Phoenix,13944.0,7.44,5.33,307.696,3.9
2023-12-02,Phoenix,13996.0,7.29,5.33,307.696,3.9
2023-12-09,Phoenix,13975.0,7.22,5.33,307.696,3.9
2023-12-16,Phoenix,13843.0,7.03,5.33,307.696,3.7
2023-12-23,Phoenix,13275.0,6.95,5.33,308.148,3.7
2023-12-30,Phoenix,12514.0,6.67,5.33,308.148,3.7
2024-01-06,Phoenix,11964.0,6.61,5.33,308.148,3.7
2024-01-13,Phoenix,11601.0,6.62,5.33,308.148,3.8
2024-01-20,Phoenix,11858.0,6.66,5.33,308.741,3.8
2024-01-27,Phoenix,12242.0,6.6,5.33,308.741,3.8
2024-02-03,Phoenix,12511.0,6.69,5.33,308.741,3.8
2024-02-10,Phoenix,12746.0,6.63,5.33,308.741,3.7
2024-02-17,Phoenix,12903.0,6.64,5.33,309.698,3.7
2024-02-24,Phoenix,13097.0,6.77,5.33,309.698,3.7
2024-03-02,Phoenix,13324.0,6.9,5.33,309.698,3.7
2024-03-09,Phoenix,13467.0,6.94,5.33,309.698,3.7
2024-03-16,Phoenix,13638.0,6.88,5.33,309.698,3.9
2024-03-23,Phoenix,13773.0,6.74,5.33,310.967,3.9
2024-03-30,Phoenix,13828.0,6.87,5.33,310.967,3.9
2024-04-06,Phoenix,13925.0,6.79,5.33,310.967,3.9
2024-04-13,Phoenix,14037.0,6.82,5.33,310.967,3.9
2024-04-20,Phoenix,14125.0,6.88,5.33,312.345,3.9
2024-04-27,Phoenix,14223.0,7.1,5.33,312.345,3.9
2024-05-04,Phoenix,14298.0,7.17,5.33,312.345,3.9
2024-05-11,Phoenix,14330.0,7.22,5.33,312.345,3.9
2024-05-18,Phoenix,14390.0,7.09,5.33,313.023,3.9
2024-05-25,Phoenix,14433.0,7.02,5.33,313.023,3.9
2024-06-01,Phoenix,14435.0,6.94,5.33,313.023,3.9
2024-06-08,Phoenix,14451.0,7.03,5.33,313.023,3.9
2024-06-15,Phoenix,14422.0,6.99,5.33,313.023,3.9
2024-06-22,Phoenix,14418.0,6.95,5.33,313.175,3.9
2024-06-29,Phoenix,14417.0,6.87,5.33,313.175,3.9
2024-07-06,Phoenix,14307.0,6.86,5.33,313.175,3.9
2024-07-13,Phoenix,14270.0,6.95,5.33,313.175,4.1
2024-07-20,Phoenix,14280.0,6.89,5.33,313.044,4.1
2024-07-27,Phoenix,14249.0,6.77,5.33,313.044,4.1
2024-08-03,Phoenix,14310.0,6.78,5.33,313.044,4.1
2024-08-10,Phoenix,14285.0,6.73,5.33,313.044,4.2
2024-08-17,Phoenix,14243.0,6.47,5.33,313.569,4.2
2024-08-24,Phoenix,14264.0,6.49,5.33,313.569,4.2
2024-08-31,Phoenix,14312.0,6.46,5.33,313.569,4.2
2024-09-07,Phoenix,14457.0,6.35,5.33,313.569,4.2
2024-09-14,Phoenix,14653.0,6.35,5.33,313.569,4.2
2024-09-21,Phoenix,14908.0,6.2,5.33,314.062,4.2
2024-09-28,Phoenix,15202.0,6.09,5.33,314.062,4.2
2024-10-05,Phoenix,15537.0,6.08,5.33,314.062,4.2
2024-10-12,Phoenix,15859.0,6.12,5.13,314.062,4.1
2024-10-19,Phoenix,16166.0,6.32,5.13,314.732,4.1
2024-10-26,Phoenix,16458.0,6.44,5.13,314.732,4.1
2024-11-02,Phoenix,16666.0,6.54,5.13,314.732,4.1
2024-11-09,Phoenix,16842.0,6.72,4.83,314.732,4.1
2024-11-16,Phoenix,17018.0,6.79,4.83,314.732,4.1
2024-11-23,Phoenix,17141.0,6.78,4.83,315.631,4.1
2024-11-30,Phoenix,17083.0,6.84,4.83,315.631,4.1
2024-12-07,Phoenix,17003.0,6.81,4.83,315.631,4.1
2024-12-14,Phoenix,16768.0,6.69,4.64,315.631,4.2
2024-12-21,Phoenix,16417.0,6.6,4.64,316.528,4.2
2024-12-28,Phoenix,16073.0,6.72,4.64,316.528,4.2
2025-01-04,Phoenix,15856.0,6.85,4.64,316.528,4.2
2025-01-11,Phoenix,15910.0,6.91,4.48,316.528,4.1
2025-01-18,Phoenix,16297.0,6.93,4.48,317.604,4.1
2025-01-25,Phoenix,16921.0,7.04,4.48,317.604,4.1
2025-02-01,Phoenix,17497.0,6.96,4.48,317.604,4.1
2025-02-08,Phoenix,17939.0,6.95,4.33,317.604,4.1
2025-02-15,Phoenix,18257.0,6.89,4.33,317.604,4.0
2025-02-22,Phoenix,18581.0,6.87,4.33,318.961,4.0
2025-03-01,Phoenix,18905.0,6.85,4.33,318.961,4.0
2025-03-08,Phoenix,19223.0,6.76,4.33,318.961,4.0
2025-03-15,Phoenix,19535.0,6.63,4.33,318.961,4.2
2025-03-22,Phoenix,19811.0,6.65,4.33,319.679,4.2
2025-03-29,Phoenix,20052.0,6.67,4.33,319.679,4.2
2025-04-05,Phoenix,20355.0,6.65,4.33,319.679,4.2
2025-04-12,Phoenix,20626.0,6.64,4.33,319.679,4.2
2025-04-19,Phoenix,20885.0,6.62,4.33,319.785,4.2
2025-04-26,Phoenix,21148.0,6.83,4.33,319.785,4.2
2025-05-03,Phoenix,21355.0,6.81,4.33,319.785,4.2
2025-05-10,Phoenix,21460.0,6.76,4.33,319.785,4.2
2025-05-17,Phoenix,21512.0,6.76,4.33,319.785,4.2
2025-05-24,Phoenix,21482.0,6.81,4.33,320.302,4.2
2025-05-31,Phoenix,21349.0,6.86,4.33,320.302,4.2
2025-06-07,Phoenix,21201.0,6.89,4.33,320.302,4.2
2025-06-14,Phoenix,21016.0,6.85,4.33,320.302,4.3
2025-06-21,Phoenix,20816.0,6.84,4.33,320.62,4.3
2025-06-28,Phoenix,20619.0,6.81,4.33,320.62,4.3
2025-07-05,Phoenix,20350.0,6.77,4.33,320.62,4.3
2025-07-12,Phoenix,20069.0,6.67,4.33,320.62,4.1
2025-07-19,Phoenix,19777.0,6.72,4.33,321.435,4.1
2025-07-26,Phoenix,19425.0,6.75,4.33,321.435,4.1
2025-08-02,Phoenix,19147.0,6.74,4.33,321.435,4.1
2025-08-09,Phoenix,18825.0,6.72,4.33,321.435,4.1
2025-08-16,Phoenix,18508.0,6.63,4.33,321.435,4.3
2025-08-23,Phoenix,18258.0,6.58,4.33,322.169,4.3
2025-08-30,Phoenix,18038.0,6.58,4.33,322.169,4.3
2025-09-06,Phoenix,17964.0,6.56,4.33,322.169,4.3
2025-09-13,Phoenix,17990.0,6.5,4.33,322.169,4.3
2025-09-20,Phoenix,18129.0,6.35,4.33,323.291,4.3
2025-09-27,Phoenix,18346.0,6.26,4.33,323.291,4.3
2025-10-04,Phoenix,18609.0,6.3,4.33,323.291,4.3
2025-10-11,Phoenix,18865.0,6.34,4.22,323.291,4.4
2025-10-18,Phoenix,19105.0,6.3,4.22,324.245,4.4
2025-10-25,Phoenix,19336.0,6.27,4.22,324.245,4.4
2025-11-01,Phoenix,19500.0,6.19,4.22,324.245,4.4
2025-11-08,Phoenix,19601.0,6.17,4.09,324.245,4.4
2025-11-15,Phoenix,19622.0,6.22,4.09,324.245,4.4
2025-11-22,Phoenix,19526.0,6.24,4.09,324.245,4.4
2025-11-29,Phoenix,19236.0,6.26,4.09,324.245,4.4
2025-12-06,Phoenix,18939.0,6.23,4.09,324.245,4.4
2025-12-13,Phoenix,18572.0,6.19,3.88,324.245,4.5
2025-12-20,Phoenix,18198.0,6.22,3.88,325.063,4.5
2025-12-27,Phoenix,17793.0,6.21,3.88,325.063,4.5
2026-01-03,Phoenix,17468.0,6.18,3.88,325.063,4.5
2026-01-10,Phoenix,17391.0,6.15,3.72,325.063,4.4
2026-01-17,Phoenix,17597.0,6.16,3.72,326.031,4.4
2026-01-24,Phoenix,18124.0,6.06,3.72,326.031,4.4
2026-01-31,Phoenix,18702.0,6.09,3.72,326.031,4.4
2026-02-07,Phoenix,19196.0,6.1,3.64,326.031,4.4
2026-02-14,Phoenix,19578.0,6.11,3.64,326.031,4.3
2026-02-21,Phoenix,19899.0,6.09,3.64,326.588,4.3
2026-02-28,Phoenix,20142.0,6.01,3.64,326.588,4.3
2026-03-07,Phoenix,20347.0,5.98,3.64,326.588,4.3
2026-03-14,Phoenix,20529.0,6.0,3.64,326.588,4.4
2026-03-21,Phoenix,20677.0,6.11,3.64,327.46,4.4
2026-03-28,Phoenix,20827.0,6.22,3.64,327.46,4.4
2026-04-04,Phoenix,20959.0,6.38,3.64,327.46,4.4
2026-04-11,Phoenix,21045.0,6.46,3.64,327.46,4.3
2026-04-18,Phoenix,21161.0,6.37,3.64,330.293,4.3
2026-04-25,Phoenix,21228.0,6.3,3.64,330.293,4.3
2026-05-02,Phoenix,21247.0,6.23,3.64,330.293,4.3
2026-05-09,Phoenix,21185.0,6.3,3.64,330.293,4.3
2026-05-16,Phoenix,21058.0,6.37,3.64,330.293,4.3
2026-05-23,Phoenix,20889.0,6.36,3.64,332.407,4.3
2026-05-30,Phoenix,20687.0,6.51,3.64,332.407,4.3
2026-06-06,Phoenix,20490.0,6.53,3.64,332.407,4.3
2026-06-13,Phoenix,20253.0,6.48,3.63,332.407,4.3
2026-06-20,Phoenix,20020.0,6.52,3.63,333.979,4.3
2018-02-03,Riverside,13682.0,4.15,1.3,247.805,4.1
2018-02-10,Riverside,13912.0,4.22,1.41,247.805,4.0
2018-02-17,Riverside,14113.0,4.32,1.41,248.859,4.0
2018-02-24,Riverside,14308.0,4.38,1.41,248.859,4.0
2018-03-03,Riverside,14518.0,4.4,1.41,248.859,4.0
2018-03-10,Riverside,14585.0,4.43,1.42,248.859,4.0
2018-03-17,Riverside,14764.0,4.46,1.42,248.859,4.1
2018-03-24,Riverside,14825.0,4.44,1.42,249.529,4.1
2018-03-31,Riverside,14796.0,4.45,1.42,249.529,4.1
2018-04-07,Riverside,14812.0,4.44,1.51,249.529,4.1
2018-04-14,Riverside,14766.0,4.4,1.51,249.529,4.0
2018-04-21,Riverside,14855.0,4.42,1.51,249.577,4.0
2018-04-28,Riverside,15042.0,4.47,1.51,249.577,4.0
2018-05-05,Riverside,15229.0,4.58,1.51,249.577,4.0
2018-05-12,Riverside,15365.0,4.55,1.69,249.577,4.0
2018-05-19,Riverside,15523.0,4.55,1.69,250.227,4.0
2018-05-26,Riverside,15702.0,4.61,1.69,250.227,4.0
2018-06-02,Riverside,15828.0,4.66,1.69,250.227,4.0
2018-06-09,Riverside,15992.0,4.56,1.7,250.227,4.0
2018-06-16,Riverside,16153.0,4.54,1.7,250.227,3.8
2018-06-23,Riverside,16262.0,4.62,1.7,250.792,3.8
2018-06-30,Riverside,16446.0,4.57,1.7,250.792,3.8
2018-07-07,Riverside,16522.0,4.55,1.7,250.792,3.8
2018-07-14,Riverside,16621.0,4.52,1.82,250.792,4.0
2018-07-21,Riverside,16700.0,4.53,1.82,251.018,4.0
2018-07-28,Riverside,16863.0,4.52,1.82,251.018,4.0
2018-08-04,Riverside,17006.0,4.54,1.82,251.018,4.0
2018-08-11,Riverside,17074.0,4.6,1.91,251.018,3.8
2018-08-18,Riverside,17136.0,4.59,1.91,251.214,3.8
2018-08-25,Riverside,17077.0,4.53,1.91,251.214,3.8
2018-09-01,Riverside,17134.0,4.51,1.91,251.214,3.8
2018-09-08,Riverside,17196.0,4.52,1.91,251.214,3.8
2018-09-15,Riverside,17265.0,4.54,1.91,251.214,3.8
2018-09-22,Riverside,17344.0,4.6,1.91,251.663,3.8
2018-09-29,Riverside,17390.0,4.65,1.91,251.663,3.8
2018-10-06,Riverside,17451.0,4.72,1.91,251.663,3.8
2018-10-13,Riverside,17527.0,4.71,1.95,251.663,3.7
2018-10-20,Riverside,17610.0,4.9,1.95,252.182,3.7
2018-10-27,Riverside,17684.0,4.85,1.95,252.182,3.7
2018-11-03,Riverside,17752.0,4.86,1.95,252.182,3.7
2018-11-10,Riverside,17808.0,4.83,2.19,252.182,3.8
2018-11-17,Riverside,17862.0,4.94,2.19,252.772,3.8
2018-11-24,Riverside,17793.0,4.94,2.19,252.772,3.8
2018-12-01,Riverside,17761.0,4.81,2.19,252.772,3.8
2018-12-08,Riverside,17585.0,4.81,2.2,252.772,3.8
2018-12-15,Riverside,17312.0,4.75,2.2,252.772,3.8
2018-12-22,Riverside,17088.0,4.63,2.2,252.594,3.8
2018-12-29,Riverside,16661.0,4.62,2.2,252.594,3.8
2019-01-05,Riverside,16375.0,4.55,2.2,252.594,3.8
2019-01-12,Riverside,16219.0,4.51,2.27,252.594,3.9
2019-01-19,Riverside,16181.0,4.45,2.27,252.767,3.9
2019-01-26,Riverside,16313.0,4.45,2.27,252.767,3.9
2019-02-02,Riverside,16407.0,4.45,2.27,252.767,3.9
2019-02-09,Riverside,16432.0,4.46,2.4,252.767,3.9
2019-02-16,Riverside,16497.0,4.41,2.4,252.767,4.0
2019-02-23,Riverside,16521.0,4.37,2.4,252.561,4.0
2019-03-02,Riverside,16567.0,4.35,2.4,252.561,4.0
2019-03-09,Riverside,16619.0,4.35,2.4,252.561,4.0
2019-03-16,Riverside,16587.0,4.41,2.4,252.561,3.8
2019-03-23,Riverside,16533.0,4.31,2.4,253.319,3.8
2019-03-30,Riverside,16479.0,4.28,2.4,253.319,3.8
2019-04-06,Riverside,16462.0,4.06,2.4,253.319,3.8
2019-04-13,Riverside,16511.0,4.08,2.41,253.319,3.8
2019-04-20,Riverside,16585.0,4.12,2.41,254.277,3.8
2019-04-27,Riverside,16648.0,4.17,2.41,254.277,3.8
2019-05-04,Riverside,16715.0,4.2,2.41,254.277,3.8
2019-05-11,Riverside,16559.0,4.14,2.42,254.277,3.7
2019-05-18,Riverside,16470.0,4.1,2.42,255.233,3.7
2019-05-25,Riverside,16326.0,4.07,2.42,255.233,3.7
2019-06-01,Riverside,16172.0,4.06,2.42,255.233,3.7
2019-06-08,Riverside,16180.0,3.99,2.39,255.233,3.7
2019-06-15,Riverside,16112.0,3.82,2.39,255.233,3.6
2019-06-22,Riverside,16133.0,3.82,2.39,255.296,3.6
2019-06-29,Riverside,16152.0,3.84,2.39,255.296,3.6
2019-07-06,Riverside,16077.0,3.73,2.39,255.296,3.6
2019-07-13,Riverside,16081.0,3.75,2.38,255.296,3.6
2019-07-20,Riverside,16048.0,3.75,2.38,255.213,3.6
2019-07-27,Riverside,15978.0,3.81,2.38,255.213,3.6
2019-08-03,Riverside,16018.0,3.75,2.38,255.213,3.6
2019-08-10,Riverside,15976.0,3.75,2.4,255.213,3.7
2019-08-17,Riverside,15913.0,3.6,2.4,255.802,3.7
2019-08-24,Riverside,15854.0,3.6,2.4,255.802,3.7
2019-08-31,Riverside,15799.0,3.55,2.4,255.802,3.7
2019-09-07,Riverside,15761.0,3.58,2.13,255.802,3.7
2019-09-14,Riverside,15781.0,3.49,2.13,255.802,3.6
2019-09-21,Riverside,15817.0,3.56,2.13,256.036,3.6
2019-09-28,Riverside,15803.0,3.73,2.13,256.036,3.6
2019-10-05,Riverside,15788.0,3.64,2.13,256.036,3.6
2019-10-12,Riverside,15727.0,3.65,2.04,256.036,3.5
2019-10-19,Riverside,15630.0,3.57,2.04,256.43,3.5
2019-10-26,Riverside,15558.0,3.69,2.04,256.43,3.5
2019-11-02,Riverside,15483.0,3.75,2.04,256.43,3.5
2019-11-09,Riverside,15385.0,3.78,1.83,256.43,3.5
2019-11-16,Riverside,15306.0,3.69,1.83,256.43,3.6
2019-11-23,Riverside,15195.0,3.75,1.83,257.155,3.6
2019-11-30,Riverside,14894.0,3.66,1.83,257.155,3.6
2019-12-07,Riverside,14606.0,3.68,1.83,257.155,3.6
2019-12-14,Riverside,14278.0,3.68,1.55,257.155,3.6
2019-12-21,Riverside,13909.0,3.73,1.55,257.879,3.6
2019-12-28,Riverside,13523.0,3.73,1.55,257.879,3.6
2020-01-04,Riverside,13149.0,3.74,1.55,257.879,3.6
2020-01-11,Riverside,12857.0,3.72,1.55,257.879,3.6
2020-01-18,Riverside,12706.0,3.64,1.55,258.63,3.6
2020-01-25,Riverside,12773.0,3.65,1.55,258.63,3.6
2020-02-01,Riverside,12828.0,3.6,1.55,258.63,3.6
2020-02-08,Riverside,12825.0,3.51,1.55,258.63,3.6
2020-02-15,Riverside,12728.0,3.45,1.55,258.63,3.6
2020-02-22,Riverside,12588.0,3.47,1.55,259.127,3.6
2020-02-29,Riverside,12454.0,3.49,1.55,259.127,3.6
2020-03-07,Riverside,12369.0,3.45,1.55,259.127,3.6
2020-03-14,Riverside,12290.0,3.29,1.58,259.127,3.5
2020-03-21,Riverside,12216.0,3.36,1.58,259.25,3.5
2020-03-28,Riverside,12123.0,3.65,1.58,259.25,3.5
2020-04-04,Riverside,12068.0,3.5,1.58,259.25,3.5
2020-04-11,Riverside,12001.0,3.33,0.65,259.25,4.4
2020-04-18,Riverside,11996.0,3.33,0.65,258.076,4.4
2020-04-25,Riverside,12004.0,3.31,0.65,258.076,4.4
2020-05-02,Riverside,11972.0,3.33,0.65,258.076,4.4
2020-05-09,Riverside,11936.0,3.23,0.05,258.076,4.4
2020-05-16,Riverside,11881.0,3.26,0.05,258.076,14.8
2020-05-23,Riverside,11805.0,3.28,0.05,256.032,14.8
2020-05-30,Riverside,11599.0,3.24,0.05,256.032,14.8
2020-06-06,Riverside,11395.0,3.15,0.05,256.032,14.8
2020-06-13,Riverside,11101.0,3.18,0.05,256.032,13.2
2020-06-20,Riverside,10765.0,3.21,0.05,255.802,13.2
2020-06-27,Riverside,10416.0,3.13,0.05,255.802,13.2
2020-07-04,Riverside,10031.0,3.13,0.05,255.802,13.2
2020-07-11,Riverside,9651.0,3.07,0.08,255.802,11.0
2020-07-18,Riverside,9312.0,3.03,0.08,257.042,11.0
2020-07-25,Riverside,9033.0,2.98,0.08,257.042,11.0
2020-08-01,Riverside,8777.0,3.01,0.08,257.042,11.0
2020-08-08,Riverside,8604.0,2.99,0.09,257.042,11.0
2020-08-15,Riverside,8469.0,2.88,0.09,257.042,10.2
2020-08-22,Riverside,8405.0,2.96,0.09,258.352,10.2
2020-08-29,Riverside,8387.0,2.99,0.09,258.352,10.2
2020-09-05,Riverside,8408.0,2.91,0.09,258.352,10.2
2020-09-12,Riverside,8389.0,2.93,0.1,258.352,8.4
2020-09-19,Riverside,8398.0,2.86,0.1,259.316,8.4
2020-09-26,Riverside,8403.0,2.87,0.1,259.316,8.4
2020-10-03,Riverside,8388.0,2.9,0.1,259.316,8.4
2020-10-10,Riverside,8464.0,2.88,0.09,259.316,8.4
2020-10-17,Riverside,8518.0,2.87,0.09,259.316,7.8
2020-10-24,Riverside,8574.0,2.81,0.09,259.997,7.8
2020-10-31,Riverside,8560.0,2.8,0.09,259.997,7.8
2020-11-07,Riverside,8425.0,2.81,0.09,259.997,7.8
2020-11-14,Riverside,8260.0,2.78,0.09,259.997,6.9
2020-11-21,Riverside,8093.0,2.84,0.09,260.319,6.9
2020-11-28,Riverside,7813.0,2.72,0.09,260.319,6.9
2020-12-05,Riverside,7612.0,2.72,0.09,260.319,6.9
2020-12-12,Riverside,7366.0,2.71,0.09,260.319,6.7
2020-12-19,Riverside,7064.0,2.71,0.09,260.911,6.7
2020-12-26,Riverside,6758.0,2.67,0.09,260.911,6.7
2021-01-02,Riverside,6377.0,2.66,0.09,260.911,6.7
2021-01-09,Riverside,6111.0,2.67,0.09,260.911,6.7
2021-01-16,Riverside,6023.0,2.65,0.09,260.911,6.7
2021-01-23,Riverside,6067.0,2.79,0.09,262.045,6.7
2021-01-30,Riverside,6126.0,2.77,0.09,262.045,6.7
2021-02-06,Riverside,6112.0,2.73,0.09,262.045,6.7
2021-02-13,Riverside,5978.0,2.73,0.09,262.045,6.4
2021-02-20,Riverside,5827.0,2.73,0.09,262.687,6.4
2021-02-27,Riverside,5715.0,2.81,0.09,262.687,6.4
2021-03-06,Riverside,5650.0,2.97,0.09,262.687,6.4
2021-03-13,Riverside,5609.0,3.02,0.08,262.687,6.2
2021-03-20,Riverside,5603.0,3.05,0.08,263.579,6.2
2021-03-27,Riverside,5622.0,3.09,0.08,263.579,6.2
2021-04-03,Riverside,5594.0,3.17,0.08,263.579,6.2
2021-04-10,Riverside,5590.0,3.18,0.07,263.579,6.1
2021-04-17,Riverside,5651.0,3.13,0.07,264.961,6.1
2021-04-24,Riverside,5721.0,3.04,0.07,264.961,6.1
2021-05-01,Riverside,5821.0,2.97,0.07,264.961,6.1
2021-05-08,Riverside,5900.0,2.98,0.07,264.961,6.1
2021-05-15,Riverside,5961.0,2.96,0.07,264.961,6.1
2021-05-22,Riverside,6080.0,2.94,0.07,266.614,6.1
2021-05-29,Riverside,6186.0,3.0,0.07,266.614,6.1
2021-06-05,Riverside,6293.0,2.95,0.07,266.614,6.1
2021-06-12,Riverside,6459.0,2.99,0.06,266.614,5.8
2021-06-19,Riverside,6554.0,2.96,0.06,268.383,5.8
2021-06-26,Riverside,6684.0,2.93,0.06,268.383,5.8
2021-07-03,Riverside,6850.0,3.02,0.06,268.383,5.8
2021-07-10,Riverside,6945.0,2.98,0.08,268.383,5.8
2021-07-17,Riverside,7145.0,2.9,0.08,268.383,5.9
2021-07-24,Riverside,7377.0,2.88,0.08,270.654,5.9
2021-07-31,Riverside,7566.0,2.78,0.08,270.654,5.9
2021-08-07,Riverside,7785.0,2.8,0.1,270.654,5.9
2021-08-14,Riverside,7925.0,2.77,0.1,270.654,5.4
2021-08-21,Riverside,8018.0,2.87,0.1,271.903,5.4
2021-08-28,Riverside,8112.0,2.86,0.1,271.903,5.4
2021-09-04,Riverside,8208.0,2.87,0.1,271.903,5.4
2021-09-11,Riverside,8262.0,2.87,0.09,271.903,5.1
2021-09-18,Riverside,8340.0,2.88,0.09,272.676,5.1
2021-09-25,Riverside,8366.0,2.86,0.09,272.676,5.1
2021-10-02,Riverside,8356.0,2.88,0.09,272.676,5.1
2021-10-09,Riverside,8324.0,3.01,0.08,272.676,5.1
2021-10-16,Riverside,8241.0,2.99,0.08,272.676,4.7
2021-10-23,Riverside,8197.0,3.05,0.08,273.91,4.7
2021-10-30,Riverside,8092.0,3.09,0.08,273.91,4.7
2021-11-06,Riverside,8013.0,3.14,0.08,273.91,4.7
2021-11-13,Riverside,7882.0,3.09,0.08,273.91,4.5
2021-11-20,Riverside,7717.0,2.98,0.08,276.55,4.5
2021-11-27,Riverside,7404.0,3.1,0.08,276.55,4.5
2021-12-04,Riverside,7115.0,3.1,0.08,276.55,4.5
2021-12-11,Riverside,6815.0,3.11,0.08,276.55,4.1
2021-12-18,Riverside,6456.0,3.1,0.08,278.919,4.1
2021-12-25,Riverside,6124.0,3.12,0.08,278.919,4.1
2022-01-01,Riverside,5715.0,3.05,0.08,278.919,4.1
2022-01-08,Riverside,5438.0,3.11,0.08,278.919,4.1
2022-01-15,Riverside,5325.0,3.22,0.08,278.919,3.9
2022-01-22,Riverside,5379.0,3.45,0.08,280.845,3.9
2022-01-29,Riverside,5495.0,3.56,0.08,280.845,3.9
2022-02-05,Riverside,5585.0,3.55,0.08,280.845,3.9
2022-02-12,Riverside,5634.0,3.55,0.08,280.845,4.0
2022-02-19,Riverside,5672.0,3.69,0.08,282.543,4.0
2022-02-26,Riverside,5725.0,3.92,0.08,282.543,4.0
2022-03-05,Riverside,5800.0,3.89,0.08,282.543,4.0
2022-03-12,Riverside,5852.0,3.76,0.08,282.543,4.0
2022-03-19,Riverside,5936.0,3.85,0.08,282.543,3.9
2022-03-26,Riverside,6013.0,4.16,0.08,284.5,3.9
2022-04-02,Riverside,6052.0,4.42,0.08,284.5,3.9
2022-04-09,Riverside,6170.0,4.67,0.2,284.5,3.9
2022-04-16,Riverside,6292.0,4.72,0.2,284.5,3.7
2022-04-23,Riverside,6491.0,5.0,0.2,287.674,3.7
2022-04-30,Riverside,6774.0,5.11,0.2,287.674,3.7
2022-05-07,Riverside,7058.0,5.1,0.2,287.674,3.7
2022-05-14,Riverside,7417.0,5.27,0.33,287.674,3.7
2022-05-21,Riverside,7818.0,5.3,0.33,288.561,3.7
2022-05-28,Riverside,8194.0,5.25,0.33,288.561,3.7
2022-06-04,Riverside,8540.0,5.1,0.33,288.561,3.7
2022-06-11,Riverside,8918.0,5.09,0.77,288.561,3.6
2022-06-18,Riverside,9286.0,5.23,0.77,291.298,3.6
2022-06-25,Riverside,9709.0,5.78,0.77,291.298,3.6
2022-07-02,Riverside,10199.0,5.81,0.77,291.298,3.6
2022-07-09,Riverside,10629.0,5.7,1.21,291.298,3.6
2022-07-16,Riverside,11055.0,5.3,1.21,291.298,3.6
2022-07-23,Riverside,11421.0,5.51,1.21,294.957,3.6
2022-07-30,Riverside,11686.0,5.54,1.21,294.957,3.6
2022-08-06,Riverside,11904.0,5.3,1.21,294.957,3.6
2022-08-13,Riverside,12017.0,4.99,1.68,294.957,3.5
2022-08-20,Riverside,12061.0,5.22,1.68,294.913,3.5
2022-08-27,Riverside,12070.0,5.13,1.68,294.913,3.5
2022-09-03,Riverside,12044.0,5.55,1.68,294.913,3.5
2022-09-10,Riverside,11981.0,5.66,2.33,294.913,3.6
2022-09-17,Riverside,11944.0,5.89,2.33,295.097,3.6
2022-09-24,Riverside,11930.0,6.02,2.33,295.097,3.6
2022-10-01,Riverside,11922.0,6.29,2.33,295.097,3.6
2022-10-08,Riverside,11936.0,6.7,2.56,295.097,3.6
2022-10-15,Riverside,11930.0,6.66,2.56,295.097,3.5
2022-10-22,Riverside,11947.0,6.92,2.56,296.349,3.5
2022-10-29,Riverside,11963.0,6.94,2.56,296.349,3.5
2022-11-05,Riverside,11996.0,7.08,2.56,296.349,3.5
2022-11-12,Riverside,11985.0,6.95,3.08,296.349,3.6
2022-11-19,Riverside,11909.0,7.08,3.08,298.007,3.6
2022-11-26,Riverside,11731.0,6.61,3.08,298.007,3.6
2022-12-03,Riverside,11556.0,6.58,3.08,298.007,3.6
2022-12-10,Riverside,11337.0,6.49,3.78,298.007,3.6
2022-12-17,Riverside,11074.0,6.33,3.78,298.007,3.6
2022-12-24,Riverside,10784.0,6.31,3.78,298.786,3.6
2022-12-31,Riverside,10400.0,6.27,3.78,298.786,3.6
2023-01-07,Riverside,10045.0,6.42,4.1,298.786,3.6
2023-01-14,Riverside,9762.0,6.48,4.1,298.786,3.5
2023-01-21,Riverside,9618.0,6.33,4.1,298.832,3.5
2023-01-28,Riverside,9497.0,6.15,4.1,298.832,3.5
2023-02-04,Riverside,9388.0,6.13,4.1,298.832,3.5
2023-02-11,Riverside,9242.0,6.09,4.33,298.832,3.5
2023-02-18,Riverside,9061.0,6.12,4.33,300.42,3.5
2023-02-25,Riverside,8892.0,6.32,4.33,300.42,3.5
2023-03-04,Riverside,8714.0,6.5,4.33,300.42,3.5
2023-03-11,Riverside,8569.0,6.65,4.57,300.42,3.5
2023-03-18,Riverside,8442.0,6.73,4.57,300.42,3.6
2023-03-25,Riverside,8312.0,6.6,4.57,301.45,3.6
2023-04-01,Riverside,8212.0,6.42,4.57,301.45,3.6
2023-04-08,Riverside,8077.0,6.32,4.65,301.45,3.6
2023-04-15,Riverside,7917.0,6.28,4.65,301.45,3.5
2023-04-22,Riverside,7800.0,6.27,4.65,301.821,3.5
2023-04-29,Riverside,7681.0,6.39,4.65,301.821,3.5
2023-05-06,Riverside,7605.0,6.43,4.65,301.821,3.5
2023-05-13,Riverside,7577.0,6.39,4.83,301.821,3.4
2023-05-20,Riverside,7569.0,6.35,4.83,302.845,3.4
2023-05-27,Riverside,7608.0,6.39,4.83,302.845,3.4
2023-06-03,Riverside,7657.0,6.57,4.83,302.845,3.4
2023-06-10,Riverside,7704.0,6.79,5.06,302.845,3.6
2023-06-17,Riverside,7737.0,6.71,5.06,303.334,3.6
2023-06-24,Riverside,7748.0,6.69,5.06,303.334,3.6
2023-07-01,Riverside,7786.0,6.67,5.06,303.334,3.6
2023-07-08,Riverside,7802.0,6.71,5.08,303.334,3.6
2023-07-15,Riverside,7887.0,6.81,5.08,303.334,3.6
2023-07-22,Riverside,7991.0,6.96,5.08,304.014,3.6
2023-07-29,Riverside,8056.0,6.78,5.08,304.014,3.6
2023-08-05,Riverside,8160.0,6.81,5.08,304.014,3.6
2023-08-12,Riverside,8222.0,6.9,5.12,304.014,3.5
2023-08-19,Riverside,8263.0,6.96,5.12,304.609,3.5
2023-08-26,Riverside,8300.0,7.09,5.12,304.609,3.5
2023-09-02,Riverside,8353.0,7.23,5.12,304.609,3.5
2023-09-09,Riverside,8375.0,7.18,5.33,304.609,3.5
2023-09-16,Riverside,8436.0,7.12,5.33,304.609,3.7
2023-09-23,Riverside,8514.0,7.18,5.33,306.082,3.7
2023-09-30,Riverside,8556.0,7.19,5.33,306.082,3.7
2023-10-07,Riverside,8640.0,7.31,5.33,306.082,3.7
2023-10-14,Riverside,8727.0,7.49,5.33,306.082,3.7
2023-10-21,Riverside,8854.0,7.57,5.33,307.276,3.7
2023-10-28,Riverside,9006.0,7.63,5.33,307.276,3.7
2023-11-04,Riverside,9158.0,7.79,5.33,307.276,3.7
2023-11-11,Riverside,9275.0,7.76,5.33,307.276,3.9
2023-11-18,Riverside,9339.0,7.5,5.33,307.696,3.9
2023-11-25,Riverside,9273.0,7.44,5.33,307.696,3.9
2023-12-02,Riverside,9210.0,7.29,5.33,307.696,3.9
2023-12-09,Riverside,9108.0,7.22,5.33,307.696,3.9
2023-12-16,Riverside,8978.0,7.03,5.33,307.696,3.7
2023-12-23,Riverside,8854.0,6.95,5.33,308.148,3.7
2023-12-30,Riverside,8595.0,6.67,5.33,308.148,3.7
2024-01-06,Riverside,8376.0,6.61,5.33,308.148,3.7
2024-01-13,Riverside,8247.0,6.62,5.33,308.148,3.8
2024-01-20,Riverside,8239.0,6.66,5.33,308.741,3.8
2024-01-27,Riverside,8336.0,6.6,5.33,308.741,3.8
2024-02-03,Riverside,8426.0,6.69,5.33,308.741,3.8
2024-02-10,Riverside,8400.0,6.63,5.33,308.741,3.7
2024-02-17,Riverside,8390.0,6.64,5.33,309.698,3.7
2024-02-24,Riverside,8398.0,6.77,5.33,309.698,3.7
2024-03-02,Riverside,8434.0,6.9,5.33,309.698,3.7
2024-03-09,Riverside,8535.0,6.94,5.33,309.698,3.7
2024-03-16,Riverside,8626.0,6.88,5.33,309.698,3.9
2024-03-23,Riverside,8693.0,6.74,5.33,310.967,3.9
2024-03-30,Riverside,8740.0,6.87,5.33,310.967,3.9
2024-04-06,Riverside,8798.0,6.79,5.33,310.967,3.9
2024-04-13,Riverside,8885.0,6.82,5.33,310.967,3.9
2024-04-20,Riverside,9024.0,6.88,5.33,312.345,3.9
2024-04-27,Riverside,9186.0,7.1,5.33,312.345,3.9
2024-05-04,Riverside,9397.0,7.17,5.33,312.345,3.9
2024-05-11,Riverside,9560.0,7.22,5.33,312.345,3.9
2024-05-18,Riverside,9737.0,7.09,5.33,313.023,3.9
2024-05-25,Riverside,9947.0,7.02,5.33,313.023,3.9
2024-06-01,Riverside,10109.0,6.94,5.33,313.023,3.9
2024-06-08,Riverside,10299.0,7.03,5.33,313.023,3.9
2024-06-15,Riverside,10448.0,6.99,5.33,313.023,3.9
2024-06-22,Riverside,10563.0,6.95,5.33,313.175,3.9
2024-06-29,Riverside,10697.0,6.87,5.33,313.175,3.9
2024-07-06,Riverside,10768.0,6.86,5.33,313.175,3.9
2024-07-13,Riverside,10863.0,6.95,5.33,313.175,4.1
2024-07-20,Riverside,10951.0,6.89,5.33,313.044,4.1
2024-07-27,Riverside,10988.0,6.77,5.33,313.044,4.1
2024-08-03,Riverside,11065.0,6.78,5.33,313.044,4.1
2024-08-10,Riverside,11086.0,6.73,5.33,313.044,4.2
2024-08-17,Riverside,11091.0,6.47,5.33,313.569,4.2
2024-08-24,Riverside,11120.0,6.49,5.33,313.569,4.2
2024-08-31,Riverside,11138.0,6.46,5.33,313.569,4.2
2024-09-07,Riverside,11181.0,6.35,5.33,313.569,4.2
2024-09-14,Riverside,11261.0,6.35,5.33,313.569,4.2
2024-09-21,Riverside,11368.0,6.2,5.33,314.062,4.2
2024-09-28,Riverside,11499.0,6.09,5.33,314.062,4.2
2024-10-05,Riverside,11666.0,6.08,5.33,314.062,4.2
2024-10-12,Riverside,11800.0,6.12,5.13,314.062,4.1
2024-10-19,Riverside,11921.0,6.32,5.13,314.732,4.1
2024-10-26,Riverside,12027.0,6.44,5.13,314.732,4.1
2024-11-02,Riverside,12079.0,6.54,5.13,314.732,4.1
2024-11-09,Riverside,12130.0,6.72,4.83,314.732,4.1
2024-11-16,Riverside,12174.0,6.79,4.83,314.732,4.1
2024-11-23,Riverside,12190.0,6.78,4.83,315.631,4.1
2024-11-30,Riverside,12090.0,6.84,4.83,315.631,4.1
2024-12-07,Riverside,11991.0,6.81,4.83,315.631,4.1
2024-12-14,Riverside,11818.0,6.69,4.64,315.631,4.2
2024-12-21,Riverside,11583.0,6.6,4.64,316.528,4.2
2024-12-28,Riverside,11354.0,6.72,4.64,316.528,4.2
2025-01-04,Riverside,11138.0,6.85,4.64,316.528,4.2
2025-01-11,Riverside,11018.0,6.91,4.48,316.528,4.1
2025-01-18,Riverside,11064.0,6.93,4.48,317.604,4.1
2025-01-25,Riverside,11249.0,7.04,4.48,317.604,4.1
2025-02-01,Riverside,11434.0,6.96,4.48,317.604,4.1
2025-02-08,Riverside,11601.0,6.95,4.33,317.604,4.1
2025-02-15,Riverside,11698.0,6.89,4.33,317.604,4.0
2025-02-22,Riverside,11819.0,6.87,4.33,318.961,4.0
2025-03-01,Riverside,11963.0,6.85,4.33,318.961,4.0
2025-03-08,Riverside,12125.0,6.76,4.33,318.961,4.0
2025-03-15,Riverside,12312.0,6.63,4.33,318.961,4.2
2025-03-22,Riverside,12494.0,6.65,4.33,319.679,4.2
2025-03-29,Riverside,12657.0,6.67,4.33,319.679,4.2
2025-04-05,Riverside,12871.0,6.65,4.33,319.679,4.2
2025-04-12,Riverside,13084.0,6.64,4.33,319.679,4.2
2025-04-19,Riverside,13288.0,6.62,4.33,319.785,4.2
2025-04-26,Riverside,13529.0,6.83,4.33,319.785,4.2
2025-05-03,Riverside,13752.0,6.81,4.33,319.785,4.2
2025-05-10,Riverside,13929.0,6.76,4.33,319.785,4.2
2025-05-17,Riverside,14262.0,6.76,4.33,319.785,4.2
2025-05-24,Riverside,14443.0,6.81,4.33,320.302,4.2
2025-05-31,Riverside,14544.0,6.86,4.33,320.302,4.2
2025-06-07,Riverside,14660.0,6.89,4.33,320.302,4.2
2025-06-14,Riverside,14600.0,6.85,4.33,320.302,4.3
2025-06-21,Riverside,14635.0,6.84,4.33,320.62,4.3
2025-06-28,Riverside,14697.0,6.81,4.33,320.62,4.3
2025-07-05,Riverside,14709.0,6.77,4.33,320.62,4.3
2025-07-12,Riverside,14693.0,6.67,4.33,320.62,4.1
2025-07-19,Riverside,14670.0,6.72,4.33,321.435,4.1
2025-07-26,Riverside,14623.0,6.75,4.33,321.435,4.1
2025-08-02,Riverside,14593.0,6.74,4.33,321.435,4.1
2025-08-09,Riverside,14540.0,6.72,4.33,321.435,4.1
2025-08-16,Riverside,14441.0,6.63,4.33,321.435,4.3
2025-08-23,Riverside,14319.0,6.58,4.33,322.169,4.3
2025-08-30,Riverside,14177.0,6.58,4.33,322.169,4.3
2025-09-06,Riverside,14010.0,6.56,4.33,322.169,4.3
2025-09-13,Riverside,13902.0,6.5,4.33,322.169,4.3
2025-09-20,Riverside,13805.0,6.35,4.33,323.291,4.3
2025-09-27,Riverside,13743.0,6.26,4.33,323.291,4.3
2025-10-04,Riverside,13749.0,6.3,4.33,323.291,4.3
2025-10-11,Riverside,13713.0,6.34,4.22,323.291,4.4
2025-10-18,Riverside,13697.0,6.3,4.22,324.245,4.4
2025-10-25,Riverside,13678.0,6.27,4.22,324.245,4.4
2025-11-01,Riverside,13641.0,6.19,4.22,324.245,4.4
2025-11-08,Riverside,13582.0,6.17,4.09,324.245,4.4
2025-11-15,Riverside,13510.0,6.22,4.09,324.245,4.4
2025-11-22,Riverside,13389.0,6.24,4.09,324.245,4.4
2025-11-29,Riverside,13158.0,6.26,4.09,324.245,4.4
2025-12-06,Riverside,12987.0,6.23,4.09,324.245,4.4
2025-12-13,Riverside,12749.0,6.19,3.88,324.245,4.5
2025-12-20,Riverside,12486.0,6.22,3.88,325.063,4.5
2025-12-27,Riverside,12193.0,6.21,3.88,325.063,4.5
2026-01-03,Riverside,11869.0,6.18,3.88,325.063,4.5
2026-01-10,Riverside,11630.0,6.15,3.72,325.063,4.4
2026-01-17,Riverside,11538.0,6.16,3.72,326.031,4.4
2026-01-24,Riverside,11648.0,6.06,3.72,326.031,4.4
2026-01-31,Riverside,11807.0,6.09,3.72,326.031,4.4
2026-02-07,Riverside,11947.0,6.1,3.64,326.031,4.4
2026-02-14,Riverside,12035.0,6.11,3.64,326.031,4.3
2026-02-21,Riverside,12059.0,6.09,3.64,326.588,4.3
2026-02-28,Riverside,12091.0,6.01,3.64,326.588,4.3
2026-03-07,Riverside,12159.0,5.98,3.64,326.588,4.3
2026-03-14,Riverside,12229.0,6.0,3.64,326.588,4.4
2026-03-21,Riverside,12349.0,6.11,3.64,327.46,4.4
2026-03-28,Riverside,12464.0,6.22,3.64,327.46,4.4
2026-04-04,Riverside,12601.0,6.38,3.64,327.46,4.4
2026-04-11,Riverside,12775.0,6.46,3.64,327.46,4.3
2026-04-18,Riverside,12956.0,6.37,3.64,330.293,4.3
2026-04-25,Riverside,13140.0,6.3,3.64,330.293,4.3
2026-05-02,Riverside,13303.0,6.23,3.64,330.293,4.3
2026-05-09,Riverside,13458.0,6.3,3.64,330.293,4.3
2026-05-16,Riverside,13536.0,6.37,3.64,330.293,4.3
2026-05-23,Riverside,13589.0,6.36,3.64,332.407,4.3
2026-05-30,Riverside,13580.0,6.51,3.64,332.407,4.3
2026-06-06,Riverside,13512.0,6.53,3.64,332.407,4.3
2026-06-13,Riverside,13459.0,6.48,3.63,332.407,4.3
2026-06-20,Riverside,13373.0,6.52,3.63,333.979,4.3
2018-02-03,San Francisco,2600.0,4.15,1.3,247.805,4.1
2018-02-10,San Francisco,2766.0,4.22,1.41,247.805,4.0
2018-02-17,San Francisco,2902.0,4.32,1.41,248.859,4.0
2018-02-24,San Francisco,3028.0,4.38,1.41,248.859,4.0
2018-03-03,San Francisco,3196.0,4.4,1.41,248.859,4.0
2018-03-10,San Francisco,3360.0,4.43,1.42,248.859,4.0
2018-03-17,San Francisco,3604.0,4.46,1.42,248.859,4.1
2018-03-24,San Francisco,3775.0,4.44,1.42,249.529,4.1
2018-03-31,San Francisco,3847.0,4.45,1.42,249.529,4.1
2018-04-07,San Francisco,3888.0,4.44,1.51,249.529,4.1
2018-04-14,San Francisco,3883.0,4.4,1.51,249.529,4.0
2018-04-21,San Francisco,3987.0,4.42,1.51,249.577,4.0
2018-04-28,San Francisco,4190.0,4.47,1.51,249.577,4.0
2018-05-05,San Francisco,4401.0,4.58,1.51,249.577,4.0
2018-05-12,San Francisco,4580.0,4.55,1.69,249.577,4.0
2018-05-19,San Francisco,4741.0,4.55,1.69,250.227,4.0
2018-05-26,San Francisco,4841.0,4.61,1.69,250.227,4.0
2018-06-02,San Francisco,4879.0,4.66,1.69,250.227,4.0
2018-06-09,San Francisco,4938.0,4.56,1.7,250.227,4.0
2018-06-16,San Francisco,4994.0,4.54,1.7,250.227,3.8
2018-06-23,San Francisco,5089.0,4.62,1.7,250.792,3.8
2018-06-30,San Francisco,5179.0,4.57,1.7,250.792,3.8
2018-07-07,San Francisco,5099.0,4.55,1.7,250.792,3.8
2018-07-14,San Francisco,5060.0,4.52,1.82,250.792,4.0
2018-07-21,San Francisco,5050.0,4.53,1.82,251.018,4.0
2018-07-28,San Francisco,5136.0,4.52,1.82,251.018,4.0
2018-08-04,San Francisco,5290.0,4.54,1.82,251.018,4.0
2018-08-11,San Francisco,5354.0,4.6,1.91,251.018,3.8
2018-08-18,San Francisco,5402.0,4.59,1.91,251.214,3.8
2018-08-25,San Francisco,5407.0,4.53,1.91,251.214,3.8
2018-09-01,San Francisco,5428.0,4.51,1.91,251.214,3.8
2018-09-08,San Francisco,5568.0,4.52,1.91,251.214,3.8
2018-09-15,San Francisco,5798.0,4.54,1.91,251.214,3.8
2018-09-22,San Francisco,6074.0,4.6,1.91,251.663,3.8
2018-09-29,San Francisco,6360.0,4.65,1.91,251.663,3.8
2018-10-06,San Francisco,6528.0,4.72,1.91,251.663,3.8
2018-10-13,San Francisco,6575.0,4.71,1.95,251.663,3.7
2018-10-20,San Francisco,6579.0,4.9,1.95,252.182,3.7
2018-10-27,San Francisco,6578.0,4.85,1.95,252.182,3.7
2018-11-03,San Francisco,6540.0,4.86,1.95,252.182,3.7
2018-11-10,San Francisco,6486.0,4.83,2.19,252.182,3.8
2018-11-17,San Francisco,6344.0,4.94,2.19,252.772,3.8
2018-11-24,San Francisco,6053.0,4.94,2.19,252.772,3.8
2018-12-01,San Francisco,5778.0,4.81,2.19,252.772,3.8
2018-12-08,San Francisco,5437.0,4.81,2.2,252.772,3.8
2018-12-15,San Francisco,5065.0,4.75,2.2,252.772,3.8
2018-12-22,San Francisco,4702.0,4.63,2.2,252.594,3.8
2018-12-29,San Francisco,4232.0,4.62,2.2,252.594,3.8
2019-01-05,San Francisco,3822.0,4.55,2.2,252.594,3.8
2019-01-12,San Francisco,3592.0,4.51,2.27,252.594,3.9
2019-01-19,San Francisco,3604.0,4.45,2.27,252.767,3.9
2019-01-26,San Francisco,3804.0,4.45,2.27,252.767,3.9
2019-02-02,San Francisco,4014.0,4.45,2.27,252.767,3.9
2019-02-09,San Francisco,4200.0,4.46,2.4,252.767,3.9
2019-02-16,San Francisco,4326.0,4.41,2.4,252.767,4.0
2019-02-23,San Francisco,4411.0,4.37,2.4,252.561,4.0
2019-03-02,San Francisco,4530.0,4.35,2.4,252.561,4.0
2019-03-09,San Francisco,4649.0,4.35,2.4,252.561,4.0
2019-03-16,San Francisco,4789.0,4.41,2.4,252.561,3.8
2019-03-23,San Francisco,4941.0,4.31,2.4,253.319,3.8
2019-03-30,San Francisco,5086.0,4.28,2.4,253.319,3.8
2019-04-06,San Francisco,5193.0,4.06,2.4,253.319,3.8
2019-04-13,San Francisco,5308.0,4.08,2.41,253.319,3.8
2019-04-20,San Francisco,5381.0,4.12,2.41,254.277,3.8
2019-04-27,San Francisco,5515.0,4.17,2.41,254.277,3.8
2019-05-04,San Francisco,5710.0,4.2,2.41,254.277,3.8
2019-05-11,San Francisco,5863.0,4.14,2.42,254.277,3.7
2019-05-18,San Francisco,6068.0,4.1,2.42,255.233,3.7
2019-05-25,San Francisco,6160.0,4.07,2.42,255.233,3.7
2019-06-01,San Francisco,6217.0,4.06,2.42,255.233,3.7
2019-06-08,San Francisco,6267.0,3.99,2.39,255.233,3.7
2019-06-15,San Francisco,6285.0,3.82,2.39,255.233,3.6
2019-06-22,San Francisco,6389.0,3.82,2.39,255.296,3.6
2019-06-29,San Francisco,6437.0,3.84,2.39,255.296,3.6
2019-07-06,San Francisco,6328.0,3.73,2.39,255.296,3.6
2019-07-13,San Francisco,6286.0,3.75,2.38,255.296,3.6
2019-07-20,San Francisco,6236.0,3.75,2.38,255.213,3.6
2019-07-27,San Francisco,6192.0,3.81,2.38,255.213,3.6
2019-08-03,San Francisco,6251.0,3.75,2.38,255.213,3.6
2019-08-10,San Francisco,6201.0,3.75,2.4,255.213,3.7
2019-08-17,San Francisco,6092.0,3.6,2.4,255.802,3.7
2019-08-24,San Francisco,5980.0,3.6,2.4,255.802,3.7
2019-08-31,San Francisco,5856.0,3.55,2.4,255.802,3.7
2019-09-07,San Francisco,5866.0,3.58,2.13,255.802,3.7
2019-09-14,San Francisco,6026.0,3.49,2.13,255.802,3.6
2019-09-21,San Francisco,6237.0,3.56,2.13,256.036,3.6
2019-09-28,San Francisco,6511.0,3.73,2.13,256.036,3.6
2019-10-05,San Francisco,6660.0,3.64,2.13,256.036,3.6
2019-10-12,San Francisco,6665.0,3.65,2.04,256.036,3.5
2019-10-19,San Francisco,6622.0,3.57,2.04,256.43,3.5
2019-10-26,San Francisco,6511.0,3.69,2.04,256.43,3.5
2019-11-02,San Francisco,6369.0,3.75,2.04,256.43,3.5
2019-11-09,San Francisco,6150.0,3.78,1.83,256.43,3.5
2019-11-16,San Francisco,5853.0,3.69,1.83,256.43,3.6
2019-11-23,San Francisco,5509.0,3.75,1.83,257.155,3.6
2019-11-30,San Francisco,5018.0,3.66,1.83,257.155,3.6
2019-12-07,San Francisco,4554.0,3.68,1.83,257.155,3.6
2019-12-14,San Francisco,4090.0,3.68,1.55,257.155,3.6
2019-12-21,San Francisco,3640.0,3.73,1.55,257.879,3.6
2019-12-28,San Francisco,3253.0,3.73,1.55,257.879,3.6
2020-01-04,San Francisco,2923.0,3.74,1.55,257.879,3.6
2020-01-11,San Francisco,2732.0,3.72,1.55,257.879,3.6
2020-01-18,San Francisco,2688.0,3.64,1.55,258.63,3.6
2020-01-25,San Francisco,2805.0,3.65,1.55,258.63,3.6
2020-02-01,San Francisco,2912.0,3.6,1.55,258.63,3.6
2020-02-08,San Francisco,3049.0,3.51,1.55,258.63,3.6
2020-02-15,San Francisco,3181.0,3.45,1.55,258.63,3.6
2020-02-22,San Francisco,3334.0,3.47,1.55,259.127,3.6
2020-02-29,San Francisco,3565.0,3.49,1.55,259.127,3.6
2020-03-07,San Francisco,3793.0,3.45,1.55,259.127,3.6
2020-03-14,San Francisco,4043.0,3.29,1.58,259.127,3.5
2020-03-21,San Francisco,4137.0,3.36,1.58,259.25,3.5
2020-03-28,San Francisco,4044.0,3.65,1.58,259.25,3.5
2020-04-04,San Francisco,3865.0,3.5,1.58,259.25,3.5
2020-04-11,San Francisco,3652.0,3.33,0.65,259.25,4.4
2020-04-18,San Francisco,3615.0,3.33,0.65,258.076,4.4
2020-04-25,San Francisco,3743.0,3.31,0.65,258.076,4.4
2020-05-02,San Francisco,3933.0,3.33,0.65,258.076,4.4
2020-05-09,San Francisco,4190.0,3.23,0.05,258.076,4.4
2020-05-16,San Francisco,4463.0,3.26,0.05,258.076,14.8
2020-05-23,San Francisco,4746.0,3.28,0.05,256.032,14.8
2020-05-30,San Francisco,4982.0,3.24,0.05,256.032,14.8
2020-06-06,San Francisco,5151.0,3.15,0.05,256.032,14.8
2020-06-13,San Francisco,5297.0,3.18,0.05,256.032,13.2
2020-06-20,San Francisco,5407.0,3.21,0.05,255.802,13.2
2020-06-27,San Francisco,5518.0,3.13,0.05,255.802,13.2
2020-07-04,San Francisco,5547.0,3.13,0.05,255.802,13.2
2020-07-11,San Francisco,5565.0,3.07,0.08,255.802,11.0
2020-07-18,San Francisco,5621.0,3.03,0.08,257.042,11.0
2020-07-25,San Francisco,5682.0,2.98,0.08,257.042,11.0
2020-08-01,San Francisco,5759.0,3.01,0.08,257.042,11.0
2020-08-08,San Francisco,5816.0,2.99,0.09,257.042,11.0
2020-08-15,San Francisco,5844.0,2.88,0.09,257.042,10.2
2020-08-22,San Francisco,5865.0,2.96,0.09,258.352,10.2
2020-08-29,San Francisco,5934.0,2.99,0.09,258.352,10.2
2020-09-05,San Francisco,5992.0,2.91,0.09,258.352,10.2
2020-09-12,San Francisco,6028.0,2.93,0.1,258.352,8.4
2020-09-19,San Francisco,6109.0,2.86,0.1,259.316,8.4
2020-09-26,San Francisco,6232.0,2.87,0.1,259.316,8.4
2020-10-03,San Francisco,6354.0,2.9,0.1,259.316,8.4
2020-10-10,San Francisco,6508.0,2.88,0.09,259.316,8.4
2020-10-17,San Francisco,6645.0,2.87,0.09,259.316,7.8
2020-10-24,San Francisco,6754.0,2.81,0.09,259.997,7.8
2020-10-31,San Francisco,6831.0,2.8,0.09,259.997,7.8
2020-11-07,San Francisco,6655.0,2.81,0.09,259.997,7.8
2020-11-14,San Francisco,6426.0,2.78,0.09,259.997,6.9
2020-11-21,San Francisco,6091.0,2.84,0.09,260.319,6.9
2020-11-28,San Francisco,5604.0,2.72,0.09,260.319,6.9
2020-12-05,San Francisco,5319.0,2.72,0.09,260.319,6.9
2020-12-12,San Francisco,4973.0,2.71,0.09,260.319,6.7
2020-12-19,San Francisco,4600.0,2.71,0.09,260.911,6.7
2020-12-26,San Francisco,4249.0,2.67,0.09,260.911,6.7
2021-01-02,San Francisco,3844.0,2.66,0.09,260.911,6.7
2021-01-09,San Francisco,3562.0,2.67,0.09,260.911,6.7
2021-01-16,San Francisco,3530.0,2.65,0.09,260.911,6.7
2021-01-23,San Francisco,3623.0,2.79,0.09,262.045,6.7
2021-01-30,San Francisco,3800.0,2.77,0.09,262.045,6.7
2021-02-06,San Francisco,3945.0,2.73,0.09,262.045,6.7
2021-02-13,San Francisco,4014.0,2.73,0.09,262.045,6.4
2021-02-20,San Francisco,4030.0,2.73,0.09,262.687,6.4
2021-02-27,San Francisco,4065.0,2.81,0.09,262.687,6.4
2021-03-06,San Francisco,4104.0,2.97,0.09,262.687,6.4
2021-03-13,San Francisco,4103.0,3.02,0.08,262.687,6.2
2021-03-20,San Francisco,4197.0,3.05,0.08,263.579,6.2
2021-03-27,San Francisco,4290.0,3.09,0.08,263.579,6.2
2021-04-03,San Francisco,4349.0,3.17,0.08,263.579,6.2
2021-04-10,San Francisco,4347.0,3.18,0.07,263.579,6.1
2021-04-17,San Francisco,4376.0,3.13,0.07,264.961,6.1
2021-04-24,San Francisco,4369.0,3.04,0.07,264.961,6.1
2021-05-01,San Francisco,4368.0,2.97,0.07,264.961,6.1
2021-05-08,San Francisco,4420.0,2.98,0.07,264.961,6.1
2021-05-15,San Francisco,4436.0,2.96,0.07,264.961,6.1
2021-05-22,San Francisco,4506.0,2.94,0.07,266.614,6.1
2021-05-29,San Francisco,4524.0,3.0,0.07,266.614,6.1
2021-06-05,San Francisco,4512.0,2.95,0.07,266.614,6.1
2021-06-12,San Francisco,4550.0,2.99,0.06,266.614,5.8
2021-06-19,San Francisco,4585.0,2.96,0.06,268.383,5.8
2021-06-26,San Francisco,4734.0,2.93,0.06,268.383,5.8
2021-07-03,San Francisco,4792.0,3.02,0.06,268.383,5.8
2021-07-10,San Francisco,4798.0,2.98,0.08,268.383,5.8
2021-07-17,San Francisco,4877.0,2.9,0.08,268.383,5.9
2021-07-24,San Francisco,4929.0,2.88,0.08,270.654,5.9
2021-07-31,San Francisco,5061.0,2.78,0.08,270.654,5.9
2021-08-07,San Francisco,5179.0,2.8,0.1,270.654,5.9
2021-08-14,San Francisco,5165.0,2.77,0.1,270.654,5.4
2021-08-21,San Francisco,5129.0,2.87,0.1,271.903,5.4
2021-08-28,San Francisco,5112.0,2.86,0.1,271.903,5.4
2021-09-04,San Francisco,5035.0,2.87,0.1,271.903,5.4
2021-09-11,San Francisco,5048.0,2.87,0.09,271.903,5.1
2021-09-18,San Francisco,5129.0,2.88,0.09,272.676,5.1
2021-09-25,San Francisco,5248.0,2.86,0.09,272.676,5.1
2021-10-02,San Francisco,5409.0,2.88,0.09,272.676,5.1
2021-10-09,San Francisco,5474.0,3.01,0.08,272.676,5.1
2021-10-16,San Francisco,5445.0,2.99,0.08,272.676,4.7
2021-10-23,San Francisco,5358.0,3.05,0.08,273.91,4.7
2021-10-30,San Francisco,5223.0,3.09,0.08,273.91,4.7
2021-11-06,San Francisco,5064.0,3.14,0.08,273.91,4.7
2021-11-13,San Francisco,4855.0,3.09,0.08,273.91,4.5
2021-11-20,San Francisco,4568.0,2.98,0.08,276.55,4.5
2021-11-27,San Francisco,4159.0,3.1,0.08,276.55,4.5
2021-12-04,San Francisco,3807.0,3.1,0.08,276.55,4.5
2021-12-11,San Francisco,3487.0,3.11,0.08,276.55,4.1
2021-12-18,San Francisco,3202.0,3.1,0.08,278.919,4.1
2021-12-25,San Francisco,2913.0,3.12,0.08,278.919,4.1
2022-01-01,San Francisco,2537.0,3.05,0.08,278.919,4.1
2022-01-08,San Francisco,2226.0,3.11,0.08,278.919,4.1
2022-01-15,San Francisco,2088.0,3.22,0.08,278.919,3.9
2022-01-22,San Francisco,2207.0,3.45,0.08,280.845,3.9
2022-01-29,San Francisco,2430.0,3.56,0.08,280.845,3.9
2022-02-05,San Francisco,2684.0,3.55,0.08,280.845,3.9
2022-02-12,San Francisco,2860.0,3.55,0.08,280.845,4.0
2022-02-19,San Francisco,2998.0,3.69,0.08,282.543,4.0
2022-02-26,San Francisco,3148.0,3.92,0.08,282.543,4.0
2022-03-05,San Francisco,3287.0,3.89,0.08,282.543,4.0
2022-03-12,San Francisco,3434.0,3.76,0.08,282.543,4.0
2022-03-19,San Francisco,3592.0,3.85,0.08,282.543,3.9
2022-03-26,San Francisco,3724.0,4.16,0.08,284.5,3.9
2022-04-02,San Francisco,3830.0,4.42,0.08,284.5,3.9
2022-04-09,San Francisco,3945.0,4.67,0.2,284.5,3.9
2022-04-16,San Francisco,4002.0,4.72,0.2,284.5,3.7
2022-04-23,San Francisco,4120.0,5.0,0.2,287.674,3.7
2022-04-30,San Francisco,4285.0,5.11,0.2,287.674,3.7
2022-05-07,San Francisco,4430.0,5.1,0.2,287.674,3.7
2022-05-14,San Francisco,4676.0,5.27,0.33,287.674,3.7
2022-05-21,San Francisco,4968.0,5.3,0.33,288.561,3.7
2022-05-28,San Francisco,5166.0,5.25,0.33,288.561,3.7
2022-06-04,San Francisco,5402.0,5.1,0.33,288.561,3.7
2022-06-11,San Francisco,5647.0,5.09,0.77,288.561,3.6
2022-06-18,San Francisco,5853.0,5.23,0.77,291.298,3.6
2022-06-25,San Francisco,6153.0,5.78,0.77,291.298,3.6
2022-07-02,San Francisco,6360.0,5.81,0.77,291.298,3.6
2022-07-09,San Francisco,6512.0,5.7,1.21,291.298,3.6
2022-07-16,San Francisco,6671.0,5.3,1.21,291.298,3.6
2022-07-23,San Francisco,6761.0,5.51,1.21,294.957,3.6
2022-07-30,San Francisco,6855.0,5.54,1.21,294.957,3.6
2022-08-06,San Francisco,6886.0,5.3,1.21,294.957,3.6
2022-08-13,San Francisco,6808.0,4.99,1.68,294.957,3.5
2022-08-20,San Francisco,6707.0,5.22,1.68,294.913,3.5
2022-08-27,San Francisco,6625.0,5.13,1.68,294.913,3.5
2022-09-03,San Francisco,6451.0,5.55,1.68,294.913,3.5
2022-09-10,San Francisco,6342.0,5.66,2.33,294.913,3.6
2022-09-17,San Francisco,6314.0,5.89,2.33,295.097,3.6
2022-09-24,San Francisco,6338.0,6.02,2.33,295.097,3.6
2022-10-01,San Francisco,6460.0,6.29,2.33,295.097,3.6
2022-10-08,San Francisco,6521.0,6.7,2.56,295.097,3.6
2022-10-15,San Francisco,6510.0,6.66,2.56,295.097,3.5
2022-10-22,San Francisco,6432.0,6.92,2.56,296.349,3.5
2022-10-29,San Francisco,6361.0,6.94,2.56,296.349,3.5
2022-11-05,San Francisco,6267.0,7.08,2.56,296.349,3.5
2022-11-12,San Francisco,6104.0,6.95,3.08,296.349,3.6
2022-11-19,San Francisco,5890.0,7.08,3.08,298.007,3.6
2022-11-26,San Francisco,5559.0,6.61,3.08,298.007,3.6
2022-12-03,San Francisco,5241.0,6.58,3.08,298.007,3.6
2022-12-10,San Francisco,4913.0,6.49,3.78,298.007,3.6
2022-12-17,San Francisco,4552.0,6.33,3.78,298.007,3.6
2022-12-24,San Francisco,4203.0,6.31,3.78,298.786,3.6
2022-12-31,San Francisco,3796.0,6.27,3.78,298.786,3.6
2023-01-07,San Francisco,3464.0,6.42,4.1,298.786,3.6
2023-01-14,San Francisco,3254.0,6.48,4.1,298.786,3.5
2023-01-21,San Francisco,3206.0,6.33,4.1,298.832,3.5
2023-01-28,San Francisco,3278.0,6.15,4.1,298.832,3.5
2023-02-04,San Francisco,3370.0,6.13,4.1,298.832,3.5
2023-02-11,San Francisco,3418.0,6.09,4.33,298.832,3.5
2023-02-18,San Francisco,3435.0,6.12,4.33,300.42,3.5
2023-02-25,San Francisco,3417.0,6.32,4.33,300.42,3.5
2023-03-04,San Francisco,3409.0,6.5,4.33,300.42,3.5
2023-03-11,San Francisco,3427.0,6.65,4.57,300.42,3.5
2023-03-18,San Francisco,3449.0,6.73,4.57,300.42,3.6
2023-03-25,San Francisco,3498.0,6.6,4.57,301.45,3.6
2023-04-01,San Francisco,3547.0,6.42,4.57,301.45,3.6
2023-04-08,San Francisco,3553.0,6.32,4.65,301.45,3.6
2023-04-15,San Francisco,3583.0,6.28,4.65,301.45,3.5
2023-04-22,San Francisco,3647.0,6.27,4.65,301.821,3.5
2023-04-29,San Francisco,3723.0,6.39,4.65,301.821,3.5
2023-05-06,San Francisco,3870.0,6.43,4.65,301.821,3.5
2023-05-13,San Francisco,4015.0,6.39,4.83,301.821,3.4
2023-05-20,San Francisco,4158.0,6.35,4.83,302.845,3.4
2023-05-27,San Francisco,4267.0,6.39,4.83,302.845,3.4
2023-06-03,San Francisco,4281.0,6.57,4.83,302.845,3.4
2023-06-10,San Francisco,4297.0,6.79,5.06,302.845,3.6
2023-06-17,San Francisco,4280.0,6.71,5.06,303.334,3.6
2023-06-24,San Francisco,4263.0,6.69,5.06,303.334,3.6
2023-07-01,San Francisco,4266.0,6.67,5.06,303.334,3.6
2023-07-08,San Francisco,4214.0,6.71,5.08,303.334,3.6
2023-07-15,San Francisco,4196.0,6.81,5.08,303.334,3.6
2023-07-22,San Francisco,4207.0,6.96,5.08,304.014,3.6
2023-07-29,San Francisco,4253.0,6.78,5.08,304.014,3.6
2023-08-05,San Francisco,4323.0,6.81,5.08,304.014,3.6
2023-08-12,San Francisco,4295.0,6.9,5.12,304.014,3.5
2023-08-19,San Francisco,4312.0,6.96,5.12,304.609,3.5
2023-08-26,San Francisco,4395.0,7.09,5.12,304.609,3.5
2023-09-02,San Francisco,4395.0,7.23,5.12,304.609,3.5
2023-09-09,San Francisco,4517.0,7.18,5.33,304.609,3.5
2023-09-16,San Francisco,4666.0,7.12,5.33,304.609,3.7
2023-09-23,San Francisco,4791.0,7.18,5.33,306.082,3.7
2023-09-30,San Francisco,4992.0,7.19,5.33,306.082,3.7
2023-10-07,San Francisco,5111.0,7.31,5.33,306.082,3.7
2023-10-14,San Francisco,5150.0,7.49,5.33,306.082,3.7
2023-10-21,San Francisco,5170.0,7.57,5.33,307.276,3.7
2023-10-28,San Francisco,5173.0,7.63,5.33,307.276,3.7
2023-11-04,San Francisco,5157.0,7.79,5.33,307.276,3.7
2023-11-11,San Francisco,5083.0,7.76,5.33,307.276,3.9
2023-11-18,San Francisco,4946.0,7.5,5.33,307.696,3.9
2023-11-25,San Francisco,4691.0,7.44,5.33,307.696,3.9
2023-12-02,San Francisco,4425.0,7.29,5.33,307.696,3.9
2023-12-09,San Francisco,4120.0,7.22,5.33,307.696,3.9
2023-12-16,San Francisco,3783.0,7.03,5.33,307.696,3.7
2023-12-23,San Francisco,3483.0,6.95,5.33,308.148,3.7
2023-12-30,San Francisco,3145.0,6.67,5.33,308.148,3.7
2024-01-06,San Francisco,2865.0,6.61,5.33,308.148,3.7
2024-01-13,San Francisco,2734.0,6.62,5.33,308.148,3.8
2024-01-20,San Francisco,2753.0,6.66,5.33,308.741,3.8
2024-01-27,San Francisco,2866.0,6.6,5.33,308.741,3.8
2024-02-03,San Francisco,3016.0,6.69,5.33,308.741,3.8
2024-02-10,San Francisco,3079.0,6.63,5.33,308.741,3.7
2024-02-17,San Francisco,3135.0,6.64,5.33,309.698,3.7
2024-02-24,San Francisco,3229.0,6.77,5.33,309.698,3.7
2024-03-02,San Francisco,3353.0,6.9,5.33,309.698,3.7
2024-03-09,San Francisco,3533.0,6.94,5.33,309.698,3.7
2024-03-16,San Francisco,3731.0,6.88,5.33,309.698,3.9
2024-03-23,San Francisco,3895.0,6.74,5.33,310.967,3.9
2024-03-30,San Francisco,3979.0,6.87,5.33,310.967,3.9
2024-04-06,San Francisco,4088.0,6.79,5.33,310.967,3.9
2024-04-13,San Francisco,4222.0,6.82,5.33,310.967,3.9
2024-04-20,San Francisco,4399.0,6.88,5.33,312.345,3.9
2024-04-27,San Francisco,4649.0,7.1,5.33,312.345,3.9
2024-05-04,San Francisco,4891.0,7.17,5.33,312.345,3.9
2024-05-11,San Francisco,5080.0,7.22,5.33,312.345,3.9
2024-05-18,San Francisco,5272.0,7.09,5.33,313.023,3.9
2024-05-25,San Francisco,5401.0,7.02,5.33,313.023,3.9
2024-06-01,San Francisco,5495.0,6.94,5.33,313.023,3.9
2024-06-08,San Francisco,5613.0,7.03,5.33,313.023,3.9
2024-06-15,San Francisco,5680.0,6.99,5.33,313.023,3.9
2024-06-22,San Francisco,5797.0,6.95,5.33,313.175,3.9
2024-06-29,San Francisco,5882.0,6.87,5.33,313.175,3.9
2024-07-06,San Francisco,5790.0,6.86,5.33,313.175,3.9
2024-07-13,San Francisco,5755.0,6.95,5.33,313.175,4.1
2024-07-20,San Francisco,5743.0,6.89,5.33,313.044,4.1
2024-07-27,San Francisco,5734.0,6.77,5.33,313.044,4.1
2024-08-03,San Francisco,5843.0,6.78,5.33,313.044,4.1
2024-08-10,San Francisco,5845.0,6.73,5.33,313.044,4.2
2024-08-17,San Francisco,5814.0,6.47,5.33,313.569,4.2
2024-08-24,San Francisco,5807.0,6.49,5.33,313.569,4.2
2024-08-31,San Francisco,5763.0,6.46,5.33,313.569,4.2
2024-09-07,San Francisco,5821.0,6.35,5.33,313.569,4.2
2024-09-14,San Francisco,5959.0,6.35,5.33,313.569,4.2
2024-09-21,San Francisco,6136.0,6.2,5.33,314.062,4.2
2024-09-28,San Francisco,6364.0,6.09,5.33,314.062,4.2
2024-10-05,San Francisco,6515.0,6.08,5.33,314.062,4.2
2024-10-12,San Francisco,6540.0,6.12,5.13,314.062,4.1
2024-10-19,San Francisco,6508.0,6.32,5.13,314.732,4.1
2024-10-26,San Francisco,6429.0,6.44,5.13,314.732,4.1
2024-11-02,San Francisco,6279.0,6.54,5.13,314.732,4.1
2024-11-09,San Francisco,6105.0,6.72,4.83,314.732,4.1
2024-11-16,San Francisco,5888.0,6.79,4.83,314.732,4.1
2024-11-23,San Francisco,5608.0,6.78,4.83,315.631,4.1
2024-11-30,San Francisco,5242.0,6.84,4.83,315.631,4.1
2024-12-07,San Francisco,4906.0,6.81,4.83,315.631,4.1
2024-12-14,San Francisco,4555.0,6.69,4.64,315.631,4.2
2024-12-21,San Francisco,4198.0,6.6,4.64,316.528,4.2
2024-12-28,San Francisco,3887.0,6.72,4.64,316.528,4.2
2025-01-04,San Francisco,3569.0,6.85,4.64,316.528,4.2
2025-01-11,San Francisco,3395.0,6.91,4.48,316.528,4.1
2025-01-18,San Francisco,3427.0,6.93,4.48,317.604,4.1
2025-01-25,San Francisco,3620.0,7.04,4.48,317.604,4.1
2025-02-01,San Francisco,3890.0,6.96,4.48,317.604,4.1
2025-02-08,San Francisco,4096.0,6.95,4.33,317.604,4.1
2025-02-15,San Francisco,4259.0,6.89,4.33,317.604,4.0
2025-02-22,San Francisco,4442.0,6.87,4.33,318.961,4.0
2025-03-01,San Francisco,4659.0,6.85,4.33,318.961,4.0
2025-03-08,San Francisco,4936.0,6.76,4.33,318.961,4.0
2025-03-15,San Francisco,5195.0,6.63,4.33,318.961,4.2
2025-03-22,San Francisco,5459.0,6.65,4.33,319.679,4.2
2025-03-29,San Francisco,5680.0,6.67,4.33,319.679,4.2
2025-04-05,San Francisco,5886.0,6.65,4.33,319.679,4.2
2025-04-12,San Francisco,6136.0,6.64,4.33,319.679,4.2
2025-04-19,San Francisco,6340.0,6.62,4.33,319.785,4.2
2025-04-26,San Francisco,6599.0,6.83,4.33,319.785,4.2
2025-05-03,San Francisco,6879.0,6.81,4.33,319.785,4.2
2025-05-10,San Francisco,7128.0,6.76,4.33,319.785,4.2
2025-05-17,San Francisco,7399.0,6.76,4.33,319.785,4.2
2025-05-24,San Francisco,7552.0,6.81,4.33,320.302,4.2
2025-05-31,San Francisco,7618.0,6.86,4.33,320.302,4.2
2025-06-07,San Francisco,7650.0,6.89,4.33,320.302,4.2
2025-06-14,San Francisco,7631.0,6.85,4.33,320.302,4.3
2025-06-21,San Francisco,7644.0,6.84,4.33,320.62,4.3
2025-06-28,San Francisco,7647.0,6.81,4.33,320.62,4.3
2025-07-05,San Francisco,7501.0,6.77,4.33,320.62,4.3
2025-07-12,San Francisco,7386.0,6.67,4.33,320.62,4.1
2025-07-19,San Francisco,7278.0,6.72,4.33,321.435,4.1
2025-07-26,San Francisco,7167.0,6.75,4.33,321.435,4.1
2025-08-02,San Francisco,7151.0,6.74,4.33,321.435,4.1
2025-08-09,San Francisco,7055.0,6.72,4.33,321.435,4.1
2025-08-16,San Francisco,6957.0,6.63,4.33,321.435,4.3
2025-08-23,San Francisco,6878.0,6.58,4.33,322.169,4.3
2025-08-30,San Francisco,6766.0,6.58,4.33,322.169,4.3
2025-09-06,San Francisco,6774.0,6.56,4.33,322.169,4.3
2025-09-13,San Francisco,6833.0,6.5,4.33,322.169,4.3
2025-09-20,San Francisco,6924.0,6.35,4.33,323.291,4.3
2025-09-27,San Francisco,7074.0,6.26,4.33,323.291,4.3
2025-10-04,San Francisco,7117.0,6.3,4.33,323.291,4.3
2025-10-11,San Francisco,7050.0,6.34,4.22,323.291,4.4
2025-10-18,San Francisco,6917.0,6.3,4.22,324.245,4.4
2025-10-25,San Francisco,6770.0,6.27,4.22,324.245,4.4
2025-11-01,San Francisco,6598.0,6.19,4.22,324.245,4.4
2025-11-08,San Francisco,6379.0,6.17,4.09,324.245,4.4
2025-11-15,San Francisco,6114.0,6.22,4.09,324.245,4.4
2025-11-22,San Francisco,5782.0,6.24,4.09,324.245,4.4
2025-11-29,San Francisco,5368.0,6.26,4.09,324.245,4.4
2025-12-06,San Francisco,5006.0,6.23,4.09,324.245,4.4
2025-12-13,San Francisco,4638.0,6.19,3.88,324.245,4.5
2025-12-20,San Francisco,4273.0,6.22,3.88,325.063,4.5
2025-12-27,San Francisco,3918.0,6.21,3.88,325.063,4.5
2026-01-03,San Francisco,3558.0,6.18,3.88,325.063,4.5
2026-01-10,San Francisco,3322.0,6.15,3.72,325.063,4.4
2026-01-17,San Francisco,3270.0,6.16,3.72,326.031,4.4
2026-01-24,San Francisco,3412.0,6.06,3.72,326.031,4.4
2026-01-31,San Francisco,3663.0,6.09,3.72,326.031,4.4
2026-02-07,San Francisco,3885.0,6.1,3.64,326.031,4.4
2026-02-14,San Francisco,4062.0,6.11,3.64,326.031,4.3
2026-02-21,San Francisco,4193.0,6.09,3.64,326.588,4.3
2026-02-28,San Francisco,4311.0,6.01,3.64,326.588,4.3
2026-03-07,San Francisco,4483.0,5.98,3.64,326.588,4.3
2026-03-14,San Francisco,4672.0,6.0,3.64,326.588,4.4
2026-03-21,San Francisco,4900.0,6.11,3.64,327.46,4.4
2026-03-28,San Francisco,5131.0,6.22,3.64,327.46,4.4
2026-04-04,San Francisco,5283.0,6.38,3.64,327.46,4.4
2026-04-11,San Francisco,5427.0,6.46,3.64,327.46,4.3
2026-04-18,San Francisco,5596.0,6.37,3.64,330.293,4.3
2026-04-25,San Francisco,5771.0,6.3,3.64,330.293,4.3
2026-05-02,San Francisco,5980.0,6.23,3.64,330.293,4.3
2026-05-09,San Francisco,6161.0,6.3,3.64,330.293,4.3
2026-05-16,San Francisco,6303.0,6.37,3.64,330.293,4.3
2026-05-23,San Francisco,6355.0,6.36,3.64,332.407,4.3
2026-05-30,San Francisco,6371.0,6.51,3.64,332.407,4.3
2026-06-06,San Francisco,6366.0,6.53,3.64,332.407,4.3
2026-06-13,San Francisco,6307.0,6.48,3.63,332.407,4.3
2026-06-20,San Francisco,6254.0,6.52,3.63,333.979,4.3
2018-02-03,Seattle,4048.0,4.15,1.3,247.805,4.1
2018-02-10,Seattle,4033.0,4.22,1.41,247.805,4.0
2018-02-17,Seattle,4020.0,4.32,1.41,248.859,4.0
2018-02-24,Seattle,4001.0,4.38,1.41,248.859,4.0
2018-03-03,Seattle,4062.0,4.4,1.41,248.859,4.0
2018-03-10,Seattle,4179.0,4.43,1.42,248.859,4.0
2018-03-17,Seattle,4418.0,4.46,1.42,248.859,4.1
2018-03-24,Seattle,4662.0,4.44,1.42,249.529,4.1
2018-03-31,Seattle,4804.0,4.45,1.42,249.529,4.1
2018-04-07,Seattle,4926.0,4.44,1.51,249.529,4.1
2018-04-14,Seattle,4964.0,4.4,1.51,249.529,4.0
2018-04-21,Seattle,5128.0,4.42,1.51,249.577,4.0
2018-04-28,Seattle,5402.0,4.47,1.51,249.577,4.0
2018-05-05,Seattle,5734.0,4.58,1.51,249.577,4.0
2018-05-12,Seattle,6095.0,4.55,1.69,249.577,4.0
2018-05-19,Seattle,6496.0,4.55,1.69,250.227,4.0
2018-05-26,Seattle,6815.0,4.61,1.69,250.227,4.0
2018-06-02,Seattle,7103.0,4.66,1.69,250.227,4.0
2018-06-09,Seattle,7452.0,4.56,1.7,250.227,4.0
2018-06-16,Seattle,7669.0,4.54,1.7,250.227,3.8
2018-06-23,Seattle,7950.0,4.62,1.7,250.792,3.8
2018-06-30,Seattle,8227.0,4.57,1.7,250.792,3.8
2018-07-07,Seattle,8238.0,4.55,1.7,250.792,3.8
2018-07-14,Seattle,8434.0,4.52,1.82,250.792,4.0
2018-07-21,Seattle,8694.0,4.53,1.82,251.018,4.0
2018-07-28,Seattle,8918.0,4.52,1.82,251.018,4.0
2018-08-04,Seattle,9292.0,4.54,1.82,251.018,4.0
2018-08-11,Seattle,9516.0,4.6,1.91,251.018,3.8
2018-08-18,Seattle,9679.0,4.59,1.91,251.214,3.8
2018-08-25,Seattle,9882.0,4.53,1.91,251.214,3.8
2018-09-01,Seattle,9981.0,4.51,1.91,251.214,3.8
2018-09-08,Seattle,10122.0,4.52,1.91,251.214,3.8
2018-09-15,Seattle,10300.0,4.54,1.91,251.214,3.8
2018-09-22,Seattle,10446.0,4.6,1.91,251.663,3.8
2018-09-29,Seattle,10641.0,4.65,1.91,251.663,3.8
2018-10-06,Seattle,10715.0,4.72,1.91,251.663,3.8
2018-10-13,Seattle,10648.0,4.71,1.95,251.663,3.7
2018-10-20,Seattle,10545.0,4.9,1.95,252.182,3.7
2018-10-27,Seattle,10382.0,4.85,1.95,252.182,3.7
2018-11-03,Seattle,10180.0,4.86,1.95,252.182,3.7
2018-11-10,Seattle,9932.0,4.83,2.19,252.182,3.8
2018-11-17,Seattle,9601.0,4.94,2.19,252.772,3.8
2018-11-24,Seattle,9143.0,4.94,2.19,252.772,3.8
2018-12-01,Seattle,8685.0,4.81,2.19,252.772,3.8
2018-12-08,Seattle,8190.0,4.81,2.2,252.772,3.8
2018-12-15,Seattle,7653.0,4.75,2.2,252.772,3.8
2018-12-22,Seattle,7174.0,4.63,2.2,252.594,3.8
2018-12-29,Seattle,6625.0,4.62,2.2,252.594,3.8
2019-01-05,Seattle,6191.0,4.55,2.2,252.594,3.8
2019-01-12,Seattle,5905.0,4.51,2.27,252.594,3.9
2019-01-19,Seattle,5776.0,4.45,2.27,252.767,3.9
2019-01-26,Seattle,5764.0,4.45,2.27,252.767,3.9
2019-02-02,Seattle,5743.0,4.45,2.27,252.767,3.9
2019-02-09,Seattle,5611.0,4.46,2.4,252.767,3.9
2019-02-16,Seattle,5411.0,4.41,2.4,252.767,4.0
2019-02-23,Seattle,5307.0,4.37,2.4,252.561,4.0
2019-03-02,Seattle,5308.0,4.35,2.4,252.561,4.0
2019-03-09,Seattle,5462.0,4.35,2.4,252.561,4.0
2019-03-16,Seattle,5706.0,4.41,2.4,252.561,3.8
2019-03-23,Seattle,5916.0,4.31,2.4,253.319,3.8
2019-03-30,Seattle,6080.0,4.28,2.4,253.319,3.8
2019-04-06,Seattle,6252.0,4.06,2.4,253.319,3.8
2019-04-13,Seattle,6395.0,4.08,2.41,253.319,3.8
2019-04-20,Seattle,6518.0,4.12,2.41,254.277,3.8
2019-04-27,Seattle,6726.0,4.17,2.41,254.277,3.8
2019-05-04,Seattle,7034.0,4.2,2.41,254.277,3.8
2019-05-11,Seattle,7403.0,4.14,2.42,254.277,3.7
2019-05-18,Seattle,7966.0,4.1,2.42,255.233,3.7
2019-05-25,Seattle,8376.0,4.07,2.42,255.233,3.7
2019-06-01,Seattle,8683.0,4.06,2.42,255.233,3.7
2019-06-08,Seattle,9020.0,3.99,2.39,255.233,3.7
2019-06-15,Seattle,9165.0,3.82,2.39,255.233,3.6
2019-06-22,Seattle,9395.0,3.82,2.39,255.296,3.6
2019-06-29,Seattle,9589.0,3.84,2.39,255.296,3.6
2019-07-06,Seattle,9396.0,3.73,2.39,255.296,3.6
2019-07-13,Seattle,9303.0,3.75,2.38,255.296,3.6
2019-07-20,Seattle,9220.0,3.75,2.38,255.213,3.6
2019-07-27,Seattle,9096.0,3.81,2.38,255.213,3.6
2019-08-03,Seattle,9251.0,3.75,2.38,255.213,3.6
2019-08-10,Seattle,9235.0,3.75,2.4,255.213,3.7
2019-08-17,Seattle,9124.0,3.6,2.4,255.802,3.7
2019-08-24,Seattle,9025.0,3.6,2.4,255.802,3.7
2019-08-31,Seattle,8861.0,3.55,2.4,255.802,3.7
2019-09-07,Seattle,8758.0,3.58,2.13,255.802,3.7
2019-09-14,Seattle,8722.0,3.49,2.13,255.802,3.6
2019-09-21,Seattle,8686.0,3.56,2.13,256.036,3.6
2019-09-28,Seattle,8661.0,3.73,2.13,256.036,3.6
2019-10-05,Seattle,8523.0,3.64,2.13,256.036,3.6
2019-10-12,Seattle,8287.0,3.65,2.04,256.036,3.5
2019-10-19,Seattle,8042.0,3.57,2.04,256.43,3.5
2019-10-26,Seattle,7784.0,3.69,2.04,256.43,3.5
2019-11-02,Seattle,7494.0,3.75,2.04,256.43,3.5
2019-11-09,Seattle,7143.0,3.78,1.83,256.43,3.5
2019-11-16,Seattle,6695.0,3.69,1.83,256.43,3.6
2019-11-23,Seattle,6208.0,3.75,1.83,257.155,3.6
2019-11-30,Seattle,5647.0,3.66,1.83,257.155,3.6
2019-12-07,Seattle,5163.0,3.68,1.83,257.155,3.6
2019-12-14,Seattle,4744.0,3.68,1.55,257.155,3.6
2019-12-21,Seattle,4332.0,3.73,1.55,257.879,3.6
2019-12-28,Seattle,3963.0,3.73,1.55,257.879,3.6
2020-01-04,Seattle,3624.0,3.74,1.55,257.879,3.6
2020-01-11,Seattle,3370.0,3.72,1.55,257.879,3.6
2020-01-18,Seattle,3209.0,3.64,1.55,258.63,3.6
2020-01-25,Seattle,3191.0,3.65,1.55,258.63,3.6
2020-02-01,Seattle,3174.0,3.6,1.55,258.63,3.6
2020-02-08,Seattle,3172.0,3.51,1.55,258.63,3.6
2020-02-15,Seattle,3179.0,3.45,1.55,258.63,3.6
2020-02-22,Seattle,3298.0,3.47,1.55,259.127,3.6
2020-02-29,Seattle,3377.0,3.49,1.55,259.127,3.6
2020-03-07,Seattle,3494.0,3.45,1.55,259.127,3.6
2020-03-14,Seattle,3681.0,3.29,1.58,259.127,3.5
2020-03-21,Seattle,3885.0,3.36,1.58,259.25,3.5
2020-03-28,Seattle,4137.0,3.65,1.58,259.25,3.5
2020-04-04,Seattle,4301.0,3.5,1.58,259.25,3.5
2020-04-11,Seattle,4490.0,3.33,0.65,259.25,4.4
2020-04-18,Seattle,4636.0,3.33,0.65,258.076,4.4
2020-04-25,Seattle,4805.0,3.31,0.65,258.076,4.4
2020-05-02,Seattle,4969.0,3.33,0.65,258.076,4.4
2020-05-09,Seattle,5112.0,3.23,0.05,258.076,4.4
2020-05-16,Seattle,5227.0,3.26,0.05,258.076,14.8
2020-05-23,Seattle,5307.0,3.28,0.05,256.032,14.8
2020-05-30,Seattle,5375.0,3.24,0.05,256.032,14.8
2020-06-06,Seattle,5412.0,3.15,0.05,256.032,14.8
2020-06-13,Seattle,5410.0,3.18,0.05,256.032,13.2
2020-06-20,Seattle,5408.0,3.21,0.05,255.802,13.2
2020-06-27,Seattle,5483.0,3.13,0.05,255.802,13.2
2020-07-04,Seattle,5439.0,3.13,0.05,255.802,13.2
2020-07-11,Seattle,5451.0,3.07,0.08,255.802,11.0
2020-07-18,Seattle,5557.0,3.03,0.08,257.042,11.0
2020-07-25,Seattle,5605.0,2.98,0.08,257.042,11.0
2020-08-01,Seattle,5745.0,3.01,0.08,257.042,11.0
2020-08-08,Seattle,5854.0,2.99,0.09,257.042,11.0
2020-08-15,Seattle,5948.0,2.88,0.09,257.042,10.2
2020-08-22,Seattle,6127.0,2.96,0.09,258.352,10.2
2020-08-29,Seattle,6246.0,2.99,0.09,258.352,10.2
2020-09-05,Seattle,6376.0,2.91,0.09,258.352,10.2
2020-09-12,Seattle,6424.0,2.93,0.1,258.352,8.4
2020-09-19,Seattle,6437.0,2.86,0.1,259.316,8.4
2020-09-26,Seattle,6485.0,2.87,0.1,259.316,8.4
2020-10-03,Seattle,6449.0,2.9,0.1,259.316,8.4
2020-10-10,Seattle,6375.0,2.88,0.09,259.316,8.4
2020-10-17,Seattle,6229.0,2.87,0.09,259.316,7.8
2020-10-24,Seattle,6063.0,2.81,0.09,259.997,7.8
2020-10-31,Seattle,5875.0,2.8,0.09,259.997,7.8
2020-11-07,Seattle,5666.0,2.81,0.09,259.997,7.8
2020-11-14,Seattle,5457.0,2.78,0.09,259.997,6.9
2020-11-21,Seattle,5219.0,2.84,0.09,260.319,6.9
2020-11-28,Seattle,4872.0,2.72,0.09,260.319,6.9
2020-12-05,Seattle,4592.0,2.72,0.09,260.319,6.9
2020-12-12,Seattle,4287.0,2.71,0.09,260.319,6.7
2020-12-19,Seattle,3950.0,2.71,0.09,260.911,6.7
2020-12-26,Seattle,3619.0,2.67,0.09,260.911,6.7
2021-01-02,Seattle,3241.0,2.66,0.09,260.911,6.7
2021-01-09,Seattle,2970.0,2.67,0.09,260.911,6.7
2021-01-16,Seattle,2919.0,2.65,0.09,260.911,6.7
2021-01-23,Seattle,3022.0,2.79,0.09,262.045,6.7
2021-01-30,Seattle,3190.0,2.77,0.09,262.045,6.7
2021-02-06,Seattle,3288.0,2.73,0.09,262.045,6.7
2021-02-13,Seattle,3229.0,2.73,0.09,262.045,6.4
2021-02-20,Seattle,3203.0,2.73,0.09,262.687,6.4
2021-02-27,Seattle,3241.0,2.81,0.09,262.687,6.4
2021-03-06,Seattle,3325.0,2.97,0.09,262.687,6.4
2021-03-13,Seattle,3514.0,3.02,0.08,262.687,6.2
2021-03-20,Seattle,3714.0,3.05,0.08,263.579,6.2
2021-03-27,Seattle,3855.0,3.09,0.08,263.579,6.2
2021-04-03,Seattle,3939.0,3.17,0.08,263.579,6.2
2021-04-10,Seattle,3970.0,3.18,0.07,263.579,6.1
2021-04-17,Seattle,4072.0,3.13,0.07,264.961,6.1
2021-04-24,Seattle,4182.0,3.04,0.07,264.961,6.1
2021-05-01,Seattle,4308.0,2.97,0.07,264.961,6.1
2021-05-08,Seattle,4453.0,2.98,0.07,264.961,6.1
2021-05-15,Seattle,4566.0,2.96,0.07,264.961,6.1
2021-05-22,Seattle,4746.0,2.94,0.07,266.614,6.1
2021-05-29,Seattle,4806.0,3.0,0.07,266.614,6.1
2021-06-05,Seattle,4848.0,2.95,0.07,266.614,6.1
2021-06-12,Seattle,4938.0,2.99,0.06,266.614,5.8
2021-06-19,Seattle,4920.0,2.96,0.06,268.383,5.8
2021-06-26,Seattle,5099.0,2.93,0.06,268.383,5.8
2021-07-03,Seattle,5076.0,3.02,0.06,268.383,5.8
2021-07-10,Seattle,4979.0,2.98,0.08,268.383,5.8
2021-07-17,Seattle,5103.0,2.9,0.08,268.383,5.9
2021-07-24,Seattle,5142.0,2.88,0.08,270.654,5.9
2021-07-31,Seattle,5357.0,2.78,0.08,270.654,5.9
2021-08-07,Seattle,5476.0,2.8,0.1,270.654,5.9
2021-08-14,Seattle,5403.0,2.77,0.1,270.654,5.4
2021-08-21,Seattle,5355.0,2.87,0.1,271.903,5.4
2021-08-28,Seattle,5331.0,2.86,0.1,271.903,5.4
2021-09-04,Seattle,5220.0,2.87,0.1,271.903,5.4
2021-09-11,Seattle,5134.0,2.87,0.09,271.903,5.1
2021-09-18,Seattle,5118.0,2.88,0.09,272.676,5.1
2021-09-25,Seattle,5091.0,2.86,0.09,272.676,5.1
2021-10-02,Seattle,5147.0,2.88,0.09,272.676,5.1
2021-10-09,Seattle,5103.0,3.01,0.08,272.676,5.1
2021-10-16,Seattle,4933.0,2.99,0.08,272.676,4.7
2021-10-23,Seattle,4720.0,3.05,0.08,273.91,4.7
2021-10-30,Seattle,4479.0,3.09,0.08,273.91,4.7
2021-11-06,Seattle,4264.0,3.14,0.08,273.91,4.7
2021-11-13,Seattle,4049.0,3.09,0.08,273.91,4.5
2021-11-20,Seattle,3783.0,2.98,0.08,276.55,4.5
2021-11-27,Seattle,3390.0,3.1,0.08,276.55,4.5
2021-12-04,Seattle,3011.0,3.1,0.08,276.55,4.5
2021-12-11,Seattle,2677.0,3.11,0.08,276.55,4.1
2021-12-18,Seattle,2370.0,3.1,0.08,278.919,4.1
2021-12-25,Seattle,2130.0,3.12,0.08,278.919,4.1
2022-01-01,Seattle,1824.0,3.05,0.08,278.919,4.1
2022-01-08,Seattle,1582.0,3.11,0.08,278.919,4.1
2022-01-15,Seattle,1527.0,3.22,0.08,278.919,3.9
2022-01-22,Seattle,1663.0,3.45,0.08,280.845,3.9
2022-01-29,Seattle,1889.0,3.56,0.08,280.845,3.9
2022-02-05,Seattle,2076.0,3.55,0.08,280.845,3.9
2022-02-12,Seattle,2194.0,3.55,0.08,280.845,4.0
2022-02-19,Seattle,2287.0,3.69,0.08,282.543,4.0
2022-02-26,Seattle,2416.0,3.92,0.08,282.543,4.0
2022-03-05,Seattle,2566.0,3.89,0.08,282.543,4.0
2022-03-12,Seattle,2714.0,3.76,0.08,282.543,4.0
2022-03-19,Seattle,2855.0,3.85,0.08,282.543,3.9
2022-03-26,Seattle,2978.0,4.16,0.08,284.5,3.9
2022-04-02,Seattle,3093.0,4.42,0.08,284.5,3.9
2022-04-09,Seattle,3211.0,4.67,0.2,284.5,3.9
2022-04-16,Seattle,3302.0,4.72,0.2,284.5,3.7
2022-04-23,Seattle,3462.0,5.0,0.2,287.674,3.7
2022-04-30,Seattle,3742.0,5.11,0.2,287.674,3.7
2022-05-07,Seattle,4032.0,5.1,0.2,287.674,3.7
2022-05-14,Seattle,4468.0,5.27,0.33,287.674,3.7
2022-05-21,Seattle,4990.0,5.3,0.33,288.561,3.7
2022-05-28,Seattle,5302.0,5.25,0.33,288.561,3.7
2022-06-04,Seattle,5653.0,5.1,0.33,288.561,3.7
2022-06-11,Seattle,6038.0,5.09,0.77,288.561,3.6
2022-06-18,Seattle,6346.0,5.23,0.77,291.298,3.6
2022-06-25,Seattle,6863.0,5.78,0.77,291.298,3.6
2022-07-02,Seattle,7255.0,5.81,0.77,291.298,3.6
2022-07-09,Seattle,7566.0,5.7,1.21,291.298,3.6
2022-07-16,Seattle,7947.0,5.3,1.21,291.298,3.6
2022-07-23,Seattle,8213.0,5.51,1.21,294.957,3.6
2022-07-30,Seattle,8487.0,5.54,1.21,294.957,3.6
2022-08-06,Seattle,8652.0,5.3,1.21,294.957,3.6
2022-08-13,Seattle,8637.0,4.99,1.68,294.957,3.5
2022-08-20,Seattle,8545.0,5.22,1.68,294.913,3.5
2022-08-27,Seattle,8425.0,5.13,1.68,294.913,3.5
2022-09-03,Seattle,8205.0,5.55,1.68,294.913,3.5
2022-09-10,Seattle,8025.0,5.66,2.33,294.913,3.6
2022-09-17,Seattle,7927.0,5.89,2.33,295.097,3.6
2022-09-24,Seattle,7860.0,6.02,2.33,295.097,3.6
2022-10-01,Seattle,7886.0,6.29,2.33,295.097,3.6
2022-10-08,Seattle,7866.0,6.7,2.56,295.097,3.6
2022-10-15,Seattle,7791.0,6.66,2.56,295.097,3.5
2022-10-22,Seattle,7704.0,6.92,2.56,296.349,3.5
2022-10-29,Seattle,7591.0,6.94,2.56,296.349,3.5
2022-11-05,Seattle,7447.0,7.08,2.56,296.349,3.5
2022-11-12,Seattle,7228.0,6.95,3.08,296.349,3.6
2022-11-19,Seattle,6973.0,7.08,3.08,298.007,3.6
2022-11-26,Seattle,6622.0,6.61,3.08,298.007,3.6
2022-12-03,Seattle,6282.0,6.58,3.08,298.007,3.6
2022-12-10,Seattle,5959.0,6.49,3.78,298.007,3.6
2022-12-17,Seattle,5584.0,6.33,3.78,298.007,3.6
2022-12-24,Seattle,5235.0,6.31,3.78,298.786,3.6
2022-12-31,Seattle,4838.0,6.27,3.78,298.786,3.6
2023-01-07,Seattle,4492.0,6.42,4.1,298.786,3.6
2023-01-14,Seattle,4261.0,6.48,4.1,298.786,3.5
2023-01-21,Seattle,4115.0,6.33,4.1,298.832,3.5
2023-01-28,Seattle,4033.0,6.15,4.1,298.832,3.5
2023-02-04,Seattle,3916.0,6.13,4.1,298.832,3.5
2023-02-11,Seattle,3764.0,6.09,4.33,298.832,3.5
2023-02-18,Seattle,3617.0,6.12,4.33,300.42,3.5
2023-02-25,Seattle,3481.0,6.32,4.33,300.42,3.5
2023-03-04,Seattle,3408.0,6.5,4.33,300.42,3.5
2023-03-11,Seattle,3389.0,6.65,4.57,300.42,3.5
2023-03-18,Seattle,3409.0,6.73,4.57,300.42,3.6
2023-03-25,Seattle,3450.0,6.6,4.57,301.45,3.6
2023-04-01,Seattle,3502.0,6.42,4.57,301.45,3.6
2023-04-08,Seattle,3501.0,6.32,4.65,301.45,3.6
2023-04-15,Seattle,3513.0,6.28,4.65,301.45,3.5
2023-04-22,Seattle,3575.0,6.27,4.65,301.821,3.5
2023-04-29,Seattle,3639.0,6.39,4.65,301.821,3.5
2023-05-06,Seattle,3783.0,6.43,4.65,301.821,3.5
2023-05-13,Seattle,3926.0,6.39,4.83,301.821,3.4
2023-05-20,Seattle,4086.0,6.35,4.83,302.845,3.4
2023-05-27,Seattle,4198.0,6.39,4.83,302.845,3.4
2023-06-03,Seattle,4290.0,6.57,4.83,302.845,3.4
2023-06-10,Seattle,4440.0,6.79,5.06,302.845,3.6
2023-06-17,Seattle,4518.0,6.71,5.06,303.334,3.6
2023-06-24,Seattle,4637.0,6.69,5.06,303.334,3.6
2023-07-01,Seattle,4694.0,6.67,5.06,303.334,3.6
2023-07-08,Seattle,4656.0,6.71,5.08,303.334,3.6
2023-07-15,Seattle,4712.0,6.81,5.08,303.334,3.6
2023-07-22,Seattle,4794.0,6.96,5.08,304.014,3.6
2023-07-29,Seattle,4904.0,6.78,5.08,304.014,3.6
2023-08-05,Seattle,5039.0,6.81,5.08,304.014,3.6
2023-08-12,Seattle,5090.0,6.9,5.12,304.014,3.5
2023-08-19,Seattle,5115.0,6.96,5.12,304.609,3.5
2023-08-26,Seattle,5140.0,7.09,5.12,304.609,3.5
2023-09-02,Seattle,5104.0,7.23,5.12,304.609,3.5
2023-09-09,Seattle,5123.0,7.18,5.33,304.609,3.5
2023-09-16,Seattle,5187.0,7.12,5.33,304.609,3.7
2023-09-23,Seattle,5253.0,7.18,5.33,306.082,3.7
2023-09-30,Seattle,5353.0,7.19,5.33,306.082,3.7
2023-10-07,Seattle,5376.0,7.31,5.33,306.082,3.7
2023-10-14,Seattle,5333.0,7.49,5.33,306.082,3.7
2023-10-21,Seattle,5286.0,7.57,5.33,307.276,3.7
2023-10-28,Seattle,5233.0,7.63,5.33,307.276,3.7
2023-11-04,Seattle,5174.0,7.79,5.33,307.276,3.7
2023-11-11,Seattle,5069.0,7.76,5.33,307.276,3.9
2023-11-18,Seattle,4932.0,7.5,5.33,307.696,3.9
2023-11-25,Seattle,4695.0,7.44,5.33,307.696,3.9
2023-12-02,Seattle,4461.0,7.29,5.33,307.696,3.9
2023-12-09,Seattle,4215.0,7.22,5.33,307.696,3.9
2023-12-16,Seattle,3944.0,7.03,5.33,307.696,3.7
2023-12-23,Seattle,3691.0,6.95,5.33,308.148,3.7
2023-12-30,Seattle,3366.0,6.67,5.33,308.148,3.7
2024-01-06,Seattle,3100.0,6.61,5.33,308.148,3.7
2024-01-13,Seattle,2916.0,6.62,5.33,308.148,3.8
2024-01-20,Seattle,2851.0,6.66,5.33,308.741,3.8
2024-01-27,Seattle,2890.0,6.6,5.33,308.741,3.8
2024-02-03,Seattle,2937.0,6.69,5.33,308.741,3.8
2024-02-10,Seattle,2972.0,6.63,5.33,308.741,3.7
2024-02-17,Seattle,2995.0,6.64,5.33,309.698,3.7
2024-02-24,Seattle,3023.0,6.77,5.33,309.698,3.7
2024-03-02,Seattle,3100.0,6.9,5.33,309.698,3.7
2024-03-09,Seattle,3205.0,6.94,5.33,309.698,3.7
2024-03-16,Seattle,3347.0,6.88,5.33,309.698,3.9
2024-03-23,Seattle,3516.0,6.74,5.33,310.967,3.9
2024-03-30,Seattle,3615.0,6.87,5.33,310.967,3.9
2024-04-06,Seattle,3730.0,6.79,5.33,310.967,3.9
2024-04-13,Seattle,3848.0,6.82,5.33,310.967,3.9
2024-04-20,Seattle,4015.0,6.88,5.33,312.345,3.9
2024-04-27,Seattle,4274.0,7.1,5.33,312.345,3.9
2024-05-04,Seattle,4571.0,7.17,5.33,312.345,3.9
2024-05-11,Seattle,4870.0,7.22,5.33,312.345,3.9
2024-05-18,Seattle,5196.0,7.09,5.33,313.023,3.9
2024-05-25,Seattle,5417.0,7.02,5.33,313.023,3.9
2024-06-01,Seattle,5592.0,6.94,5.33,313.023,3.9
2024-06-08,Seattle,5829.0,7.03,5.33,313.023,3.9
2024-06-15,Seattle,6019.0,6.99,5.33,313.023,3.9
2024-06-22,Seattle,6274.0,6.95,5.33,313.175,3.9
2024-06-29,Seattle,6551.0,6.87,5.33,313.175,3.9
2024-07-06,Seattle,6583.0,6.86,5.33,313.175,3.9
2024-07-13,Seattle,6684.0,6.95,5.33,313.175,4.1
2024-07-20,Seattle,6849.0,6.89,5.33,313.044,4.1
2024-07-27,Seattle,6962.0,6.77,5.33,313.044,4.1
2024-08-03,Seattle,7195.0,6.78,5.33,313.044,4.1
2024-08-10,Seattle,7300.0,6.73,5.33,313.044,4.2
2024-08-17,Seattle,7306.0,6.47,5.33,313.569,4.2
2024-08-24,Seattle,7308.0,6.49,5.33,313.569,4.2
2024-08-31,Seattle,7250.0,6.46,5.33,313.569,4.2
2024-09-07,Seattle,7227.0,6.35,5.33,313.569,4.2
2024-09-14,Seattle,7299.0,6.35,5.33,313.569,4.2
2024-09-21,Seattle,7379.0,6.2,5.33,314.062,4.2
2024-09-28,Seattle,7518.0,6.09,5.33,314.062,4.2
2024-10-05,Seattle,7583.0,6.08,5.33,314.062,4.2
2024-10-12,Seattle,7510.0,6.12,5.13,314.062,4.1
2024-10-19,Seattle,7394.0,6.32,5.13,314.732,4.1
2024-10-26,Seattle,7225.0,6.44,5.13,314.732,4.1
2024-11-02,Seattle,7004.0,6.54,5.13,314.732,4.1
2024-11-09,Seattle,6728.0,6.72,4.83,314.732,4.1
2024-11-16,Seattle,6427.0,6.79,4.83,314.732,4.1
2024-11-23,Seattle,6097.0,6.78,4.83,315.631,4.1
2024-11-30,Seattle,5696.0,6.84,4.83,315.631,4.1
2024-12-07,Seattle,5349.0,6.81,4.83,315.631,4.1
2024-12-14,Seattle,4982.0,6.69,4.64,315.631,4.2
2024-12-21,Seattle,4609.0,6.6,4.64,316.528,4.2
2024-12-28,Seattle,4275.0,6.72,4.64,316.528,4.2
2025-01-04,Seattle,3971.0,6.85,4.64,316.528,4.2
2025-01-11,Seattle,3780.0,6.91,4.48,316.528,4.1
2025-01-18,Seattle,3732.0,6.93,4.48,317.604,4.1
2025-01-25,Seattle,3803.0,7.04,4.48,317.604,4.1
2025-02-01,Seattle,3904.0,6.96,4.48,317.604,4.1
2025-02-08,Seattle,3955.0,6.95,4.33,317.604,4.1
2025-02-15,Seattle,4012.0,6.89,4.33,317.604,4.0
2025-02-22,Seattle,4078.0,6.87,4.33,318.961,4.0
2025-03-01,Seattle,4159.0,6.85,4.33,318.961,4.0
2025-03-08,Seattle,4333.0,6.76,4.33,318.961,4.0
2025-03-15,Seattle,4525.0,6.63,4.33,318.961,4.2
2025-03-22,Seattle,4756.0,6.65,4.33,319.679,4.2
2025-03-29,Seattle,5007.0,6.67,4.33,319.679,4.2
2025-04-05,Seattle,5262.0,6.65,4.33,319.679,4.2
2025-04-12,Seattle,5531.0,6.64,4.33,319.679,4.2
2025-04-19,Seattle,5798.0,6.62,4.33,319.785,4.2
2025-04-26,Seattle,6140.0,6.83,4.33,319.785,4.2
2025-05-03,Seattle,6553.0,6.81,4.33,319.785,4.2
2025-05-10,Seattle,6987.0,6.76,4.33,319.785,4.2
2025-05-17,Seattle,7501.0,6.76,4.33,319.785,4.2
2025-05-24,Seattle,7886.0,6.81,4.33,320.302,4.2
2025-05-31,Seattle,8170.0,6.86,4.33,320.302,4.2
2025-06-07,Seattle,8445.0,6.89,4.33,320.302,4.2
2025-06-14,Seattle,8653.0,6.85,4.33,320.302,4.3
2025-06-21,Seattle,8933.0,6.84,4.33,320.62,4.3
2025-06-28,Seattle,9228.0,6.81,4.33,320.62,4.3
2025-07-05,Seattle,9302.0,6.77,4.33,320.62,4.3
2025-07-12,Seattle,9414.0,6.67,4.33,320.62,4.1
2025-07-19,Seattle,9520.0,6.72,4.33,321.435,4.1
2025-07-26,Seattle,9550.0,6.75,4.33,321.435,4.1
2025-08-02,Seattle,9683.0,6.74,4.33,321.435,4.1
2025-08-09,Seattle,9679.0,6.72,4.33,321.435,4.1
2025-08-16,Seattle,9612.0,6.63,4.33,321.435,4.3
2025-08-23,Seattle,9531.0,6.58,4.33,322.169,4.3
2025-08-30,Seattle,9398.0,6.58,4.33,322.169,4.3
2025-09-06,Seattle,9353.0,6.56,4.33,322.169,4.3
2025-09-13,Seattle,9369.0,6.5,4.33,322.169,4.3
2025-09-20,Seattle,9435.0,6.35,4.33,323.291,4.3
2025-09-27,Seattle,9584.0,6.26,4.33,323.291,4.3
2025-10-04,Seattle,9636.0,6.3,4.33,323.291,4.3
2025-10-11,Seattle,9562.0,6.34,4.22,323.291,4.4
2025-10-18,Seattle,9430.0,6.3,4.22,324.245,4.4
2025-10-25,Seattle,9218.0,6.27,4.22,324.245,4.4
2025-11-01,Seattle,8959.0,6.19,4.22,324.245,4.4
2025-11-08,Seattle,8660.0,6.17,4.09,324.245,4.4
2025-11-15,Seattle,8311.0,6.22,4.09,324.245,4.4
2025-11-22,Seattle,7929.0,6.24,4.09,324.245,4.4
2025-11-29,Seattle,7462.0,6.26,4.09,324.245,4.4
2025-12-06,Seattle,7020.0,6.23,4.09,324.245,4.4
2025-12-13,Seattle,6555.0,6.19,3.88,324.245,4.5
2025-12-20,Seattle,6086.0,6.22,3.88,325.063,4.5
2025-12-27,Seattle,5666.0,6.21,3.88,325.063,4.5
2026-01-03,Seattle,5285.0,6.18,3.88,325.063,4.5
2026-01-10,Seattle,5016.0,6.15,3.72,325.063,4.4
2026-01-17,Seattle,4917.0,6.16,3.72,326.031,4.4
2026-01-24,Seattle,4981.0,6.06,3.72,326.031,4.4
2026-01-31,Seattle,5119.0,6.09,3.72,326.031,4.4
2026-02-07,Seattle,5258.0,6.1,3.64,326.031,4.4
2026-02-14,Seattle,5404.0,6.11,3.64,326.031,4.3
2026-02-21,Seattle,5591.0,6.09,3.64,326.588,4.3
2026-02-28,Seattle,5784.0,6.01,3.64,326.588,4.3
2026-03-07,Seattle,6082.0,5.98,3.64,326.588,4.3
2026-03-14,Seattle,6370.0,6.0,3.64,326.588,4.4
2026-03-21,Seattle,6634.0,6.11,3.64,327.46,4.4
2026-03-28,Seattle,6922.0,6.22,3.64,327.46,4.4
2026-04-04,Seattle,7168.0,6.38,3.64,327.46,4.4
2026-04-11,Seattle,7452.0,6.46,3.64,327.46,4.3
2026-04-18,Seattle,7786.0,6.37,3.64,330.293,4.3
2026-04-25,Seattle,8150.0,6.3,3.64,330.293,4.3
2026-05-02,Seattle,8534.0,6.23,3.64,330.293,4.3
2026-05-09,Seattle,8914.0,6.3,3.64,330.293,4.3
2026-05-16,Seattle,9323.0,6.37,3.64,330.293,4.3
2026-05-23,Seattle,9662.0,6.36,3.64,332.407,4.3
2026-05-30,Seattle,9971.0,6.51,3.64,332.407,4.3
2026-06-06,Seattle,10291.0,6.53,3.64,332.407,4.3
2026-06-13,Seattle,10524.0,6.48,3.63,332.407,4.3
2026-06-20,Seattle,10787.0,6.52,3.63,333.979,4.3
2018-02-03,Washington DC,13916.0,4.15,1.3,247.805,4.1
2018-02-10,Washington DC,14123.0,4.22,1.41,247.805,4.0
2018-02-17,Washington DC,14439.0,4.32,1.41,248.859,4.0
2018-02-24,Washington DC,14787.0,4.38,1.41,248.859,4.0
2018-03-03,Washington DC,15258.0,4.4,1.41,248.859,4.0
2018-03-10,Washington DC,15799.0,4.43,1.42,248.859,4.0
2018-03-17,Washington DC,16446.0,4.46,1.42,248.859,4.1
2018-03-24,Washington DC,17102.0,4.44,1.42,249.529,4.1
2018-03-31,Washington DC,17562.0,4.45,1.42,249.529,4.1
2018-04-07,Washington DC,18195.0,4.44,1.51,249.529,4.1
2018-04-14,Washington DC,18630.0,4.4,1.51,249.529,4.0
2018-04-21,Washington DC,19169.0,4.42,1.51,249.577,4.0
2018-04-28,Washington DC,19792.0,4.47,1.51,249.577,4.0
2018-05-05,Washington DC,20187.0,4.58,1.51,249.577,4.0
2018-05-12,Washington DC,20351.0,4.55,1.69,249.577,4.0
2018-05-19,Washington DC,20459.0,4.55,1.69,250.227,4.0
2018-05-26,Washington DC,20484.0,4.61,1.69,250.227,4.0
2018-06-02,Washington DC,19547.0,4.66,1.69,250.227,4.0
2018-06-09,Washington DC,18844.0,4.56,1.7,250.227,4.0
2018-06-16,Washington DC,17993.0,4.54,1.7,250.227,3.8
2018-06-23,Washington DC,17152.0,4.62,1.7,250.792,3.8
2018-06-30,Washington DC,17145.0,4.57,1.7,250.792,3.8
2018-07-07,Washington DC,17094.0,4.55,1.7,250.792,3.8
2018-07-14,Washington DC,17188.0,4.52,1.82,250.792,4.0
2018-07-21,Washington DC,17324.0,4.53,1.82,251.018,4.0
2018-07-28,Washington DC,17489.0,4.52,1.82,251.018,4.0
2018-08-04,Washington DC,17615.0,4.54,1.82,251.018,4.0
2018-08-11,Washington DC,17589.0,4.6,1.91,251.018,3.8
2018-08-18,Washington DC,17492.0,4.59,1.91,251.214,3.8
2018-08-25,Washington DC,17392.0,4.53,1.91,251.214,3.8
2018-09-01,Washington DC,17305.0,4.51,1.91,251.214,3.8
2018-09-08,Washington DC,17338.0,4.52,1.91,251.214,3.8
2018-09-15,Washington DC,17426.0,4.54,1.91,251.214,3.8
2018-09-22,Washington DC,17564.0,4.6,1.91,251.663,3.8
2018-09-29,Washington DC,17698.0,4.65,1.91,251.663,3.8
2018-10-06,Washington DC,17795.0,4.72,1.91,251.663,3.8
2018-10-13,Washington DC,17806.0,4.71,1.95,251.663,3.7
2018-10-20,Washington DC,17757.0,4.9,1.95,252.182,3.7
2018-10-27,Washington DC,17732.0,4.85,1.95,252.182,3.7
2018-11-03,Washington DC,17578.0,4.86,1.95,252.182,3.7
2018-11-10,Washington DC,17379.0,4.83,2.19,252.182,3.8
2018-11-17,Washington DC,17032.0,4.94,2.19,252.772,3.8
2018-11-24,Washington DC,16372.0,4.94,2.19,252.772,3.8
2018-12-01,Washington DC,15696.0,4.81,2.19,252.772,3.8
2018-12-08,Washington DC,14923.0,4.81,2.2,252.772,3.8
2018-12-15,Washington DC,14156.0,4.75,2.2,252.772,3.8
2018-12-22,Washington DC,13479.0,4.63,2.2,252.594,3.8
2018-12-29,Washington DC,12666.0,4.62,2.2,252.594,3.8
2019-01-05,Washington DC,11992.0,4.55,2.2,252.594,3.8
2019-01-12,Washington DC,11494.0,4.51,2.27,252.594,3.9
2019-01-19,Washington DC,11183.0,4.45,2.27,252.767,3.9
2019-01-26,Washington DC,11072.0,4.45,2.27,252.767,3.9
2019-02-02,Washington DC,11009.0,4.45,2.27,252.767,3.9
2019-02-09,Washington DC,10942.0,4.46,2.4,252.767,3.9
2019-02-16,Washington DC,10952.0,4.41,2.4,252.767,4.0
2019-02-23,Washington DC,10987.0,4.37,2.4,252.561,4.0
2019-03-02,Washington DC,11149.0,4.35,2.4,252.561,4.0
2019-03-09,Washington DC,11453.0,4.35,2.4,252.561,4.0
2019-03-16,Washington DC,11800.0,4.41,2.4,252.561,3.8
2019-03-23,Washington DC,12223.0,4.31,2.4,253.319,3.8
2019-03-30,Washington DC,12581.0,4.28,2.4,253.319,3.8
2019-04-06,Washington DC,13057.0,4.06,2.4,253.319,3.8
2019-04-13,Washington DC,13612.0,4.08,2.41,253.319,3.8
2019-04-20,Washington DC,13992.0,4.12,2.41,254.277,3.8
2019-04-27,Washington DC,14477.0,4.17,2.41,254.277,3.8
2019-05-04,Washington DC,14916.0,4.2,2.41,254.277,3.8
2019-05-11,Washington DC,15185.0,4.14,2.42,254.277,3.7
2019-05-18,Washington DC,15660.0,4.1,2.42,255.233,3.7
2019-05-25,Washington DC,15898.0,4.07,2.42,255.233,3.7
2019-06-01,Washington DC,15925.0,4.06,2.42,255.233,3.7
2019-06-08,Washington DC,16042.0,3.99,2.39,255.233,3.7
2019-06-15,Washington DC,16000.0,3.82,2.39,255.233,3.6
2019-06-22,Washington DC,16088.0,3.82,2.39,255.296,3.6
2019-06-29,Washington DC,16169.0,3.84,2.39,255.296,3.6
2019-07-06,Washington DC,15963.0,3.73,2.39,255.296,3.6
2019-07-13,Washington DC,15913.0,3.75,2.38,255.296,3.6
2019-07-20,Washington DC,15828.0,3.75,2.38,255.213,3.6
2019-07-27,Washington DC,15660.0,3.81,2.38,255.213,3.6
2019-08-03,Washington DC,15632.0,3.75,2.38,255.213,3.6
2019-08-10,Washington DC,15502.0,3.75,2.4,255.213,3.7
2019-08-17,Washington DC,15299.0,3.6,2.4,255.802,3.7
2019-08-24,Washington DC,15162.0,3.6,2.4,255.802,3.7
2019-08-31,Washington DC,14987.0,3.55,2.4,255.802,3.7
2019-09-07,Washington DC,14934.0,3.58,2.13,255.802,3.7
2019-09-14,Washington DC,15019.0,3.49,2.13,255.802,3.6
2019-09-21,Washington DC,15149.0,3.56,2.13,256.036,3.6
2019-09-28,Washington DC,15350.0,3.73,2.13,256.036,3.6
2019-10-05,Washington DC,15420.0,3.64,2.13,256.036,3.6
2019-10-12,Washington DC,15351.0,3.65,2.04,256.036,3.5
2019-10-19,Washington DC,15270.0,3.57,2.04,256.43,3.5
2019-10-26,Washington DC,15121.0,3.69,2.04,256.43,3.5
2019-11-02,Washington DC,14909.0,3.75,2.04,256.43,3.5
2019-11-09,Washington DC,14629.0,3.78,1.83,256.43,3.5
2019-11-16,Washington DC,14229.0,3.69,1.83,256.43,3.6
2019-11-23,Washington DC,13746.0,3.75,1.83,257.155,3.6
2019-11-30,Washington DC,13036.0,3.66,1.83,257.155,3.6
2019-12-07,Washington DC,12367.0,3.68,1.83,257.155,3.6
2019-12-14,Washington DC,11681.0,3.68,1.55,257.155,3.6
2019-12-21,Washington DC,11008.0,3.73,1.55,257.879,3.6
2019-12-28,Washington DC,10385.0,3.73,1.55,257.879,3.6
2020-01-04,Washington DC,9826.0,3.74,1.55,257.879,3.6
2020-01-11,Washington DC,9406.0,3.72,1.55,257.879,3.6
2020-01-18,Washington DC,9179.0,3.64,1.55,258.63,3.6
2020-01-25,Washington DC,9139.0,3.65,1.55,258.63,3.6
2020-02-01,Washington DC,9109.0,3.6,1.55,258.63,3.6
2020-02-08,Washington DC,9097.0,3.51,1.55,258.63,3.6
2020-02-15,Washington DC,9057.0,3.45,1.55,258.63,3.6
2020-02-22,Washington DC,9115.0,3.47,1.55,259.127,3.6
2020-02-29,Washington DC,9235.0,3.49,1.55,259.127,3.6
2020-03-07,Washington DC,9435.0,3.45,1.55,259.127,3.6
2020-03-14,Washington DC,9777.0,3.29,1.58,259.127,3.5
2020-03-21,Washington DC,10131.0,3.36,1.58,259.25,3.5
2020-03-28,Washington DC,10449.0,3.65,1.58,259.25,3.5
2020-04-04,Washington DC,10705.0,3.5,1.58,259.25,3.5
2020-04-11,Washington DC,10791.0,3.33,0.65,259.25,4.4
2020-04-18,Washington DC,10892.0,3.33,0.65,258.076,4.4
2020-04-25,Washington DC,10934.0,3.31,0.65,258.076,4.4
2020-05-02,Washington DC,10957.0,3.33,0.65,258.076,4.4
2020-05-09,Washington DC,10993.0,3.23,0.05,258.076,4.4
2020-05-16,Washington DC,10962.0,3.26,0.05,258.076,14.8
2020-05-23,Washington DC,10864.0,3.28,0.05,256.032,14.8
2020-05-30,Washington DC,10695.0,3.24,0.05,256.032,14.8
2020-06-06,Washington DC,10533.0,3.15,0.05,256.032,14.8
2020-06-13,Washington DC,10373.0,3.18,0.05,256.032,13.2
2020-06-20,Washington DC,10285.0,3.21,0.05,255.802,13.2
2020-06-27,Washington DC,10212.0,3.13,0.05,255.802,13.2
2020-07-04,Washington DC,10042.0,3.13,0.05,255.802,13.2
2020-07-11,Washington DC,9920.0,3.07,0.08,255.802,11.0
2020-07-18,Washington DC,9849.0,3.03,0.08,257.042,11.0
2020-07-25,Washington DC,9760.0,2.98,0.08,257.042,11.0
2020-08-01,Washington DC,9731.0,3.01,0.08,257.042,11.0
2020-08-08,Washington DC,9671.0,2.99,0.09,257.042,11.0
2020-08-15,Washington DC,9605.0,2.88,0.09,257.042,10.2
2020-08-22,Washington DC,9612.0,2.96,0.09,258.352,10.2
2020-08-29,Washington DC,9727.0,2.99,0.09,258.352,10.2
2020-09-05,Washington DC,9995.0,2.91,0.09,258.352,10.2
2020-09-12,Washington DC,10462.0,2.93,0.1,258.352,8.4
2020-09-19,Washington DC,11090.0,2.86,0.1,259.316,8.4
2020-09-26,Washington DC,11796.0,2.87,0.1,259.316,8.4
2020-10-03,Washington DC,12554.0,2.9,0.1,259.316,8.4
2020-10-10,Washington DC,12324.0,2.88,0.09,259.316,8.4
2020-10-17,Washington DC,11926.0,2.87,0.09,259.316,7.8
2020-10-24,Washington DC,11369.0,2.81,0.09,259.997,7.8
2020-10-31,Washington DC,10505.0,2.8,0.09,259.997,7.8
2020-11-07,Washington DC,10371.0,2.81,0.09,259.997,7.8
2020-11-14,Washington DC,10207.0,2.78,0.09,259.997,6.9
2020-11-21,Washington DC,9997.0,2.84,0.09,260.319,6.9
2020-11-28,Washington DC,9645.0,2.72,0.09,260.319,6.9
2020-12-05,Washington DC,9310.0,2.72,0.09,260.319,6.9
2020-12-12,Washington DC,8913.0,2.71,0.09,260.319,6.7
2020-12-19,Washington DC,8390.0,2.71,0.09,260.911,6.7
2020-12-26,Washington DC,7853.0,2.67,0.09,260.911,6.7
2021-01-02,Washington DC,7280.0,2.66,0.09,260.911,6.7
2021-01-09,Washington DC,6873.0,2.67,0.09,260.911,6.7
2021-01-16,Washington DC,6777.0,2.65,0.09,260.911,6.7
2021-01-23,Washington DC,6861.0,2.79,0.09,262.045,6.7
2021-01-30,Washington DC,6981.0,2.77,0.09,262.045,6.7
2021-02-06,Washington DC,6971.0,2.73,0.09,262.045,6.7
2021-02-13,Washington DC,6859.0,2.73,0.09,262.045,6.4
2021-02-20,Washington DC,6735.0,2.73,0.09,262.687,6.4
2021-02-27,Washington DC,6670.0,2.81,0.09,262.687,6.4
2021-03-06,Washington DC,6816.0,2.97,0.09,262.687,6.4
2021-03-13,Washington DC,7087.0,3.02,0.08,262.687,6.2
2021-03-20,Washington DC,7477.0,3.05,0.08,263.579,6.2
2021-03-27,Washington DC,7836.0,3.09,0.08,263.579,6.2
2021-04-03,Washington DC,8008.0,3.17,0.08,263.579,6.2
2021-04-10,Washington DC,8155.0,3.18,0.07,263.579,6.1
2021-04-17,Washington DC,8383.0,3.13,0.07,264.961,6.1
2021-04-24,Washington DC,8625.0,3.04,0.07,264.961,6.1
2021-05-01,Washington DC,8971.0,2.97,0.07,264.961,6.1
2021-05-08,Washington DC,9228.0,2.98,0.07,264.961,6.1
2021-05-15,Washington DC,9423.0,2.96,0.07,264.961,6.1
2021-05-22,Washington DC,9768.0,2.94,0.07,266.614,6.1
2021-05-29,Washington DC,9922.0,3.0,0.07,266.614,6.1
2021-06-05,Washington DC,10126.0,2.95,0.07,266.614,6.1
2021-06-12,Washington DC,10418.0,2.99,0.06,266.614,5.8
2021-06-19,Washington DC,10596.0,2.96,0.06,268.383,5.8
2021-06-26,Washington DC,10990.0,2.93,0.06,268.383,5.8
2021-07-03,Washington DC,11186.0,3.02,0.06,268.383,5.8
2021-07-10,Washington DC,11296.0,2.98,0.08,268.383,5.8
2021-07-17,Washington DC,11585.0,2.9,0.08,268.383,5.9
2021-07-24,Washington DC,11784.0,2.88,0.08,270.654,5.9
2021-07-31,Washington DC,12073.0,2.78,0.08,270.654,5.9
2021-08-07,Washington DC,12325.0,2.8,0.1,270.654,5.9
2021-08-14,Washington DC,12323.0,2.77,0.1,270.654,5.4
2021-08-21,Washington DC,12262.0,2.87,0.1,271.903,5.4
2021-08-28,Washington DC,12211.0,2.86,0.1,271.903,5.4
2021-09-04,Washington DC,12079.0,2.87,0.1,271.903,5.4
2021-09-11,Washington DC,12087.0,2.87,0.09,271.903,5.1
2021-09-18,Washington DC,12270.0,2.88,0.09,272.676,5.1
2021-09-25,Washington DC,12408.0,2.86,0.09,272.676,5.1
2021-10-02,Washington DC,12579.0,2.88,0.09,272.676,5.1
2021-10-09,Washington DC,12574.0,3.01,0.08,272.676,5.1
2021-10-16,Washington DC,12380.0,2.99,0.08,272.676,4.7
2021-10-23,Washington DC,12164.0,3.05,0.08,273.91,4.7
2021-10-30,Washington DC,11828.0,3.09,0.08,273.91,4.7
2021-11-06,Washington DC,11426.0,3.14,0.08,273.91,4.7
2021-11-13,Washington DC,10961.0,3.09,0.08,273.91,4.5
2021-11-20,Washington DC,10421.0,2.98,0.08,276.55,4.5
2021-11-27,Washington DC,9657.0,3.1,0.08,276.55,4.5
2021-12-04,Washington DC,8979.0,3.1,0.08,276.55,4.5
2021-12-11,Washington DC,8338.0,3.11,0.08,276.55,4.1
2021-12-18,Washington DC,7659.0,3.1,0.08,278.919,4.1
2021-12-25,Washington DC,7091.0,3.12,0.08,278.919,4.1
2022-01-01,Washington DC,6454.0,3.05,0.08,278.919,4.1
2022-01-08,Washington DC,5914.0,3.11,0.08,278.919,4.1
2022-01-15,Washington DC,5661.0,3.22,0.08,278.919,3.9
2022-01-22,Washington DC,5618.0,3.45,0.08,280.845,3.9
2022-01-29,Washington DC,5638.0,3.56,0.08,280.845,3.9
2022-02-05,Washington DC,5649.0,3.55,0.08,280.845,3.9
2022-02-12,Washington DC,5611.0,3.55,0.08,280.845,4.0
2022-02-19,Washington DC,5625.0,3.69,0.08,282.543,4.0
2022-02-26,Washington DC,5719.0,3.92,0.08,282.543,4.0
2022-03-05,Washington DC,5902.0,3.89,0.08,282.543,4.0
2022-03-12,Washington DC,6082.0,3.76,0.08,282.543,4.0
2022-03-19,Washington DC,6289.0,3.85,0.08,282.543,3.9
2022-03-26,Washington DC,6473.0,4.16,0.08,284.5,3.9
2022-04-02,Washington DC,6676.0,4.42,0.08,284.5,3.9
2022-04-09,Washington DC,6939.0,4.67,0.2,284.5,3.9
2022-04-16,Washington DC,7087.0,4.72,0.2,284.5,3.7
2022-04-23,Washington DC,7386.0,5.0,0.2,287.674,3.7
2022-04-30,Washington DC,7734.0,5.11,0.2,287.674,3.7
2022-05-07,Washington DC,8028.0,5.1,0.2,287.674,3.7
2022-05-14,Washington DC,8479.0,5.27,0.33,287.674,3.7
2022-05-21,Washington DC,8941.0,5.3,0.33,288.561,3.7
2022-05-28,Washington DC,9182.0,5.25,0.33,288.561,3.7
2022-06-04,Washington DC,9460.0,5.1,0.33,288.561,3.7
2022-06-11,Washington DC,9789.0,5.09,0.77,288.561,3.6
2022-06-18,Washington DC,10012.0,5.23,0.77,291.298,3.6
2022-06-25,Washington DC,10379.0,5.78,0.77,291.298,3.6
2022-07-02,Washington DC,10630.0,5.81,0.77,291.298,3.6
2022-07-09,Washington DC,10776.0,5.7,1.21,291.298,3.6
2022-07-16,Washington DC,10992.0,5.3,1.21,291.298,3.6
2022-07-23,Washington DC,11165.0,5.51,1.21,294.957,3.6
2022-07-30,Washington DC,11345.0,5.54,1.21,294.957,3.6
2022-08-06,Washington DC,11467.0,5.3,1.21,294.957,3.6
2022-08-13,Washington DC,11415.0,4.99,1.68,294.957,3.5
2022-08-20,Washington DC,11280.0,5.22,1.68,294.913,3.5
2022-08-27,Washington DC,11087.0,5.13,1.68,294.913,3.5
2022-09-03,Washington DC,10859.0,5.55,1.68,294.913,3.5
2022-09-10,Washington DC,10760.0,5.66,2.33,294.913,3.6
2022-09-17,Washington DC,10781.0,5.89,2.33,295.097,3.6
2022-09-24,Washington DC,10866.0,6.02,2.33,295.097,3.6
2022-10-01,Washington DC,11009.0,6.29,2.33,295.097,3.6
2022-10-08,Washington DC,11040.0,6.7,2.56,295.097,3.6
2022-10-15,Washington DC,10988.0,6.66,2.56,295.097,3.5
2022-10-22,Washington DC,10939.0,6.92,2.56,296.349,3.5
2022-10-29,Washington DC,10866.0,6.94,2.56,296.349,3.5
2022-11-05,Washington DC,10771.0,7.08,2.56,296.349,3.5
2022-11-12,Washington DC,10615.0,6.95,3.08,296.349,3.6
2022-11-19,Washington DC,10393.0,7.08,3.08,298.007,3.6
2022-11-26,Washington DC,9994.0,6.61,3.08,298.007,3.6
2022-12-03,Washington DC,9610.0,6.58,3.08,298.007,3.6
2022-12-10,Washington DC,9164.0,6.49,3.78,298.007,3.6
2022-12-17,Washington DC,8645.0,6.33,3.78,298.007,3.6
2022-12-24,Washington DC,8161.0,6.31,3.78,298.786,3.6
2022-12-31,Washington DC,7591.0,6.27,3.78,298.786,3.6
2023-01-07,Washington DC,7155.0,6.42,4.1,298.786,3.6
2023-01-14,Washington DC,6889.0,6.48,4.1,298.786,3.5
2023-01-21,Washington DC,6735.0,6.33,4.1,298.832,3.5
2023-01-28,Washington DC,6647.0,6.15,4.1,298.832,3.5
2023-02-04,Washington DC,6469.0,6.13,4.1,298.832,3.5
2023-02-11,Washington DC,6242.0,6.09,4.33,298.832,3.5
2023-02-18,Washington DC,6052.0,6.12,4.33,300.42,3.5
2023-02-25,Washington DC,5896.0,6.32,4.33,300.42,3.5
2023-03-04,Washington DC,5863.0,6.5,4.33,300.42,3.5
2023-03-11,Washington DC,5911.0,6.65,4.57,300.42,3.5
2023-03-18,Washington DC,5991.0,6.73,4.57,300.42,3.6
2023-03-25,Washington DC,6101.0,6.6,4.57,301.45,3.6
2023-04-01,Washington DC,6196.0,6.42,4.57,301.45,3.6
2023-04-08,Washington DC,6169.0,6.32,4.65,301.45,3.6
2023-04-15,Washington DC,6273.0,6.28,4.65,301.45,3.5
2023-04-22,Washington DC,6429.0,6.27,4.65,301.821,3.5
2023-04-29,Washington DC,6512.0,6.39,4.65,301.821,3.5
2023-05-06,Washington DC,6713.0,6.43,4.65,301.821,3.5
2023-05-13,Washington DC,6787.0,6.39,4.83,301.821,3.4
2023-05-20,Washington DC,6827.0,6.35,4.83,302.845,3.4
2023-05-27,Washington DC,6828.0,6.39,4.83,302.845,3.4
2023-06-03,Washington DC,6794.0,6.57,4.83,302.845,3.4
2023-06-10,Washington DC,6801.0,6.79,5.06,302.845,3.6
2023-06-17,Washington DC,6754.0,6.71,5.06,303.334,3.6
2023-06-24,Washington DC,6771.0,6.69,5.06,303.334,3.6
2023-07-01,Washington DC,6783.0,6.67,5.06,303.334,3.6
2023-07-08,Washington DC,6711.0,6.71,5.08,303.334,3.6
2023-07-15,Washington DC,6785.0,6.81,5.08,303.334,3.6
2023-07-22,Washington DC,6890.0,6.96,5.08,304.014,3.6
2023-07-29,Washington DC,6969.0,6.78,5.08,304.014,3.6
2023-08-05,Washington DC,7073.0,6.81,5.08,304.014,3.6
2023-08-12,Washington DC,7035.0,6.9,5.12,304.014,3.5
2023-08-19,Washington DC,6976.0,6.96,5.12,304.609,3.5
2023-08-26,Washington DC,6955.0,7.09,5.12,304.609,3.5
2023-09-02,Washington DC,6892.0,7.23,5.12,304.609,3.5
2023-09-09,Washington DC,6918.0,7.18,5.33,304.609,3.5
2023-09-16,Washington DC,7137.0,7.12,5.33,304.609,3.7
2023-09-23,Washington DC,7292.0,7.18,5.33,306.082,3.7
2023-09-30,Washington DC,7491.0,7.19,5.33,306.082,3.7
2023-10-07,Washington DC,7655.0,7.31,5.33,306.082,3.7
2023-10-14,Washington DC,7659.0,7.49,5.33,306.082,3.7
2023-10-21,Washington DC,7723.0,7.57,5.33,307.276,3.7
2023-10-28,Washington DC,7794.0,7.63,5.33,307.276,3.7
2023-11-04,Washington DC,7830.0,7.79,5.33,307.276,3.7
2023-11-11,Washington DC,7771.0,7.76,5.33,307.276,3.9
2023-11-18,Washington DC,7664.0,7.5,5.33,307.696,3.9
2023-11-25,Washington DC,7402.0,7.44,5.33,307.696,3.9
2023-12-02,Washington DC,7157.0,7.29,5.33,307.696,3.9
2023-12-09,Washington DC,6899.0,7.22,5.33,307.696,3.9
2023-12-16,Washington DC,6592.0,7.03,5.33,307.696,3.7
2023-12-23,Washington DC,6295.0,6.95,5.33,308.148,3.7
2023-12-30,Washington DC,5833.0,6.67,5.33,308.148,3.7
2024-01-06,Washington DC,5490.0,6.61,5.33,308.148,3.7
2024-01-13,Washington DC,5283.0,6.62,5.33,308.148,3.8
2024-01-20,Washington DC,5195.0,6.66,5.33,308.741,3.8
2024-01-27,Washington DC,5218.0,6.6,5.33,308.741,3.8
2024-02-03,Washington DC,5244.0,6.69,5.33,308.741,3.8
2024-02-10,Washington DC,5211.0,6.63,5.33,308.741,3.7
2024-02-17,Washington DC,5247.0,6.64,5.33,309.698,3.7
2024-02-24,Washington DC,5333.0,6.77,5.33,309.698,3.7
2024-03-02,Washington DC,5465.0,6.9,5.33,309.698,3.7
2024-03-09,Washington DC,5652.0,6.94,5.33,309.698,3.7
2024-03-16,Washington DC,5860.0,6.88,5.33,309.698,3.9
2024-03-23,Washington DC,6108.0,6.74,5.33,310.967,3.9
2024-03-30,Washington DC,6191.0,6.87,5.33,310.967,3.9
2024-04-06,Washington DC,6354.0,6.79,5.33,310.967,3.9
2024-04-13,Washington DC,6573.0,6.82,5.33,310.967,3.9
2024-04-20,Washington DC,6760.0,6.88,5.33,312.345,3.9
2024-04-27,Washington DC,7082.0,7.1,5.33,312.345,3.9
2024-05-04,Washington DC,7363.0,7.17,5.33,312.345,3.9
2024-05-11,Washington DC,7542.0,7.22,5.33,312.345,3.9
2024-05-18,Washington DC,7810.0,7.09,5.33,313.023,3.9
2024-05-25,Washington DC,7986.0,7.02,5.33,313.023,3.9
2024-06-01,Washington DC,8102.0,6.94,5.33,313.023,3.9
2024-06-08,Washington DC,8309.0,7.03,5.33,313.023,3.9
2024-06-15,Washington DC,8425.0,6.99,5.33,313.023,3.9
2024-06-22,Washington DC,8596.0,6.95,5.33,313.175,3.9
2024-06-29,Washington DC,8744.0,6.87,5.33,313.175,3.9
2024-07-06,Washington DC,8648.0,6.86,5.33,313.175,3.9
2024-07-13,Washington DC,8658.0,6.95,5.33,313.175,4.1
2024-07-20,Washington DC,8727.0,6.89,5.33,313.044,4.1
2024-07-27,Washington DC,8737.0,6.77,5.33,313.044,4.1
2024-08-03,Washington DC,8878.0,6.78,5.33,313.044,4.1
2024-08-10,Washington DC,8900.0,6.73,5.33,313.044,4.2
2024-08-17,Washington DC,8837.0,6.47,5.33,313.569,4.2
2024-08-24,Washington DC,8829.0,6.49,5.33,313.569,4.2
2024-08-31,Washington DC,8756.0,6.46,5.33,313.569,4.2
2024-09-07,Washington DC,8806.0,6.35,5.33,313.569,4.2
2024-09-14,Washington DC,9004.0,6.35,5.33,313.569,4.2
2024-09-21,Washington DC,9228.0,6.2,5.33,314.062,4.2
2024-09-28,Washington DC,9480.0,6.09,5.33,314.062,4.2
2024-10-05,Washington DC,9611.0,6.08,5.33,314.062,4.2
2024-10-12,Washington DC,9584.0,6.12,5.13,314.062,4.1
2024-10-19,Washington DC,9539.0,6.32,5.13,314.732,4.1
2024-10-26,Washington DC,9531.0,6.44,5.13,314.732,4.1
2024-11-02,Washington DC,9468.0,6.54,5.13,314.732,4.1
2024-11-09,Washington DC,9397.0,6.72,4.83,314.732,4.1
2024-11-16,Washington DC,9298.0,6.79,4.83,314.732,4.1
2024-11-23,Washington DC,9104.0,6.78,4.83,315.631,4.1
2024-11-30,Washington DC,8767.0,6.84,4.83,315.631,4.1
2024-12-07,Washington DC,8437.0,6.81,4.83,315.631,4.1
2024-12-14,Washington DC,8044.0,6.69,4.64,315.631,4.2
2024-12-21,Washington DC,7637.0,6.6,4.64,316.528,4.2
2024-12-28,Washington DC,7229.0,6.72,4.64,316.528,4.2
2025-01-04,Washington DC,6857.0,6.85,4.64,316.528,4.2
2025-01-11,Washington DC,6582.0,6.91,4.48,316.528,4.1
2025-01-18,Washington DC,6458.0,6.93,4.48,317.604,4.1
2025-01-25,Washington DC,6525.0,7.04,4.48,317.604,4.1
2025-02-01,Washington DC,6609.0,6.96,4.48,317.604,4.1
2025-02-08,Washington DC,6691.0,6.95,4.33,317.604,4.1
2025-02-15,Washington DC,6729.0,6.89,4.33,317.604,4.0
2025-02-22,Washington DC,6836.0,6.87,4.33,318.961,4.0
2025-03-01,Washington DC,7020.0,6.85,4.33,318.961,4.0
2025-03-08,Washington DC,7359.0,6.76,4.33,318.961,4.0
2025-03-15,Washington DC,7855.0,6.63,4.33,318.961,4.2
2025-03-22,Washington DC,8397.0,6.65,4.33,319.679,4.2
2025-03-29,Washington DC,8895.0,6.67,4.33,319.679,4.2
2025-04-05,Washington DC,9406.0,6.65,4.33,319.679,4.2
2025-04-12,Washington DC,9883.0,6.64,4.33,319.679,4.2
2025-04-19,Washington DC,10225.0,6.62,4.33,319.785,4.2
2025-04-26,Washington DC,10680.0,6.83,4.33,319.785,4.2
2025-05-03,Washington DC,11170.0,6.81,4.33,319.785,4.2
2025-05-10,Washington DC,11541.0,6.76,4.33,319.785,4.2
2025-05-17,Washington DC,12021.0,6.76,4.33,319.785,4.2
2025-05-24,Washington DC,12285.0,6.81,4.33,320.302,4.2
2025-05-31,Washington DC,12355.0,6.86,4.33,320.302,4.2
2025-06-07,Washington DC,12507.0,6.89,4.33,320.302,4.2
2025-06-14,Washington DC,12572.0,6.85,4.33,320.302,4.3
2025-06-21,Washington DC,12662.0,6.84,4.33,320.62,4.3
2025-06-28,Washington DC,12777.0,6.81,4.33,320.62,4.3
2025-07-05,Washington DC,12674.0,6.77,4.33,320.62,4.3
2025-07-12,Washington DC,12656.0,6.67,4.33,320.62,4.1
2025-07-19,Washington DC,12715.0,6.72,4.33,321.435,4.1
2025-07-26,Washington DC,12684.0,6.75,4.33,321.435,4.1
2025-08-02,Washington DC,12768.0,6.74,4.33,321.435,4.1
2025-08-09,Washington DC,12736.0,6.72,4.33,321.435,4.1
2025-08-16,Washington DC,12620.0,6.63,4.33,321.435,4.3
2025-08-23,Washington DC,12594.0,6.58,4.33,322.169,4.3
2025-08-30,Washington DC,12594.0,6.58,4.33,322.169,4.3
2025-09-06,Washington DC,12632.0,6.56,4.33,322.169,4.3
2025-09-13,Washington DC,12813.0,6.5,4.33,322.169,4.3
2025-09-20,Washington DC,13011.0,6.35,4.33,323.291,4.3
2025-09-27,Washington DC,13197.0,6.26,4.33,323.291,4.3
2025-10-04,Washington DC,13400.0,6.3,4.33,323.291,4.3
2025-10-11,Washington DC,13474.0,6.34,4.22,323.291,4.4
2025-10-18,Washington DC,13463.0,6.3,4.22,324.245,4.4
2025-10-25,Washington DC,13459.0,6.27,4.22,324.245,4.4
2025-11-01,Washington DC,13374.0,6.19,4.22,324.245,4.4
2025-11-08,Washington DC,13203.0,6.17,4.09,324.245,4.4
2025-11-15,Washington DC,12992.0,6.22,4.09,324.245,4.4
2025-11-22,Washington DC,12664.0,6.24,4.09,324.245,4.4
2025-11-29,Washington DC,12173.0,6.26,4.09,324.245,4.4
2025-12-06,Washington DC,11713.0,6.23,4.09,324.245,4.4
2025-12-13,Washington DC,11189.0,6.19,3.88,324.245,4.5
2025-12-20,Washington DC,10656.0,6.22,3.88,325.063,4.5
2025-12-27,Washington DC,10138.0,6.21,3.88,325.063,4.5
2026-01-03,Washington DC,9613.0,6.18,3.88,325.063,4.5
2026-01-10,Washington DC,9219.0,6.15,3.72,325.063,4.4
2026-01-17,Washington DC,9012.0,6.16,3.72,326.031,4.4
2026-01-24,Washington DC,8945.0,6.06,3.72,326.031,4.4
2026-01-31,Washington DC,8825.0,6.09,3.72,326.031,4.4
2026-02-07,Washington DC,8754.0,6.1,3.64,326.031,4.4
2026-02-14,Washington DC,8632.0,6.11,3.64,326.031,4.3
2026-02-21,Washington DC,8629.0,6.09,3.64,326.588,4.3
2026-02-28,Washington DC,8773.0,6.01,3.64,326.588,4.3
2026-03-07,Washington DC,8990.0,5.98,3.64,326.588,4.3
2026-03-14,Washington DC,9323.0,6.0,3.64,326.588,4.4
2026-03-21,Washington DC,9697.0,6.11,3.64,327.46,4.4
2026-03-28,Washington DC,10136.0,6.22,3.64,327.46,4.4
2026-04-04,Washington DC,10425.0,6.38,3.64,327.46,4.4
2026-04-11,Washington DC,10815.0,6.46,3.64,327.46,4.3
2026-04-18,Washington DC,11310.0,6.37,3.64,330.293,4.3
2026-04-25,Washington DC,11746.0,6.3,3.64,330.293,4.3
2026-05-02,Washington DC,12278.0,6.23,3.64,330.293,4.3
2026-05-09,Washington DC,12636.0,6.3,3.64,330.293,4.3
2026-05-16,Washington DC,12929.0,6.37,3.64,330.293,4.3
2026-05-23,Washington DC,13162.0,6.36,3.64,332.407,4.3
2026-05-30,Washington DC,13342.0,6.51,3.64,332.407,4.3
2026-06-06,Washington DC,13579.0,6.53,3.64,332.407,4.3
2026-06-13,Washington DC,13722.0,6.48,3.63,332.407,4.3
2026-06-20,Washington DC,13924.0,6.52,3.63,333.979,4.3
