msa,origin,h,active,conf,naive,ar,macro,event,seasonality,intrinsic
Atlanta,2023-02-04,4,False,0.0,5.1185343229140186,0.8260446092857172,0.3009415064845117,0.0,0.14653516192703908,-0.7743425610319676
Atlanta,2023-02-04,8,False,0.0,8.35452356799127,0.9027198808795979,0.19005258107528245,0.0,0.022414880698287898,-0.4200510993613473
Atlanta,2023-02-04,13,False,0.0,10.734232875381272,0.7563013705598622,0.15116780328870882,0.0,-0.10189006075420792,-0.3117022830323122
Atlanta,2023-02-11,4,False,0.0,5.141754525669161,0.930287722634211,0.31086190992153895,0.0,-0.031614142758652486,-0.8340426908005063
Atlanta,2023-02-11,8,False,0.0,8.05322241527939,0.846590761618167,0.2039725190843239,0.0,-0.1725873699137601,-0.47030308694562595
Atlanta,2023-02-11,13,False,0.0,9.335017105881791,0.4769709462216565,0.1780523824460869,0.0,-0.3081633129679222,-0.37949332075852427
Atlanta,2023-02-18,4,False,0.0,4.514202960296526,0.7384504628600775,0.4925419072723778,0.0,-0.44276515726995247,-1.0314670023764654
Atlanta,2023-02-18,8,False,0.0,7.244036816165722,0.5444362097001969,0.31494988949402924,0.0,-0.4696641665524326,-0.5676472932404664
Atlanta,2023-02-18,13,False,0.0,7.427306792457575,-0.18914874799433257,0.307703389976244,0.0,-0.693863047485749,-0.5088139945175894
Atlanta,2023-02-25,4,False,0.0,3.492301996557333,0.297068277203703,0.5098069411140138,0.0,-1.2255660873632146,-1.4383060248970452
Atlanta,2023-02-25,8,False,0.0,5.903296272302454,0.13152638129672622,0.3426920959050396,0.0,-0.9514618716113707,-0.7470125034434911
Atlanta,2023-02-25,13,False,0.0,5.370524224939629,-1.1446230675300741,0.38837643866084515,0.0,-1.4081153586912847,-0.7489476282302903
Atlanta,2023-03-04,4,False,0.0,3.3637725795488587,0.7593192925255843,0.592729852369885,0.0,-1.8847303624923497,-1.561254536758744
Atlanta,2023-03-04,8,False,0.0,5.12005975338443,0.5176194806166965,0.422144156526969,0.0,-1.4766711163827013,-0.8883267415615514
Atlanta,2023-03-04,13,False,0.0,4.184174906370256,-0.7606886093624399,0.5167523038370745,0.0,-2.3036201898083464,-0.9917005470122866
Atlanta,2023-03-11,4,False,0.0,2.9503578562492514,0.5587874079490044,0.5688380942630695,0.0,-2.5759565899341954,-1.8833227641446384
Atlanta,2023-03-11,8,False,0.0,3.5217219270463826,-0.17576489438424292,0.500419352181546,0.0,-2.4618639440087073,-1.333620513954651
Atlanta,2023-03-11,13,False,0.0,2.445518356982458,-2.789457016253925,0.3108808406226722,0.0,-4.442557867260691,-1.7602171617833755
Atlanta,2023-03-18,4,False,0.0,3.1142859287419937,0.922340858826283,0.5029369417891661,0.0,-2.1623330077272884,-1.8559566382899755
Atlanta,2023-03-18,8,False,0.0,2.4427562310594704,-0.4839894857308211,0.2939239304961141,0.0,-3.1848362440572497,-1.868656606679298
Atlanta,2023-03-18,13,False,0.0,1.8565583683571454,-3.243229438730273,-0.25139338997921956,0.0,-5.213686022296292,-1.9377265761919817
Atlanta,2023-03-25,4,False,0.0,2.8791364182832657,0.7201598659583545,0.6254833152576631,0.0,-2.0291647527868655,-2.0484443868710724
Atlanta,2023-03-25,8,False,0.0,2.0852851337956726,-0.9641219108238608,-0.0079964899381193,0.0,-3.035343164998549,-1.8299083990900282
Atlanta,2023-03-25,13,False,0.0,2.246524844464111,-2.439791117030165,-0.4061025750520959,0.0,-3.440677268443782,-0.8379030262419025
Atlanta,2023-04-01,4,False,0.0,1.7820849384104955,-0.03691303329948781,0.45484449752341494,0.0,-3.0366539199515294,-3.3440753531356657
Atlanta,2023-04-01,8,False,0.0,2.013228680686294,-1.6914655571845612,-0.35432475153047305,0.0,-2.4324676203636146,-1.3313818432791669
Atlanta,2023-04-01,13,False,0.0,3.065677940203809,-2.074918192863973,-0.41667895158899904,0.0,-1.807837645053056,0.16375284396498813
Atlanta,2023-04-08,4,False,0.0,1.7336771158375528,-2.07739849953385,-0.8474836856356771,0.0,-1.4374451369991181,-1.8814869412197974
Atlanta,2023-04-08,8,False,0.0,2.93532485839262,-2.458294497776805,-0.597140052751552,0.0,-0.5593977190933725,0.09689995951063834
Atlanta,2023-04-08,13,False,0.0,4.78240098100737,-2.344831309558147,-0.3831620118908914,0.0,-0.3461472328016275,0.7301464615530441
Atlanta,2023-04-15,4,False,0.0,3.7825023068660633,-0.8874116701458328,-0.49505746833682607,0.0,0.5988033617283892,0.3245728043383601
Atlanta,2023-04-15,8,False,0.0,4.586609614942133,-1.3049765429661955,-0.4048538849393426,0.0,0.4117153809193138,0.35213147540716705
Atlanta,2023-04-15,13,False,0.0,6.660610951047781,-1.3519243036793678,-0.27272920519237265,0.0,0.30391187808227005,0.6909012676802992
Atlanta,2023-04-22,4,False,0.0,3.6851817109466083,0.37298706257926284,-0.491511609596641,0.0,0.7047157859073063,0.1560002388738987
Atlanta,2023-04-22,8,False,0.0,4.224818295657292,0.6014389821710748,-0.4263286582346639,0.0,0.32573141866545086,0.29256187468708095
Atlanta,2023-04-22,13,False,0.0,6.421981101815753,0.6029339946165864,-0.2740339693163174,0.0,0.26541777974930325,0.7002345945753403
Atlanta,2023-04-29,4,False,0.0,2.267235671011605,0.11008054989751348,-0.7155072940503053,0.0,0.07704662523481542,-0.76722196149557
Atlanta,2023-04-29,8,False,0.0,3.1450955205734465,-0.3625363835998401,-0.5111617232235435,0.0,-0.2939073858202319,0.12696319004347334
Atlanta,2023-04-29,13,False,0.0,5.474920124436429,-0.02867169054798424,-0.2865759983286267,0.0,-0.02771596498437323,0.7737798478570183
Atlanta,2023-05-06,4,False,0.0,0.45013740537301017,-8.948203809500354,-3.2019009675379886,0.0,-7.297172747245115,-10.39660026666796
Atlanta,2023-05-06,8,False,0.0,2.006827761274449,-2.2517936827664897,-0.7288091348824204,0.0,-1.8716744206453853,-0.31783270413926723
Atlanta,2023-05-06,13,False,0.0,4.476974811735698,-0.8504346946977206,-0.32209033167669365,0.0,-0.5181959181405755,0.8162372555101717
Atlanta,2023-05-13,4,False,0.0,0.6410256045721051,-4.334790409722487,-0.6174824328673996,0.0,-6.630658335723054,-7.877768891061084
Atlanta,2023-05-13,8,False,0.0,2.290367459713167,-0.46243774124767323,-0.4042561822112034,0.0,-1.987233974643495,-0.10177155346980804
Atlanta,2023-05-13,13,False,0.0,4.664369945725009,0.29770014083421115,-0.2365597278363627,0.0,-0.5781818026775045,0.7569472053376562
Atlanta,2023-05-20,4,False,0.0,1.0236587596299438,-0.04393266874033319,-1.0262872845804334,0.0,-3.1312997898013384,-3.6267204163391424
Atlanta,2023-05-20,8,False,0.0,3.1850735594652373,-0.042089959427676016,-0.4096244525527504,0.0,-0.8400199029029451,0.5794200256167008
Atlanta,2023-05-20,13,False,0.0,5.4978038368970354,-0.043085738941921026,-0.2506499504880131,0.0,-0.12602439692143608,0.6397882410263078
Atlanta,2023-05-27,4,False,0.0,2.294111225601699,-0.6778877231902847,-0.6893327155649904,0.0,-0.30757639926392244,-0.25645421346132324
Atlanta,2023-05-27,8,False,0.0,4.678347644752293,-0.5849536182666137,-0.3297780093466054,0.0,0.12687882245376247,0.7546301369424137
Atlanta,2023-05-27,13,False,0.0,6.646739096710805,-0.6279819885127749,-0.2273230539344282,0.0,0.33456181411564423,0.5291844649155362
Atlanta,2023-06-03,4,False,0.0,3.430797215433337,0.04536994856822307,-0.43398289742999774,0.0,0.17828176900962622,0.47708509609952543
Atlanta,2023-06-03,8,False,0.0,5.533466868505487,0.05403198674534704,-0.2632144218192456,0.0,0.41131765630979156,0.7080445045748424
Atlanta,2023-06-03,13,False,0.0,6.921360018872449,0.06892518510145818,-0.2073421544080487,0.0,0.4742976319649602,0.46695156949080663
Atlanta,2023-06-10,4,False,0.0,3.641340230150367,0.5678881659701909,-0.35325856374535247,0.0,0.2468782401742905,0.4803432091228401
Atlanta,2023-06-10,8,False,0.0,5.74388358944037,0.6339126827161847,-0.21906203589972506,0.0,0.5695749155326661,0.688758590827686
Atlanta,2023-06-10,13,False,0.0,6.517586230016158,0.6782901517649937,-0.19147246975461374,0.0,0.5630964630622824,0.4662087618380537
Atlanta,2023-06-17,4,False,0.0,3.1659961501366953,0.8091066696013526,-0.3631589598708118,0.0,0.07649578017696368,0.2973932402280216
Atlanta,2023-06-17,8,False,0.0,5.218052497398632,0.7970930659740338,-0.21567332837303632,0.0,0.5453861545458052,0.656299312220384
Atlanta,2023-06-17,13,False,0.0,5.679262154527898,0.3020534178473253,-0.19719437844152465,0.0,0.538281246774258,0.5063303797055618
Atlanta,2023-06-24,4,False,0.0,2.712927906342156,0.5909555115872163,-0.3858695359756539,0.0,0.1758463217454196,0.22002428508661398
Atlanta,2023-06-24,8,False,0.0,4.3628027029864125,0.4851343845376065,-0.23587661097810875,0.0,0.5577221793848931,0.5779165660200771
Atlanta,2023-06-24,13,False,0.0,4.932692333988056,-0.06270495901721684,-0.20738186655907653,0.0,0.5379836784901366,0.5504633671628714
Atlanta,2023-07-01,4,False,0.0,1.9449371761483905,-0.08965586909918022,-0.489796567758618,0.0,0.7253038019814337,-0.03639792921612672
Atlanta,2023-07-01,8,False,0.0,2.965550510203058,-0.44626933662737867,-0.31788637482738014,0.0,0.7127225535329569,0.3302820188022709
Atlanta,2023-07-01,13,False,0.0,4.017078789810561,-0.7637067491370064,-0.2321319428753994,0.0,0.5282657623045706,0.5705071743146141
Atlanta,2023-07-08,4,False,0.0,2.905030009949206,0.5505000379033531,-0.29841412056232985,0.0,0.6350731661322155,0.6003991298752869
Atlanta,2023-07-08,8,False,0.0,2.8176911629831465,0.38396121668196215,-0.3079406936103535,0.0,0.6324352675911242,0.0030621803602607356
Atlanta,2023-07-08,13,False,0.0,4.422279378276937,0.6146917190809267,-0.1929673150789475,0.0,0.36857156892097465,0.5626118035986224
Atlanta,2023-07-15,4,False,0.0,3.04571650828846,0.5981163600260374,-0.24741901960222168,0.0,0.7948269281599556,0.5470959549206789
Atlanta,2023-07-15,8,False,0.0,2.2838806162612646,0.005144920246845763,-0.33254342893402833,0.0,0.5885621690435606,-0.32897591301033136
Atlanta,2023-07-15,13,False,0.0,4.280526295607423,0.6052326569775678,-0.17380356907900052,0.0,0.27736233315572834,0.5513914330643124
Atlanta,2023-07-22,4,False,0.0,1.858693686501512,0.19230262315746183,-0.35007176160239517,0.0,0.6238637628604514,-0.3845720310540208
Atlanta,2023-07-22,8,False,0.0,1.6132445167643787,-1.740146719752436,-0.2355122866199364,0.0,0.16767452270339422,-0.8225757004913739
Atlanta,2023-07-22,13,False,0.0,3.7016504395612353,-0.3383786002185185,-0.12719958550739974,0.0,0.06409171038240791,0.553526975531126
Atlanta,2023-07-29,4,False,0.0,1.292261257750896,-1.369723430643826,-0.09504243497969145,0.0,-0.19600016036289092,-1.922875521595857
Atlanta,2023-07-29,8,False,0.0,1.7402305494807473,-1.7935056254672337,-0.08583774824598289,0.0,-0.19385153492734375,-0.5963718680232839
Atlanta,2023-07-29,13,False,0.0,3.6011433389771046,-0.4490172794216838,-0.08959859544741078,0.0,-0.11164635890753183,0.54101105099796
Atlanta,2023-08-05,4,False,0.0,2.5685461313936364,-1.692545707644371,0.2173910115583132,0.0,-0.13374394511706478,-1.208854287108374
Atlanta,2023-08-05,8,False,0.0,2.454825289248403,-2.352790513029379,0.06019650528335463,0.0,-0.25628146169990607,-0.29148903477612675
Atlanta,2023-08-05,13,False,0.0,3.5717209780930745,-1.7366155406371506,-0.030744060026498543,0.0,-0.2930733962700842,0.5014328793007392
Atlanta,2023-08-12,4,False,0.0,2.4187534007397176,-0.0419197184336606,0.23727123263300032,0.0,-0.0827982504131024,-1.301763864336439
Atlanta,2023-08-12,8,False,0.0,2.940783163803466,0.0057633688587921394,0.005603471842537067,0.0,-0.2586594481551847,0.30616206064169904
Atlanta,2023-08-12,13,False,0.0,4.3538881469530555,0.01779146701267209,-0.04389668537686786,0.0,-0.2600033442719045,0.4828814196886573
Atlanta,2023-08-19,4,False,0.0,1.3787223736257812,-1.4378419919731007,0.006829810901001099,0.0,-0.28317481650519927,-1.4404716347092674
Atlanta,2023-08-19,8,False,0.0,3.748158309889486,-1.3911598134664587,-0.08427907960371295,0.0,-0.23717545783181593,0.6174034038209208
Atlanta,2023-08-19,13,False,0.0,5.805690885214347,-1.471176022186253,-0.07461322003631388,0.0,-0.23063355573990751,0.40805469036731845
Atlanta,2023-08-26,4,False,0.0,2.8199642023656506,-1.054263375830284,-0.16134590866616705,0.0,-0.13494796656414332,0.7269066632785988
Atlanta,2023-08-26,8,False,0.0,5.331263576370294,-1.016226194470232,-0.09999048815764455,0.0,-0.13437410144694062,0.5194508825102586
Atlanta,2023-08-26,13,False,0.0,7.468576596397737,-1.1081073706535434,-0.07435689042615135,0.0,-0.17923656363691665,0.3390472748378264
Atlanta,2023-09-02,4,False,0.0,4.9964724851049365,-0.2860542868733722,-0.11051159690230583,0.0,-0.04263684516761179,0.673397559642674
Atlanta,2023-09-02,8,False,0.0,6.759699281683044,-0.37089830784901623,-0.08016926707513194,0.0,-0.06508878544598784,0.41553907435318727
Atlanta,2023-09-02,13,False,0.0,8.653460609813331,-0.438182269858467,-0.061352731310981845,0.0,-0.16732148262711832,0.29531455004092333
Atlanta,2023-09-09,4,False,0.0,4.986875954060603,0.5488962294076127,-0.11113264943154788,0.0,-0.04878818417339459,0.6194428286100977
Atlanta,2023-09-09,8,False,0.0,6.268388179924372,0.7795453969342776,-0.0872201517485931,0.0,-0.056874210224284516,0.41218493651273
Atlanta,2023-09-09,13,False,0.0,7.734610520205662,0.786379125895271,-0.06958041353589772,0.0,-0.2448974245410469,0.3066467608274125
Atlanta,2023-09-16,4,False,0.0,3.663493539573215,0.5444715423535608,-0.11797725359330125,0.0,-0.14107919674794278,0.5213486289229661
Atlanta,2023-09-16,8,False,0.0,4.932859971788539,0.08910036371790553,-0.0864638282734782,0.0,-0.14185057619584285,0.4609377820143
Atlanta,2023-09-16,13,False,0.0,5.7479942438783596,-0.5349053810786082,-0.07356599198122371,0.0,-0.5009823883470452,0.32173071530948216
Atlanta,2023-09-23,4,False,0.0,2.135015297220595,-0.5316257880639144,-0.146150814443347,0.0,-0.5691294522546197,0.3052643380745187
Atlanta,2023-09-23,8,False,0.0,3.6595587057532097,-0.5961157383263938,-0.08393726444944871,0.0,-0.44617675005444624,0.5446603663117892
Atlanta,2023-09-23,13,False,0.0,3.6715121887082653,-2.053706474846649,-0.08365360603419036,0.0,-1.2183872253390202,0.20551495764746752
Atlanta,2023-09-30,4,False,0.0,0.5804800274086591,-6.43592832723604,-0.38809897156954976,0.0,-2.786560127644831,-1.6547462367271533
Atlanta,2023-09-30,8,False,0.0,2.310386493683611,-1.7197169103752685,-0.0958124324216516,0.0,-1.085199977289946,0.7233844346921103
Atlanta,2023-09-30,13,False,0.0,2.3851644084529866,-4.122188234846696,-0.06350569138574635,0.0,-2.16954016464304,-0.07314262177102338
Atlanta,2023-10-07,4,False,0.0,1.0823772046010451,0.46082729175276116,-0.1152382126256577,0.0,-1.3045020026734213,0.06866099574409612
Atlanta,2023-10-07,8,False,0.0,2.607707331083267,0.7179287767160724,-0.05251430232601262,0.0,-1.1377901475720549,0.5967142574233911
Atlanta,2023-10-07,13,False,0.0,2.834700799554878,-0.34893356984400303,-0.01638783021285284,0.0,-1.5519068585534948,-0.20247017599735506
Atlanta,2023-10-14,4,False,0.0,2.1096948189211053,0.040530332736294805,-0.04171923244098941,0.0,-0.6650754547467177,0.8917947145178939
Atlanta,2023-10-14,8,False,0.0,2.9416349307932297,0.04684783941332915,-0.02966610031227801,0.0,-1.253066552451683,0.41221726902226463
Atlanta,2023-10-14,13,False,0.0,3.4799794197795912,-0.012720089433515547,-0.005063233217265539,0.0,-1.2036680105717883,-0.2630356173286519
Atlanta,2023-10-21,4,False,0.0,2.777415860045746,0.29305172266963864,-0.05334866955228024,0.0,-0.6417041798861374,0.6985899218439645
Atlanta,2023-10-21,8,False,0.0,2.5822286113854434,0.27086630441214643,-0.04274130820653399,0.0,-1.8244258834148144,0.10384624401707454
Atlanta,2023-10-21,13,False,0.0,4.091981796795725,-0.2701947199293129,-0.00134092801758956,0.0,-0.9127440271643361,-0.280954232682757
Atlanta,2023-10-28,4,False,0.0,2.6430637362866127,0.6824751029186051,-0.05725360041474037,0.0,-1.0114792542941489,0.4983619851422686
Atlanta,2023-10-28,8,False,0.0,2.3346187704537913,-0.2964578643111724,-0.03173442532030468,0.0,-2.2509739139156784,-0.21447017054842354
Atlanta,2023-10-28,13,False,0.0,4.791624710355036,-0.8196234632362069,0.004049600231577188,0.0,-0.6114015187043225,-0.2635396716043741
Atlanta,2023-11-04,4,False,0.0,1.5331289165457243,-0.07070133346735341,-0.0536738759528097,0.0,-2.4367505455446614,0.1516783824044653
Atlanta,2023-11-04,8,False,0.0,2.688735647401266,-1.6267943427611047,0.0008357021034676171,0.0,-1.5612228003127728,-0.3859306999530452
Atlanta,2023-11-04,13,False,0.0,5.759786285833254,-1.504039241079072,0.006416184954711079,0.0,-0.20579256142389712,-0.22915133380484254
Atlanta,2023-11-11,4,False,0.0,0.7409811515186498,-3.825883573859957,0.00039389217824847833,0.0,-5.358324804820053,-1.6904045809610984
Atlanta,2023-11-11,8,False,0.0,4.205154127437282,-1.4487497455391765,0.005077337378016966,0.0,-0.2461856849907511,-0.29466237524487093
Atlanta,2023-11-11,13,False,0.0,7.187610152579081,-1.3972879053088452,0.0041878456503008366,0.0,0.18688204105270023,-0.17116539215580984
Atlanta,2023-11-18,4,False,0.0,2.3938895885729945,-1.0387453869396026,0.011998857837089871,0.0,-0.5810770791936188,-0.5511713416058881
Atlanta,2023-11-18,8,False,0.0,6.5649694751738386,-0.718819943104757,0.0045535670608857215,0.0,0.365487767244557,-0.18188675701297963
Atlanta,2023-11-18,13,False,0.0,8.833448617333332,-0.8459239413093746,0.003456225633387211,0.0,0.46346359008523896,-0.1279944030343445
Atlanta,2023-11-25,4,False,0.0,3.221532286430209,0.27052601573025814,-0.010686357578042482,0.0,0.07634032281571923,-0.4464471055113137
Atlanta,2023-11-25,8,False,0.0,7.483876363172039,0.2250692884250356,-0.004790034099988905,0.0,0.5514691825305437,-0.1731273474828312
Atlanta,2023-11-25,13,False,0.0,8.829482216163283,0.30077045881200737,-0.004110865004522513,0.0,0.5561287661414558,-0.1369127310299949
Atlanta,2023-12-02,4,False,0.0,5.025062587219365,0.20990544696739077,-0.009007040321980853,0.0,0.7362235523107331,-0.30233328826454575
Atlanta,2023-12-02,8,False,0.0,8.6243732015992,0.22940753589534446,-0.005427881719117789,0.0,0.7484236224886819,-0.15613535324076655
Atlanta,2023-12-02,13,False,0.0,9.040801403901678,0.33862501124775,-0.005197718302067722,0.0,0.6941067596103394,-0.1373970229719801
Atlanta,2023-12-09,4,False,0.0,5.837371584551542,0.5899006522385647,-0.00489716274371399,0.0,0.5117493937012839,-0.30394325641964604
Atlanta,2023-12-09,8,False,0.0,8.141790662427125,0.7143540755063504,-0.0035875375499085926,0.0,0.7636720477484267,-0.1886909127259233
Atlanta,2023-12-09,13,False,0.0,7.799326684315592,0.4200054373065415,-0.003733204385000466,0.0,0.662218646438738,-0.180570040178736
Atlanta,2023-12-16,4,False,0.0,5.282723154326929,0.8394914110100155,0.0029013045717614094,0.0,0.42634497283909567,-0.41081100350339783
Atlanta,2023-12-16,8,False,0.0,6.231995469903994,0.21527301354648187,0.002481545685162012,0.0,0.6370055843521918,-0.2955005624914231
Atlanta,2023-12-16,13,False,0.0,5.216201533136189,-1.2568565472150173,0.002936448044554729,0.0,0.3242723316098787,-0.32161714727388
Atlanta,2023-12-23,4,False,0.0,5.25185357469829,0.8197561117926394,0.014457725378500985,0.0,0.43923387829016103,-0.4617066653085311
Atlanta,2023-12-23,8,False,0.0,5.028188531563214,0.14935439055594302,0.015068747281057338,0.0,0.5078523452192845,-0.40430522129774804
Atlanta,2023-12-23,13,False,0.0,3.886120146839113,-1.6174726234563561,0.013573264455928657,0.0,-0.09052025082071369,-0.316876948801186
Atlanta,2023-12-30,4,False,0.0,3.1888747198078424,-0.11120389363729344,0.085854061354669,0.0,0.05279572405509203,-0.885299722756836
Atlanta,2023-12-30,8,False,0.0,2.2247346940088044,-3.3771018580771965,0.12191108321260524,0.0,-0.3503955037386519,-1.0581253222082734
Atlanta,2023-12-30,13,False,0.0,2.8132555698588555,-5.4187056243774725,0.02441694277271489,0.0,-0.8813785931763503,0.1513265846464794
Atlanta,2024-01-06,4,False,0.0,1.0323271870842528,-3.9047059443770733,0.16789316688125555,0.0,-0.5338948404404786,-2.8225058354781103
Atlanta,2024-01-06,8,False,0.0,1.297344927837521,-7.3310369754653735,-0.06205068079866871,0.0,-1.3368470548873388,-0.7177998439842068
Atlanta,2024-01-06,13,False,0.0,3.6553972417445686,-4.105430797396053,-0.04663308802035404,0.0,-0.6648685715113563,0.5609331385428087
Atlanta,2024-01-13,4,False,0.0,1.0333235963167577,-3.2316452930661157,-0.24327751105835516,0.0,-0.6625767455160121,-1.2856115938334516
Atlanta,2024-01-13,8,False,0.0,2.2665518976199457,-2.685602460615111,-0.14577023217673313,0.0,-0.5511115753422802,0.6704011899379954
Atlanta,2024-01-13,13,False,0.0,5.340056249017403,-1.6997216632000534,-0.06549699117165453,0.0,-0.2938858069889423,0.44229520868059213
Atlanta,2024-01-20,4,False,0.0,1.7937926167757996,-0.7002707710066938,-0.2232138698938182,0.0,-0.04328867082821497,0.14009481257327483
Atlanta,2024-01-20,8,False,0.0,3.41680272133818,-0.6366268642961661,-0.1152487287295294,0.0,-0.19973207740399923,0.7844141485204698
Atlanta,2024-01-20,13,False,0.0,6.816420297878737,-0.4677134063110622,-0.05573621833723985,0.0,-0.129110082910999,0.3451629371671484
Atlanta,2024-01-27,4,False,0.0,1.9652726663501028,0.4328090830276391,-0.23501569316673687,0.0,-0.27573299684441976,0.0794956015806626
Atlanta,2024-01-27,8,False,0.0,4.0204277652443166,0.37764843472247944,-0.1124724817959688,0.0,-0.2760409889232778,0.6403118655352031
Atlanta,2024-01-27,13,False,0.0,7.618219597454151,0.2962800639376564,-0.057131098220757126,0.0,-0.14376433831115598,0.29609399108345613
Atlanta,2024-02-03,4,False,0.0,1.1932471616193225,-0.6098404747512012,-0.3791096888901775,0.0,-1.6458353746661722,-0.5170772082896447
Atlanta,2024-02-03,8,False,0.0,3.7256912841237604,0.5390768089406703,-0.11830748166627592,0.0,-0.6125706728521643,0.6355982720249104
Atlanta,2024-02-03,13,False,0.0,7.648130588434301,0.7706093693646042,-0.055283949689016065,0.0,-0.24769297601066187,0.2702091668687666
Atlanta,2024-02-10,4,False,0.0,1.452473356906674,0.6113106938066815,-0.35095884437008174,0.0,-0.7901049103154927,0.06098615530123297
Atlanta,2024-02-10,8,False,0.0,4.418981760207957,0.598725746424831,-0.11479542477537819,0.0,-0.29475679185336,0.5046986321030835
Atlanta,2024-02-10,13,False,0.0,8.55780814838521,0.4960807675595895,-0.05725593022542608,0.0,-0.06347281915219538,0.22862461828952996
Atlanta,2024-02-17,4,False,0.0,2.723384120158993,0.05820882006262729,-0.20627550531241057,0.0,-0.37192829062608257,0.8471211646452796
Atlanta,2024-02-17,8,False,0.0,5.976202022370074,0.040898592278386214,-0.09085746733956679,0.0,-0.18258839756386247,0.3690689551234081
Atlanta,2024-02-17,13,False,0.0,10.148101830755369,0.03340527648321001,-0.051131737014948664,0.0,0.011537081658444026,0.1892391864702806
Atlanta,2024-02-24,4,False,0.0,3.5714589245028496,0.3693947296695167,-0.14552526697295853,0.0,-0.31969577350639833,0.7239125807937841
Atlanta,2024-02-24,8,False,0.0,6.940800791385125,0.32872750954393126,-0.07226503201341772,0.0,-0.1541841150311325,0.29937495280587656
Atlanta,2024-02-24,13,False,0.0,11.111157996835495,0.30118060564796356,-0.04311877296058286,0.0,0.04586525660059526,0.16292019728595775
Atlanta,2024-03-02,4,False,0.0,3.8845952861734028,0.7065415897646478,-0.11879704890983511,0.0,-0.1526477879956929,0.6086290890356486
Atlanta,2024-03-02,8,False,0.0,7.36788746008195,0.6408577767721696,-0.06036386192359733,0.0,-0.034661528956510645,0.25753336140168215
Atlanta,2024-03-02,13,False,0.0,11.565760788074494,0.5975623079939802,-0.03671171477098456,0.0,0.13884021935094082,0.14289055015167917
Atlanta,2024-03-09,4,False,0.0,4.32764419284508,0.7158506867012657,-0.1007766031891022,0.0,0.027464357198695,0.4938635647132691
Atlanta,2024-03-09,8,False,0.0,7.910708957191165,0.6699677498745695,-0.053066264536092866,0.0,0.11664758374149808,0.21637730181701442
Atlanta,2024-03-09,13,False,0.0,12.006280675652729,0.6462926193775185,-0.03340934627851988,0.0,0.25331477774932665,0.12454330161146754
Atlanta,2024-03-16,4,False,0.0,4.474944505627699,0.89233667064152,-0.07390565891845946,0.0,-0.30556675745829964,0.4123578871934559
Atlanta,2024-03-16,8,False,0.0,8.035903294457777,0.8557118013887701,-0.03962156780795678,0.0,0.010769668866502768,0.1841902796725463
Atlanta,2024-03-16,13,False,0.0,12.050319238758542,0.838226247589271,-0.025268750286514097,0.0,0.21275249738325963,0.10754091946476985
Atlanta,2024-03-23,4,False,0.0,4.432156381309733,0.9136615364035304,-0.06712660105125035,0.0,-0.4452131454324839,0.3485410897792782
Atlanta,2024-03-23,8,False,0.0,8.012109668622802,0.924833435443797,-0.03574223611298755,0.0,-0.0077921010542820746,0.15467862252195064
Atlanta,2024-03-23,13,False,0.0,12.003017726423066,0.9262261587662155,-0.02282313385366197,0.0,0.23105705796396203,0.09041453982547043
Atlanta,2024-03-30,4,False,0.0,4.9504311838821815,0.6860621168316987,-0.05217435705555529,0.0,-0.3527695687386794,0.2700793326142712
Atlanta,2024-03-30,8,False,0.0,8.58227949632639,0.6737305770139395,-0.028945277442232076,0.0,0.04690204143591403,0.1246277893122445
Atlanta,2024-03-30,13,False,0.0,12.511038826727344,0.6769478700519089,-0.019002461906479695,0.0,0.2904101450814608,0.07484267053758753
Atlanta,2024-04-06,4,False,0.0,4.952162909904965,0.890898353748312,-0.03402365421694453,0.0,-0.2269483542541466,0.2089712086139317
Atlanta,2024-04-06,8,False,0.0,8.417285091839553,0.9036777292692073,-0.01928746351081334,0.0,0.12902616989074778,0.0988178418693948
Atlanta,2024-04-06,13,False,0.0,12.317869241946156,0.9077895916078926,-0.012618541083088797,0.0,0.37818666001335965,0.05911499980412194
Atlanta,2024-04-13,4,False,0.0,4.381695245274859,0.7135294157156041,-0.017442995924680904,0.0,0.06457377827962485,0.1546104758252823
Atlanta,2024-04-13,8,False,0.0,7.7093717539636355,0.7406377997756017,-0.00956887369217374,0.0,0.33876762473046607,0.07098332452002176
Atlanta,2024-04-13,13,False,0.0,11.60612973832191,0.7707557249679425,-0.00608775178290033,0.0,0.5466647682196505,0.041318816553320814
Atlanta,2024-04-20,4,False,0.0,4.5781700542229835,0.8888475550024383,-0.015184062418669209,0.0,0.1515728247352509,0.09398605609380073
Atlanta,2024-04-20,8,False,0.0,7.773341571488484,0.949770271237598,-0.008643325761976461,0.0,0.4159243755873254,0.044800983531278926
Atlanta,2024-04-20,13,False,0.0,11.538204813095478,0.9512740792642773,-0.005585340630627433,0.0,0.608154490603774,0.026550707203219726
Atlanta,2024-04-27,4,False,0.0,5.381029289898796,0.5653757311241343,-0.012037762354246917,0.0,0.1589514928097049,0.04844583109681566
Atlanta,2024-04-27,8,False,0.0,8.495592475049865,0.6139178259469407,-0.007373628342417948,0.0,0.4340568184627154,0.02475964639241346
Atlanta,2024-04-27,13,False,0.0,11.924613276537798,0.6464672187020516,-0.0050564201960301425,0.0,0.6194795351857729,0.0156398339852164
Atlanta,2024-05-04,4,False,0.0,4.37536533392826,0.7120240334003948,-0.01090139388231326,0.0,0.22474247952123017,-0.02394197273586185
Atlanta,2024-05-04,8,False,0.0,7.673212518737674,0.7363415509237481,-0.006001738404052492,0.0,0.5656337604721569,-0.010962904448682309
Atlanta,2024-05-04,13,False,0.0,10.83416473173504,0.6655069375019673,-0.0041051554928446254,0.0,0.7180524708013316,-0.006935495989421003
Atlanta,2024-05-11,4,False,0.0,3.9206576012756136,0.7100439806898999,0.007079306610290437,0.0,0.4284302166369318,-0.0961097076332611
Atlanta,2024-05-11,8,False,0.0,7.330892001553657,0.8193362976726911,0.0036517225867105374,0.0,0.7296395187283766,-0.04126240210227161
Atlanta,2024-05-11,13,False,0.0,10.195959518844006,0.7296166928427372,0.0025444117417188217,0.0,0.8206603753026411,-0.02668184688511288
Atlanta,2024-05-18,4,False,0.0,3.757750912746597,0.8180218235531072,0.011065725002145754,0.0,0.6449515309054366,-0.1638296312710188
Atlanta,2024-05-18,8,False,0.0,7.091239335706642,0.9041552756517776,0.005660784501451244,0.0,0.8526373163489768,-0.07006277172205588
Atlanta,2024-05-18,13,False,0.0,9.669114439506751,0.8048782945688617,0.004036376473542824,0.0,0.8991653191670071,-0.046466451972917655
Atlanta,2024-05-25,4,False,0.0,4.116324329372504,0.838888372166221,0.01881031021313473,0.0,0.7703066046248217,-0.19637200351089112
Atlanta,2024-05-25,8,False,0.0,7.061421192290693,0.9013254357606304,0.010628323872782786,0.0,0.9069459024665012,-0.09337927844209437
Atlanta,2024-05-25,13,False,0.0,9.369338294875176,0.8677008256895212,0.0078113680362537075,0.0,0.9226412754194139,-0.06388477713878604
Atlanta,2024-06-01,4,False,0.0,4.861828913006581,0.6187690508808017,0.022965630712638463,0.0,0.8693100371927875,-0.19646986392257926
Atlanta,2024-06-01,8,False,0.0,7.286820281002046,0.7192262735611257,0.014932298684078527,0.0,0.9273097239981496,-0.10788482053595172
Atlanta,2024-06-01,13,False,0.0,9.310267044388922,0.8427007025151868,0.011431921559346803,0.0,0.913258692497369,-0.0768841532328488
Atlanta,2024-06-08,4,False,0.0,4.9944180467822346,0.7263391893928082,0.03833086127261498,0.0,0.8271626085222521,-0.23226594404218326
Atlanta,2024-06-08,8,False,0.0,7.0419883122081,0.8650920609616966,0.02659964694432171,0.0,0.9280967275713242,-0.13595088398016553
Atlanta,2024-06-08,13,False,0.0,8.795712975030055,0.7856350440301958,0.02089433483989589,0.0,0.8786173775032267,-0.09938547614701942
Atlanta,2024-06-15,4,False,0.0,4.250178979498265,0.7607593802161716,0.05748535667363952,0.0,0.8417433118974591,-0.34054600333441876
Atlanta,2024-06-15,8,False,0.0,5.927064043689846,0.49536404548020396,0.040499676747908775,0.0,0.9266317165037627,-0.20251044304094035
Atlanta,2024-06-15,13,False,0.0,7.5468751983335025,0.21778547962323236,0.03125941920964759,0.0,0.8114999453466619,-0.14527385103017165
Atlanta,2024-06-22,4,False,0.0,2.768462514509619,-0.17929569371347753,0.10820306681174185,0.0,0.8337819310991185,-0.6444170592455489
Atlanta,2024-06-22,8,False,0.0,4.23362135044009,-0.5195756241759879,0.06969026516419774,0.0,0.8475351409391501,-0.3509006915831818
Atlanta,2024-06-22,13,False,0.0,5.777226513387113,-0.8146026758599854,0.05024670095370143,0.0,0.6460495059770683,-0.23514758564545768
Atlanta,2024-06-29,4,False,0.0,2.1857845068698905,0.10836938216589698,0.13280166670267068,0.0,0.3694138582488935,-0.90161125737096
Atlanta,2024-06-29,8,False,0.0,3.5648954633910734,-0.045647271087768226,0.08027813032945319,0.0,0.4743791488185869,-0.4607571065831746
Atlanta,2024-06-29,13,False,0.0,5.02416292534031,-0.21198946538360763,0.05609941187933887,0.0,0.31105814254147957,-0.29942381643834937
Atlanta,2024-07-06,4,False,0.0,2.4381581979521254,0.8824754301540481,0.11455427104807503,0.0,0.4058482751555753,-0.8398189551558715
Atlanta,2024-07-06,8,False,0.0,3.6268402083782054,0.8744866501590614,0.0760713026674964,0.0,0.3981365251415938,-0.4716173302836566
Atlanta,2024-07-06,13,False,0.0,5.064629045805398,0.8245671934442982,0.05366283183377285,0.0,0.22964902157735223,-0.3090302501117508
Atlanta,2024-07-13,4,False,0.0,2.0210343800073485,0.7670739930367825,0.135839778295464,0.0,0.8223079791087579,-1.08193118742921
Atlanta,2024-07-13,8,False,0.0,3.2731537067670837,0.6693719125465287,0.08280345213976825,0.0,0.5129791946600355,-0.556196722252918
Atlanta,2024-07-13,13,False,0.0,4.712038991170938,0.5946881748678736,0.05666266199588643,0.0,0.268936924600813,-0.353242884088089
Atlanta,2024-07-20,4,False,0.0,1.5274558152937747,0.29638939666119324,0.20365748780975168,0.0,0.7100447492900602,-1.5208156156803225
Atlanta,2024-07-20,8,False,0.0,2.774414097435454,0.3403300988962271,0.11070396253015169,0.0,0.26689940280586943,-0.6977533496537542
Atlanta,2024-07-20,13,False,0.0,4.321078346096048,0.3786662092416816,0.06994843644509496,0.0,0.06297382763769277,-0.4083975371147661
Atlanta,2024-07-27,4,False,0.0,1.4817952234802778,0.6244640011607219,0.20898674263968398,0.0,0.06330859464405936,-1.6220154221186838
Atlanta,2024-07-27,8,False,0.0,2.570083076193981,0.6221001276706475,0.11916140313410406,0.0,-0.17086367466701158,-0.7830056835212729
Atlanta,2024-07-27,13,False,0.0,4.293757069273118,0.7557989823524405,0.07006372711793185,0.0,-0.21400368600680952,-0.4254232567756637
Atlanta,2024-08-03,4,False,0.0,1.2293523392480734,0.14359063175633768,0.12498289993221778,0.0,-0.9073085153849174,-1.9596768161622875
Atlanta,2024-08-03,8,False,0.0,2.2739356614839736,0.27587422926795424,0.10075819048692292,0.0,-0.7436638275145417,-0.9160672102336571
Atlanta,2024-08-03,13,False,0.0,4.107647435492267,0.5660231896716968,0.061746579697373516,0.0,-0.5147292202788312,-0.46301603201171093
Atlanta,2024-08-10,4,False,0.0,2.0760159380773104,0.03477614460567824,0.13526294058691202,0.0,-0.7149848110948336,-1.1890825971264047
Atlanta,2024-08-10,8,False,0.0,3.148750015913372,0.03514385111923657,0.08820383760448935,0.0,-0.6203777241921917,-0.6549310437793481
Atlanta,2024-08-10,13,False,0.0,4.983692334750669,0.031281036942399365,0.054672301901573794,0.0,-0.4616967987503857,-0.375292647797256
Atlanta,2024-08-17,4,False,0.0,1.7790316911076713,0.7922048720923509,0.14097637106918426,0.0,-1.035342060268266,-1.4492082032839568
Atlanta,2024-08-17,8,False,0.0,2.996781092686416,0.8689737127986701,0.08265267736071213,0.0,-0.7400603475417802,-0.7152737061079788
Atlanta,2024-08-17,13,False,0.0,4.7860309934235605,0.8708646800399292,0.05079850868892499,0.0,-0.529991800545389,-0.40718008164946795
Atlanta,2024-08-24,4,False,0.0,0.9378668318049338,-0.8816900019316676,0.30934661997196133,0.0,-1.6459026938799197,-2.9174921114022303
Atlanta,2024-08-24,8,False,0.0,2.445647444085642,0.051642714776348186,0.11682389358766676,0.0,-0.7621088413855643,-0.9260148841543026
Atlanta,2024-08-24,13,False,0.0,4.070544641957948,0.21636989308575472,0.06902053689033927,0.0,-0.5729115735939987,-0.5090373808212634
Atlanta,2024-08-31,4,False,0.0,1.1288846113590896,0.7410741502823309,0.24548620599786009,0.0,-1.2140392395602753,-2.449443134258772
Atlanta,2024-08-31,8,False,0.0,2.825903932486228,0.7410790501809255,0.09638297535193863,0.0,-0.5844021353875817,-0.8085353513946278
Atlanta,2024-08-31,13,False,0.0,4.026852095175137,0.7300279408576458,0.06680227833901375,0.0,-0.6026869598767612,-0.5252570011570474
Atlanta,2024-09-07,4,False,0.0,1.2779363235809762,0.6319784257372707,0.11241436033056207,0.0,-0.9391350895936985,-2.2018707049479973
Atlanta,2024-09-07,8,False,0.0,3.0168193783386594,0.7098312569215686,0.06439581666749727,0.0,-0.47903009222438175,-0.7721957661022429
Atlanta,2024-09-07,13,False,0.0,3.6582163283090656,0.6211145620026819,0.058445756137338045,0.0,-0.7475926924457814,-0.5974559219712676
Atlanta,2024-09-14,4,False,0.0,2.0771836217389184,0.18483854966952984,0.11141343954754368,0.0,-0.43186774750961154,-1.3454548708448937
Atlanta,2024-09-14,8,False,0.0,3.7801518283734845,0.177192114642287,0.0601566993464433,0.0,-0.2933849129059165,-0.6125388343823559
Atlanta,2024-09-14,13,False,0.0,3.695189852932705,0.23938621720713016,0.061594197108334026,0.0,-0.8307037062579516,-0.5966109280922436
Atlanta,2024-09-21,4,False,0.0,2.5478467691812337,0.3671991080795244,0.08737750919638287,0.0,-0.26127688552876394,-1.1122254476890014
Atlanta,2024-09-21,8,False,0.0,4.031125586982037,0.4103099808821983,0.05438580974422813,0.0,-0.22248210796658596,-0.5849342983582762
Atlanta,2024-09-21,13,False,0.0,3.3465911839883185,0.22937457131994599,0.05547568529327673,0.0,-1.0205258681964944,-0.6218887464221341
Atlanta,2024-09-28,4,True,0.6,2.324756727063263,0.8967942319424439,0.07842923120123968,0.0,-0.17045197960545155,-1.2752056867925758
Atlanta,2024-09-28,8,True,0.6,3.288965969604117,0.6575747292276369,0.05488929038939694,0.0,-0.27152784342854863,-0.7591269481236951
Atlanta,2024-09-28,13,True,0.6,2.801284816969644,-0.9155751646085695,0.034014633496475044,0.0,-1.137932310414162,-0.46243626601272214
Atlanta,2024-10-05,4,True,0.6,1.915849523991417,0.4894402224352292,0.10832150959125453,0.0,-0.28239822165280093,-1.620903886952918
Atlanta,2024-10-05,8,True,0.6,2.1653994756206623,-0.40968686136599164,0.09559423741795414,0.0,-0.754470421388296,-1.2261377190764788
Atlanta,2024-10-05,13,True,0.6,2.7800483937668448,-2.0760514973891313,0.015447353268276731,0.0,-0.7636423994106549,0.10322462647608688
Atlanta,2024-10-12,4,True,0.6,2.2152491851546072,0.72344253534552,0.09291228109481031,0.0,-0.33555678600481764,-1.4227725451331539
Atlanta,2024-10-12,8,True,0.6,1.7958841778271535,-0.10136920246454384,0.08180184934644497,0.0,-1.387437231105701,-1.3909820827779078
Atlanta,2024-10-12,13,True,0.6,3.4163369341002223,-0.8983437358779915,0.001341484474720711,0.0,-0.4957195049827616,0.41954020002071035
Atlanta,2024-10-19,4,True,0.6,1.8874754762339498,0.718642936419809,0.10352751609452038,0.0,-0.4786809319441043,-1.7282426621352078
Atlanta,2024-10-19,8,True,0.6,1.7658220862230816,-0.9653535006468383,0.02620553480722143,0.0,-1.413570309550213,-0.8040227282471049
Atlanta,2024-10-19,13,True,0.6,4.349260286080489,-1.0694843584371916,-0.012559219107155073,0.0,-0.13117366112246165,0.5297965705158363
Atlanta,2024-10-26,4,True,0.6,0.7212294025619906,-2.4144197907360514,0.152688757582069,0.0,-1.8946804261381023,-4.449425396393572
Atlanta,2024-10-26,8,True,0.6,2.4045238025274474,-2.0196718044080164,-0.025469111783524845,0.0,-0.5079984270601565,0.47886695538742097
Atlanta,2024-10-26,13,True,0.6,5.7623241409246955,-1.4791351243757775,-0.023116973151527054,0.0,0.23787447688739893,0.5032815535405297
Atlanta,2024-11-02,4,False,0.0,1.0599132454813087,-1.6842902223465779,-0.09755983521764944,0.0,-0.6147279204812626,-1.5834607755373002
Atlanta,2024-11-02,8,False,0.0,3.718368373292244,-0.9709960031279032,-0.04287310881677908,0.0,0.12183150023264677,0.8192062503660803
Atlanta,2024-11-02,13,False,0.0,7.159765796726495,-0.8324446229398381,-0.025958978194077664,0.0,0.4359657832355164,0.43186847072978274
Atlanta,2024-11-09,4,False,0.0,2.3260512964361704,-0.5477253383564655,-0.08149826507027647,0.0,0.03224697579535751,0.4110913692320426
Atlanta,2024-11-09,8,False,0.0,5.432324257738194,-0.4396412669893952,-0.035955847660213314,0.0,0.3948174705534616,0.6059505807186567
Atlanta,2024-11-09,13,False,0.0,8.489112446174369,-0.45268720674557206,-0.02367583509012605,0.0,0.4971845300837371,0.37524609856755686
Atlanta,2024-11-16,4,False,0.0,3.2567329328078323,0.15721919486105118,-0.059770871767050204,0.0,-0.09865869665342508,0.6514452529569758
Atlanta,2024-11-16,8,False,0.0,6.589484185274265,0.14665068108508306,-0.03049413346593144,0.0,0.3877070629741375,0.49925437293043384
Atlanta,2024-11-16,13,False,0.0,8.878070512898113,0.17332924455361665,-0.02311932670316419,0.0,0.4224298185892402,0.3528786015671689
Atlanta,2024-11-23,4,False,0.0,3.5594765656299243,0.7086656734074777,-0.04856403536226206,0.0,0.3296087387010259,0.752481481193159
Atlanta,2024-11-23,8,False,0.0,6.8769160408955905,0.6897316019473112,-0.025941868260820344,0.0,0.5467488000553883,0.4621394384063183
Atlanta,2024-11-23,13,False,0.0,8.244959270959717,0.7196901139556635,-0.021914432309186216,0.0,0.49280469258364057,0.36109683542656346
Atlanta,2024-11-30,4,False,0.0,3.626054458278463,0.9344949086377423,-0.051813211242868196,0.0,0.4179843896649409,0.7848184564060344
Atlanta,2024-11-30,8,False,0.0,6.646896803149333,0.9269516992417094,-0.029089426273411823,0.0,0.5687667174817295,0.4533354061432008
Atlanta,2024-11-30,13,False,0.0,7.075961574156277,0.4944793688495248,-0.027435468853711065,0.0,0.4228024958452795,0.3448405188029322
Atlanta,2024-12-07,4,False,0.0,4.126610629932989,0.7585315403083468,-0.047078949875135834,0.0,0.3428621146214147,0.7427023908759496
Atlanta,2024-12-07,8,False,0.0,6.56064791240817,0.8242872580351184,-0.03030460646668587,0.0,0.6208911239214753,0.4386847571179584
Atlanta,2024-12-07,13,False,0.0,6.0394446515829365,0.3380059104032864,-0.03275887407093747,0.0,0.337651723248112,0.26321834525642906
Atlanta,2024-12-14,4,False,0.0,4.298681715449594,0.8874492052627163,-0.044602381049501094,0.0,0.4079511074208245,0.7262333652884325
Atlanta,2024-12-14,8,False,0.0,5.745962244970941,0.7040552762028409,-0.03383105490796079,0.0,0.5550917166023286,0.4477545078807841
Atlanta,2024-12-14,13,False,0.0,4.53196778246229,-0.42879815649908193,-0.036160643490965816,0.0,-0.0006583372624908712,0.07925938275615807
Atlanta,2024-12-21,4,False,0.0,3.957392473385463,0.8758579254299175,-0.06147482231155266,0.0,0.30798543762399344,0.6832507414352933
Atlanta,2024-12-21,8,False,0.0,4.336178207158696,0.1539710434223357,-0.05630913164851159,0.0,0.32718459542918243,0.39016188643495064
Atlanta,2024-12-21,13,False,0.0,3.53067842699104,-1.7779398314841846,-0.03803027198586473,0.0,-0.49792935241078906,-0.18253386192117294
Atlanta,2024-12-28,4,False,0.0,3.238957376966501,0.6460261262510076,-0.07283204877732063,0.0,0.16202732926603147,0.5595860115021056
Atlanta,2024-12-28,8,False,0.0,2.66110514500587,-0.9295485120555802,-0.08815116381375043,0.0,-0.15008218848511956,0.06344252349479529
Atlanta,2024-12-28,13,False,0.0,3.373970204500534,-2.470689842824146,-0.017913615583251108,0.0,-0.6921077968437668,-0.3552388946377927
Atlanta,2025-01-04,4,False,0.0,2.206291378718803,0.13842873635730368,-0.09460382476292883,0.0,0.845187763007408,0.2821937786985912
Atlanta,2025-01-04,8,False,0.0,1.7255728982163105,-2.656679713745039,-0.061216138558998656,0.0,-0.12807121508437236,-0.6360292641369714
Atlanta,2025-01-04,13,False,0.0,4.030984706797133,-2.2121128663299237,0.001854901381165952,0.0,-0.19083703070970226,-0.37365515641417035
Atlanta,2025-01-11,4,False,0.0,0.5587735149692263,-6.397663468594487,-0.17728926980472348,0.0,0.3552416357722219,-2.840417596945349
Atlanta,2025-01-11,8,False,0.0,2.1312871622262026,-3.403580057365832,0.02102429716532106,0.0,-0.26484675227755905,-0.7636873363816024
Atlanta,2025-01-11,13,False,0.0,5.560641901682373,-1.984160675542443,0.01701428278456041,0.0,-0.015900971971053002,-0.271363468471294
Atlanta,2025-01-18,4,False,0.0,1.0592422981035121,-2.1979516124489358,0.14267794796160038,0.0,0.07918834706783084,-1.9483206882325632
Atlanta,2025-01-18,8,False,0.0,3.443031641186741,-1.1719078446534348,0.050493974729439506,0.0,-0.07026696209222094,-0.48882331531308965
Atlanta,2025-01-18,13,False,0.0,7.260455977024703,-0.8148112583865554,0.024314854972949274,0.0,0.06572848080666704,-0.20262825121975858
Atlanta,2025-01-25,4,False,0.0,1.8315856233324719,-0.13971285835002667,0.09414007560931503,0.0,-0.19507118617863828,-1.1221211160649536
Atlanta,2025-01-25,8,False,0.0,4.577962283494907,-0.09384640835610658,0.03661056815526342,0.0,-0.07525791517786318,-0.3641341421301769
Atlanta,2025-01-25,13,False,0.0,8.557707649035082,-0.07255845846418385,0.01876807158758287,0.0,0.054163145329997664,-0.1699787468429892
Atlanta,2025-02-01,4,False,0.0,2.645048600812267,0.24532611036443064,0.05643506228770967,0.0,-0.5377614260049037,-0.7841830170733948
Atlanta,2025-02-01,8,False,0.0,5.66698297187209,0.1984503253460016,0.025523277221787488,0.0,-0.17128775047823463,-0.2955477007686498
Atlanta,2025-02-01,13,False,0.0,9.730273680314475,0.16957749055625793,0.014224653322753134,0.0,-0.00033946109024074467,-0.15010738761194675
Boston,2023-02-04,4,False,0.0,3.3795332014421184,0.4746700308612901,0.6312522658150836,0.0,-1.0490620250590865,-4.4960910955810585
Boston,2023-02-04,8,False,0.0,3.3588711002541682,-0.11389436932575148,0.09280053312104841,0.0,-1.8926193016778727,-2.856977260490932
Boston,2023-02-04,13,False,0.0,6.394421347865322,-0.4011160095219828,-0.13775301073091706,0.0,-0.6960482447292637,-0.04018525807496509
Boston,2023-02-11,4,False,0.0,2.5326439350309444,0.4804724760370257,0.6646841607486869,0.0,-2.3028685181105257,-6.012967194532591
Boston,2023-02-11,8,False,0.0,3.9591698800568143,-0.7794171477577161,-0.14999381539102807,0.0,-1.5738021538944031,-1.6727858375579396
Boston,2023-02-11,13,False,0.0,8.015760923768621,-0.779498239524453,-0.17007374171974088,0.0,-0.3639182218617112,0.5182075704795588
Boston,2023-02-18,4,False,0.0,1.4999157905226177,-1.7492387160041662,-1.278306336940334,0.0,-4.227095068744176,-9.207450919465328
Boston,2023-02-18,8,False,0.0,5.3733370575703185,-1.185756251406739,-0.479027428438648,0.0,-0.6462019717445062,-0.3716376474544436
Boston,2023-02-18,13,False,0.0,10.29552602908564,-0.9569440394626303,-0.26267116509694577,0.0,0.06085850631009271,0.859121661498734
Boston,2023-02-25,4,False,0.0,3.5067754946212366,-1.187521214144743,-0.9293999957562602,0.0,-0.7073275614365335,-2.251807992543901
Boston,2023-02-25,8,False,0.0,8.074874852855046,-0.870916409486804,-0.3845140729911607,0.0,0.226341614281086,0.5370067695031105
Boston,2023-02-25,13,False,0.0,13.170231598648257,-0.7687908089723279,-0.2226840135984549,0.0,0.410398231517491,0.7480266720163151
Boston,2023-03-04,4,False,0.0,6.057886590776089,0.028138042234158833,-0.4988949938035465,0.0,0.5013777509663967,-0.3681318835775007
Boston,2023-03-04,8,False,0.0,9.972590586679528,0.032197312852644266,-0.2904268214412551,0.0,0.6764983735665743,0.5965438575499182
Boston,2023-03-04,13,False,0.0,14.830205179111383,0.03256678714549399,-0.18476018983993758,0.0,0.6221649911475567,0.6475279326622172
Boston,2023-03-11,4,False,0.0,6.85865020776201,0.5481663111778825,-0.39683369727244866,0.0,0.6198716728452117,-0.04823727267692268
Boston,2023-03-11,8,False,0.0,10.777954120277748,0.5954359139117152,-0.24190258939407472,0.0,0.8188549574359656,0.6574019424032285
Boston,2023-03-11,13,False,0.0,15.22850598680291,0.6142067784907742,-0.16266615796467643,0.0,0.6554293495604431,0.6242216418683483
Boston,2023-03-18,4,False,0.0,6.866198161888377,0.8074078529069667,-0.36986459686006845,0.0,0.6915435383768531,-0.0636221916523767
Boston,2023-03-18,8,False,0.0,10.877103793693653,0.8635924764971903,-0.22342295057930373,0.0,0.7970566365603806,0.6936300661242134
Boston,2023-03-18,13,False,0.0,14.853474464015079,0.8981794910819084,-0.15631139591193866,0.0,0.6288752019398269,0.6039138955368764
Boston,2023-03-25,4,False,0.0,5.275249226374545,0.3680629852383561,-0.39794362319892884,0.0,0.6418109414865458,-0.5319003001665377
Boston,2023-03-25,8,False,0.0,9.626832734948355,0.49402591102138416,-0.20804493064290308,0.0,0.6789439086545321,0.7597568180154731
Boston,2023-03-25,13,False,0.0,13.194965160752176,0.3718529505561303,-0.14579335458089537,0.0,0.5148185739598614,0.6428592076652868
Boston,2023-04-01,4,False,0.0,3.369381832428485,-0.5304371702115134,-0.5099280083407391,0.0,0.3869549735733373,-1.4719266796664874
Boston,2023-04-01,8,False,0.0,8.123586442900388,0.2360080174413116,-0.20109467310818774,0.0,0.5129989724373257,0.7739640117025436
Boston,2023-04-01,13,False,0.0,11.35775284141566,0.11660268361479542,-0.13876907145860495,0.0,0.341823941788724,0.67027236588122
Boston,2023-04-08,4,False,0.0,5.612631942389236,0.1900089863830614,-0.2691163148859608,0.0,0.3850904139092751,-0.03992440753134674
Boston,2023-04-08,8,False,0.0,9.604068223259885,0.18416745622352526,-0.15062129036395477,0.0,0.5630460398634356,0.6473725335073386
Boston,2023-04-08,13,False,0.0,12.118950836799499,0.21761978867304899,-0.1160440624235004,0.0,0.38802555777050307,0.5468761986530828
Boston,2023-04-15,4,False,0.0,6.226986994237907,0.6829043766594416,-0.20352404037688765,0.0,0.33208498673385833,0.21639470206678557
Boston,2023-04-15,8,False,0.0,9.555809207470782,0.7697528447126303,-0.1279172196922882,0.0,0.48474162049811553,0.6080260116314622
Boston,2023-04-15,13,False,0.0,11.080869675257343,0.7191334150411761,-0.10845189957186596,0.0,0.20806185506245445,0.45138162984942076
Boston,2023-04-22,4,False,0.0,6.488726457434586,0.8068209337836141,-0.1711693459876038,0.0,0.3525836648818206,0.39411861395407277
Boston,2023-04-22,8,False,0.0,8.861267710118648,0.7780130674246394,-0.1221598840323821,0.0,0.29822542960869425,0.5535501132004932
Boston,2023-04-22,13,False,0.0,9.32018542238442,0.29366601213697985,-0.11556000621315432,0.0,-0.20061425416959744,0.2966163672358485
Boston,2023-04-29,4,False,0.0,7.043627453138993,0.5786517718033963,-0.13657083251333502,0.0,0.3758963132521762,0.34162940300697386
Boston,2023-04-29,8,False,0.0,8.862474839735036,0.8003894740617028,-0.10641856107222902,0.0,0.24448106442845363,0.5631721639801448
Boston,2023-04-29,13,False,0.0,8.034510102178103,0.31563329745093494,-0.11845152433971395,0.0,-0.46033441675749476,0.09036296454372117
Boston,2023-05-06,4,False,0.0,3.889952642937515,-0.5851136913839727,-0.1821422125755705,0.0,-0.37059464645471807,-0.42057690924599656
Boston,2023-05-06,8,False,0.0,5.708762769061674,-1.0968789796937042,-0.12176303627223972,0.0,-0.46134159464976743,0.3897621252267798
Boston,2023-05-06,13,False,0.0,4.045815113077803,-5.0879091483276735,-0.1459321297284688,0.0,-2.332411813452371,-0.7178129687074162
Boston,2023-05-13,4,False,0.0,3.0653241722165445,0.19020328976263035,-0.19002398656004638,0.0,0.329358786605653,-1.0458922567809434
Boston,2023-05-13,8,False,0.0,3.9478342877770514,-0.42275146976330524,-0.1462022039403097,0.0,-0.49645015125298175,-0.08880490204095493
Boston,2023-05-13,13,False,0.0,3.054580487944893,-3.41630927185411,-0.046902017467778334,0.0,-2.423193435550924,-1.50189410995468
Boston,2023-05-20,4,False,0.0,1.158954885808168,-3.5459192055643145,-0.24720124562180534,0.0,-0.2566433845715703,-5.157152116498547
Boston,2023-05-20,8,False,0.0,2.112442195002811,-3.9440836231616254,-0.06465480841443028,0.0,-1.701843432071826,-1.8773638955149834
Boston,2023-05-20,13,False,0.0,3.146513313270726,-5.228389713796959,0.02901014467287788,0.0,-2.0490434427564717,-1.7501375429439752
Boston,2023-05-27,4,False,0.0,2.248098874267664,0.14327285778155974,-0.1107002751175512,0.0,0.17090176524489487,-1.6263201384550454
Boston,2023-05-27,8,False,0.0,2.755087649614828,-0.0637611279455379,-0.005422825140110721,0.0,-1.2721942484827924,-1.5912096160871707
Boston,2023-05-27,13,False,0.0,3.551337646683048,-0.2270207352352145,0.04408736649011813,0.0,-1.6276503927971357,-1.6917276745230487
Boston,2023-06-03,4,False,0.0,3.3504405726435342,-0.24340899200035038,-0.11974256656430038,0.0,0.2985051764337393,-0.5766303905976369
Boston,2023-06-03,8,False,0.0,3.369251534780307,0.15631920430361657,0.004150979638878005,0.0,-0.8887797633056644,-1.595056762859242
Boston,2023-06-03,13,False,0.0,3.9213767559331663,0.4704556948066122,0.04486450271268483,0.0,-1.202396090616554,-1.6428107891520471
Boston,2023-06-10,4,False,0.0,1.8345707649295724,-1.9033006775799453,-0.06854094075236605,0.0,-0.9553267160604133,-3.169798582137939
Boston,2023-06-10,8,False,0.0,4.188135629871105,-2.2472506467382605,0.018194273239740433,0.0,-0.6537432602397826,-1.5062686838094357
Boston,2023-06-10,13,False,0.0,5.581162356820064,-2.8511878480991606,0.02779780830430556,0.0,-0.5084490431536071,-1.1507655555147447
Boston,2023-06-17,4,False,0.0,3.1363971426773802,-0.11978795876808124,0.002340385695562608,0.0,-0.4024762226825038,-2.175187523967398
Boston,2023-06-17,8,False,0.0,5.103268791436304,-0.27537020416831526,0.0252706465853082,0.0,-0.3905309849117926,-1.3038027514937447
Boston,2023-06-17,13,False,0.0,6.097435566826962,-0.40079686309542883,0.028913311350077797,0.0,-0.27583749618583386,-1.0654045646324461
Boston,2023-06-24,4,False,0.0,6.162583712063021,-0.8950952970909996,0.019712284990172524,0.0,0.15796650615330876,-1.2673802813545443
Boston,2023-06-24,8,False,0.0,7.854167553286204,-1.2858377158677303,0.0157132163738678,0.0,0.12162406264981518,-0.8524263164072174
Boston,2023-06-24,13,False,0.0,8.31687062550041,-1.8899302222340935,0.014902683568709163,0.0,0.18354608597529298,-0.748445660621988
Boston,2023-07-01,4,False,0.0,7.498959334577824,0.23832072092226497,0.022086723026152888,0.0,0.2357958355828862,-1.0677450709906653
Boston,2023-07-01,8,False,0.0,8.017240569556586,0.4110694479136934,0.020758510430146537,0.0,0.15738139219347225,-0.8492747279024373
Boston,2023-07-01,13,False,0.0,7.4197390435184,0.3809313269422755,0.019111421572601817,0.0,0.20260686714752196,-0.8164566615968953
Boston,2023-07-08,4,False,0.0,3.1448345750605484,-1.8500180119234373,0.11570220182126612,0.0,-0.0829871963037927,-2.751046353394208
Boston,2023-07-08,8,False,0.0,3.7064927881220564,-3.951318098425321,0.09870399557223708,0.0,-0.048094036643098415,-2.0061610752039014
Boston,2023-07-08,13,False,0.0,3.887477107442357,-7.087382050261617,0.052390551817769526,0.0,0.2647086918596726,-1.1367555727009773
Boston,2023-07-15,4,True,0.7,1.4570269177734598,-1.967383987219975,0.2965005434124467,-1.4816455921354565,-0.9389474864542178,-6.1188916549063705
Boston,2023-07-15,8,True,0.7,2.0199353989363336,-3.171590767325207,0.21505943535066585,-0.5253266874935332,-0.30028774104929057,-3.7993622664075817
Boston,2023-07-15,13,True,0.7,3.577980922933731,-3.5991140709707805,0.03172123148737582,-0.6873514382916337,0.38939569488802206,-0.5615850562568845
Boston,2023-07-22,4,False,0.0,0.5733647305509554,-7.933001103442585,-0.5857782778185887,0.0,-2.385236976347167,-14.316436854120704
Boston,2023-07-22,8,False,0.0,0.8341071209909241,-9.35467551134023,-0.19211266671648253,0.0,-0.7974042151667005,-8.23804620517252
Boston,2023-07-22,13,False,0.0,4.3623268014017755,-2.737965211415728,-0.06142219598287513,0.0,0.4968066593350672,0.32644755090788113
Boston,2023-07-29,4,False,0.0,0.5978531480579227,-0.871013464005151,-0.7633463186160687,0.0,-1.4111782041192367,-13.715549759679018
Boston,2023-07-29,8,False,0.0,1.4279921714201573,-0.3463484284717977,-0.15592431691251418,0.0,0.05508024717136062,-3.9897720781540276
Boston,2023-07-29,13,False,0.0,5.395739161376066,-0.19912664769851474,-0.0561832036828287,0.0,0.505281870885554,0.6091203368472984
Boston,2023-08-05,4,False,0.0,1.7028555387367779,-2.162743694997155,0.24518638040523,0.0,0.5245697593615277,-5.321280103741722
Boston,2023-08-05,8,False,0.0,2.6101485758243457,-1.3269683563835661,0.04342546887260412,0.0,0.3603851589112508,-1.6696062980980733
Boston,2023-08-05,13,False,0.0,5.908160900519462,0.16868473255853755,-0.011929649177843116,0.0,0.43137931285188535,0.575836097139825
Boston,2023-08-12,4,False,0.0,1.2450711679698765,0.5579004446972933,0.3465930761073851,0.0,0.3002625100022328,-7.356654113752629
Boston,2023-08-12,8,False,0.0,3.7332795767161544,-0.416195813887156,0.004262262262262229,0.0,0.3966151878751576,-0.262346070189994
Boston,2023-08-12,13,False,0.0,6.969854954439317,-0.47398166911217987,-0.019258049853953407,0.0,0.3827088966981482,0.6647075244525986
Boston,2023-08-19,4,False,0.0,1.082810626148798,-1.002092296967977,0.004580306698950709,0.0,-0.1315790199612954,-7.327396978398971
Boston,2023-08-19,8,False,0.0,5.27981916601503,-0.5655539743161628,-0.03879529533334147,0.0,0.47871696026280397,0.560190398279819
Boston,2023-08-19,13,False,0.0,8.125145252122868,-0.6061710608886073,-0.034446460976169435,0.0,0.3807309007531321,0.6195934949372426
Boston,2023-08-26,4,False,0.0,2.260407995745068,0.04316208716668102,0.004325141015310341,0.0,0.44956559611759905,-2.427854664150315
Boston,2023-08-26,8,False,0.0,6.808281547286999,0.049474563696871976,-0.027438682096806444,0.0,0.5816777984065897,0.7514480940164738
Boston,2023-08-26,13,False,0.0,8.617343858485055,0.06843430753757251,-0.03042255438118313,0.0,0.3901099542757407,0.49633478672478937
Boston,2023-09-02,4,False,0.0,5.240855590092365,-0.6242127898708139,-0.08376587064613039,0.0,0.548817526388147,0.3384668342975382
Boston,2023-09-02,8,False,0.0,9.419614625095257,-0.5951488270031449,-0.04455015278875307,0.0,0.5882410929588078,0.6595690637572373
Boston,2023-09-02,13,False,0.0,10.01292582167478,-0.880764167072666,-0.0416358372018093,0.0,0.36163473194959206,0.3468566446024557
Boston,2023-09-09,4,False,0.0,7.516926890167756,0.17206313908277693,-0.05287475604757774,0.0,0.765265996123851,0.7369757321137045
Boston,2023-09-09,8,False,0.0,10.454164404473582,0.21898521069172117,-0.036811415562054695,0.0,0.6780381892889398,0.5767714792536673
Boston,2023-09-09,13,False,0.0,9.404412218559202,0.2250358482834356,-0.03436972024063123,0.0,0.37118046346738875,0.122553488627823
Boston,2023-09-16,4,True,0.6,7.449371667816862,0.8259639459663112,-0.03812757796113275,0.0,0.7925904156797354,0.6341359843741929
Boston,2023-09-16,8,True,0.6,9.236141473259728,0.6778122326246795,-0.03015795318720227,0.0,0.6309364920023142,0.5227326200560192
Boston,2023-09-16,13,True,0.6,8.075116764969192,-0.6369392333760828,-0.02324166741404765,0.0,0.29665112561851037,-0.17102406222067357
Boston,2023-09-23,4,False,0.0,6.981106347663153,0.7996301987007806,-0.02667944966475444,0.0,0.7761319585397052,0.47350985054710737
Boston,2023-09-23,8,False,0.0,7.565300111772802,0.3495610064282517,-0.024464639780829467,0.0,0.5088393074936433,0.41079162801840285
Boston,2023-09-23,13,False,0.0,8.213877008072977,-1.303579282015002,-0.0073734978671022855,0.0,0.3044036892645654,-0.4026880815407625
Boston,2023-09-30,4,False,0.0,3.4012498314781134,-1.2388003513368617,-0.010703617159686818,0.0,0.7924763183398187,-0.1636954640879178
Boston,2023-09-30,8,False,0.0,3.211685784520558,-4.402842545135293,-0.00842399884427536,0.0,0.06918387139293036,-0.46737345517446105
Boston,2023-09-30,13,False,0.0,9.950063923466164,-3.260280432715887,8.551627431541142e-05,0.0,0.5377623610940454,-0.4931173159074982
Boston,2023-10-07,4,False,0.0,1.6115073360717762,-1.8336150945473393,0.024220733371280168,0.0,0.45269990436816643,-1.940304291714733
Boston,2023-10-07,8,False,0.0,2.634480116890262,-3.6134986192847753,0.007132514314308502,0.0,-0.2058677069575663,-1.536241027625267
Boston,2023-10-07,13,False,0.0,14.16989790982321,-1.415913202203424,-0.0006120720127165136,0.0,0.5741393858704411,-0.41854031039279915
Boston,2023-10-14,4,False,0.0,0.7853658426425278,-1.1546257420649244,0.08876582327440175,0.0,-1.10343474957165,-5.8476886147014495
Boston,2023-10-14,8,False,0.0,4.372965051150454,-0.9037155667305699,-0.0007026548672566246,0.0,0.2067050721736643,-1.1583925318029
Boston,2023-10-14,13,False,0.0,19.423465049636636,-0.4374255871582142,-0.00209402284063942,0.0,0.7072802519406829,-0.33711239059833464
Boston,2023-10-21,4,False,0.0,0.5775483513899403,-2.850269271969313,-0.022205060713365254,0.0,-3.266320132658449,-10.227135060014907
Boston,2023-10-21,8,False,0.0,7.520138341259516,-0.4737420090451159,-0.006747973665807372,0.0,0.5053016746382921,-0.7689306931448907
Boston,2023-10-21,13,False,0.0,25.00588671090348,-0.2782173436820581,-0.003071572791960353,0.0,0.7715959679154939,-0.2779113116257397
Boston,2023-10-28,4,False,0.0,2.061021751340902,-0.08651028315216824,-0.018448177227027074,0.0,-0.6230940410369494,-2.962529544983369
Boston,2023-10-28,8,False,0.0,11.600890977337192,-0.036574438986032076,-0.0054519813907893955,0.0,0.6268253273734767,-0.5290901526741174
Boston,2023-10-28,13,False,0.0,29.921388033026382,-0.02752556181606125,-0.002795674179349339,0.0,0.7886586202548334,-0.24114714658962
Boston,2023-11-04,4,False,0.0,5.032669773679194,-0.13308461168203212,-0.016734134278542756,0.0,0.4799022101017546,-1.2802690187571875
Boston,2023-11-04,8,False,0.0,17.456785088175145,-0.08091778810085581,-0.005394995956383264,0.0,0.8137411646654675,-0.3759186195752644
Boston,2023-11-04,13,False,0.0,34.987399754034506,-0.07460050741940183,-0.003093562137850947,0.0,0.834156820195996,-0.2096518338011828
Boston,2023-11-11,4,False,0.0,8.495590064838987,0.17658252247830575,-0.007894602467916734,0.0,0.8592632708746911,-0.8046343502566466
Boston,2023-11-11,8,False,0.0,23.809979155684534,0.13676176493192516,-0.003214462499373516,0.0,0.7719982133261103,-0.30040218369016247
Boston,2023-11-11,13,False,0.0,38.77419492509277,0.14870773442699714,-0.002212471349802625,0.0,0.871388876091921,-0.1944819858502782
Boston,2023-11-18,4,False,0.0,12.59288225089108,0.31258619240022345,-0.0024587732976542043,0.0,0.9689537616243196,-0.5920664668954825
Boston,2023-11-18,8,False,0.0,29.89902789244147,0.2877312104524964,-0.0011947623447465805,0.0,0.8222563179500573,-0.2634807810373909
Boston,2023-11-18,13,False,0.0,41.35101515436656,0.3512937244426494,-0.0009400380866668723,0.0,0.8889178654021198,-0.1900369874038248
Boston,2023-11-25,4,False,0.0,14.35636720739539,0.8206012642925785,0.006592281845514414,0.0,0.9453235656991869,-0.5995390239774727
Boston,2023-11-25,8,False,0.0,31.86181663967085,0.8026635938596924,0.0034250624552876197,0.0,0.8331244473129226,-0.2815262034059882
Boston,2023-11-25,13,False,0.0,39.70406516801413,0.7564027548056439,0.002912017919034171,0.0,0.8774240979383969,-0.21660160190770905
Boston,2023-12-02,4,False,0.0,16.69271373713377,0.8704225471819209,0.015079181447222645,0.0,0.9612021550967197,-0.6050017361960933
Boston,2023-12-02,8,False,0.0,31.739963779403567,0.8741311615373257,0.008953072185246658,0.0,0.8153076633459697,-0.3147271925903359
Boston,2023-12-02,13,False,0.0,36.55446051706858,0.594970397478515,0.00805798556716042,0.0,0.8617201639402429,-0.2558116810582789
Boston,2023-12-09,4,False,0.0,19.57148944048376,0.8213302902008761,0.021145287228415466,0.0,0.5314561483898597,-0.6056419719134565
Boston,2023-12-09,8,False,0.0,30.036828746799088,0.7902540966304616,0.014983805217646529,0.0,0.7906828642598283,-0.3634709750020517
Boston,2023-12-09,13,False,0.0,32.15375574892141,0.3837448562986119,0.014225175374183885,0.0,0.8395226873970774,-0.31200092438513227
Boston,2023-12-16,4,False,0.0,20.313942725907275,0.9399008955165287,0.03156113575131547,0.0,0.484338186516475,-0.6797102086392188
Boston,2023-12-16,8,False,0.0,25.551825231834997,0.4899324768823523,0.02618375871555123,0.0,0.7375025958378332,-0.46720448298760275
Boston,2023-12-16,13,False,0.0,25.212421042739567,-0.307964225166663,0.026464503441698706,0.0,0.7800423912643866,-0.4267640575414453
Boston,2023-12-23,4,False,0.0,19.504924426541383,0.8385748464702304,0.041899977714647485,0.0,0.39077413416140194,-0.7866011947144513
Boston,2023-12-23,8,False,0.0,20.707557047985954,0.21932883232460154,0.03986372299545038,0.0,0.6592023762527145,-0.620347662950093
Boston,2023-12-23,13,False,0.0,17.971022521360684,-0.9758824756147795,0.04489260608532564,0.0,0.6842049600977209,-0.6274233754398588
Boston,2023-12-30,4,False,0.0,12.750428075806008,0.0005835908115578992,0.07790791773704442,0.0,0.08950360878623898,-1.3165729759847018
Boston,2023-12-30,8,False,0.0,12.014211583453632,-1.7703759006149768,0.08214214011983889,0.0,0.39933342552020124,-1.1663259866013576
Boston,2023-12-30,13,False,0.0,9.37850154197586,-5.022006316543732,0.06394368604185885,0.0,0.31663244118179545,-1.0890438606193893
Boston,2024-01-06,4,False,0.0,4.5128832034437165,-3.0286837354631695,0.24479407907177575,0.0,0.7607790002893065,-3.9529484069637633
Boston,2024-01-06,8,False,0.0,3.1865449224786513,-10.608056195559296,0.2829509134423276,0.0,0.6681680031879673,-4.679573028666876
Boston,2024-01-06,13,False,0.0,6.088984383921122,-8.596304868808097,0.03152235703078543,0.0,0.8111988439765256,-0.7024167746617178
Boston,2024-01-13,4,True,0.7,1.809184047678848,-7.1443453577465235,-0.40668447558054877,-2.5065827119718453,0.10337683661848351,-8.358379813465556
Boston,2024-01-13,8,True,0.7,3.142651614201563,-7.382924377329848,-0.29128756694387525,-1.4814024334696176,0.6343635409787219,-2.9039631491776094
Boston,2024-01-13,13,True,0.7,8.9632164436629,-3.666018448468291,-0.1030505824691037,-0.4949736198144512,0.8193547706777362,0.5714182755195745
Boston,2024-01-20,4,False,0.0,2.9989355559133726,-0.7774605966279402,-0.35822529749170573,0.0,0.659538901892014,-4.130227945586668
Boston,2024-01-20,8,False,0.0,5.3203785181957155,-0.7434687106041444,-0.1970883106869077,0.0,0.8242416853307168,-0.8846649892946228
Boston,2024-01-20,13,False,0.0,11.594778822383926,-0.47396803459361236,-0.08444274288602593,0.0,0.8620832892158194,0.8492520551863658
Boston,2024-01-27,4,False,0.0,1.5096588348928779,-0.999282942564405,-0.6699781936755873,0.0,-0.20133224805670547,-9.972296533900721
Boston,2024-01-27,8,False,0.0,5.485793142592253,0.4441870929194346,-0.17693082625019918,0.0,0.6934220833742377,-0.5996496238118876
Boston,2024-01-27,13,False,0.0,12.133082265150193,0.6210427967393704,-0.0743703950844048,0.0,0.7665849887226478,0.8898050901747092
Boston,2024-02-03,4,False,0.0,0.8616776681907705,-1.8486062598886694,-1.1101459821085626,0.0,-0.20229813849507883,-18.498273962097326
Boston,2024-02-03,8,False,0.0,6.331300381379197,0.46018971493626293,-0.14275289888576803,0.0,0.8119043468096088,-0.13274859365836145
Boston,2024-02-03,13,False,0.0,13.473821206439204,0.44599378402493084,-0.06196409460448815,0.0,0.7866201192557437,0.7782013161451573
Boston,2024-02-10,4,False,0.0,1.9790239032129335,0.25279383800817434,-0.22688351356157055,0.0,0.5209111077261974,-6.856393713694569
Boston,2024-02-10,8,False,0.0,8.1724730470545,0.25704474615510964,-0.07466165448131523,0.0,0.8812879942216169,0.38474912865796307
Boston,2024-02-10,13,False,0.0,15.62182264932786,0.2127600204488168,-0.04010502498508739,0.0,0.807793056457942,0.6620496655182858
Boston,2024-02-17,4,False,0.0,4.538932047306855,-0.23709016308794784,-0.1887970799229335,0.0,0.8021237242157161,-1.6315595758573957
Boston,2024-02-17,8,False,0.0,11.139514654604362,-0.15950522695517466,-0.07160858251451963,0.0,0.8774668920265887,0.77576697800888
Boston,2024-02-17,13,False,0.0,18.79798147093064,-0.13010820290379654,-0.03877736308509672,0.0,0.8047443432232042,0.5382410010435958
Boston,2024-02-24,4,False,0.0,8.060650317106116,0.022596032037893843,-0.0992829249533167,0.0,0.8193882175315541,0.056883690417179
Boston,2024-02-24,8,False,0.0,14.006098564189925,0.02210138195742195,-0.05344335225170105,0.0,0.8315646603012368,0.760476887281455
Boston,2024-02-24,13,False,0.0,21.670915234185824,0.019720905559399093,-0.03146219480223267,0.0,0.7752944393057541,0.4479745435588769
Boston,2024-03-02,4,False,0.0,9.653988304341985,0.45773329016695996,-0.07481041564592172,0.0,0.7588416288861223,0.38565618316301387
Boston,2024-03-02,8,False,0.0,15.476185871116794,0.4722290942733339,-0.04365912222040347,0.0,0.7333687310922659,0.7351319844851216
Boston,2024-03-02,13,False,0.0,22.958215665480928,0.4357480762842605,-0.02682551399182298,0.0,0.7205005783739846,0.40042173365404454
Boston,2024-03-09,4,False,0.0,9.573688927675684,0.830741750125867,-0.06366455472685639,0.0,0.7102575190191983,0.3131785377815475
Boston,2024-03-09,8,False,0.0,15.743779493918215,0.8249982215550875,-0.03607241173317011,0.0,0.6571746053572542,0.6714533027229117
Boston,2024-03-09,13,False,0.0,23.032540914122272,0.7747048556221308,-0.022524102863723083,0.0,0.6781310620355374,0.3725455841157421
Boston,2024-03-16,4,False,0.0,8.602691446166265,0.7709401515621095,-0.05791861763670769,0.0,0.7795358204814828,0.2971461968503576
Boston,2024-03-16,8,False,0.0,15.104887197500053,0.8925635100381812,-0.03063968743531653,0.0,0.6957018912024306,0.6429177852457306
Boston,2024-03-16,13,False,0.0,22.25661170340919,0.9328281277477735,-0.019042481520378685,0.0,0.696340154238026,0.35728135133089733
Boston,2024-03-23,4,False,0.0,6.237346674226927,0.06307321503805063,-0.05799268824325243,0.0,0.6909041795446582,0.10632372033785498
Boston,2024-03-23,8,False,0.0,13.708480369255732,0.5869460409553091,-0.024284101415495307,0.0,0.6776842822505227,0.6390976129463453
Boston,2024-03-23,13,False,0.0,20.698188297118357,0.6967626174578592,-0.014780666256819508,0.0,0.6854824635061896,0.3508693219417657
Boston,2024-03-30,4,False,0.0,8.206818593904515,0.5187730481387332,-0.03781326769854232,0.0,0.2779994940060331,0.572101585121619
Boston,2024-03-30,8,False,0.0,15.624192481352631,0.43407466806880857,-0.0182569818014644,0.0,0.5043854035743933,0.5279717931939938
Boston,2024-03-30,13,False,0.0,22.147501222288195,0.4278945392942428,-0.011883830341634871,0.0,0.5700402993253402,0.31136964549012447
Boston,2024-04-06,4,False,0.0,9.977401728478258,0.5252379258637865,-0.027407678525800394,0.0,0.35597292754776566,0.7774650766661991
Boston,2024-04-06,8,False,0.0,16.781260069365995,0.5072755501577119,-0.015063806716243633,0.0,0.5537060159152669,0.4612683451425025
Boston,2024-04-06,13,False,0.0,22.68745680936165,0.5321607057920565,-0.010351476749690613,0.0,0.6133583866964112,0.28910935330873844
Boston,2024-04-13,4,False,0.0,9.821223376908323,0.8792831922345041,-0.021848441528997675,0.0,0.4450651221893547,0.7479506383830936
Boston,2024-04-13,8,False,0.0,16.32896354373482,0.9040192144115407,-0.012192653802376663,0.0,0.5804660445595111,0.4335290264841072
Boston,2024-04-13,13,False,0.0,21.448133768228658,0.8932361810774881,-0.008714625150366473,0.0,0.6447571233048095,0.2860157008716294
Boston,2024-04-20,4,False,0.0,11.531239111189729,0.5672502926346299,-0.015795489520206374,0.0,0.4924039513265257,0.7345267329730243
Boston,2024-04-20,8,False,0.0,16.953113649938643,0.6399533480919316,-0.010085397124823148,0.0,0.5669926910540761,0.3894921171306701
Boston,2024-04-20,13,False,0.0,21.062431506651553,0.7310438428740629,-0.0077160380707868015,0.0,0.6338183018116643,0.2779645481460469
Boston,2024-04-27,4,False,0.0,10.206044625999455,0.8673199073999049,-0.005680813407120011,0.0,0.6706900429692959,0.7020489686294422
Boston,2024-04-27,8,False,0.0,15.205595669901568,0.7277581816737091,-0.003600680948121271,0.0,0.6835113429267372,0.3862558367197624
Boston,2024-04-27,13,False,0.0,18.126448723270823,0.39157451526470377,-0.0029164315427299137,0.0,0.7337618658676255,0.29629551266330345
Boston,2024-05-04,4,False,0.0,8.51043398483371,0.6685223660803978,0.009665505406696528,0.0,0.6424303249376406,0.6662006613356253
Boston,2024-05-04,8,False,0.0,13.513762194021789,0.5997495191336109,0.005754073977383034,0.0,0.6798462252889104,0.38571049866129137
Boston,2024-05-04,13,False,0.0,15.269857370362342,0.09378649539025352,0.00498893292299285,0.0,0.7412910441676069,0.319919408018256
Boston,2024-05-11,4,False,0.0,8.758924091192258,0.8150432724906187,0.011357899091386181,0.0,0.5304054219874239,0.687019969880799
Boston,2024-05-11,8,False,0.0,12.919587147922288,0.8600662577909673,0.007349033283123418,0.0,0.6460371510303915,0.37490338051465566
Boston,2024-05-11,13,False,0.0,13.857470238319557,0.5309925291573608,0.006777851318175987,0.0,0.7200469600521364,0.329948644163626
Boston,2024-05-18,4,False,0.0,5.693443142933208,-0.17763264085712205,0.041505288595243606,0.0,0.4375885816376752,0.7466547660536583
Boston,2024-05-18,8,False,0.0,9.184587698130828,-0.3284248593357335,0.024776298835847532,0.0,0.6653463124604192,0.4628086300708445
Boston,2024-05-18,13,False,0.0,9.665921177740328,-1.454644041248741,0.023417736116671195,0.0,0.7648097238027355,0.41538542983255744
Boston,2024-05-25,4,False,0.0,6.141810134632433,0.8702525109147257,0.04292000974919552,0.0,0.7573877625745589,0.7748560451027782
Boston,2024-05-25,8,False,0.0,7.9832755917221245,0.5758346699112199,0.032372010445291144,0.0,0.8518014064984439,0.4201935023967205
Boston,2024-05-25,13,False,0.0,8.151548787037674,-0.061499221748536836,0.031645774547946814,0.0,0.8603739642222944,0.42452203310204173
Boston,2024-06-01,4,False,0.0,7.370769179184363,0.5144357063653568,0.037517884999702655,0.0,0.9357379049963754,0.5978538766371491
Boston,2024-06-01,8,False,0.0,7.045111844215657,0.46850818114487347,0.0393901325132181,0.0,0.8458175891189381,0.325935965247398
Boston,2024-06-01,13,False,0.0,6.888986993020228,0.08601927251787966,0.04035048769016991,0.0,0.7756455215821516,0.35408766881653264
Boston,2024-06-08,4,False,0.0,5.154817701824122,0.39435480913767695,0.051232923135261066,0.0,0.9313291331676878,0.4490360982654056
Boston,2024-06-08,8,False,0.0,4.00773111127236,-1.8113064483249701,0.06669370621654824,0.0,0.6358001229989603,0.08925320906779188
Boston,2024-06-08,13,False,0.0,3.352896346696485,-5.166142614437719,0.0697424140518923,0.0,0.4340148832381656,-0.03104700713613706
Boston,2024-06-15,4,False,0.0,4.003486543197784,0.23065808630374685,0.06629569571030058,0.0,0.8349241475636826,0.05338255091296995
Boston,2024-06-15,8,False,0.0,2.7714179541951536,-1.4236468262357445,0.07205685592452793,0.0,0.4458137420767161,-0.30108951491735114
Boston,2024-06-15,13,False,0.0,2.2530597054846444,-4.247955826607899,0.0633121583533337,0.0,0.16087728256153566,-0.5786147305164331
Boston,2024-06-22,4,False,0.0,2.1831805697922326,-4.047929566635534,-0.07772228667241654,0.0,0.5968150672937045,-1.3772970674015927
Boston,2024-06-22,8,False,0.0,2.3405498203738677,-7.491644914864343,-0.10744693871795419,0.0,0.45930895555771156,-1.1519502502557724
Boston,2024-06-22,13,False,0.0,2.845942887502685,-9.86511740942748,-0.09992969585458389,0.0,0.5201551159730518,-0.8996246166171198
Boston,2024-06-29,4,False,0.0,5.201837200620164,-1.2823120387913542,-0.08646549189714303,0.0,0.5773684056921504,-0.5574160958142989
Boston,2024-06-29,8,False,0.0,4.873937756997252,-2.4349839651154173,-0.09199491971843488,0.0,0.5171645092957746,-0.4992147638151694
Boston,2024-06-29,13,False,0.0,5.163498552255448,-3.4671065598575526,-0.07433723227689537,0.0,0.5307460086827518,-0.353016789691323
Boston,2024-07-06,4,False,0.0,2.4918673819146475,-0.7410404606878997,-0.16317092701467395,0.0,0.6490765922001624,-1.3257196412355845
Boston,2024-07-06,8,False,0.0,2.48735709851563,-3.000902839880024,-0.16345960859007103,0.0,0.6857770243889763,-1.1351809454657142
Boston,2024-07-06,13,False,0.0,3.321005580894476,-4.379931609170688,-0.06828971620751978,0.0,0.60478507561554,-0.19214107577798378
Boston,2024-07-13,4,False,0.0,1.1790076568165244,-2.7488900012872697,-0.0038962472406181003,0.0,0.4560601175853152,-2.4020342987987577
Boston,2024-07-13,8,False,0.0,1.5477706371699764,-4.022350021304953,-0.11443640221283613,0.0,0.566747033638324,-1.740234962067131
Boston,2024-07-13,13,False,0.0,3.391019654779563,-3.3593571552557044,-0.008429766243389869,0.0,0.5086388519859597,0.1596576158150853
Boston,2024-07-20,4,False,0.0,1.4765582262542025,-1.657017780742775,0.10851083263469286,0.0,0.4459970888454603,-0.8320387090024313
Boston,2024-07-20,8,False,0.0,1.3869289217918226,-2.864743667757782,-0.0033019620354122203,0.0,0.48807527998717803,-1.6925533729195794
Boston,2024-07-20,13,False,0.0,4.414317668288026,-1.5824929735991082,0.025467725460323054,0.0,0.45493989338643237,0.34114737200200873
Boston,2024-07-27,4,False,0.0,2.345032383579454,-1.0330126783469593,0.13720093241581566,0.0,0.3081859516694069,-0.29156106974861484
Boston,2024-07-27,8,False,0.0,2.1542081607270807,-1.7394134061049638,0.0731758282325693,0.0,0.32953915876491646,-0.522958250778504
Boston,2024-07-27,13,False,0.0,5.801301263835331,-1.0337855937495926,0.036022779229531565,0.0,0.43293684027765034,0.3684249348125712
Boston,2024-08-03,4,False,0.0,1.4143075147696642,-3.9945097810613905,-0.1392132887405877,0.0,0.09557430903470776,-2.3424294721288277
Boston,2024-08-03,8,False,0.0,2.4986987426615155,-3.274989508682074,-0.04214429530201791,0.0,0.28725268117907343,-0.2849142569986933
Boston,2024-08-03,13,False,0.0,5.198921755297755,-1.2943202798385505,0.013168801009549425,0.0,0.3375244226218196,0.3622996193040755
Boston,2024-08-10,4,False,0.0,2.8490957914137782,-0.6793540606029582,-0.1499091916060038,0.0,0.7553187009078337,-1.2306339001376037
Boston,2024-08-10,8,False,0.0,3.8279768356283386,-0.10367139699922778,-0.03127373118698751,0.0,0.5198831768096706,0.1259906933632322
Boston,2024-08-10,13,False,0.0,5.491349209333088,0.33911769203556685,0.013298795817484832,0.0,0.44977767995043383,0.3310039756573746
Boston,2024-08-17,4,False,0.0,2.2847315360274476,0.43942635954876264,-0.16968143886822795,0.0,0.7602482898862124,-1.57803191319235
Boston,2024-08-17,8,False,0.0,4.913732725661138,-0.3950433466864476,-0.003790170132325299,0.0,0.4833577553013111,0.34567364267437883
Boston,2024-08-17,13,False,0.0,5.85565418904358,-0.7554635784305941,0.021104704054910606,0.0,0.43742305276137616,0.28670327201037926
Boston,2024-08-24,4,False,0.0,2.2895330401556993,-0.17674001558117758,-0.0750537693821185,0.0,0.6441403966545436,-0.970864679233407
Boston,2024-08-24,8,False,0.0,6.256594935697422,-0.37373944484865973,0.009844986210963635,0.0,0.47294924983468,0.3812451177831667
Boston,2024-08-24,13,False,0.0,6.1330534803794166,-0.6961499084437985,0.01732260733580282,0.0,0.39534168502919953,0.15809182020314572
Boston,2024-08-31,4,False,0.0,4.497561184247203,-1.3236900262663878,0.03056407106153214,0.0,0.5210260874403057,0.78283888433391
Boston,2024-08-31,8,False,0.0,8.866355751126513,-1.167108008580684,0.022533617007772455,0.0,0.5282853739728967,0.343786545231361
Boston,2024-08-31,13,False,0.0,7.983612942667648,-2.0373554404259746,0.02317608431333218,0.0,0.48466389869650217,0.10564111010301758
Boston,2024-09-07,4,False,0.0,7.999940847737083,-0.1452096160345162,0.03841508239734592,0.0,0.5947321699482648,0.4655120826781962
Boston,2024-09-07,8,False,0.0,10.484813612894005,-0.19008956594932047,0.02851914124295174,0.0,0.587173976709475,0.2975904693199988
Boston,2024-09-07,13,False,0.0,9.044575323078998,-0.17041667564621532,0.022228447858491984,0.0,0.5860629821470489,-0.012025293988753072
Boston,2024-09-14,4,False,0.0,8.707916852720224,0.5809705080261782,0.03744932113242061,0.0,0.5725838870247637,0.38486874115927683
Boston,2024-09-14,8,False,0.0,9.185627231199653,0.5582433472266077,0.035315948635863625,0.0,0.5819931295365214,0.30422175409093755
Boston,2024-09-14,13,False,0.0,9.322222887262598,-0.723189909548106,0.011165674680478022,0.0,0.6889605363585642,-0.13252996394854466
Boston,2024-09-21,4,False,0.0,7.646413672865518,0.724694284834287,0.051824155897654545,0.0,0.6417773026731393,0.3795031065100416
Boston,2024-09-21,8,False,0.0,6.109443425903445,-0.5148790186459076,0.0659411516844084,0.0,0.6560160613395671,0.12596928138910513
Boston,2024-09-21,13,False,0.0,11.22281256192581,-1.7080187218155078,0.0045321421627883,0.0,0.806520336514075,-0.17875702776959668
Boston,2024-09-28,4,False,0.0,3.3526947325872256,-1.6286527387923262,0.1796400976248933,0.0,0.8800332240444986,0.3646066173120961
Boston,2024-09-28,8,False,0.0,3.715552714611915,-5.263542260471278,0.03569821449407706,0.0,0.6920850630286967,-0.32600301789132113
Boston,2024-09-28,13,False,0.0,15.942685273041842,-2.5941947707952218,-0.01525207661923833,0.0,0.8073117061581334,-0.13398358711160685
Boston,2024-10-05,4,False,0.0,0.915775401094782,-9.244156691973304,-0.373667269017977,0.0,-1.553799513634326,-1.7137293517890804
Boston,2024-10-05,8,False,0.0,6.324085003900058,-2.6809152302813217,-0.08617645516490025,0.0,0.44837897142099226,-0.25403023159839666
Boston,2024-10-05,13,False,0.0,23.628639462752833,-1.3951458911799839,-0.030677815302940337,0.0,0.6425455176985374,-0.08465039310888534
Boston,2024-10-12,4,False,0.0,2.41421872138169,-0.6596262343993784,-0.28780316871956724,0.0,-0.2494284686128594,-0.7244533620962732
Boston,2024-10-12,8,False,0.0,10.348391207866078,-0.30189065184870634,-0.0723444294501383,0.0,0.5805319036761205,-0.16371780297407712
Boston,2024-10-12,13,False,0.0,30.816773171747247,-0.19763018421066159,-0.028799715586728558,0.0,0.6871978188435193,-0.06760006948373176
Boston,2024-10-19,4,False,0.0,4.240522282947948,0.1956387419104999,-0.1733057080457714,0.0,0.3478068498534648,-0.43586739087358906
Boston,2024-10-19,8,False,0.0,14.812893362742747,0.11723006631215527,-0.0546444932927701,0.0,0.7128202616073014,-0.12482481005891688
Boston,2024-10-19,13,False,0.0,37.25185068837354,0.09261347653189755,-0.025975624260335728,0.0,0.747711870008265,-0.06074968689478255
Boston,2024-10-26,4,False,0.0,6.51088111373663,0.32348438653548084,-0.11151048286453058,0.0,0.693664428804615,-0.31391147436093947
Boston,2024-10-26,8,False,0.0,20.102524590844872,0.22357335289860547,-0.0407251805908877,0.0,0.8038844968598207,-0.10517361837442007
Boston,2024-10-26,13,False,0.0,42.5802737749992,0.20440837622402197,-0.02282508897738378,0.0,0.8040926443027197,-0.05879939463099282
Boston,2024-11-02,4,False,0.0,9.10971679212486,0.5363776726022957,-0.08236337767534585,0.0,0.7690653227447872,-0.2689258975383235
Boston,2024-11-02,8,False,0.0,25.374626227877435,0.41970710579955717,-0.03397704404106827,0.0,0.8376872492994429,-0.10200783547464631
Boston,2024-11-02,13,False,0.0,45.87318325807374,0.43262103399951757,-0.021867149688150178,0.0,0.8295148951216461,-0.06338325779094678
Boston,2024-11-09,4,False,0.0,12.240265548973431,0.5676708135512987,-0.06028404943984911,0.0,0.8018459364850429,-0.24607933451346775
Boston,2024-11-09,8,False,0.0,30.940020725168303,0.49690609300873134,-0.027822514452036984,0.0,0.7157354216913854,-0.10451338411094735
Boston,2024-11-09,13,False,0.0,47.79988702851566,0.5698587459493567,-0.020327866670554195,0.0,0.8464783961877735,-0.07129997524042886
Boston,2024-11-16,4,False,0.0,15.545573965466142,0.6235321488329009,-0.04313447231366174,0.0,0.8458949104556486,-0.24369190272910468
Boston,2024-11-16,8,False,0.0,35.76705460826743,0.602805278815825,-0.022028714543864458,0.0,0.7448301837296809,-0.11403587909470425
Boston,2024-11-16,13,False,0.0,48.154186519034546,0.7402764037932857,-0.017854916120084052,0.0,0.8651853354208965,-0.08412426804875373
Boston,2024-11-23,4,False,0.0,19.031550204454987,0.6936697065536769,-0.02897883826770209,0.0,0.8039429204313235,-0.25562222174153315
Boston,2024-11-23,8,False,0.0,38.488101959862476,0.7483752325396035,-0.01667166653758878,0.0,0.7446966933061276,-0.13234046632952
Boston,2024-11-23,13,False,0.0,46.611035513106515,0.7429785013252337,-0.01457373794849981,0.0,0.8587149852939355,-0.10406176682669921
Boston,2024-11-30,4,False,0.0,20.124929102502314,0.9510878020301652,-0.016744073614304522,0.0,0.8758771395004478,-0.3234498208733525
Boston,2024-11-30,8,False,0.0,36.16407721852048,0.779093678683355,-0.010562032480822436,0.0,0.7875440460240811,-0.1782536960187624
Boston,2024-11-30,13,False,0.0,40.85084157941002,0.2936997665018545,-0.009672099991058891,0.0,0.8772634668909416,-0.14692608658822692
Boston,2024-12-07,4,False,0.0,21.833363443346265,0.9779531221409996,-0.007867091582947516,0.0,0.48243504856009956,-0.37901001974850823
Boston,2024-12-07,8,False,0.0,32.57167152428433,0.6918699822076264,-0.005738247840580524,0.0,0.7723465067282896,-0.23361746870126687
Boston,2024-12-07,13,False,0.0,34.627976600653824,0.10376794458662653,-0.005481214771389187,0.0,0.8557027846156245,-0.20206460974361184
Boston,2024-12-14,4,False,0.0,22.372993958642052,0.9298087858134632,-0.000768872632010309,0.0,0.4615558024310168,-0.45322595640217966
Boston,2024-12-14,8,False,0.0,27.308407183623313,0.436363640056985,-0.0006553203235499794,0.0,0.7373172370987696,-0.31915040241237147
Boston,2024-12-14,13,False,0.0,27.029685330198976,-0.388182250819759,-0.0006606282706256295,0.0,0.8018881124850739,-0.29215104574953243
Boston,2024-12-21,4,False,0.0,18.704529649565416,0.5664815192406523,0.008647911095506666,0.0,0.4205048615684467,-0.6431346838239413
Boston,2024-12-21,8,False,0.0,19.331430814018034,-0.4710242293083613,0.008411657187175292,0.0,0.6387514355215647,-0.51561229088749
Boston,2024-12-21,13,False,0.0,16.82491282714912,-2.1351546548401594,0.009461791186968882,0.0,0.6313840243157256,-0.5233031163212158
Boston,2024-12-28,4,False,0.0,12.7816284705306,0.11590842161925763,0.02142905664976802,0.0,0.1327342401933067,-1.0463866147683234
Boston,2024-12-28,8,False,0.0,11.429679503517557,-1.7070664967961608,0.0236765113014612,0.0,0.36320261153764233,-0.9674163982876194
Boston,2024-12-28,13,False,0.0,9.562575610369548,-4.619714927010681,0.020010849988496893,0.0,0.2503455378155751,-0.7081849204311399
Boston,2025-01-04,4,False,0.0,4.650220079660585,-2.628999344221813,0.07522035539370253,0.0,0.7342324772223363,-3.0846129279365773
Boston,2025-01-04,8,False,0.0,3.054036783045624,-10.459144570360753,0.11278711479235437,0.0,0.42232116366282013,-3.9281407771473207
Boston,2025-01-04,13,False,0.0,6.794032586765007,-7.271698418357985,0.01469569851563568,0.0,0.49134706199466105,-0.014537061698239429
Boston,2025-01-11,4,False,0.0,2.500318572256679,-5.283568898853361,-0.07595980311447326,0.0,0.20133676732813455,-4.180674478354573
Boston,2025-01-11,8,False,0.0,3.5604270442069366,-6.773000384366351,-0.08022786571919016,0.0,0.48393743029478853,-1.5797925421339287
Boston,2025-01-11,13,False,0.0,10.77605867190008,-3.082477832928502,-0.02739783567114351,0.0,0.5659415988519064,0.6945990401525055
Boston,2025-01-18,4,False,0.0,4.242445455111113,-0.7563797186033128,-0.09533448412465395,0.0,0.7552476105658423,-1.5433057153653302
Boston,2025-01-18,8,False,0.0,6.025192304401123,-0.9189991382339282,-0.06587699410801218,0.0,0.8048937121046396,-0.2507432373740601
Boston,2025-01-18,13,False,0.0,14.389405785648727,-0.5127637922547923,-0.025129155460880348,0.0,0.6756625462609621,0.6351833672555802
Boston,2025-01-25,4,False,0.0,2.629399186718703,-0.0339550231742376,-0.140929992664532,0.0,0.52880641512587,-3.679584828935484
Boston,2025-01-25,8,False,0.0,6.006745132711401,0.41917783596055913,-0.05955107252426051,0.0,0.7275834784136139,-0.06110378235921421
Boston,2025-01-25,13,False,0.0,15.326273450470318,0.5071609809293366,-0.021025397135592705,0.0,0.6076168782111688,0.5552778548638857
Boston,2025-02-01,4,False,0.0,0.5806348702525085,-8.971660921828985,-0.2990555717769521,0.0,-2.3579661859102723,-22.87578143832329
Boston,2025-02-01,8,False,0.0,6.211134931353433,0.19835477786344335,-0.0381633189867876,0.0,0.6314215227328144,0.23933425357193783
Boston,2025-02-01,13,False,0.0,16.257093207844225,0.4818284540923353,-0.014428471329385184,0.0,0.6143893440696613,0.46224048704641063
Chicago,2023-02-04,4,False,0.0,4.1647019753852215,0.7367721055122303,0.5238077925946214,0.0,-0.4330570694992253,-2.9266909517851674
Chicago,2023-02-04,8,False,0.0,5.589940014146559,0.7863811370427315,0.40814713151461923,0.0,-0.8923710779619722,-1.8865524947160344
Chicago,2023-02-04,13,False,0.0,7.011285256046882,0.6154165642896147,0.33366449610969173,0.0,-1.317174760088049,-1.4276208988942387
Chicago,2023-02-11,4,False,0.0,3.08780511865684,0.4901112170708438,0.674124626263219,0.0,-0.8438690252926362,-4.048947053023659
Chicago,2023-02-11,8,False,0.0,4.503241687148278,0.08957204582498013,0.4941638032385772,0.0,-1.446939271358711,-2.413531377852513
Chicago,2023-02-11,13,False,0.0,5.330006595875047,-0.5376464922850743,0.4290712005660885,0.0,-1.9438947340388886,-1.9138418917739037
Chicago,2023-02-18,4,False,0.0,1.8794508732559372,-0.6238977263677037,0.5386660373247146,0.0,-1.8239422295298038,-6.803696490084383
Chicago,2023-02-18,8,False,0.0,3.3995430731817793,-0.670395667642439,0.5649083013987544,0.0,-2.21806335356605,-3.2792402780029644
Chicago,2023-02-18,13,False,0.0,3.7148472638415226,-1.7999431072724907,0.6090190366345289,0.0,-2.9987218166129117,-2.7912053177514977
Chicago,2023-02-25,4,False,0.0,0.9956292686574348,-1.9905337228822013,-0.5791090884347889,0.0,-4.587737070066478,-13.072027849987375
Chicago,2023-02-25,8,False,0.0,2.546579637797328,-0.8368382304366706,0.4064520558545447,0.0,-3.308436518775866,-4.445425325620217
Chicago,2023-02-25,13,False,0.0,2.5026922743300757,-2.444070238920418,0.5497128873918595,0.0,-4.72726488017478,-4.186742647374929
Chicago,2023-03-04,4,False,0.0,1.403081835782114,0.7849995943723972,0.15742708318704746,0.0,-4.473754874180218,-9.349738733257908
Chicago,2023-03-04,8,False,0.0,2.6871361769986284,0.7666206552989667,0.5260958842960115,0.0,-3.608050622298226,-4.211483522235857
Chicago,2023-03-04,13,False,0.0,2.3952793640058463,0.12237665414038335,0.5721570287755423,0.0,-5.410607757875877,-4.368222296510403
Chicago,2023-03-11,4,False,0.0,1.9931446040951402,0.3758132554707535,0.4164770751483615,0.0,-3.900229234764188,-6.6683624688397325
Chicago,2023-03-11,8,False,0.0,2.5002907240926513,0.4483024546590546,0.5747277863960587,0.0,-4.141981559322239,-4.5094219547421615
Chicago,2023-03-11,13,False,0.0,2.0417059821705186,0.2556033929459848,0.4558000151863101,0.0,-6.639428242524657,-5.1100405852885755
Chicago,2023-03-18,4,False,0.0,2.287012845814224,0.4881922516467726,0.5318064280383099,0.0,-3.465786265146752,-5.8736072928194565
Chicago,2023-03-18,8,False,0.0,2.0211394941657317,0.3351737748954918,0.48619432600909296,0.0,-5.000928779753743,-5.573386258234052
Chicago,2023-03-18,13,False,0.0,1.5863163161236857,-0.6350219879372894,0.055413330306936515,0.0,-8.2337866658628,-6.428241595519514
Chicago,2023-03-25,4,False,0.0,2.1604980908880806,0.6672612611657395,0.7625243387945169,0.0,-3.479261807670416,-6.244971972144699
Chicago,2023-03-25,8,False,0.0,1.3705205676397765,-0.5718092517586177,0.13447179051336122,0.0,-6.986228481070474,-8.230061158970498
Chicago,2023-03-25,13,False,0.0,1.29994372274139,-2.3553200651623647,-0.5446734553783774,0.0,-9.311048417630381,-7.377665472860295
Chicago,2023-04-01,4,False,0.0,1.2772641419054152,-0.0554654307347624,0.17236159222645153,0.0,-5.8056883483674575,-10.595831812842897
Chicago,2023-04-01,8,False,0.0,1.0038932066242279,-3.016581278022694,-1.0299638937990845,0.0,-8.723865035035807,-10.569488797259718
Chicago,2023-04-01,13,False,0.0,1.632291632047494,-3.4881964428238357,-0.9185992570576358,0.0,-6.505398584478459,-4.8604063248840985
Chicago,2023-04-08,4,False,0.0,0.9407079229125065,-3.4570272453283133,-2.1076048297282126,0.0,-4.704614895481516,-12.572225926270416
Chicago,2023-04-08,8,False,0.0,1.5682232609953761,-3.864290356739768,-1.2974043846810948,0.0,-3.4420396052602253,-5.358035913440621
Chicago,2023-04-08,13,False,0.0,2.7775827877386865,-3.3739095560304717,-0.7322769419040782,0.0,-2.4984625137679046,-1.795943402229358
Chicago,2023-04-15,4,False,0.0,1.7082596911682184,-1.034317196088784,-1.1030856667514883,0.0,-1.8562311061915966,-5.9028783352010175
Chicago,2023-04-15,8,False,0.0,2.2254647934849228,-1.3654026345720616,-0.8422696311470923,0.0,-2.0669745427371997,-3.1393294081279848
Chicago,2023-04-15,13,False,0.0,3.4908993674775797,-1.3049273961303172,-0.5300014393827794,0.0,-1.8363586876506925,-1.0752652014257031
Chicago,2023-04-22,4,False,0.0,1.6443776760427493,0.36170181206963903,-1.0924031140810033,0.0,-1.9798769844687656,-6.128067994357943
Chicago,2023-04-22,8,False,0.0,2.183763241734919,0.5596169871881924,-0.8180704584076626,0.0,-2.1825448377674768,-3.2018634832689052
Chicago,2023-04-22,13,False,0.0,3.5211215147381583,0.5598853967921542,-0.5004221731045131,0.0,-1.8971571102473477,-1.021007033490656
Chicago,2023-04-29,4,False,0.0,1.2656677038425388,0.3771816965838384,-1.3212465306741201,0.0,-2.691795761312324,-8.452131274754464
Chicago,2023-04-29,8,False,0.0,2.002180829416978,0.34922210551758626,-0.8289884448720746,0.0,-2.420024215907589,-3.632663806327506
Chicago,2023-04-29,13,False,0.0,3.450812039883812,0.5714763257804665,-0.47387378676457526,0.0,-1.8641540359681432,-1.004147542971571
Chicago,2023-05-06,4,False,0.0,0.07220742601746276,-39.617526837966544,-20.415244947971853,0.0,-78.6227778280625,-179.96557845803517
Chicago,2023-05-06,8,False,0.0,1.2369340503005484,-2.226918539821068,-1.2257758528558664,0.0,-5.40636509073037,-6.781915758109969
Chicago,2023-05-06,13,False,0.0,2.856791863703991,-0.7783372927618202,-0.5298512353314428,0.0,-2.683686653097912,-1.4521450549341566
Chicago,2023-05-13,4,False,0.0,0.3871680980404129,-1.680147312571164,-3.6489963039843767,0.0,-12.901458918839127,-31.760987117136644
Chicago,2023-05-13,8,False,0.0,1.59815863039358,0.5690909897309531,-0.9293366568571151,0.0,-3.9491272418799372,-4.7711635139700554
Chicago,2023-05-13,13,False,0.0,3.472681111506374,0.6705412267166245,-0.42921175228751096,0.0,-1.8124675718909393,-0.8115158114474077
Chicago,2023-05-20,4,False,0.0,0.8581339700336067,-0.0826743517403754,-1.9055101559660899,0.0,-3.669453913748069,-12.892091414242342
Chicago,2023-05-20,8,False,0.0,2.1388672001934594,-0.10268252172814063,-0.759367303005791,0.0,-2.249119831050441,-2.985453639851729
Chicago,2023-05-20,13,False,0.0,4.172664268860097,-0.09367524519149839,-0.3820612311120952,0.0,-0.9347776737001801,-0.30773150197722976
Chicago,2023-05-27,4,False,0.0,1.556438453629984,-0.12737576374921078,-0.9920881591886297,0.0,-1.2803373309152168,-6.1235981980463805
Chicago,2023-05-27,8,False,0.0,2.8179133123714095,-0.13670143924180977,-0.5451421791261228,0.0,-1.2533475838853292,-1.7431652091563303
Chicago,2023-05-27,13,False,0.0,4.84356454214543,-0.12283619133213697,-0.31145634344327,0.0,-0.42934175130847785,-0.019269786045913007
Chicago,2023-06-03,4,False,0.0,2.5115919261997317,-0.06414349911275119,-0.5985486137968163,0.0,-0.19187252156868428,-2.970863284783195
Chicago,2023-06-03,8,False,0.0,3.6941253052485488,-0.07598179721950538,-0.40200984266983664,0.0,-0.43894418075359765,-0.9100369806602617
Chicago,2023-06-03,13,False,0.0,5.566078640370727,-0.07586114314375192,-0.26162197212417126,0.0,0.007758340392014285,0.15302607262857082
Chicago,2023-06-10,4,False,0.0,1.6533364971007116,0.694705716655807,-0.7933925071426973,0.0,-1.2397558144471215,-5.41568087680116
Chicago,2023-06-10,8,False,0.0,3.276973775574618,0.7970761966237536,-0.3936829686770671,0.0,-0.49250477945622584,-1.1149175228522417
Chicago,2023-06-10,13,False,0.0,4.910531689754269,0.7686077878295157,-0.2582816890105326,0.0,0.021481323750596193,0.03306846371695127
Chicago,2023-06-17,4,False,0.0,1.351235409629636,0.1816106817562687,-0.8986946176398676,0.0,-2.5285273813583453,-6.918404637467442
Chicago,2023-06-17,8,False,0.0,3.2800387345238726,0.6864720806786153,-0.36298497520422934,0.0,-0.45927742010024186,-1.0416892491851626
Chicago,2023-06-17,13,False,0.0,4.7494250075836115,0.6124741808680807,-0.24687554902788778,0.0,0.08424713195083933,0.03422361901002746
Chicago,2023-06-24,4,False,0.0,1.3090690072748707,0.4199145199632207,-0.8698309552587313,0.0,-1.9835356495313539,-7.0097632313902825
Chicago,2023-06-24,8,False,0.0,3.2781043235062883,0.8170914416286367,-0.3404255778656846,0.0,-0.01452946219108986,-1.0029200057252452
Chicago,2023-06-24,13,False,0.0,4.639031559180073,0.7898723455977793,-0.23717203503901652,0.0,0.4349993397140075,0.009301059369558384
Chicago,2023-07-01,4,True,0.8,1.5102305742785638,0.4240117335776864,-0.5009520365759565,-3.0631835741806954,-1.0144118711699588,-5.819779589056765
Chicago,2023-07-01,8,True,0.8,3.225181416389261,0.7632292560539309,-0.2769790803189105,-1.4540433024587682,0.30788584255056006,-1.0056896059795815
Chicago,2023-07-01,13,True,0.8,4.462830170894012,0.7022263425449115,-0.21054845734452132,-1.0497936567147552,0.6282268010981131,-0.0767177124429328
Chicago,2023-07-08,4,False,0.0,3.1414707578299508,-0.08695365646473974,-0.32251103886499943,0.0,0.7225887100022146,-1.6220287189185223
Chicago,2023-07-08,8,False,0.0,4.416547497751962,-0.14871226999868625,-0.2263807755337086,0.0,0.8215810126618172,-0.2679826216833019
Chicago,2023-07-08,13,False,0.0,5.654389610680817,-0.19846410970207295,-0.17453225673160166,0.0,0.7243931254040826,0.1632688797889309
Chicago,2023-07-15,4,False,0.0,3.2278971076285847,0.3577612924310549,-0.2664004266628288,0.0,0.7653526547183096,-1.4431369218009507
Chicago,2023-07-15,8,False,0.0,4.0613979799401605,0.5369870092294955,-0.20990474569706996,0.0,0.7400320798961031,-0.5059652203974967
Chicago,2023-07-15,13,False,0.0,5.277101433421332,0.6473591388034124,-0.1595012009650798,0.0,0.5956834707739834,0.0912012290212536
Chicago,2023-07-22,4,False,0.0,2.5743901896193933,0.7006148983876859,-0.2828357606453129,0.0,0.8761615593553717,-2.21688560479288
Chicago,2023-07-22,8,False,0.0,3.2672755742060433,0.27212789928913783,-0.22127034429379866,0.0,0.7541273173188077,-0.9767192741900841
Chicago,2023-07-22,13,False,0.0,4.445960751950132,0.07525955457490818,-0.160627161085225,0.0,0.539899397853087,-0.10155669915933174
Chicago,2023-07-29,4,False,0.0,1.8828397283417948,0.11963277090690638,-0.37435702424855966,0.0,0.9132209887124876,-3.7003670558800374
Chicago,2023-07-29,8,False,0.0,2.501900709148236,-0.4511514903523097,-0.279949985066996,0.0,0.7407382981252715,-1.7368582927672898
Chicago,2023-07-29,13,False,0.0,3.678069294653378,-0.5334155486460843,-0.1881306871044306,0.0,0.43666984745983317,-0.3719070797652406
Chicago,2023-08-05,4,False,0.0,0.3986101125454737,-7.812425605339616,-1.5769638087438222,0.0,-0.04565388595946107,-23.93593081389185
Chicago,2023-08-05,8,False,0.0,1.2464611547724258,-3.60709788605633,-0.5000098489880329,0.0,0.30635981500209297,-4.943240176549599
Chicago,2023-08-05,13,False,0.0,2.377816171250292,-2.5133163374098193,-0.25910445622572587,0.0,0.004620532316818249,-1.3519353395679974
Chicago,2023-08-12,4,False,0.0,0.4648665985177991,-1.7088069576041072,-1.2536493065304946,0.0,0.2983787571476004,-20.11392514811518
Chicago,2023-08-12,8,False,0.0,1.5491218004916003,0.15013623777652463,-0.37919358802430314,0.0,0.17300081532307132,-3.5288181518684496
Chicago,2023-08-12,13,False,0.0,2.4845237386243686,0.27463509549388865,-0.23587963519311916,0.0,-0.20488701147472965,-1.189297632018428
Chicago,2023-08-19,4,False,0.0,0.9545194386590246,0.10015266536576706,-0.6374082693520544,0.0,0.28388136490039007,-8.654127503457207
Chicago,2023-08-19,8,False,0.0,2.0701427965729153,0.03412556160755553,-0.29059131123822124,0.0,0.1053940651757127,-2.1200293157387824
Chicago,2023-08-19,13,False,0.0,2.726129996139594,0.014789785356144614,-0.21918833624983192,0.0,-0.35420059756405164,-0.9241495143035996
Chicago,2023-08-26,4,False,0.0,0.8728483239642744,0.5611554844034219,-0.6155917190866003,0.0,0.12882752307378353,-9.48475480739661
Chicago,2023-08-26,8,False,0.0,2.0561692231625877,0.5066160050477504,-0.25820054575681195,0.0,-0.03193236031607283,-2.0708894439726393
Chicago,2023-08-26,13,False,0.0,2.261846535233129,0.466884539555921,-0.2172356769509567,0.0,-0.7249774671326632,-1.5215406572489365
Chicago,2023-09-02,4,False,0.0,1.436037595789651,0.26681427827568405,-0.31801256870167594,0.0,0.19730199585992703,-4.910483253707169
Chicago,2023-09-02,8,False,0.0,2.4922373351095963,0.26555165063419306,-0.18127659466978097,0.0,-0.0801361425894398,-1.3402735797916763
Chicago,2023-09-02,13,False,0.0,2.4291740933626462,0.18577852292621477,-0.13808182144749703,0.0,-0.8024740930095358,-1.5933932630391086
Chicago,2023-09-09,4,False,0.0,1.778787733174359,0.38954282121281614,-0.27692047349711424,0.0,0.18232043221270566,-3.4924432423845158
Chicago,2023-09-09,8,False,0.0,2.517751816409522,0.500726788472128,-0.19417196244895596,0.0,-0.20375430337814127,-1.3343595947010458
Chicago,2023-09-09,13,False,0.0,2.6316583655392587,0.06981692450445542,-0.09759718476750634,0.0,-0.7625776363613419,-1.8047380984154437
Chicago,2023-09-16,4,False,0.0,1.3417450423724984,0.6144830938431138,-0.32434551178923865,0.0,0.05132676522270452,-5.130160955891756
Chicago,2023-09-16,8,False,0.0,1.7846413203419138,0.0860871844091704,-0.24275765036345454,0.0,-0.6586047764992038,-2.544928452520581
Chicago,2023-09-16,13,False,0.0,2.9641558249991586,-1.1088076838011984,-0.05282503138285155,0.0,-0.48748230536376624,-2.0180031840538635
Chicago,2023-09-23,4,False,0.0,1.6231886403058955,0.7776637132450029,-0.23277735240924624,0.0,-0.2158478120766265,-3.833267662679698
Chicago,2023-09-23,8,False,0.0,1.5908446296221408,0.37253369682911996,-0.23758811680323255,0.0,-1.2495014310729426,-3.2305322697894203
Chicago,2023-09-23,13,False,0.0,4.013182927270317,-0.47475131279901794,-0.018244674967051955,0.0,-0.19393645957760053,-1.660663289638448
Chicago,2023-09-30,4,False,0.0,1.145200083990206,0.45777460072118514,-0.28822339101582406,0.0,-0.8757890809746058,-6.126497511704727
Chicago,2023-09-30,8,False,0.0,1.1777398948083968,-1.328584842759875,-0.14413776841517745,0.0,-1.9588723017737832,-5.608554258684773
Chicago,2023-09-30,13,False,0.0,5.573031692040325,-0.7704581118369891,0.007203355561539615,0.0,0.20364601500986168,-1.3565662496768804
Chicago,2023-10-07,4,False,0.0,0.40349768134362957,-2.9759867556942443,-0.6172356354133799,0.0,-3.840053527888828,-20.742096690426628
Chicago,2023-10-07,8,False,0.0,1.5859170987028826,-2.0970186908592705,-0.004606268601575758,0.0,-0.9804461747602577,-4.830471360551461
Chicago,2023-10-07,13,False,0.0,7.8924458622275315,-0.7782847262107344,0.013807862127713677,0.0,0.4352972116252112,-1.0434500178089778
Chicago,2023-10-14,4,False,0.0,0.33905989111370105,-1.4510000942616506,-0.27281296178837056,0.0,-5.396109912013832,-25.557977975756152
Chicago,2023-10-14,8,False,0.0,2.7403765902311514,-0.5565321061090147,0.018855088954598975,0.0,-0.16169015262340114,-2.9041160559849835
Chicago,2023-10-14,13,False,0.0,10.44837504763972,-0.27341870826430736,0.011461771524318043,0.0,0.6008475992325735,-0.8239159561037293
Chicago,2023-10-21,4,False,0.0,0.683650376169598,-1.043513773758483,0.14431401333276306,0.0,-1.613434963601701,-13.309145282568661
Chicago,2023-10-21,8,False,0.0,4.59473815392318,-0.30939610784473204,0.033720830854838124,0.0,0.43799239987633376,-1.8091139914467833
Chicago,2023-10-21,13,False,0.0,13.424727590368763,-0.18632493519265836,0.014215855254746335,0.0,0.7540265040133013,-0.6633376729744251
Chicago,2023-10-28,4,False,0.0,1.8125276392411613,-0.22970333007000665,0.12240921282092865,0.0,0.3304547943673105,-5.113405622977945
Chicago,2023-10-28,8,False,0.0,6.87134878882813,-0.11288102034674274,0.03389353134854667,0.0,0.7127294443444695,-1.2447117737214723
Chicago,2023-10-28,13,False,0.0,16.287640317934205,-0.08176967825676229,0.015558685825706298,0.0,0.8265561553629539,-0.5595106217965713
Chicago,2023-11-04,4,False,0.0,3.081265206671572,0.1576152577751737,0.06653118446421213,0.0,0.6059011908761847,-3.080992981005525
Chicago,2023-11-04,8,False,0.0,9.416244976718856,0.10838373029658865,0.02310886696515735,0.0,0.8342137895969689,-0.9450756601899539
Chicago,2023-11-04,13,False,0.0,18.66781217573794,0.09729493274417533,0.01264195114959632,0.0,0.8495964507095428,-0.49956276420075185
Chicago,2023-11-11,4,False,0.0,4.7633214949214615,0.2575152779489961,0.04479828728360136,0.0,0.8062752470687974,-2.055538001239494
Chicago,2023-11-11,8,False,0.0,12.366883919500882,0.2009128011178044,0.01850717361808163,0.0,0.7567132922716353,-0.7532815840497937
Chicago,2023-11-11,13,False,0.0,20.86803710633572,0.20415093918355098,0.011797552399642641,0.0,0.8597740355751107,-0.45726521164635003
Chicago,2023-11-18,4,False,0.0,6.721653977802372,0.3294965381705419,0.03303985255671438,0.0,0.8829297577997698,-1.5205854001912371
Chicago,2023-11-18,8,False,0.0,15.156310978073634,0.29647592010955837,0.015810876314642397,0.0,0.8022747723498834,-0.6454717451097536
Chicago,2023-11-18,13,False,0.0,22.456058841332563,0.33584716613570176,0.01134771566393833,0.0,0.8419036737596446,-0.43557612779270527
Chicago,2023-11-25,4,False,0.0,7.313067708029694,0.7377725417745525,0.03001745910172071,0.0,0.8631688937884745,-1.493612200553415
Chicago,2023-11-25,8,False,0.0,16.08195852462766,0.6857145927668173,0.014765450467841057,0.0,0.7936862362908901,-0.6487266487653107
Chicago,2023-11-25,13,False,0.0,21.85122712843324,0.7971043831003767,0.011407093146898362,0.0,0.8296744553045443,-0.4663782628761133
Chicago,2023-12-02,4,False,0.0,8.780765019744477,0.773907332341084,0.03220249928335439,0.0,0.9295129121907663,-1.337373594684415
Chicago,2023-12-02,8,False,0.0,16.82256453576228,0.799442490091838,0.01805112852859736,0.0,0.7598172646963647,-0.6530365238333906
Chicago,2023-12-02,13,False,0.0,21.04852357416309,0.7745475611233368,0.014948846566075202,0.0,0.7917110982951294,-0.5000065932578257
Chicago,2023-12-09,4,False,0.0,10.243718581455447,0.7584122666059254,0.032992918473997435,0.0,0.3682033288541351,-1.239205037802778
Chicago,2023-12-09,8,False,0.0,16.679347879517472,0.8459626818016994,0.02144566142980253,0.0,0.6496756225522216,-0.6913406902968453
Chicago,2023-12-09,13,False,0.0,19.35321104586199,0.6397396796790518,0.018906258605662085,0.0,0.7045495535765728,-0.5611286433810767
Chicago,2023-12-16,4,False,0.0,10.650074718843761,0.8954415135493168,0.03573090717654326,0.0,0.32877430747454917,-1.2872852816822067
Chicago,2023-12-16,8,False,0.0,15.25961604673513,0.7428940499011615,0.025976375172389377,0.0,0.5593594047758189,-0.7963558094325411
Chicago,2023-12-16,13,False,0.0,16.385342949882148,0.23886735414806204,0.02442799040908261,0.0,0.6248381721605496,-0.6868299021357753
Chicago,2023-12-23,4,False,0.0,10.786432524414883,0.865986087552554,0.04476048378139874,0.0,0.2568885694213989,-1.3508359260987568
Chicago,2023-12-23,8,False,0.0,13.59818433106632,0.5686087176044017,0.03640629561342368,0.0,0.45229409841468626,-0.932349384422734
Chicago,2023-12-23,13,False,0.0,13.395252810636062,-0.15033507773212018,0.03689181178046497,0.0,0.5287633474552358,-0.8652693472765314
Chicago,2023-12-30,4,False,0.0,7.8826788359568685,0.3988797722027797,0.09037006958094362,0.0,0.04098167376334649,-1.967604464240126
Chicago,2023-12-30,8,False,0.0,9.351958925048711,-0.481550847144917,0.07720949358365736,0.0,0.2927158971314918,-1.426000743760361
Chicago,2023-12-30,13,False,0.0,8.392498559533381,-2.2335096414964366,0.0852814702959831,0.0,0.352489473537828,-1.4470350062212285
Chicago,2024-01-06,4,False,0.0,4.627290694858339,-0.7234942657411603,0.17481497600874352,0.0,-0.10355229374002883,-3.509339486977619
Chicago,2024-01-06,8,False,0.0,5.157934334960022,-2.4076373022466657,0.1576255723585166,0.0,-0.08969503491241215,-2.6782039900094166
Chicago,2024-01-06,13,False,0.0,3.8940783637800633,-6.893640932546974,0.20627497676796602,0.0,-0.5458567869592061,-3.236673870924305
Chicago,2024-01-13,4,False,0.0,2.517791807306049,-1.6737023559265922,0.35617230641737707,0.0,-0.6736800795222562,-6.648898348992762
Chicago,2024-01-13,8,False,0.0,2.2000209363896737,-5.423747917804348,0.30695260673937086,0.0,-0.7492960901636976,-6.332988564215491
Chicago,2024-01-13,13,False,0.0,1.8471235012384482,-11.900407476653363,0.045175947235172376,0.0,-1.365431797590304,-6.394682675798302
Chicago,2024-01-20,4,False,0.0,1.14998515675541,-2.748631901782948,0.5380204531070691,0.0,-1.7422305821990172,-14.788097841761541
Chicago,2024-01-20,8,False,0.0,1.3933190263467048,-5.778488108848915,0.03223398105663777,0.0,-0.7345616089228932,-9.047277920261552
Chicago,2024-01-20,13,False,0.0,2.1206712053756207,-6.30957651424424,-0.14671152097111118,0.0,-0.48276353844183584,-4.489722770889912
Chicago,2024-01-27,4,False,0.0,0.7757917419904704,-0.5360305751704741,0.4126323038050692,0.0,-1.9518421041428327,-21.872225984858428
Chicago,2024-01-27,8,False,0.0,1.791349486245557,-1.3654111487248386,-0.17412627459843444,0.0,-0.021208898925113795,-6.219337576191901
Chicago,2024-01-27,13,False,0.0,2.8056264498151915,-1.5311967381246356,-0.19566224492118223,0.0,0.07095483664564661,-2.741065527409018
Chicago,2024-02-03,4,False,0.0,0.7949783899499331,-0.2702626244706996,-0.10920579542196696,0.0,-1.086257781222514,-20.282391556676302
Chicago,2024-02-03,8,False,0.0,2.2011187671667534,-0.38237551961729244,-0.23473905001792117,0.0,0.2675012172583815,-4.5266902154111985
Chicago,2024-02-03,13,False,0.0,3.696393812026776,-0.3850054784596353,-0.18197505348744114,0.0,0.4308513697555796,-1.5013182689162616
Chicago,2024-02-10,4,False,0.0,1.7414205835878187,-0.877064811734823,-0.6048962159502931,0.0,0.681118580999303,-7.5806236507032825
Chicago,2024-02-10,8,False,0.0,3.148870858304193,-0.8812113823801218,-0.32973412741335406,0.0,0.647660586037228,-2.4390640645432
Chicago,2024-02-10,13,False,0.0,5.211225805470597,-0.8112751633928059,-0.1949984123621149,0.0,0.77079748623395,-0.4357559768026731
Chicago,2024-02-17,4,False,0.0,2.8829318980210474,-0.2126547204978364,-0.35872625699315996,0.0,0.8695780232087181,-3.7008799829588943
Chicago,2024-02-17,8,False,0.0,3.7176315123222565,-0.2756087582035178,-0.27579247414782615,0.0,0.6571773147503661,-1.762109980021373
Chicago,2024-02-17,13,False,0.0,6.209558677424491,-0.23914121184756154,-0.16084213552401883,0.0,0.8306958595373578,-0.12447895357612371
Chicago,2024-02-24,4,False,0.0,3.0923375247557603,0.46348296091751484,-0.31606992161030756,0.0,0.8022692921753384,-3.217250686548617
Chicago,2024-02-24,8,False,0.0,3.4932135229337815,0.711009621175781,-0.27864077094433926,0.0,0.41428123501475034,-2.016028518040677
Chicago,2024-02-24,13,False,0.0,6.418836836146208,0.6181498915654553,-0.14704289477988297,0.0,0.7388764360364988,-0.027508394492958166
Chicago,2024-03-02,4,False,0.0,2.2925913536267233,0.5710909998357805,-0.40243581557628927,0.0,0.6678309822602083,-4.965199215640094
Chicago,2024-03-02,8,False,0.0,3.0623271693112604,0.21001958654627817,-0.298907478884312,0.0,0.5283005646026087,-2.470028598062233
Chicago,2024-03-02,13,False,0.0,6.230401061974245,0.7126774528687042,-0.14211562658036625,0.0,0.8419245466912089,0.008551311658099525
Chicago,2024-03-09,4,False,0.0,0.8585881199923073,-2.354302512245449,-1.035700234394417,0.0,-0.6976934362353369,-16.371053602983796
Chicago,2024-03-09,8,False,0.0,2.477477442686061,-0.6596902597516581,-0.35306857727751617,0.0,0.46140359303093714,-3.26659197820569
Chicago,2024-03-09,13,False,0.0,5.872062035750884,0.33781961634047686,-0.14377777544590153,0.0,0.835754169226888,0.019490732262935073
Chicago,2024-03-16,4,False,0.0,0.5479746715109913,-5.154163162117368,-0.15401382398246755,0.0,-3.014808370542279,-27.7005404851057
Chicago,2024-03-16,8,False,0.0,2.7078539964475534,-0.1524354294276682,-0.1597070366521669,0.0,0.4396256691361987,-2.77598814253141
Chicago,2024-03-16,13,False,0.0,6.191766904799871,0.644848651105514,-0.08795016266949895,0.0,0.8004200087587876,0.16986306622907665
Chicago,2024-03-23,4,False,0.0,0.9842723651717069,-1.4492412096818468,0.21563102489465413,0.0,-0.22330296292854768,-15.06659432168421
Chicago,2024-03-23,8,False,0.0,3.6292930518469184,0.4096212060788478,-0.07438133411213443,0.0,0.6745345546752161,-1.5823086201356849
Chicago,2024-03-23,13,False,0.0,7.125573255730311,0.4991735500948631,-0.0611201796241263,0.0,0.871078672564315,0.4217015101133056
Chicago,2024-03-30,4,False,0.0,2.000048595891745,-0.7769044914658365,-0.37537292285902146,0.0,0.2753327615423514,-5.583844945753091
Chicago,2024-03-30,8,False,0.0,5.484122524092597,-0.5390934096287581,-0.13648297221475447,0.0,0.5554950954833222,-0.22095617800289813
Chicago,2024-03-30,13,False,0.0,9.29331953302903,-0.4868995047700406,-0.07826847370811629,0.0,0.7297936829887186,0.7278593288148697
Chicago,2024-04-06,4,False,0.0,3.806130021581275,-0.33989086210771946,-0.1947389830531805,0.0,0.1521961488304433,-1.8809901516483203
Chicago,2024-04-06,8,False,0.0,7.060715488172488,-0.30983012486158,-0.10142376625934446,0.0,0.4762215278169427,0.2632253833250542
Chicago,2024-04-06,13,False,0.0,10.84427638577873,-0.29433731829639553,-0.06334870949841509,0.0,0.670537896143715,0.7421460550105983
Chicago,2024-04-13,4,False,0.0,4.7214944001143975,0.24596095338356416,-0.1417423018495998,0.0,-0.014869619448170335,-1.0429600684001112
Chicago,2024-04-13,8,False,0.0,7.818986973230649,0.27665118694873136,-0.08280851763107444,0.0,0.3806669179342028,0.35681135635227357
Chicago,2024-04-13,13,False,0.0,11.500260887597694,0.2861285302176567,-0.05405281560823627,0.0,0.6026073044248537,0.7290087553698816
Chicago,2024-04-20,4,False,0.0,5.414721764764409,0.5241717064541653,-0.11501085211774531,0.0,0.06828256419432721,-0.65481741748315
Chicago,2024-04-20,8,False,0.0,8.258582479589291,0.606643189607291,-0.07313939380909251,0.0,0.4233393619688912,0.3974414550283799
Chicago,2024-04-20,13,False,0.0,11.842579406989937,0.6293303911633948,-0.049012176630193194,0.0,0.6288797100830169,0.6962491106285031
Chicago,2024-04-27,4,False,0.0,4.251983756273459,0.6594275198742368,-0.13807190458879193,0.0,0.1933050570310374,-1.1590556170599187
Chicago,2024-04-27,8,False,0.0,7.154409948687437,0.598204069833916,-0.07957095794187796,0.0,0.5801436509318507,0.34451637380517863
Chicago,2024-04-27,13,False,0.0,10.697970606138368,0.6041663432562797,-0.05118315532489781,0.0,0.7468556691394045,0.7211030207545919
Chicago,2024-05-04,4,False,0.0,3.5430566983917835,0.3855862928674665,-0.1595183460304226,0.0,0.36320075817244624,-1.6221467379498353
Chicago,2024-05-04,8,False,0.0,6.783460852982377,0.55412714216399,-0.08051872641607583,0.0,0.711107317064206,0.3777613500194227
Chicago,2024-05-04,13,False,0.0,10.265564005457907,0.5876471080624164,-0.05121905571879126,0.0,0.8219479907069093,0.7505075463587708
Chicago,2024-05-11,4,False,0.0,3.9000458730039997,0.9297789127742185,-0.12859158745165677,0.0,0.5464728534381094,-1.211964617391212
Chicago,2024-05-11,8,False,0.0,7.108576896876513,0.8898340272645605,-0.06819492298009622,0.0,0.793151964126698,0.4686803253176731
Chicago,2024-05-11,13,False,0.0,10.626922788618101,0.8788134562798872,-0.04388926206609289,0.0,0.836729109144305,0.7552077962098179
Chicago,2024-05-18,4,False,0.0,3.5265911356473305,0.8748842820131532,-0.13377569790975286,0.0,0.761933776570566,-1.3887774570117468
Chicago,2024-05-18,8,False,0.0,6.740193633797631,0.9285853342844409,-0.06766231436793957,0.0,0.8941608433882753,0.4743561173241043
Chicago,2024-05-18,13,False,0.0,10.3041784597007,0.9459259035090692,-0.042568030073963925,0.0,0.8699465585448823,0.7575261489415837
Chicago,2024-05-25,4,False,0.0,3.85722215144685,0.8509347157821792,-0.11133534819734425,0.0,0.8652085195284726,-0.9867433395391831
Chicago,2024-05-25,8,False,0.0,6.91297326898779,0.8612695320784182,-0.06014718953907949,0.0,0.9236429853921861,0.5051381641680235
Chicago,2024-05-25,13,False,0.0,10.402473164892921,0.8550009779891075,-0.038472505970019055,0.0,0.8561681291946992,0.7190386770603925
Chicago,2024-06-01,4,False,0.0,4.9073208234558825,0.5361093751284489,-0.08171477620534806,0.0,0.8576161033501393,-0.32693243619679446
Chicago,2024-06-01,8,False,0.0,7.52375264590819,0.6002058667501966,-0.051831485089147256,0.0,0.9137341059671954,0.5078845146158455
Chicago,2024-06-01,13,False,0.0,10.812446079494554,0.6159781152634369,-0.034783899047857725,0.0,0.8251578403143283,0.6669610329472229
Chicago,2024-06-08,4,False,0.0,4.333323523369019,0.8833280246863938,-0.07400319912277786,0.0,0.9071760193698677,-0.4813649192143037
Chicago,2024-06-08,8,False,0.0,7.096302787136616,0.9142802247278009,-0.04388456341308222,0.0,0.8995031459586558,0.5422225371060808
Chicago,2024-06-08,13,False,0.0,10.046071069665631,0.8860149180284224,-0.030014755709998342,0.0,0.8073436624039199,0.6619236171413281
Chicago,2024-06-15,4,False,0.0,4.245291471834148,0.8374969146294227,-0.06522337608604123,0.0,0.831927256434758,-0.519777024684851
Chicago,2024-06-15,8,False,0.0,7.153578417646771,0.9141573130172798,-0.0375312023286245,0.0,0.8514579943179443,0.6002941886644354
Chicago,2024-06-15,13,False,0.0,9.744432751439955,0.8556498947126602,-0.026783546743813114,0.0,0.7677028248861142,0.6428565590722974
Chicago,2024-06-22,4,False,0.0,3.52394099962034,0.5788623509858177,-0.06547233227007476,0.0,0.8483039338331337,-0.9601853234470452
Chicago,2024-06-22,8,False,0.0,6.54935779091454,0.7238182263190021,-0.03412325562363283,0.0,0.7320096730924119,0.6193634957082821
Chicago,2024-06-22,13,False,0.0,8.89589458814041,0.5914119095486401,-0.02449148990896788,0.0,0.6350391459549807,0.6546822142494062
Chicago,2024-06-29,4,False,0.0,2.307508101982566,-0.409700625530766,-0.09632919415821695,0.0,0.7400478388104594,-2.080558701794452
Chicago,2024-06-29,8,False,0.0,5.422209104641836,0.22110798189529146,-0.03968742099364442,0.0,0.6135137018061276,0.5726885446935606
Chicago,2024-06-29,13,False,0.0,7.686442040934227,0.09863997690205561,-0.02732625441312142,0.0,0.5178287558066941,0.6791840288936467
Chicago,2024-07-06,4,False,0.0,4.050283870681684,0.511707893207966,-0.055494003065414965,0.0,0.3691661322387165,-0.28163278653146606
Chicago,2024-07-06,8,False,0.0,6.565210346506571,0.5134668746428043,-0.0333386330632639,0.0,0.3669730237614387,0.5465680875522687
Chicago,2024-07-06,13,False,0.0,8.746443980633247,0.563389837794027,-0.024440275690325253,0.0,0.3162866414204326,0.6763005254156665
Chicago,2024-07-13,4,True,0.8,4.470243287410309,0.5036198277942963,-0.04672634925615737,-1.0685073559825384,0.16043715541564774,-0.025553766381772203
Chicago,2024-07-13,8,True,0.8,6.350230993261103,0.6301063133126423,-0.03224567897346442,-0.7373729326233993,0.20226301011687586,0.4652714642947561
Chicago,2024-07-13,13,True,0.8,8.51584080250363,0.711592025630969,-0.02348944230523431,-0.5371410840054702,0.17628186829590686,0.6773550754875728
Chicago,2024-07-20,4,False,0.0,4.39015043384586,0.794301866019815,-0.037392655982963596,0.0,0.18723581679775714,0.018907085510483368
Chicago,2024-07-20,8,False,0.0,5.782270997038759,0.7613555136588264,-0.027976750599505884,0.0,0.19292712626703235,0.3798031337335296
Chicago,2024-07-20,13,False,0.0,7.912122616601451,0.730047510589029,-0.019983545093741117,0.0,0.1507279128989254,0.6762055847483526
Chicago,2024-07-27,4,False,0.0,4.094727570609384,0.8002594014889562,-0.03575891805038256,0.0,0.23666425957392112,-0.20637285953600526
Chicago,2024-07-27,8,False,0.0,5.270818586344621,0.591885857191061,-0.02743927391246559,0.0,0.1994283764060606,0.3129926612710191
Chicago,2024-07-27,13,False,0.0,7.2785590406887115,0.520891408575974,-0.019449196423200865,0.0,0.13476398323719274,0.6567505059589902
Chicago,2024-08-03,4,False,0.0,2.0226495862887317,-0.8881127816749215,-0.05217538427459423,0.0,0.04326005586912329,-1.9025957962664926
Chicago,2024-08-03,8,False,0.0,3.4193553582360106,-1.0500838439393534,-0.030423311072678372,0.0,0.0456649373772654,-0.02924855678407634
Chicago,2024-08-03,13,False,0.0,5.256578480317231,-1.0268410921267632,-0.019413620128692743,0.0,-0.007400452423521164,0.6432386689702763
Chicago,2024-08-10,4,False,0.0,1.2472163498637803,-1.4771323948501127,-0.07536940540563308,0.0,-0.1850966316113134,-4.079735952562262
Chicago,2024-08-10,8,False,0.0,3.038470451502454,-0.4628116480532345,-0.030376097536581437,0.0,-0.04818784534283771,-0.09606037166700632
Chicago,2024-08-10,13,False,0.0,4.488952510887612,-0.531642662511576,-0.02025331583459611,0.0,-0.11181628493886797,0.5343622654437112
Chicago,2024-08-17,4,False,0.0,1.0485424804362278,-0.2513455512914433,-0.0790289085382121,0.0,-0.2995347707937728,-5.069414676773819
Chicago,2024-08-17,8,False,0.0,3.1119279876596817,0.7131179613186411,-0.026072975337136928,0.0,-0.09056302395877047,0.03942100500367052
Chicago,2024-08-17,13,False,0.0,4.03869655556938,0.4893999233298464,-0.019897784950227315,0.0,-0.209400690244947,0.3472828314892168
Chicago,2024-08-24,4,False,0.0,1.5425845988408735,0.5727229361553818,-0.04163993095558305,0.0,-0.2044312022084096,-2.7164460960145127
Chicago,2024-08-24,8,False,0.0,3.596380626564471,0.4423615951020997,-0.017487923736289934,0.0,-0.10032045911577425,0.3295527426604419
Chicago,2024-08-24,13,False,0.0,3.835722958734997,0.4646079964418942,-0.016355999919923647,0.0,-0.36061886393809894,0.0934779240995749
Chicago,2024-08-31,4,False,0.0,2.299570212694866,0.25617067816437766,-0.02890351029472571,0.0,-0.038536905532277954,-1.1030345882962536
Chicago,2024-08-31,8,False,0.0,4.078672244639408,0.24955768953656232,-0.015999159382925843,0.0,-0.07173132603976629,0.4206351736043945
Chicago,2024-08-31,13,False,0.0,3.7169408659612166,0.22938681589803567,-0.014806598701496698,0.0,-0.46200201071678815,-0.23344016815945512
Chicago,2024-09-07,4,False,0.0,3.046647955260899,0.3109842216682329,-0.023448098422958363,0.0,0.004315911684560136,-0.3059839563864917
Chicago,2024-09-07,8,False,0.0,4.2157925606565385,0.4058395531895733,-0.016741013636101476,0.0,-0.08767533454738485,0.3009334255432675
Chicago,2024-09-07,13,False,0.0,3.7390435116464387,0.0844995589232348,-0.012906039454778861,0.0,-0.4814368907638098,-0.5596361032316537
Chicago,2024-09-14,4,False,0.0,3.0763147354117426,0.6857328808855203,-0.01682660276944903,0.0,-0.06269398825040606,-0.2745176478785063
Chicago,2024-09-14,8,False,0.0,3.5176864974001743,0.6042330977216992,-0.014648321603675907,0.0,-0.21176719862505755,-0.029277057241298587
Chicago,2024-09-14,13,False,0.0,3.9155143608370397,-0.639056625084963,-0.004712013650498337,0.0,-0.3248102723973445,-0.852904869766322
Chicago,2024-09-21,4,False,0.0,2.496343535215355,0.7192661244950097,-0.013266631071775281,0.0,-0.15082822503194948,-0.6902152460777751
Chicago,2024-09-21,8,False,0.0,2.153297059857826,-0.7272970341109595,-0.011490794380105473,0.0,-0.5591679682478778,-1.0556386557884578
Chicago,2024-09-21,13,False,0.0,4.733798057078772,-1.5096795117484398,-0.00021227916047150686,0.0,0.09697723454463902,-0.938359369455025
Chicago,2024-09-28,4,False,0.0,1.7490150809280625,0.1108492690610744,-0.020796059899306885,0.0,-0.3577441648362316,-1.7448831755195449
Chicago,2024-09-28,8,False,0.0,1.6276054709779144,-2.452443933772404,-0.0110023674860118,0.0,-0.5965943232230273,-2.4267748767293025
Chicago,2024-09-28,13,False,0.0,6.511723816892638,-1.3855879358013543,0.0008075201272133015,0.0,0.49581670145657475,-0.7950186599686158
Chicago,2024-10-05,4,False,0.0,0.4650344479751213,-5.002746881967415,-0.013369745304561143,0.0,-1.708715410813486,-11.258100393660238
Chicago,2024-10-05,8,False,0.0,2.2992554102257583,-2.4353598277262085,0.000703925515496362,0.0,0.3220642393994736,-2.2045410935992527
Chicago,2024-10-05,13,False,0.0,9.264145653267732,-1.0950651564847451,0.0005613697524684547,0.0,0.6755307369193531,-0.6067536522942236
Chicago,2024-10-12,4,False,0.0,0.6666586070797773,-2.296788044724561,3.481190342502494e-05,0.0,0.27188346820372167,-8.80238900210815
Chicago,2024-10-12,8,False,0.0,3.8588672085655507,-0.8213514409792422,0.000485875668300384,0.0,0.7052927504558694,-1.4030002671113588
Chicago,2024-10-12,13,False,0.0,12.291132376160464,-0.4549805166319849,0.0002308926857923499,0.0,0.7976197962286734,-0.47785696101376973
Chicago,2024-10-19,4,False,0.0,1.5211751893374654,-0.4902310853804408,0.0029022719439900646,0.0,0.6457763125089854,-4.045698093832778
Chicago,2024-10-19,8,False,0.0,5.964156649335156,-0.23452963469092802,0.001163256079710795,0.0,0.7341592248612325,-0.9462245326746035
Chicago,2024-10-19,13,False,0.0,15.43695676816885,-0.15637357949412212,0.0005553888347362701,0.0,0.8236060298879726,-0.39332352039548346
Chicago,2024-10-26,4,False,0.0,2.902697491436716,-0.0664169184462613,0.003254361619652868,0.0,0.8062358605624241,-2.1595966247125187
Chicago,2024-10-26,8,False,0.0,8.609407353549402,-0.03884233263564685,0.0011580705418449133,0.0,0.8275057559330465,-0.6776899946966997
Chicago,2024-10-26,13,False,0.0,18.418244944712363,-0.030009470840418606,0.0005902163055716558,0.0,0.8530144102201112,-0.33743981729283323
Chicago,2024-11-02,4,False,0.0,4.127604073577593,0.32524474017910054,0.009901918790442665,0.0,0.7533680920210879,-1.5824056583655866
Chicago,2024-11-02,8,False,0.0,10.95298346732787,0.2518189966824459,0.003976107059065925,0.0,0.904677003136743,-0.5620192969315756
Chicago,2024-11-02,13,False,0.0,20.36173368080353,0.2380630989045064,0.0023201988051351208,0.0,0.8537558316622208,-0.315928630914903
Chicago,2024-11-09,4,False,0.0,5.2959430679662605,0.5483950668952979,0.015424221937708649,0.0,0.8168633848884829,-1.3012778467262063
Chicago,2024-11-09,8,False,0.0,13.278034260719851,0.4436205865064202,0.006618306163950982,0.0,0.7680753225737919,-0.49552930030829945
Chicago,2024-11-09,13,False,0.0,21.657200456613033,0.4641082566317666,0.004357831529798406,0.0,0.8368314257837356,-0.30940965700314105
Chicago,2024-11-16,4,False,0.0,6.765032013203079,0.5756480622732774,0.017339428245400912,0.0,0.916296284509653,-1.0837761358400382
Chicago,2024-11-16,8,False,0.0,15.60359966906842,0.5039087617826452,0.008139957779752849,0.0,0.7883459070222987,-0.4515255589095555
Chicago,2024-11-16,13,False,0.0,22.608082497530425,0.5785904664538285,0.005958417979975317,0.0,0.8368085056598592,-0.3094087332723723
Chicago,2024-11-23,4,False,0.0,8.448337787351868,0.5849431367757272,0.01840515369064455,0.0,0.9528058539010378,-0.9351847859256157
Chicago,2024-11-23,8,False,0.0,17.37404476725335,0.5716699698983503,0.009686323133091146,0.0,0.7752694341946866,-0.43392457148633556
Chicago,2024-11-23,13,False,0.0,22.90113218965265,0.7080914572487264,0.0076946124062269305,0.0,0.8182904669312788,-0.3202016743462217
Chicago,2024-11-30,4,False,0.0,9.090448433924402,0.8590170189203684,0.020962980545026433,0.0,0.9149253722446868,-0.9605249103201483
Chicago,2024-11-30,8,False,0.0,17.10691785780856,0.8774806465091539,0.011958105833389077,0.0,0.7328089433370079,-0.4765219107313239
Chicago,2024-11-30,13,False,0.0,21.340442914921308,0.717327437687915,0.009932389883606008,0.0,0.7810451644959084,-0.36705359327903464
Chicago,2024-12-07,4,False,0.0,10.537900637431067,0.8111102638614474,0.020993563476387478,0.0,0.4106334382888174,-0.9079372898488174
Chicago,2024-12-07,8,False,0.0,16.754173169481216,0.836361816307758,0.013946924900891444,0.0,0.6489422534042698,-0.5163358422955835
Chicago,2024-12-07,13,False,0.0,19.887852532661746,0.5908514256926862,0.012064694791820485,0.0,0.7014482839673819,-0.4148632156272736
Chicago,2024-12-14,4,False,0.0,11.173429340154245,0.8649422594360658,0.023208683276528697,0.0,0.3818937634505133,-0.9389502757409378
Chicago,2024-12-14,8,False,0.0,15.215424379700956,0.7113764846650334,0.01766292155684146,0.0,0.603618384520519,-0.6051634359929385
Chicago,2024-12-14,13,False,0.0,17.259070086317493,0.28920966561169714,0.015847656151019462,0.0,0.65391654267322,-0.5046831736359767
Chicago,2024-12-21,4,False,0.0,10.2104689986236,0.8531103550513266,0.026377066774094793,0.0,0.33111581177785854,-1.1188754566692358
Chicago,2024-12-21,8,False,0.0,12.431005176029952,0.2890004126493587,0.022101878412927767,0.0,0.5676681899387959,-0.7925053590394282
Chicago,2024-12-21,13,False,0.0,13.404134728378668,-0.47667873195024457,0.020674710840798194,0.0,0.6102933600983647,-0.6879409321391374
Chicago,2024-12-28,4,False,0.0,7.883115397957289,0.45523008511417795,0.039294253875661767,0.0,0.15724659194426105,-1.5467740283569054
Chicago,2024-12-28,8,False,0.0,9.06515873969617,-0.4483513665310839,0.0345449106639798,0.0,0.4580666808038304,-1.1558464633250858
Chicago,2024-12-28,13,False,0.0,9.129852828724859,-1.765197741906324,0.034320471385902995,0.0,0.4894503011831476,-1.0628959204375517
Chicago,2025-01-04,4,False,0.0,4.31965858342072,-0.7870239547170239,0.08211028081235383,0.0,-0.2797975375897308,-2.976873853786754
Chicago,2025-01-04,8,False,0.0,5.147904913938531,-2.2525515975484116,0.06944658750042021,0.0,-0.1389298592318493,-2.151351229302912
Chicago,2025-01-04,13,False,0.0,4.508149234193031,-5.449983086820874,0.07881931849072121,0.0,-0.40893579979422423,-2.252424859324715
Chicago,2025-01-11,4,False,0.0,1.405530833248132,-4.767931355084832,0.2606793121237031,0.0,-0.3719598928713239,-9.488977572941007
Chicago,2025-01-11,8,False,0.0,2.1172078761734103,-6.085080036687919,0.17426923768253677,0.0,-0.29565781748412756,-5.416524362185696
Chicago,2025-01-11,13,False,0.0,1.8266361303947038,-12.688926613641215,0.07969128826473071,0.0,-0.42282125635898415,-5.227674514010009
Chicago,2025-01-18,4,False,0.0,0.43983678700022605,-10.70091501145663,-0.31517804513097625,0.0,0.27119512071127616,-30.300118640867037
Chicago,2025-01-18,8,False,0.0,0.7733152633830673,-10.31125671212415,0.03110499926916055,0.0,-0.6985544551130696,-14.66348710145187
Chicago,2025-01-18,13,False,0.0,1.8063619391865133,-7.2308185718116125,-0.06691219488365019,0.0,0.23802906551947123,-4.245849678062276
Chicago,2025-01-25,4,False,0.0,0.8649828024578514,0.3205723060702037,0.1644653858693922,0.0,0.6446746257749985,-15.666824919615202
Chicago,2025-01-25,8,False,0.0,0.9899495535972587,0.07931375911985028,0.07402564529835531,0.0,-0.5386378658823183,-11.143568265948414
Chicago,2025-01-25,13,False,0.0,2.3286536663986794,-0.2648495391307175,-0.04153820795234586,0.0,0.3864683515731442,-2.8424845477616576
Chicago,2025-02-01,4,False,0.0,1.4545438465604403,-0.5869864217993734,0.2855832397048974,0.0,-0.19481738844623964,-9.38059555239743
Chicago,2025-02-01,8,False,0.0,1.288757007732291,-0.6281995115981829,0.08351933797211797,0.0,-0.9663649642694556,-8.191440499030195
Chicago,2025-02-01,13,False,0.0,3.010747672863679,0.30384187026160303,-0.02728841277188554,0.0,0.41894061201889987,-1.734028458881435
Dallas,2023-02-04,4,False,0.0,6.654729766356928,0.6967408624363131,0.2852123783136322,0.0,0.2380202598450194,-1.9114833044244972
Dallas,2023-02-04,8,False,0.0,7.966935822436658,0.02100102303067297,0.24116713945649004,0.0,0.22107957336884587,-1.3655260915690652
Dallas,2023-02-04,13,False,0.0,6.783203316932306,-1.70981771886495,0.15906213367537814,0.0,0.14309441364837205,-1.10083980726756
Dallas,2023-02-11,4,False,0.0,5.234957218068934,0.5093943953072453,0.38268645245442856,0.0,0.5336815598227553,-2.527334604117773
Dallas,2023-02-11,8,False,0.0,5.418972048587866,-0.5858626891440892,0.370337816878084,0.0,0.3077454787995927,-2.0619957038951866
Dallas,2023-02-11,13,False,0.0,6.116656633614718,-2.1770411372437715,0.12151553655369718,0.0,0.45525856754717664,-0.6660257792128537
Dallas,2023-02-18,4,False,0.0,3.1884480744073613,-0.35238932674257617,0.8473540554911994,0.0,0.38595797316396985,-4.285516952999981
Dallas,2023-02-18,8,False,0.0,2.6475203046431166,-3.167281858593608,0.6058374181655934,0.0,-0.1683269606520128,-4.134209865212902
Dallas,2023-02-18,13,False,0.0,6.499226861855702,-2.4330582121210784,0.01267186513908547,0.0,0.5184772043931307,0.08406925544185595
Dallas,2023-02-25,4,False,0.0,0.689993721149952,-7.520854083088706,-1.8019394485610047,0.0,-1.6690547487753231,-20.24988835969287
Dallas,2023-02-25,8,False,0.0,2.055779498403715,-5.224458486878089,-0.9143785265360622,0.0,-0.17644692860407862,-3.861659974511281
Dallas,2023-02-25,13,False,0.0,8.027321618075675,-1.9506125594523085,-0.2469877231710964,0.0,0.593661163634658,0.7301753957755726
Dallas,2023-03-04,4,False,0.0,0.5457973196811289,-0.3646732933810142,-3.47282389718709,0.0,-5.983448857450852,-24.880177436161723
Dallas,2023-03-04,8,False,0.0,3.561030471633146,-0.28291252789429766,-0.61565332268373,0.0,0.054366792137470754,-1.2057754053416074
Dallas,2023-03-04,13,False,0.0,9.868145652851403,-0.1658199149375088,-0.21983880950446189,0.0,0.6163910897504808,0.7839631579498852
Dallas,2023-03-11,4,False,0.0,0.9549953547130702,-1.4942820665835201,-2.7587135786972117,0.0,-3.05308433706006,-12.560453077351907
Dallas,2023-03-11,8,False,0.0,5.867651980334987,-0.41866051899770995,-0.43190644548048285,0.0,0.48800372300739403,0.1757633067950548
Dallas,2023-03-11,13,False,0.0,12.058232143588949,-0.29086104696525683,-0.19724026282416696,0.0,0.671189066685483,0.7261832695345243
Dallas,2023-03-18,4,False,0.0,2.3004106083990132,-0.14621957985142497,-1.2407853147627326,0.0,-0.08791072891275631,-3.8876700136638993
Dallas,2023-03-18,8,False,0.0,8.378785418723911,-0.06574832720396984,-0.31946570606653335,0.0,0.6309670785624295,0.7716305770344475
Dallas,2023-03-18,13,False,0.0,14.107612384743387,-0.05587475898027283,-0.17787316166409406,0.0,0.6806957085798093,0.6236724155646465
Dallas,2023-03-25,4,False,0.0,3.9022611663304265,0.32996827410893803,-0.6629632016335525,0.0,0.6641600693356965,-1.3309865272178207
Dallas,2023-03-25,8,False,0.0,10.449667181431579,0.20097934535711703,-0.23070517268661628,0.0,0.611807026185952,0.8699870531932046
Dallas,2023-03-25,13,False,0.0,15.625663269089074,0.19439198591935525,-0.14536655457029202,0.0,0.6446821547478796,0.5481163118201444
Dallas,2023-04-01,4,False,0.0,5.981207977875513,0.31976252447434794,-0.377555200190552,0.0,0.6213678910874543,-0.06633995411530247
Dallas,2023-04-01,8,False,0.0,12.36539035345286,0.2537082127778325,-0.1702246770732796,0.0,0.563459573884058,0.736506983337217
Dallas,2023-04-01,13,False,0.0,16.94849161454197,0.27033523903962864,-0.1176985642140469,0.0,0.6235989669587448,0.4909879011406588
Dallas,2023-04-08,4,False,0.0,8.91834587423155,0.20553396177363437,-0.20116413247807663,0.0,0.5193807343017964,0.594760539106412
Dallas,2023-04-08,8,False,0.0,14.3390082190584,0.2130686566430997,-0.11767059119611223,0.0,0.5183147962466133,0.6271884965416442
Dallas,2023-04-08,13,False,0.0,18.287179367259714,0.24600108197815862,-0.08801312234261394,0.0,0.6114558152706663,0.4431451998941266
Dallas,2023-04-15,4,False,0.0,9.850664955222872,0.6713073847296883,-0.13516925954324277,0.0,0.41452209594401823,0.6704535260616948
Dallas,2023-04-15,8,False,0.0,14.22479870919383,0.787970657213427,-0.0890628465101484,0.0,0.48284932583616225,0.5928690810418893
Dallas,2023-04-15,13,False,0.0,17.701123704293146,0.8516208550260799,-0.06867110302457191,0.0,0.6143863409564795,0.43531789493445006
Dallas,2023-04-22,4,False,0.0,9.244406553311078,0.9328027159610514,-0.1177416292975062,0.0,0.2653788127213249,0.6180223344499494
Dallas,2023-04-22,8,False,0.0,12.758775633085822,0.7323937165149584,-0.08200652868220737,0.0,0.4159586824072373,0.5967075383508424
Dallas,2023-04-22,13,False,0.0,15.93628002933426,0.509299664476411,-0.0632640992496849,0.0,0.5977232739262721,0.45199287744203553
Dallas,2023-04-29,4,False,0.0,8.158942284199725,0.8253259345583547,-0.09716559139423664,0.0,0.0661763366127951,0.5150703044318496
Dallas,2023-04-29,8,False,0.0,10.989918290629193,0.5290913182677957,-0.06991240122667342,0.0,0.31864359772862105,0.6165769307481881
Dallas,2023-04-29,13,False,0.0,13.97084877772325,0.2886149546661786,-0.053153556545991965,0.0,0.5654539612155118,0.4804415749195853
Dallas,2023-05-06,4,False,0.0,5.745348881896932,0.14415157791641808,-0.11070790567708455,0.0,0.028136509016730815,0.3098429456541768
Dallas,2023-05-06,8,False,0.0,8.332879127884704,-0.22125120282290034,-0.07423534985921498,0.0,0.4076689223345007,0.6521447824977351
Dallas,2023-05-06,13,False,0.0,11.253109402377245,-0.45116723863597774,-0.05321975310854077,0.0,0.6971978611760548,0.5482873536216853
Dallas,2023-05-13,4,False,0.0,4.258466274045713,0.2585902763442963,-0.14236064774598223,0.0,0.029709484145146625,0.023795475820472034
Dallas,2023-05-13,8,False,0.0,6.719663464647888,0.08090793124322171,-0.08789929022160048,0.0,0.512951499747,0.6601372774884444
Dallas,2023-05-13,13,False,0.0,9.612814590708139,-0.0007977790871489532,-0.0595386638739015,0.0,0.7757275629760019,0.6011192315303941
Dallas,2023-05-20,4,False,0.0,3.5932612808280915,0.6121947893229533,-0.18590502194477798,0.0,0.05207378194107071,-0.1919420869299706
Dallas,2023-05-20,8,False,0.0,6.00173847808312,0.5541551837023794,-0.10852137352875091,0.0,0.5565317913764406,0.6696139114549399
Dallas,2023-05-20,13,False,0.0,8.777368061379986,0.5216977717042207,-0.072012985477659,0.0,0.7989070577701101,0.6216911657264748
Dallas,2023-05-27,4,False,0.0,3.100672613066866,0.6314752489731797,-0.18277457790511886,0.0,0.10739814219183808,-0.33908465341900995
Dallas,2023-05-27,8,False,0.0,5.5734643727123885,0.676365602951698,-0.09908770450013504,0.0,0.6107776487733156,0.688925450182675
Dallas,2023-05-27,13,False,0.0,8.133286982789983,0.637552847310819,-0.06606067721309161,0.0,0.8112202099619723,0.6294816644894565
Dallas,2023-06-03,4,False,0.0,3.2655340962084263,0.8706344028907448,-0.15388602073488333,0.0,0.30524768253178614,-0.15930604117317748
Dallas,2023-06-03,8,False,0.0,5.6809966581515425,0.8708515610867047,-0.0862475611618092,0.0,0.6788605773046879,0.7189760257024023
Dallas,2023-06-03,13,False,0.0,7.955689548150286,0.8964540581066746,-0.060102325363538434,0.0,0.822261533478092,0.6119572678254981
Dallas,2023-06-10,4,False,0.0,3.1830106803344376,0.9594299915047038,-0.09645226572224397,0.0,0.3008297425917681,-0.13898587590619393
Dallas,2023-06-10,8,False,0.0,5.668534706321638,0.9587627791496475,-0.052769712366067756,0.0,0.7424359035746185,0.7365756919499453
Dallas,2023-06-10,13,False,0.0,7.5739470520628585,0.8653999539974748,-0.03869644765979263,0.0,0.8124385227186577,0.6003938017274154
Dallas,2023-06-17,4,False,0.0,3.0960255586791128,0.9363603309843298,-0.06981333197035688,0.0,0.3812393196691075,-0.09142752222522277
Dallas,2023-06-17,8,False,0.0,5.519107065768762,0.9563577656566845,-0.038183565869995384,0.0,0.7995093525189518,0.7181160326869276
Dallas,2023-06-17,13,False,0.0,7.094828970704167,0.7783533174318307,-0.029207828508989397,0.0,0.7867640905737856,0.5919701256765828
Dallas,2023-06-24,4,False,0.0,3.256740805739139,0.8889076404493328,-0.05574777267571229,0.0,0.5970924475672901,0.039429636117921496
Dallas,2023-06-24,8,False,0.0,5.367358988158704,0.9061788910140205,-0.03308798491110965,0.0,0.8584674927711045,0.6533363124129391
Dallas,2023-06-24,13,False,0.0,6.679787748981184,0.7610233633913007,-0.02621821115526246,0.0,0.7344162609471251,0.5858457730931412
Dallas,2023-07-01,4,False,0.0,2.95064319823801,0.7352839633055157,-0.04830076542666717,0.0,0.7526653537207699,0.05963001128156897
Dallas,2023-07-01,8,False,0.0,4.744961644895327,0.6156099983542219,-0.029480394984676472,0.0,0.8259991896737269,0.6005170923952635
Dallas,2023-07-01,13,False,0.0,5.880950184469888,0.2848027539309407,-0.02350217638901375,0.0,0.5847688319165224,0.5949479771732142
Dallas,2023-07-08,4,False,0.0,3.506912078063537,0.5506165565833228,-0.019335688668728146,0.0,0.5711590095818091,0.31201480840971796
Dallas,2023-07-08,8,False,0.0,4.760461001359808,0.7196307064083822,-0.014059069916525946,0.0,0.520724111083297,0.5190810193321402
Dallas,2023-07-08,13,False,0.0,5.800598976131572,0.8101635129031932,-0.011412048732089675,0.0,0.24385463366562965,0.601806265663201
Dallas,2023-07-15,4,False,0.0,3.1858186460951217,0.866123095636371,0.035509772626416414,0.0,0.5708450487288802,0.1967150282422152
Dallas,2023-07-15,8,False,0.0,4.003154249605034,0.4360659843479524,0.028021062732669577,0.0,0.4156953589320368,0.42013986206394627
Dallas,2023-07-15,13,False,0.0,5.099327456256945,0.13295578998980973,0.021746348952491168,0.0,0.060835751403071514,0.6366753939149086
Dallas,2023-07-22,4,False,0.0,2.2109565540895026,0.1251664041815207,0.12904225226252064,0.0,0.703244880810027,-0.32715597478922054
Dallas,2023-07-22,8,False,0.0,2.8190312036941467,-0.6277674774689952,0.10057806737618058,0.0,0.2833363567260829,0.16713728752016976
Dallas,2023-07-22,13,False,0.0,4.108679074424424,-0.7491191374396935,0.06809246028038529,0.0,-0.18939574272915816,0.6930409937676694
Dallas,2023-07-29,4,False,0.0,1.7603062524053388,0.49856971202415346,0.13149654398074828,0.0,-0.049153697164482146,-0.9274097447952543
Dallas,2023-07-29,8,False,0.0,2.2374404523820677,-0.011995412539689498,0.10295244096529454,0.0,-0.5876221675074744,-0.10435069455322354
Dallas,2023-07-29,13,False,0.0,3.771886980287197,0.20919182706653883,0.060111680414213664,0.0,-0.7818059862475855,0.7675549050992079
Dallas,2023-08-05,4,False,0.0,0.6715618661537974,-2.955604866885591,0.3899824938056905,0.0,-3.6095256733970498,-4.831603552845937
Dallas,2023-08-05,8,False,0.0,1.2492885794997097,-2.755047423873131,0.20841789057484328,0.0,-3.0666623001077102,-1.1348071417752492
Dallas,2023-08-05,13,False,0.0,3.071616458187572,-0.9239877237637419,0.08320348496399776,0.0,-1.7622254281617313,0.8171196972146418
Dallas,2023-08-12,4,False,0.0,0.48429349107006836,0.06612420795904062,0.3606309045017858,0.0,-7.334838258200584,-7.308405597540137
Dallas,2023-08-12,8,False,0.0,1.2947317919946577,0.6290196370600155,0.1625215966466672,0.0,-3.876246380037707,-0.91548140659013
Dallas,2023-08-12,13,False,0.0,3.322729977613271,0.5984155121807541,0.06616956159405663,0.0,-1.9733107010993916,0.9131522883584835
Dallas,2023-08-19,4,False,0.0,0.6451706309658342,0.3845763091444705,0.29060282415588423,0.0,-5.543373756885068,-4.916004058929264
Dallas,2023-08-19,8,False,0.0,1.7624184256165458,0.24912533290911199,0.10518506412419604,0.0,-2.8736148582622176,-0.13818849742832495
Dallas,2023-08-19,13,False,0.0,3.8569087595425726,0.17171931306489474,0.047039657912007815,0.0,-1.7078711735625394,0.8450310641272308
Dallas,2023-08-26,4,False,0.0,0.5522877601963905,0.3406290675482555,0.37423001125511846,0.0,-6.6345678667773385,-5.921341230267001
Dallas,2023-08-26,8,False,0.0,2.083188671629409,0.5990280853909743,0.11198820461599768,0.0,-2.420248648647865,0.2645465623054071
Dallas,2023-08-26,13,False,0.0,4.057233407849874,0.5463168925123851,0.05910231278948952,0.0,-1.6390213989303564,0.7528882794481686
Dallas,2023-09-02,4,False,0.0,0.846387926245404,0.4238835332724701,0.30931623699938504,0.0,-4.058116942504691,-3.090526242419158
Dallas,2023-09-02,8,False,0.0,2.7047508416045827,0.23370943192315152,0.11709563049929117,0.0,-1.7448260606668597,0.689113271870532
Dallas,2023-09-02,13,False,0.0,4.42297838334498,0.2178865422443078,0.07549831112243865,0.0,-1.4680027131690574,0.6511140216300924
Dallas,2023-09-09,4,False,0.0,1.3615774969106849,0.25304792575525104,0.16747857782121156,0.0,-2.369319374270092,-1.1095665694396524
Dallas,2023-09-09,8,False,0.0,3.4253830324493126,0.17581279373625047,0.06517925070746744,0.0,-1.3001649101240358,0.8423324635746753
Dallas,2023-09-09,13,False,0.0,4.7086304961963785,0.19631641658014143,0.046785844048848,0.0,-1.3824697499857774,0.5483995421167875
Dallas,2023-09-16,4,False,0.0,1.857046235174777,0.5125895688627014,0.1411746065506524,0.0,-1.7175648765011773,-0.21588903422603933
Dallas,2023-09-16,8,False,0.0,3.91845232127766,0.4251467477283195,0.06550064872514383,0.0,-1.1220031242439008,0.7740792811775858
Dallas,2023-09-16,13,False,0.0,4.598886661179245,0.5126286091974444,0.055414180424672166,0.0,-1.4899703880166304,0.44070637821217673
Dallas,2023-09-23,4,False,0.0,2.540812727924518,0.40873647571681637,0.13323851525619745,0.0,-1.109707580378846,0.3788480703478442
Dallas,2023-09-23,8,False,0.0,4.359100685182573,0.4188200024228276,0.07621253477483525,0.0,-0.9437337194917452,0.6789412358473164
Dallas,2023-09-23,13,False,0.0,4.2865293868110115,0.4459596666669068,0.07756162763143004,0.0,-1.665518601944576,0.2659812014833335
Dallas,2023-09-30,4,False,0.0,2.854096482246469,0.6856680385654087,0.13617682752544102,0.0,-0.9757908783401259,0.5322543005305174
Dallas,2023-09-30,8,False,0.0,4.2570456502842795,0.7727466641343894,0.08997997907470423,0.0,-1.0037131659604581,0.5978943000261008
Dallas,2023-09-30,13,False,0.0,3.725885970552571,0.11038131227682324,0.0868580260083267,0.0,-2.0431006476346445,0.0014627327015495073
Dallas,2023-10-07,4,False,0.0,2.948575357449982,0.829289788597269,0.17362064721524595,0.0,-1.0008128060626147,0.5105013895424657
Dallas,2023-10-07,8,False,0.0,3.769286746677908,0.7067671810444747,0.13466855956648882,0.0,-1.2496249481119936,0.4679563368744597
Dallas,2023-10-07,13,False,0.0,3.5410149880604624,-0.5918748339315814,0.0749369951635035,0.0,-1.8507541053249827,-0.2702936377590308
Dallas,2023-10-14,4,False,0.0,2.542833614309642,0.729516036514991,0.2560819934964218,0.0,-1.3163750289755445,0.417896315914986
Dallas,2023-10-14,8,False,0.0,2.6846886705604365,-0.15633187399606574,0.24219794403103467,0.0,-2.066040683151861,0.18979940359349246
Dallas,2023-10-14,13,False,0.0,3.7294291706750275,-1.6550004716290183,0.03466295321536039,0.0,-1.5285597168968632,-0.46656437703953135
Dallas,2023-10-21,4,False,0.0,1.832389716184906,0.1874409052759083,0.3245811244986059,0.0,-2.1381925088447953,0.14244667242613107
Dallas,2023-10-21,8,False,0.0,1.531281222506277,-2.199378427882763,0.2353277783271135,0.0,-4.194822343813824,-0.7242314425193903
Dallas,2023-10-21,13,False,0.0,4.513153687938767,-1.8557317362077543,-0.007290234021370967,0.0,-0.9488753443120552,-0.4898942134092348
Dallas,2023-10-28,4,False,0.0,1.2776374429745125,0.3659957507486411,0.4265485063162633,0.0,-3.4170628540425954,-0.604503679925438
Dallas,2023-10-28,8,False,0.0,1.5802281246027579,-1.5019252216853363,0.07274919322898987,0.0,-3.9072181430753083,-1.232763985188249
Dallas,2023-10-28,13,False,0.0,5.689342128415654,-0.9465993455787021,-0.029460682214344835,0.0,-0.48801880651783724,-0.4339109927302689
Dallas,2023-11-04,4,False,0.0,0.4649442223356788,-3.4422537208784707,0.014961382238388499,0.0,-10.451837113138838,-4.922963036165526
Dallas,2023-11-04,8,False,0.0,2.553964712846231,-1.5507806953958392,-0.12419696358126164,0.0,-1.910454302950329,-0.9648067792178288
Dallas,2023-11-04,13,False,0.0,7.183932746034677,-0.9644141206733328,-0.06477235890375277,0.0,-0.10616536350365369,-0.35880979500695553
Dallas,2023-11-11,4,False,0.0,0.9127398769979301,-1.2534458068554404,-0.5260555807876934,0.0,-4.745946269681753,-2.997146857849082
Dallas,2023-11-11,8,False,0.0,4.3838221477906805,-0.5397166071152699,-0.13084718577120213,0.0,-0.47481516280209823,-0.588421126395374
Dallas,2023-11-11,13,False,0.0,8.754769621168597,-0.4510648564760933,-0.0717703970716157,0.0,0.1460587971031786,-0.2928172682317258
Dallas,2023-11-18,4,False,0.0,2.0862445614268594,-0.35205526175858637,-0.3079617340672738,0.0,-1.6069458301817683,-1.3723353830749296
Dallas,2023-11-18,8,False,0.0,6.539056519376947,-0.2149093785968983,-0.10253886395323408,0.0,0.02680371064091369,-0.40019073424891993
Dallas,2023-11-18,13,False,0.0,10.198341126224118,-0.222515278773201,-0.06800490971946282,0.0,0.28926841760489885,-0.24836809763566836
Dallas,2023-11-25,4,False,0.0,2.708904306395457,0.6259139265453356,-0.2814273755486765,0.0,-1.073931128851609,-1.105797784296703
Dallas,2023-11-25,8,False,0.0,7.795194706369451,0.42985435818776785,-0.10264181949670603,0.0,0.1888858905478359,-0.35256744695692954
Dallas,2023-11-25,13,False,0.0,10.47104068892585,0.5117256517002686,-0.07830878868554958,0.0,0.3135570703984799,-0.24922806278212106
Dallas,2023-12-02,4,False,0.0,4.18732230240596,0.3507283689859718,-0.18557829170745221,0.0,-0.25363260405898114,-0.7504605548472172
Dallas,2023-12-02,8,False,0.0,9.081561259347666,0.30873743071752136,-0.08958586984616868,0.0,0.3613115754659423,-0.31350738901925523
Dallas,2023-12-02,13,False,0.0,10.705263852305109,0.4105056938254589,-0.07712933411728518,0.0,0.3629856094798277,-0.24849083360061952
Dallas,2023-12-09,4,False,0.0,5.717197550978019,0.49726215640930704,-0.13786586719927763,0.0,0.06291137164951666,-0.5917887812850489
Dallas,2023-12-09,8,False,0.0,9.606448763368551,0.5553864927246461,-0.08506826007527346,0.0,0.5076974717179368,-0.31186428474949257
Dallas,2023-12-09,13,False,0.0,10.131103123032336,0.618094853268493,-0.08104898256240123,0.0,0.38817058059389287,-0.27242392085095957
Dallas,2023-12-16,4,False,0.0,6.610689371709774,0.716891933334544,-0.12562172561734686,0.0,0.3100772702233252,-0.5631554433391757
Dallas,2023-12-16,8,False,0.0,9.133980549045233,0.7764045877730058,-0.09307020433302604,0.0,0.6053942347954439,-0.3530555869468732
Dallas,2023-12-16,13,False,0.0,8.530520846188002,0.2607945033256739,-0.09910306642154332,0.0,0.31998755033728277,-0.3434955090693106
Dallas,2023-12-23,4,False,0.0,7.2539803851019045,0.6645742014185614,-0.10119001163249974,0.0,0.425100133270337,-0.5570161026839866
Dallas,2023-12-23,8,False,0.0,8.325423331571747,0.6538438215876954,-0.08904810324839452,0.0,0.6789244826500238,-0.41328570669460585
Dallas,2023-12-23,13,False,0.0,6.644466779383805,-0.21196616706029547,-0.10984462153598362,0.0,0.17643087367994703,-0.4646749120722382
Dallas,2023-12-30,4,False,0.0,5.345990283009207,0.3308312886126177,-0.06880120989145633,0.0,0.21938431187528773,-0.8510684370082127
Dallas,2023-12-30,8,False,0.0,5.300252280817045,-1.0152666126293224,-0.06936479396905049,0.0,0.4653111271035897,-0.7230558256993231
Dallas,2023-12-30,13,False,0.0,4.179747304300693,-4.039437353472758,-0.048470566776127155,0.0,-0.4263647740919523,-0.49200765875381114
Dallas,2024-01-06,4,False,0.0,2.716743718392791,-1.037229866773807,-0.08043682942149855,0.0,0.804644872960991,-1.8368790518343983
Dallas,2024-01-06,8,False,0.0,2.097799710268919,-5.060381567676597,-0.07818804152510972,0.0,-0.25936953466709944,-1.9183383408603478
Dallas,2024-01-06,13,False,0.0,3.53020279629164,-5.46408230828039,-0.006763207895108758,0.0,-0.6391927713790162,0.24986842315106705
Dallas,2024-01-13,4,False,0.0,0.7162651703270868,-5.353396843773338,-0.04986528714469429,0.0,0.4633145068419485,-7.3402745126587945
Dallas,2024-01-13,8,False,0.0,1.4292043547474578,-5.987922871934932,-0.00035462760984739106,0.0,-1.6233874586947477,-1.5423252334735227
Dallas,2024-01-13,13,False,0.0,4.454413452502562,-2.9811701911131996,0.002707396964455433,0.0,-0.4484819641145208,0.6819582159035856
Dallas,2024-01-20,4,False,0.0,0.5744793751552004,-4.378552681811976,-0.024733718360321344,0.0,-0.8896704856932589,-7.326332160203412
Dallas,2024-01-20,8,False,0.0,2.615052629229673,-1.6778913294298405,-0.005322030743747597,0.0,-0.974126842533968,0.3251229015371452
Dallas,2024-01-20,13,False,0.0,6.118345092416274,-1.0581716884581636,-0.0021928692951711515,0.0,-0.21462146451780817,0.6288965730824592
Dallas,2024-01-27,4,False,0.0,1.039465370969354,0.17915783553222142,-0.1661386242288816,0.0,-2.238165956219556,-3.083339495510108
Dallas,2024-01-27,8,False,0.0,3.655313539081472,0.08815408900581112,-0.04599617687140478,0.0,-0.967443422694654,0.8104043010707318
Dallas,2024-01-27,13,False,0.0,7.343152575869037,0.06460475480312355,-0.022019810145204932,0.0,-0.22684827750632208,0.5119129984447282
Dallas,2024-02-03,4,False,0.0,1.3727310564346384,0.5534619692189285,-0.16073100976917276,0.0,-2.9145203536603668,-1.7450737922454338
Dallas,2024-02-03,8,False,0.0,4.43865459179404,0.38575136765751616,-0.04816360989820523,0.0,-0.8920268503419608,0.8990269852353405
Dallas,2024-02-03,13,False,0.0,8.349041388143698,0.31785553834995217,-0.024557747107238237,0.0,-0.16675999085461068,0.43442012479386327
Dallas,2024-02-10,4,False,0.0,2.556873002510714,0.05918309224213636,-0.16799815331966172,0.0,-1.7496007558653663,0.0338058851917612
Dallas,2024-02-10,8,False,0.0,5.745938373817461,0.04531199502765082,-0.0723105331190037,0.0,-0.534008376859058,0.7064842250835033
Dallas,2024-02-10,13,False,0.0,9.815818353994912,0.038805134683719156,-0.04050105246155988,0.0,0.012207895333134378,0.36034021600155963
Dallas,2024-02-17,4,False,0.0,3.575168357428721,0.3619227451424749,-0.12875895214403688,0.0,-0.9432330861381288,0.5812380493578441
Dallas,2024-02-17,8,False,0.0,6.75521763266187,0.3297457287772916,-0.0658976969438736,0.0,-0.15711516800835423,0.5798815307528975
Dallas,2024-02-17,13,False,0.0,10.934383978635655,0.2973224317451235,-0.03888667384730593,0.0,0.24115884298626178,0.31126294562006407
Dallas,2024-02-24,4,False,0.0,4.201532728785497,0.6359370307636052,-0.09715652228405336,0.0,-0.3991414963473656,0.7138274163850092
Dallas,2024-02-24,8,False,0.0,7.304736839600759,0.6303210927133625,-0.05407220976509164,0.0,0.14095230152507632,0.5082393078727658
Dallas,2024-02-24,13,False,0.0,11.586754950863625,0.5787667147815798,-0.032514468551518405,0.0,0.4392806410506914,0.27773965730586747
Dallas,2024-03-02,4,False,0.0,4.54440022416449,0.7298963725257931,-0.0746740501344898,0.0,0.15412778570153662,0.697190613684477
Dallas,2024-03-02,8,False,0.0,7.7117894781381935,0.7394512639154915,-0.0425437657273926,0.0,0.4664245264299747,0.45069322323461614
Dallas,2024-03-02,13,False,0.0,12.032594067306627,0.6897476667469064,-0.025990066369672382,0.0,0.6508651310377678,0.25031162111656813
Dallas,2024-03-09,4,False,0.0,4.158608498107504,0.8540931153114968,-0.07816486348874463,0.0,0.5884202389184419,0.6994856422849081
Dallas,2024-03-09,8,False,0.0,7.590098416933971,0.9140831577462643,-0.04129311069903463,0.0,0.727696282875986,0.41831741940341494
Dallas,2024-03-09,13,False,0.0,11.999322031046988,0.9254929402248306,-0.024873437520812836,0.0,0.8052282618748338,0.22908925930894952
Dallas,2024-03-16,4,False,0.0,3.9866437872075577,0.9070429006913224,-0.04887068734889399,0.0,0.7709661355333007,0.7509116226365465
Dallas,2024-03-16,8,False,0.0,7.643024037570672,0.912378100022231,-0.024520465334965325,0.0,0.8486313733338007,0.3801462412104928
Dallas,2024-03-16,13,False,0.0,12.23167894252271,0.8520263417028205,-0.014560488520738435,0.0,0.8505662696630596,0.20481145735781459
Dallas,2024-03-23,4,False,0.0,3.768632826103893,0.81815094813999,-0.050115617579270744,0.0,0.7780458107327736,0.8077939267569927
Dallas,2024-03-23,8,False,0.0,7.647115448543842,0.9013228460704057,-0.023702441058327972,0.0,0.8815830647191459,0.34480645759481665
Dallas,2024-03-23,13,False,0.0,12.507659650562175,0.8400707388958188,-0.013728852402774328,0.0,0.8323719779121626,0.18058869343623118
Dallas,2024-03-30,4,False,0.0,4.356560061819808,0.7155583898348705,-0.0354807833821853,0.0,0.7274961812877465,0.6998675205368772
Dallas,2024-03-30,8,False,0.0,8.256929356654842,0.6426510812763527,-0.017957109096453205,0.0,0.8728896790639125,0.2946551947318624
Dallas,2024-03-30,13,False,0.0,13.446236769630938,0.5651998137918303,-0.010403199310151656,0.0,0.7928688469601164,0.15353720975189444
Dallas,2024-04-06,4,False,0.0,5.073819396681924,0.657264116867647,-0.00609067772069527,0.0,0.692657356962924,0.5476520071144206
Dallas,2024-04-06,8,False,0.0,8.838278175212627,0.6437188066493402,-0.0033578359169856853,0.0,0.8318106699390901,0.25164637329828043
Dallas,2024-04-06,13,False,0.0,14.285568666244556,0.5673588002122822,-0.0019533093655677014,0.0,0.7533819223082332,0.13125849081956265
Dallas,2024-04-13,4,False,0.0,5.254814787438532,0.8601957868185478,0.01824504596254406,0.0,0.8815497145240676,0.46761965836713204
Dallas,2024-04-13,8,False,0.0,9.067898566052039,0.8490849995230544,0.010147423836474045,0.0,0.8881849705202057,0.2162608233054999
Dallas,2024-04-13,13,False,0.0,14.641882006109292,0.7478904339231457,0.00589920046351311,0.0,0.7849515426744716,0.1128431718878351
Dallas,2024-04-20,4,False,0.0,5.436677280384486,0.8308823909717087,0.02376091641325062,0.0,0.9068480797511728,0.3945848494203458
Dallas,2024-04-20,8,False,0.0,9.446372726942732,0.8106610270021475,0.013095280054718828,0.0,0.8335575006548752,0.17996625432625968
Dallas,2024-04-20,13,False,0.0,14.941253692964057,0.7309444011157022,0.007776889967592404,0.0,0.7620695571455591,0.0964122032498338
Dallas,2024-04-27,4,True,0.8,5.0440466535784,0.8680997194589961,0.024363842145906367,-0.9412675959198051,0.9287117604970303,0.3514886434738912
Dallas,2024-04-27,8,True,0.8,9.466425591847866,0.9011750235938388,0.012377311335072139,-0.4781824645942194,0.7590508368987312,0.14701525937098603
Dallas,2024-04-27,13,True,0.8,14.64724113449851,0.8938111651025802,0.0075416158279033585,-0.29136121294702666,0.7425202215236565,0.08160543280614874
Dallas,2024-05-04,4,True,0.8,4.603054367091152,0.782001224213523,0.016966295252274444,-1.0362352692913532,0.8911728981019849,0.3072882346670017
Dallas,2024-05-04,8,True,0.8,9.713983672655294,0.847736017388107,0.007608898256730723,-0.46472188635388734,0.6862508455103329,0.11276564392152832
Dallas,2024-05-04,13,True,0.8,14.353528063315244,0.8892127123569428,0.004884830176105415,-0.2983464119723289,0.7301341492337258,0.06673234495392744
Dallas,2024-05-11,4,True,0.8,5.103519200604686,0.7931489443102777,0.0378325633826595,-0.929716114207541,0.5664927351353171,0.22405843614423582
Dallas,2024-05-11,8,True,0.8,10.51156710141624,0.638736717409546,0.01732147415516594,-0.42566646835430855,0.5368073075387298,0.08409341472756637
Dallas,2024-05-11,13,True,0.8,14.56601854100335,0.67901810203068,0.011933702364528065,-0.2932647010523157,0.6317048076752951,0.05382812506780299
Dallas,2024-05-18,4,True,0.8,5.739868375759833,0.7770126104919126,0.03032997912907609,-0.8211001146151038,0.4248934389207346,0.14855442813700337
Dallas,2024-05-18,8,True,0.8,11.064547198065943,0.6711684104209481,0.01484524187173919,-0.40189377481927036,0.5071088476813554,0.06003161945472324
Dallas,2024-05-18,13,True,0.8,14.510778561293241,0.7619954516646175,0.010880945881813764,-0.29457144934574675,0.6050456089634402,0.04109406870209242
Dallas,2024-05-25,4,True,0.8,6.564217595924547,0.7183257937195404,0.034435808554212355,-0.711705401585756,0.34104544493271804,0.08443539851242632
Dallas,2024-05-25,8,True,0.8,11.371294316253255,0.6995279486420504,0.018855781362630553,-0.3897036837621357,0.5155161331077078,0.03856665101236423
Dallas,2024-05-25,13,True,0.8,14.205351205179673,0.8125269861606711,0.014611279631164376,-0.30198003398725204,0.6019991861700691,0.027986427877898623
Dallas,2024-06-01,4,True,0.8,7.943395810125015,0.5659004592957814,0.034981338463271894,-0.5794537146980361,0.3746807270728506,0.03488334094225798
Dallas,2024-06-01,8,True,0.8,11.511598244686233,0.6716325133039452,0.023202693455057544,-0.3843445535295684,0.582011419022139,0.01957639471430994
Dallas,2024-06-01,13,True,0.8,13.824665451592455,0.7819851986405433,0.018815511242493588,-0.31167240484101955,0.6327992527347294,0.014851318052801155
Dallas,2024-06-08,4,False,0.0,7.901912041336089,0.870379712120376,0.057755147087681924,0.0,0.515675600120963,-0.015034562788121653
Dallas,2024-06-08,8,False,0.0,10.539605379686051,0.7655026725018775,0.04206091638701703,0.0,0.709065785041047,-0.009286605078051124
Dallas,2024-06-08,13,False,0.0,12.288083760137607,0.4616687052457773,0.03537094863015766,0.0,0.7142870635234432,-0.007312838163284763
Dallas,2024-06-15,4,False,0.0,7.124748923244686,0.8354969802208787,0.07700270862594782,0.0,0.6868313621913531,-0.07639223873206036
Dallas,2024-06-15,8,False,0.0,9.005608594907653,0.48495986542069314,0.059686638803922554,0.0,0.8395169516753543,-0.050148458931795536
Dallas,2024-06-15,13,False,0.0,10.254704839252598,-0.00754191403286808,0.05169685117097744,0.0,0.7929031710419242,-0.040695525510217045
Dallas,2024-06-22,4,False,0.0,5.582463643751854,0.49270202375840766,0.11373218736711188,0.0,0.8279763767437376,-0.17782413176979173
Dallas,2024-06-22,8,False,0.0,6.933686038971869,-0.07264795655174527,0.09025784741742438,0.0,0.8418988256560975,-0.11927456093892186
Dallas,2024-06-22,13,False,0.0,7.805454207981587,-0.8138333142963228,0.07942618077317831,0.0,0.803216326945305,-0.09834571740541564
Dallas,2024-06-29,4,False,0.0,2.275361042498345,-2.3515929897620675,0.2742822016386878,0.0,-0.09250953755792168,-0.6810956934238594
Dallas,2024-06-29,8,False,0.0,3.6591383481445168,-2.779347455061121,0.16814175128778275,0.0,0.3910496257610814,-0.3523213380257879
Dallas,2024-06-29,13,False,0.0,4.3491203569525325,-4.212231163473257,0.14045312685673794,0.0,0.5265587066855915,-0.2757763836792455
Dallas,2024-07-06,4,False,0.0,2.0584235710445182,0.6985945538811948,0.28647082820879377,0.0,0.7081180129222326,-0.8191753186574389
Dallas,2024-07-06,8,False,0.0,3.1372962544037373,0.5011701554500498,0.1858870419329528,0.0,0.5958067730748995,-0.45039999100313577
Dallas,2024-07-06,13,False,0.0,3.7157638309798875,0.048797519522333244,0.15601097336366543,0.0,0.19043057968770916,-0.3537345069249571
Dallas,2024-07-13,4,False,0.0,1.6418180056489582,0.28118145804749584,0.33630502435428766,0.0,0.6720826535253664,-1.1168766008368785
Dallas,2024-07-13,8,False,0.0,2.392435486394521,-0.10600337361227852,0.2290293380844498,0.0,0.3508080460514704,-0.6469611927149661
Dallas,2024-07-13,13,False,0.0,2.939900467177899,-0.6485822364692073,0.18533437684049636,0.0,-0.18123135774225219,-0.489044578292783
Dallas,2024-07-20,4,False,0.0,1.5450508865964119,0.6068883977017829,0.19531876984211227,0.0,0.578220415364801,-1.171826485985349
Dallas,2024-07-20,8,False,0.0,1.9429901910982272,0.09965429244379354,0.23417466667949838,0.0,0.03273370805778397,-0.8383498310592465
Dallas,2024-07-20,13,False,0.0,2.4702789541448187,-0.2838574597240868,0.20710201306087817,0.0,-0.5599450349555679,-0.6162334945617955
Dallas,2024-07-27,4,False,0.0,2.333086729564052,-0.27114237586050427,0.24162084923133054,0.0,0.1809355960064598,-0.8157576676891383
Dallas,2024-07-27,8,False,0.0,2.4926391279058544,-0.45618765558072716,0.22578538232707357,0.0,-0.3960994093825374,-0.6483066249360017
Dallas,2024-07-27,13,False,0.0,3.0109821084642645,-0.5828419262525244,0.1859226130106928,0.0,-0.8117480550186156,-0.4972675830002864
Dallas,2024-08-03,4,False,0.0,0.8431152606321886,-3.050929977973139,0.6725057003251587,0.0,-1.665438603954866,-2.544214439621002
Dallas,2024-08-03,8,False,0.0,0.9717597182640345,-5.872939168281727,0.582720390886343,0.0,-3.0324744615306116,-1.871572506015585
Dallas,2024-08-03,13,False,0.0,1.4977386787968894,-5.8834137368696995,0.37607130874927275,0.0,-2.8375884162131144,-1.125477098003612
Dallas,2024-08-10,4,False,0.0,0.2498274244232658,-4.383125468050932,-0.08705188365189542,0.0,-8.992830857242243,-8.95954104923608
Dallas,2024-08-10,8,False,0.0,0.507551087970118,-3.630764584976867,0.3745307649210945,0.0,-7.451961911924494,-3.7266351180164436
Dallas,2024-08-10,13,False,0.0,0.9543004648833923,-2.6306244595569703,0.32973558377555445,0.0,-5.151899266381095,-1.842750910552168
Dallas,2024-08-17,4,False,0.0,0.04667748450171175,-14.288587879434264,-9.90814088751557,0.0,-59.33021809920521,-47.325593674309545
Dallas,2024-08-17,8,False,0.0,0.43971412029734214,-0.8862170279523551,-0.09708852862561534,0.0,-9.592701800806966,-4.288267940230161
Dallas,2024-08-17,13,False,0.0,0.7305983407164128,-0.6491933337325577,0.19389157936783807,0.0,-7.163447472233154,-2.4253526460705093
Dallas,2024-08-24,4,False,0.0,0.11844944820750714,-0.14866064765577858,-3.5022418314269705,0.0,-25.417063302126998,-18.28732791929385
Dallas,2024-08-24,8,False,0.0,0.6157782946562564,0.16813978359482828,0.09171027414491706,0.0,-6.876002278463724,-3.026644067246375
Dallas,2024-08-24,13,False,0.0,0.7468644903193759,0.1720546528424305,0.16958549776095544,0.0,-6.972847873752081,-2.2836488272232547
Dallas,2024-08-31,4,False,0.0,0.2584365070167905,-0.6444932986176484,-0.22069452274513934,0.0,-11.716015514962328,-8.673982003046813
Dallas,2024-08-31,8,False,0.0,0.8652297187523929,-0.3840327877905987,0.24358922553960982,0.0,-4.558286382496281,-2.1918958212383486
Dallas,2024-08-31,13,False,0.0,0.9339997604353487,-0.33602314256331955,0.166008981098958,0.0,-5.094407726834863,-1.545899815591993
Dallas,2024-09-07,4,False,0.0,0.5873168800331992,-0.23012903751367442,0.40715772997341315,0.0,-5.120276629497206,-3.838376563786693
Dallas,2024-09-07,8,False,0.0,1.101904644366276,-0.21940698927456115,0.28720284480879454,0.0,-3.316308427460778,-1.7279700321015103
Dallas,2024-09-07,13,False,0.0,1.2023373035794434,-0.09465353833331736,0.13462248824918388,0.0,-3.624949008318344,-0.8280339416292855
Dallas,2024-09-14,4,False,0.0,0.821184713493963,0.3280003317489353,0.3937125593363463,0.0,-3.575536641471749,-2.75665701479796
Dallas,2024-09-14,8,False,0.0,1.1053891222343883,0.4375332589298515,0.3194588181895903,0.0,-3.112532168446811,-1.7382513327561382
Dallas,2024-09-14,13,False,0.0,1.5368501271753523,-0.07651030951291293,0.07863476160170513,0.0,-2.538747840782325,-0.12573664508810123
Dallas,2024-09-21,4,False,0.0,0.8748347320555522,0.7455995061155964,0.3652807090662745,0.0,-2.5307849620754634,-2.6253898885754725
Dallas,2024-09-21,8,False,0.0,0.8565643690044955,0.33093873535564444,0.3177218716626925,0.0,-3.2279280051119823,-2.288234917379985
Dallas,2024-09-21,13,False,0.0,2.0450428900428377,-0.4833630490566825,0.012618481770637291,0.0,-1.3223882688478552,0.29207439026531024
Dallas,2024-09-28,4,False,0.0,0.8703780158633836,0.8181494634332906,0.21512265410172438,0.0,-1.9335811533152034,-2.6821642673864328
Dallas,2024-09-28,8,False,0.0,0.7421445688043549,-0.3686980087896288,0.12536537284003046,0.0,-2.927961745706667,-2.297955166356369
Dallas,2024-09-28,13,False,0.0,2.859789564304461,-0.5162662959307318,-0.006969398839199892,0.0,-0.5173919254916615,0.42826698094502325
Dallas,2024-10-05,4,False,0.0,0.414312333839704,-1.3028642270175252,0.5013162217507934,0.0,-2.8836474668953747,-5.825933324351194
Dallas,2024-10-05,8,False,0.0,0.9143569756303911,-2.2805167536835858,-0.002085656068586239,0.0,-1.0840529001495192,-0.7396093620177131
Dallas,2024-10-05,13,False,0.0,4.056822942612717,-0.9443788098765324,-0.021859144395343977,0.0,0.1543637711655248,0.4430545724083619
Dallas,2024-10-12,4,False,0.0,0.2638410306596714,-1.5015471887959992,0.11628898300944013,0.0,-2.1227998160541945,-8.410551600818799
Dallas,2024-10-12,8,False,0.0,1.4991930126084956,-0.7398059956667451,-0.05514885095579469,0.0,0.11689074659402643,0.47331582308984366
Dallas,2024-10-12,13,False,0.0,5.507830189957844,-0.35898389875834136,-0.02415137393691813,0.0,0.4438625810373309,0.3791160566325814
Dallas,2024-10-19,4,False,0.0,0.510657504117744,-0.6200164127118037,-0.11931049741525812,0.0,-0.4969402292521734,-3.0468562010143296
Dallas,2024-10-19,8,False,0.0,2.396210422782183,-0.2886828872173066,-0.038960103017706915,0.0,0.29498768025713584,0.8415870450932399
Dallas,2024-10-19,13,False,0.0,7.050094222021095,-0.16863690784062046,-0.015683256411349378,0.0,0.5179359452122029,0.3124794706091626
Dallas,2024-10-26,4,False,0.0,1.1346453872477398,-0.3588198260819786,-0.10447992231594805,0.0,0.18796874719878565,-0.23668662942637675
Dallas,2024-10-26,8,False,0.0,3.6995464343548305,-0.20538720843079217,-0.03285650849069066,0.0,0.37784883414089776,0.6090422579391348
Dallas,2024-10-26,13,False,0.0,8.604957739391514,-0.14647562713310647,-0.014794283818025722,0.0,0.5434114585905598,0.26370749688090744
Dallas,2024-11-02,4,False,0.0,1.7886964371232204,0.3175571636917849,-0.008631795195803038,0.0,0.822558735245374,0.5121848807984427
Dallas,2024-11-02,8,False,0.0,4.973773658190358,0.21479187478387407,-0.0032013489010989105,0.0,0.5405983594167015,0.45663752816825964
Dallas,2024-11-02,13,False,0.0,9.713509724350262,0.18129001037386627,-0.0017132555437573416,0.0,0.6111560538302107,0.23300647111687356
Dallas,2024-11-09,4,False,0.0,2.2382428448251583,0.6562566778629881,0.031219218110799973,0.0,0.6391758848783891,0.8314633579972531
Dallas,2024-11-09,8,False,0.0,6.133799585422275,0.4605006010803693,0.011826057340573515,0.0,0.5286287001137385,0.3662383722110042
Dallas,2024-11-09,13,False,0.0,10.29969486232388,0.4481432342033691,0.007319236872621926,0.0,0.6277059021073426,0.21375210204688266
Dallas,2024-11-16,4,False,0.0,3.0682099189530425,0.4489035266147492,0.024238910834885052,0.0,0.5917774258460994,0.7971413602196685
Dallas,2024-11-16,8,False,0.0,7.594980415067731,0.3464477431951203,0.010222068570476028,0.0,0.5989180766916582,0.2934001243700658
Dallas,2024-11-16,13,False,0.0,10.85143139046684,0.38907429764593426,0.007371022109859959,0.0,0.6360587605807766,0.19725816870390633
Dallas,2024-11-23,4,False,0.0,4.006353355733168,0.5369520799413239,0.016331028581722307,0.0,0.6057468909130054,0.5928128635292998
Dallas,2024-11-23,8,False,0.0,8.767113779144777,0.4690852711783423,0.007804478378474977,0.0,0.644104589824735,0.24653595939007422
Dallas,2024-11-23,13,False,0.0,10.992534644999598,0.5914254567262023,0.006351829710753432,0.0,0.6349343885768212,0.1855346174653274
Dallas,2024-11-30,4,False,0.0,4.488236029637771,0.8510912981366683,-0.008215224087760653,0.0,0.5796894003407216,0.49093205977746524
Dallas,2024-11-30,8,False,0.0,8.872853734188862,0.8544680177103565,-0.0043299610406293265,0.0,0.6231470388009565,0.2231755238933052
Dallas,2024-11-30,13,False,0.0,10.16029020163401,0.6661793466159254,-0.0038260149550422007,0.0,0.5602223209877647,0.18165812417860427
Dallas,2024-12-07,4,False,0.0,5.641916666694762,0.5704611614599342,-0.01757415131880813,0.0,0.3524581182761728,0.3683144508568523
Dallas,2024-12-07,8,False,0.0,9.102972719427434,0.6605408065294309,-0.011249108336761848,0.0,0.671865342931451,0.201282757169591
Dallas,2024-12-07,13,False,0.0,9.489526995071364,0.619019317565479,-0.010829110134793929,0.0,0.5325775796669905,0.17823810025004883
Dallas,2024-12-14,4,False,0.0,6.2983159225346945,0.772902643546205,-0.022208372715907254,0.0,0.41524081735277385,0.2945584637805706
Dallas,2024-12-14,8,False,0.0,8.322527871672303,0.7214666296418658,-0.017126882668136112,0.0,0.621540310769851,0.19194823539504757
Dallas,2024-12-14,13,False,0.0,7.9144796204112,0.13672197965191935,-0.017942053613443587,0.0,0.36104534696622326,0.18501672208132358
Dallas,2024-12-21,4,False,0.0,5.995996414663721,0.913868993132878,-0.04935882915354761,0.0,0.38412523963601586,0.25517017845644907
Dallas,2024-12-21,8,False,0.0,6.591109369312028,0.251874560954749,-0.04515431059754382,0.0,0.5136374160614807,0.19618777567683865
Dallas,2024-12-21,13,False,0.0,5.41907322063558,-1.2238622646736617,-0.05431639358832374,0.0,-0.022541976688766674,0.12684530834283747
Dallas,2024-12-28,4,False,0.0,4.644496924664251,0.5259769871488192,-0.06411282410878272,0.0,0.1519244927545883,0.2487382346864233
Dallas,2024-12-28,8,False,0.0,4.301355206308976,-0.8398668663691757,-0.06900043615749452,0.0,0.20923567215937766,0.22535807302394306
Dallas,2024-12-28,13,False,0.0,3.5167038242852096,-3.563386218453207,-0.04984572126128595,0.0,-0.7098678603217647,-0.01299417936296643
Dallas,2025-01-04,4,False,0.0,2.717329894775208,-0.3350565512919279,-0.09215417557606176,0.0,0.7368512279710506,0.29528381417470584
Dallas,2025-01-04,8,False,0.0,1.8013221669427135,-4.255742000737817,-0.13777667147583617,0.0,-0.5704004666630249,0.09556141572571042
Dallas,2025-01-04,13,False,0.0,3.0400391441907577,-4.805161918569747,-0.02094388036904271,0.0,-0.8593858674057449,-0.11900172350718341
Dallas,2025-01-11,4,False,0.0,0.5830631741916675,-8.618728016752993,-0.2216764775963802,0.0,-1.1179376786998123,-0.4904057174926393
Dallas,2025-01-11,8,False,0.0,1.3206187568127186,-7.490744751696047,0.04581661371910828,0.0,-2.0310574440836917,-0.27535873127468435
Dallas,2025-01-11,13,False,0.0,4.391559644662731,-3.405429084872158,0.02877517384482675,0.0,-0.5432690978587265,-0.0768558375983388
Dallas,2025-01-18,4,False,0.0,1.3537088147742702,-1.8158865199383012,0.21697416248237333,0.0,-0.4631490304000798,-0.2542050612667801
Dallas,2025-01-18,8,False,0.0,2.6351323376530664,-1.648516245898171,0.11001511654562102,0.0,-0.8789478757027049,-0.1085946523593404
Dallas,2025-01-18,13,False,0.0,6.413676740382021,-0.9913584911306175,0.043446803953920754,0.0,-0.19324963438084608,-0.03870420208201519
Dallas,2025-01-25,4,False,0.0,1.328251043790071,0.8824965801279016,0.15973815078278497,0.0,-1.5690164889553508,-0.3159641445064487
Dallas,2025-01-25,8,False,0.0,3.0589188382261505,0.7067703443864939,0.0681452983292905,0.0,-1.050360585305265,-0.11291514149408455
Dallas,2025-01-25,13,False,0.0,7.376283191709485,0.43031935571095303,0.027001047616988738,0.0,-0.19594264508466264,-0.04026401007896774
Dallas,2025-02-01,4,False,0.0,1.465910953472711,0.702075875959759,0.09560055855684912,0.0,-1.9819660729645179,-0.3283350997951269
Dallas,2025-02-01,8,False,0.0,3.808054105352141,0.469166112245171,0.03592668232393559,0.0,-0.7868976159661811,-0.10271984600855721
Dallas,2025-02-01,13,False,0.0,8.561698932137192,0.30103810168732537,0.015189717958878468,0.0,-0.0677001780703792,-0.039046139969724836
Detroit,2023-02-04,4,False,0.0,7.565036725473741,0.9603551635230954,0.34413696563311935,0.0,0.8419987327887289,-1.7427860299535975
Detroit,2023-02-04,8,False,0.0,12.089526351952705,0.7682167880163546,0.22440213455961633,0.0,0.7063985537227351,-0.9778667957612008
Detroit,2023-02-04,13,False,0.0,14.270508837041012,0.3521015277753411,0.1938054288899641,0.0,0.5613197498085032,-0.7816609136046786
Detroit,2023-02-11,4,False,0.0,7.214599876860841,0.8839776105165726,0.3706405068848462,0.0,0.42526891398644173,-1.9309169910291115
Detroit,2023-02-11,8,False,0.0,10.860103130427603,0.611219654593946,0.2545965597023815,0.0,0.3464311166029165,-1.137123507838266
Detroit,2023-02-11,13,False,0.0,11.809117164346219,0.012196936363316646,0.23614077752308837,0.0,0.18473403074782702,-0.9707449495559393
Detroit,2023-02-18,4,False,0.0,6.48889653901536,0.7362252109650593,0.5233251859861809,0.0,0.18205920174578116,-2.259493806906003
Detroit,2023-02-18,8,False,0.0,9.128727976693597,0.339498499369016,0.3874556278794149,0.0,0.10070371683789692,-1.4044505788549189
Detroit,2023-02-18,13,False,0.0,9.02350183154765,-0.5827324873686162,0.3939046241980695,0.0,-0.17449284641770046,-1.3022541330859014
Detroit,2023-02-25,4,False,0.0,5.03740174000542,0.32946215108208254,0.549682353784666,0.0,-0.20681309358101596,-3.0414071571303847
Detroit,2023-02-25,8,False,0.0,6.753973900245806,-0.28150637865971473,0.4627799137223073,0.0,-0.2931918709281036,-1.9585329372563236
Detroit,2023-02-25,13,False,0.0,5.880147556659069,-1.9974402964754732,0.5332745371153327,0.0,-0.8883326402941165,-2.0459991120774026
Detroit,2023-03-04,4,False,0.0,4.367671330338398,0.7335061615472223,0.66596486521222,0.0,-0.8037929937429678,-3.605748110417828
Detroit,2023-03-04,8,False,0.0,5.192482849935823,0.08874752135570352,0.619961959919106,0.0,-0.9583290436079543,-2.5875036205203807
Detroit,2023-03-04,13,False,0.0,3.7396271566986563,-2.01652730425144,0.4735554779138701,0.0,-2.366562746837247,-3.253551144229701
Detroit,2023-03-11,4,False,0.0,3.1730326953100256,0.149544511177799,0.7401498542116243,0.0,-1.7565827590296301,-5.104823989313788
Detroit,2023-03-11,8,False,0.0,2.930898855630363,-1.5775554647061796,0.6566462428216964,0.0,-2.534581364019091,-4.6341364718689455
Detroit,2023-03-11,13,False,0.0,2.4466548426757764,-5.012280840374652,-0.046405719888610086,0.0,-4.353650261272767,-4.499331025434668
Detroit,2023-03-18,4,False,0.0,1.8355297534799617,-0.6472867795777515,-0.06747694489703471,0.0,-3.030081823225977,-8.985399220125304
Detroit,2023-03-18,8,False,0.0,1.5858630568440772,-3.9341003440285736,-0.8911836339904999,0.0,-4.504048881787186,-8.09247704561874
Detroit,2023-03-18,13,False,0.0,2.6448933623934248,-4.358822086439163,-0.8472175661622721,0.0,-3.5280450657166007,-3.2209068345405747
Detroit,2023-03-25,4,False,0.0,1.0768274758925966,-0.09471673702550465,-1.3224804815557754,0.0,-5.300784286861809,-15.348875091331799
Detroit,2023-03-25,8,False,0.0,1.661748985322738,-1.7323609490378509,-1.469590878648677,0.0,-3.8995888903574594,-6.844462938093218
Detroit,2023-03-25,13,False,0.0,3.3442498297740806,-1.5877701690908577,-0.8318880671749562,0.0,-2.5740480923166036,-1.8839117739753517
Detroit,2023-04-01,4,False,0.0,0.7064529971666779,-1.3470677705769547,-3.4517017978870177,0.0,-8.62238888421111,-22.556828223858606
Detroit,2023-04-01,8,False,0.0,2.2899793392978234,-1.1208516265616861,-1.2256180275721502,0.0,-2.60795685769438,-4.111731665687751
Detroit,2023-04-01,13,False,0.0,4.325597363820544,-0.9697594081443448,-0.6706888002219067,0.0,-1.8804732723692381,-0.89573860121013
Detroit,2023-04-08,4,False,0.0,1.7331004831125447,-1.3677310640574474,-1.67833178257477,0.0,-2.061815121614247,-7.439857831040003
Detroit,2023-04-08,8,False,0.0,3.5944022263733646,-1.1585598923894613,-0.7939074656513945,0.0,-1.0424996093414456,-1.7680507003888164
Detroit,2023-04-08,13,False,0.0,5.738532568609272,-1.0959069417562852,-0.4862142178298634,0.0,-1.0371466109772136,-0.15576886641934173
Detroit,2023-04-15,4,False,0.0,2.6045272405482995,0.18039130940710535,-0.9741777623391135,0.0,-0.8558656548393333,-4.189040373486018
Detroit,2023-04-15,8,False,0.0,4.334818364676344,0.1914962426615695,-0.5749251954216843,0.0,-0.7400019149907537,-1.102974526503032
Detroit,2023-04-15,13,False,0.0,6.3589340150149205,0.19784578046988932,-0.3836280693673415,0.0,-0.8792944325777654,-0.011454174665014305
Detroit,2023-04-22,4,False,0.0,2.771615805593829,0.765013234811351,-0.88414182690986,0.0,-0.6865286895094287,-3.70847301304825
Detroit,2023-04-22,8,False,0.0,4.419921670618085,0.8527129678221549,-0.5450228453815726,0.0,-0.8349691550318068,-1.012876143745713
Detroit,2023-04-22,13,False,0.0,6.4012230739331,0.8907523920327032,-0.36852682812037907,0.0,-0.9234849584752196,0.018654236491012277
Detroit,2023-04-29,4,False,0.0,2.94651143463971,0.6788726990500797,-0.7687383697321892,0.0,-0.4437270365690338,-3.2838192507963475
Detroit,2023-04-29,8,False,0.0,4.583643881983567,0.7671727946194749,-0.48583354417277214,0.0,-0.8358583426351527,-0.9098346778977819
Detroit,2023-04-29,13,False,0.0,6.565325833445821,0.8098746236119994,-0.33214470184094713,0.0,-0.8473642560241261,0.08549447408184219
Detroit,2023-05-06,4,False,0.0,1.8011442824173285,-0.497340202636241,-1.205486331016099,0.0,-1.670581396801404,-6.4329443213952695
Detroit,2023-05-06,8,False,0.0,3.6452541338515942,-0.16372403241014677,-0.5844530994797987,0.0,-1.4989751830394065,-1.4532101836819824
Detroit,2023-05-06,13,False,0.0,5.854358565042569,-0.02913195983556771,-0.35557012738084404,0.0,-1.1028692363074328,0.027791130575248513
Detroit,2023-05-13,4,False,0.0,1.8468907600183648,0.862549771056074,-1.168337513134428,0.0,-1.8277454296482585,-6.061912836091997
Detroit,2023-05-13,8,False,0.0,3.5619559014064093,0.8872761269873819,-0.5952032906834628,0.0,-1.5558779637105902,-1.4812482323544862
Detroit,2023-05-13,13,False,0.0,6.1863524375650165,0.805876324866996,-0.33337791967330244,0.0,-0.910057391800438,0.18012501252568391
Detroit,2023-05-20,4,False,0.0,1.983641486557474,0.8074186951782328,-1.1327316665643878,0.0,-1.9585517803244783,-5.3623345875185935
Detroit,2023-05-20,8,False,0.0,3.5620157105636876,0.8642587138247543,-0.6206459911459659,0.0,-1.5484959431163956,-1.4166843378760379
Detroit,2023-05-20,13,False,0.0,6.574730981464925,0.7149661507686564,-0.3257452041443434,0.0,-0.6822401006835397,0.311897928691967
Detroit,2023-05-27,4,False,0.0,2.380035330948216,0.5969093570615578,-0.8848729705525662,0.0,-1.6831442856216086,-4.029760468423273
Detroit,2023-05-27,8,False,0.0,3.8820049332749273,0.6457702688267084,-0.5341636213392198,0.0,-1.2649008976301523,-1.090115080876512
Detroit,2023-05-27,13,False,0.0,7.15087327329634,0.5181766559429426,-0.2801202008375274,0.0,-0.3908290023349672,0.43569027468316457
Detroit,2023-06-03,4,False,0.0,2.844677153624114,0.5158085611273676,-0.6996793194613176,0.0,-1.114712294245345,-2.9569052371043423
Detroit,2023-06-03,8,False,0.0,4.306743971173409,0.6006976571841487,-0.4551952282098053,0.0,-0.8469494417789807,-0.8002074773750243
Detroit,2023-06-03,13,False,0.0,7.628938703722501,0.5013646458833472,-0.24804885756426298,0.0,-0.1228272618508679,0.5264174545859421
Detroit,2023-06-10,4,False,0.0,1.9803357106217376,0.21248879555729838,-0.8779830601707499,0.0,-1.7061917085068234,-4.994644969891788
Detroit,2023-06-10,8,False,0.0,4.126720640650794,0.5060594188939096,-0.41210155899547285,0.0,-0.6882624442102165,-0.7642809256973888
Detroit,2023-06-10,13,False,0.0,7.181870068729958,0.7212289840955103,-0.22924877058179827,0.0,-0.03273798300119668,0.5289563148439089
Detroit,2023-06-17,4,False,0.0,1.6649014941919553,0.5873226186458966,-0.9737170128034542,0.0,-1.5379116031236095,-6.180198992439965
Detroit,2023-06-17,8,False,0.0,4.5267118719113455,0.7163104069790098,-0.34770566923026536,0.0,-0.15230544758787712,-0.45188794193116255
Detroit,2023-06-17,13,False,0.0,7.187690759377094,0.767508398386658,-0.21287709667179078,0.0,0.21231005951590498,0.5449360151075684
Detroit,2023-06-24,4,False,0.0,1.556188714645164,0.4962597754473761,-0.9814360444151162,0.0,-1.2031507089297402,-6.540045376179716
Detroit,2023-06-24,8,False,0.0,4.904671289104687,0.651841449690868,-0.30080505060627916,0.0,0.2408469929965621,-0.19788245907209978
Detroit,2023-06-24,13,False,0.0,7.117125611120098,0.7714387892734901,-0.20247288085366955,0.0,0.403867657742056,0.47382602092264303
Detroit,2023-07-01,4,False,0.0,1.868553025064288,0.5003400795611059,-0.6255612757077622,0.0,-1.1158404411424012,-5.064671111418484
Detroit,2023-07-01,8,False,0.0,5.39044356633174,0.6231025312148701,-0.2327654926600926,0.0,0.321336240191178,0.05058079148026029
Detroit,2023-07-01,13,False,0.0,7.074653984126912,0.7758684761504056,-0.18133236480097303,0.0,0.40813342211836223,0.3836762341012009
Detroit,2023-07-08,4,False,0.0,4.077976779579215,-0.3144071285843788,-0.33004607890979387,0.0,0.25139616142884635,-1.0992584330614896
Detroit,2023-07-08,8,False,0.0,7.060694502500393,-0.31528808310107914,-0.18469408937301335,0.0,0.6194472939067828,0.40714851300330357
Detroit,2023-07-08,13,False,0.0,8.39604755212973,-0.40781903475630843,-0.15308770717957043,0.0,0.6429118979425185,0.39803398557990033
Detroit,2023-07-15,4,False,0.0,5.089788686151992,0.47273677182016494,-0.2245418093502698,0.0,0.6879027972400364,-0.41418344246725014
Detroit,2023-07-15,8,False,0.0,7.1726958790077955,0.590909787112459,-0.15583942970006293,0.0,0.77966224951186,0.29944619412084816
Detroit,2023-07-15,13,False,0.0,8.256624502252029,0.757288444218269,-0.1338000299042148,0.0,0.7996663176294265,0.3513651051472245
Detroit,2023-07-22,4,False,0.0,5.090314966824441,0.8489787261390381,-0.19208694745882138,0.0,0.9100930550271911,-0.315307081647747
Detroit,2023-07-22,8,False,0.0,6.336059198302483,0.6501251287624921,-0.15229483627121554,0.0,0.8752845940886718,0.09658905551755681
Detroit,2023-07-22,13,False,0.0,7.263332017966238,0.2816819373297773,-0.13153688992547097,0.0,0.8748756326128939,0.2601868417564849
Detroit,2023-07-29,4,False,0.0,5.091906734234406,0.7858002256359339,-0.1861533998940108,0.0,0.9641391489420731,-0.41489633909409895
Detroit,2023-07-29,8,False,0.0,5.4732728141217475,0.4874877385297438,-0.17248673043121965,0.0,0.8495377276425731,-0.18060624320326002
Detroit,2023-07-29,13,False,0.0,6.347236595029579,0.1560229009865043,-0.14736151372426942,0.0,0.8387351903195464,0.13881496769996438
Detroit,2023-08-05,4,False,0.0,2.4672387207238407,-1.2879075078334896,-0.32977383141751004,0.0,0.5415250057496193,-2.426119388880106
Detroit,2023-08-05,8,False,0.0,2.5909675957835576,-3.635669345775888,-0.3136274668893433,0.0,0.29095913421104214,-1.775662961237407
Detroit,2023-08-05,13,False,0.0,3.577550507064749,-4.251768958181869,-0.22483774903270026,0.0,0.5169113453275869,-0.6220546656103039
Detroit,2023-08-12,4,False,0.0,1.1689956320388863,-1.3236663588031026,-0.6393386488525377,0.0,-0.446790737461076,-7.153209166673854
Detroit,2023-08-12,8,False,0.0,1.4291336366621932,-2.859999696502701,-0.521586534618369,0.0,-0.3751447470395266,-4.474719298153872
Detroit,2023-08-12,13,False,0.0,2.509469268157318,-2.2291280014455754,-0.2937860645101513,0.0,0.17783178755393836,-1.42024099869798
Detroit,2023-08-19,4,False,0.0,0.40173305413545146,-3.5988859046949155,-1.8061715345371083,0.0,-3.559753798170618,-24.388179957100384
Detroit,2023-08-19,8,False,0.0,0.8600762223575711,-2.5557741387068047,-0.8637485541387415,0.0,-0.8989634905742037,-8.504360098775534
Detroit,2023-08-19,13,False,0.0,2.0223921992249854,-0.943706773234964,-0.3668646194350915,0.0,-0.19155335220675296,-2.0857867765373546
Detroit,2023-08-26,4,True,0.8,0.7205926752982129,-3.2107346353764648,0.8213464741762525,-4.988732756242326,-1.818952047117783,-14.437405112472518
Detroit,2023-08-26,8,True,0.8,0.876245040068277,-3.519398840112361,-0.024413271676803516,-4.868484488338831,-0.706997687463859,-8.75617147473118
Detroit,2023-08-26,13,True,0.8,1.7392407816279005,-1.8768792243077268,-0.1475053434884006,-2.580607638103868,-0.6759458651566572,-2.859019227453428
Detroit,2023-09-02,4,False,0.0,0.2742983081637446,-4.0394414860758605,-1.0514029951561463,0.0,-1.8078252214147925,-37.01239094230684
Detroit,2023-09-02,8,False,0.0,1.2401747956512748,-1.8683062273986337,-0.3362875606267548,0.0,-0.09483969209298904,-5.127789768940441
Detroit,2023-09-02,13,False,0.0,2.078309917744142,-1.7805277895026328,-0.22322702982312603,0.0,-0.8456824420808413,-1.9244206273339572
Detroit,2023-09-09,4,False,0.0,0.9050671366112,-1.2235592910227187,-0.7275638674311964,0.0,0.5495734874013167,-9.496042101079423
Detroit,2023-09-09,8,False,0.0,2.050419411164141,-0.9565089814106569,-0.3174390471806403,0.0,-0.04554773132515599,-2.2365666267739823
Detroit,2023-09-09,13,False,0.0,2.4184250084561265,-1.2592142645148714,-0.26660824076386835,0.0,-1.0992685113694276,-1.3894466906875795
Detroit,2023-09-16,4,False,0.0,1.0701489709321734,0.6275503698514885,-0.5629772751668141,0.0,0.1730403588963938,-7.60809244440561
Detroit,2023-09-16,8,False,0.0,2.2549776872072163,0.5952288102464154,-0.26397338951692784,0.0,-0.32557104888918076,-1.807205848265049
Detroit,2023-09-16,13,False,0.0,2.370573523424332,0.27600482463201403,-0.1880740529652123,0.0,-1.515415234349088,-1.7110708984774834
Detroit,2023-09-23,4,False,0.0,1.6074433986633923,0.145608903708479,-0.32487291510965677,0.0,-0.07394844587478633,-4.343164683826814
Detroit,2023-09-23,8,False,0.0,2.718490076930075,0.15211119759319947,-0.18992822096032103,0.0,-0.5222363502092744,-1.1658592377238177
Detroit,2023-09-23,13,False,0.0,2.7401631683405614,0.04342540758702851,-0.10400449512863497,0.0,-1.5500711760353898,-1.6831037709949688
Detroit,2023-09-30,4,False,0.0,1.6573030035671148,0.8246164150436475,-0.28066788761660355,0.0,-0.45543099204330906,-4.062838643405842
Detroit,2023-09-30,8,False,0.0,2.486156052393562,0.8048614223274437,-0.18551986530597353,0.0,-1.0026250185152605,-1.4579487706641219
Detroit,2023-09-30,13,False,0.0,3.2589930344982525,-0.3273459202892086,-0.051090854270652075,0.0,-1.3121610635925682,-1.7251498798315321
Detroit,2023-10-07,4,False,0.0,1.3386162264502641,0.3423131798018759,-0.2584842986867073,0.0,-0.8455656562953662,-5.353708467864272
Detroit,2023-10-07,8,False,0.0,1.6225988454089113,-0.46154130954433015,-0.2126313190295337,0.0,-2.1921607150978173,-3.187020071429064
Detroit,2023-10-07,13,False,0.0,4.083024010019027,-1.1296922613629814,-0.016314555376690132,0.0,-0.6675004631877974,-1.6529502660167354
Detroit,2023-10-14,4,False,0.0,1.4781389905510904,0.7610127229062542,-0.1608156845103812,0.0,-0.9852831627396976,-4.573051608773477
Detroit,2023-10-14,8,False,0.0,1.5383838052577548,-0.03128570666143782,-0.0790575233041253,0.0,-2.6623753006918376,-3.942808932058395
Detroit,2023-10-14,13,False,0.0,5.472056331304501,-0.4024204381583789,0.005276400135568293,0.0,-0.20038908536453426,-1.3717518665834452
Detroit,2023-10-21,4,False,0.0,1.383649152672209,0.8944879190768531,-0.2023320175530663,0.0,-1.3890184401600236,-4.931672702135314
Detroit,2023-10-21,8,False,0.0,1.96364045807377,-0.5741018423161139,-0.033303781009428546,0.0,-1.937943765798495,-3.5610794497348826
Detroit,2023-10-21,13,False,0.0,7.223286690393133,-0.4880540544887009,0.011908373521577142,0.0,0.17079315656829486,-1.124729172011902
Detroit,2023-10-28,4,False,0.0,0.8815271980333349,0.25862169742658614,-0.34675897470800576,0.0,-2.936011846994036,-8.841179145543267
Detroit,2023-10-28,8,False,0.0,2.938563623405416,-0.5981102156532794,0.003083960625361648,0.0,-0.9161502322874444,-2.659931286178144
Detroit,2023-10-28,13,False,0.0,9.166875399554554,-0.4193260379378603,0.016023360915671137,0.0,0.43121526878918226,-0.9399704830967339
Detroit,2023-11-04,4,False,0.0,0.9617008661861114,-1.4467331460376411,0.002407492530452693,0.0,-2.655458329770996,-9.371081395224317
Detroit,2023-11-04,8,False,0.0,4.894277728737903,-0.6982460777078421,0.027002465107475837,0.0,-0.027819966239714944,-1.7333837458875019
Detroit,2023-11-04,13,False,0.0,11.620369611423968,-0.5229709631746466,0.016750630087517204,0.0,0.6443192110322915,-0.7636230731011648
Detroit,2023-11-11,4,False,0.0,2.174334287141277,-0.4966702337021134,0.05174648282669925,0.0,-0.5849709393387146,-4.395092536542645
Detroit,2023-11-11,8,False,0.0,7.4094933457046235,-0.29885479864926423,0.02398495820750446,0.0,0.46700176014201467,-1.1964814110144868
Detroit,2023-11-11,13,False,0.0,14.126351204314805,-0.2667651344103976,0.015073739045874501,0.0,0.7781760635592232,-0.6399435894373247
Detroit,2023-11-18,4,False,0.0,4.207821511625251,-0.11624283431073223,0.05229071363556137,0.0,0.3742954834960972,-2.3374908572606743
Detroit,2023-11-18,8,False,0.0,10.280376298669129,-0.09233943586974402,0.022650134700064828,0.0,0.7360425981594177,-0.8897409515524717
Detroit,2023-11-18,13,False,0.0,16.544257796179203,-0.09531677185513843,0.014873910131943724,0.0,0.8827977448064033,-0.5541008090604111
Detroit,2023-11-25,4,False,0.0,5.15367101584572,0.6361323011804274,0.02663704276506973,0.0,0.5371917735155924,-1.9902989703278977
Detroit,2023-11-25,8,False,0.0,11.734507326960884,0.5465659318036091,0.012430846935514883,0.0,0.801816034651698,-0.8150939444471823
Detroit,2023-11-25,13,False,0.0,17.29173880594143,0.610649158343993,0.00885537625759425,0.0,0.8887912283333053,-0.5471906684957608
Detroit,2023-12-02,4,False,0.0,6.53826410746919,0.6288078129299244,0.024387356293791074,0.0,0.8867258126979516,-1.6566259276057167
Detroit,2023-12-02,8,False,0.0,12.749928041029012,0.6242456981853337,0.013235187743546484,0.0,0.827790408015358,-0.7814290980962642
Detroit,2023-12-02,13,False,0.0,17.63053212668338,0.7365608460910178,0.00998564696303006,0.0,0.8782836899754148,-0.5542470838817615
Detroit,2023-12-09,4,False,0.0,7.451219739936657,0.7915279402553628,0.024247674949074094,0.0,0.5895698577690389,-1.5454667590882045
Detroit,2023-12-09,8,False,0.0,12.926679159555995,0.8678545148819696,0.014689117678866936,0.0,0.6979501299935813,-0.8073904177095703
Detroit,2023-12-09,13,False,0.0,17.006165557539397,0.8052937110213836,0.011568804108690989,0.0,0.8070577876654379,-0.596443479759925
Detroit,2023-12-16,4,False,0.0,7.98221661911495,0.8759680984103648,0.02173910429364656,0.0,0.4340115641816251,-1.5368207120486073
Detroit,2023-12-16,8,False,0.0,12.429640088100255,0.8388589423679566,0.014535674332247783,0.0,0.5996142096285879,-0.880809260088719
Detroit,2023-12-16,13,False,0.0,15.654420342117255,0.585026276984879,0.011872390218166995,0.0,0.7580494112196661,-0.6733470846819076
Detroit,2023-12-23,4,False,0.0,8.574302394978202,0.7743852855662134,0.030284666857175346,0.0,0.30970373193125356,-1.5087587366434798
Detroit,2023-12-23,8,False,0.0,11.909970627086677,0.797914996466978,0.02247256474269166,0.0,0.534547129368353,-0.9575812612580901
Detroit,2023-12-23,13,False,0.0,14.293250347799258,0.5397348195771874,0.0191242376598334,0.0,0.7127709423207826,-0.761420931577222
Detroit,2023-12-30,4,False,0.0,6.3937515265162945,0.26938652947524144,0.08563656458188307,0.0,0.18985604098992848,-2.148506035528716
Detroit,2023-12-30,8,False,0.0,9.099381007648683,-0.25885187752265115,0.06170342981504251,0.0,0.5446310615053291,-1.3266629312449525
Detroit,2023-12-30,13,False,0.0,10.786884735607858,-1.0097241877990792,0.05285562116842424,0.0,0.658362362584239,-1.0605595537595462
Detroit,2024-01-06,4,False,0.0,5.053852387711576,0.41105523582878234,0.12689047882124582,0.0,0.5904154724755599,-2.8399627325158154
Detroit,2024-01-06,8,False,0.0,7.237036114617604,-0.048379828296732486,0.0904531443677895,0.0,0.7284702225932368,-1.7343092559713091
Detroit,2024-01-06,13,False,0.0,8.40398816742549,-0.7704936947762151,0.07874072952037559,0.0,0.655135014376157,-1.4083588011854258
Detroit,2024-01-13,4,False,0.0,3.4305206229308896,-0.16548713707256812,0.22683837708434107,0.0,0.7144389904784986,-4.353997566533844
Detroit,2024-01-13,8,False,0.0,5.160886385961951,-0.6441832573803505,0.153305520799496,0.0,0.5332900843613585,-2.5135061623678205
Detroit,2024-01-13,13,False,0.0,5.942919798125586,-1.593587045088495,0.13412197001993376,0.0,0.41307332336499336,-2.0507950269702153
Detroit,2024-01-20,4,False,0.0,2.422818910522102,-0.11704176753517892,0.286305176897366,0.0,0.47081734367536954,-6.340022726267997
Detroit,2024-01-20,8,False,0.0,3.7459064151888453,-0.49839102163352567,0.20438024570199764,0.0,0.12639745419311377,-3.5350407684664225
Detroit,2024-01-20,13,False,0.0,4.232330289739437,-1.4484304061151665,0.18738453141594824,0.0,0.03653821335208696,-2.9308153391374336
Detroit,2024-01-27,4,False,0.0,2.926938386705661,0.5125466738985204,0.32082028688310127,0.0,0.28300694592983544,-5.320948526262062
Detroit,2024-01-27,8,False,0.0,3.6688275771724346,0.6817719386589405,0.257790692879341,0.0,-0.11122892880033652,-3.626725147928682
Detroit,2024-01-27,13,False,0.0,3.7694861258786556,0.5393837047769017,0.25115039499819913,0.0,-0.19505783407530863,-3.2886991575332054
Detroit,2024-02-03,4,False,0.0,2.2764017577907434,0.42733344230665526,0.43661999143869135,0.0,-0.5941861751085484,-6.972596820634746
Detroit,2024-02-03,8,False,0.0,2.61247926374898,-0.4749140062293049,0.3817019842016133,0.0,-0.9541643554780901,-5.168637352841318
Detroit,2024-02-03,13,False,0.0,2.489390399097933,-2.1477636420277824,0.2826351714842714,0.0,-1.1108895796479104,-4.847043384844592
Detroit,2024-02-10,4,False,0.0,1.6001946177024808,0.13742489999578433,0.6047540738478748,0.0,-1.0351571769896433,-10.043612684643195
Detroit,2024-02-10,8,False,0.0,1.737852811117585,-1.0886173072798333,0.6129090128811867,0.0,-1.3276483727455037,-7.866080859429879
Detroit,2024-02-10,13,False,0.0,2.0785941510137653,-2.6708047106002146,0.2786539093869844,0.0,-0.9422723639516757,-5.228749170091232
Detroit,2024-02-17,4,False,0.0,1.0616836455834846,0.12004201828053973,0.8493584505564139,0.0,-1.23138024126844,-15.228727869409312
Detroit,2024-02-17,8,False,0.0,1.109346760505406,-1.1921445371524495,0.7970587315410022,0.0,-1.2894054875006096,-12.406551647097887
Detroit,2024-02-17,13,False,0.0,2.3163164451654654,-1.6732638311546437,0.07378819534065939,0.0,-0.10139954143257501,-3.924073479887327
Detroit,2024-02-24,4,False,0.0,0.27177191686863134,-6.4191951506757805,-2.8331541297117346,0.0,-9.297522189933,-59.232838956327555
Detroit,2024-02-24,8,False,0.0,0.3763754701148945,-8.750828981850699,-1.5996995092401756,0.0,-5.235721968997543,-36.253378892495796
Detroit,2024-02-24,13,False,0.0,2.9595242623865574,-1.8170935188793584,-0.26571784318112956,0.0,0.1519819471505226,-2.2291654721524226
Detroit,2024-03-02,4,False,0.0,0.27470027856796375,-3.5581383981206285,-4.022743102557264,0.0,-7.1414808987539296,-57.568946255907086
Detroit,2024-03-02,8,False,0.0,0.6804298209373512,-2.4793712442905855,-1.5084465442148236,0.0,-1.382336101173455,-18.36284801579672
Detroit,2024-03-02,13,False,0.0,4.073810977033469,-0.6286808631292427,-0.25161763371705415,0.0,0.5454600464927225,-0.9570892321308115
Detroit,2024-03-09,4,False,0.0,0.34610683784228247,-0.15997180865174232,-2.5385535298307986,0.0,-2.0381213222981422,-46.08310118332422
Detroit,2024-03-09,8,False,0.0,1.3231800791268278,0.06327420708298892,-0.7507000221061424,0.0,0.48816770534436316,-8.341126700553051
Detroit,2024-03-09,13,False,0.0,5.267337899294282,0.04829676947479511,-0.189271734575027,0.0,0.8198259865909892,-0.2421918029833381
Detroit,2024-03-16,4,False,0.0,0.40290456697416843,-1.2621635230503006,-1.0386886669528055,0.0,-0.8395637910773517,-40.109242694175634
Detroit,2024-03-16,8,False,0.0,2.129247005193449,0.1653177689424674,-0.33234050476247634,0.0,0.6122004881362002,-4.392572394085574
Detroit,2024-03-16,13,False,0.0,6.578079415190688,0.1728833355518542,-0.1185154778814912,0.0,0.8974421549171525,0.23185743384399438
Detroit,2024-03-23,4,False,0.0,0.6310860082655916,-1.3413276899390785,0.2198759006354134,0.0,-1.3595604251249962,-25.57337734693834
Detroit,2024-03-23,8,False,0.0,3.1857429060883042,0.2213480243771101,-0.13153422172397033,0.0,0.624909153344013,-2.26206493986553
Detroit,2024-03-23,13,False,0.0,7.905119683460694,0.2215394515643878,-0.07524811914512375,0.0,0.8846894014203053,0.5476679362971699
Detroit,2024-03-30,4,False,0.0,1.10806108299481,-1.4261917767460197,-0.7904320086649734,0.0,0.3210826887545205,-12.653284798292825
Detroit,2024-03-30,8,False,0.0,4.848429304665302,-0.5933231017452956,-0.187941789578703,0.0,0.8558081938576776,-0.6528903073622012
Detroit,2024-03-30,13,False,0.0,9.869670691529056,-0.4268458684753713,-0.08994513505034152,0.0,0.9378814907991323,0.8586496678585522
Detroit,2024-04-06,4,False,0.0,2.693733803756972,-0.2879906654422706,-0.3421884019607131,0.0,0.8411567695501572,-3.8639197341188334
Detroit,2024-04-06,8,False,0.0,6.760712156296436,-0.19430909202860325,-0.1306428528499457,0.0,0.8450342993094879,0.14334639300926189
Detroit,2024-04-06,13,False,0.0,11.600788252980838,-0.1637976838324362,-0.07218385073142453,0.0,0.8968964178769512,0.7866321286278183
Detroit,2024-04-13,4,False,0.0,4.070165571719353,0.24334580727536648,-0.1997357135607316,0.0,0.8467192594680204,-1.7864031391870103
Detroit,2024-04-13,8,False,0.0,8.355310515483211,0.20123748265992125,-0.09295201663607355,0.0,0.8563015717504379,0.48626047420472673
Detroit,2024-04-13,13,False,0.0,12.592928772102397,0.19605613071835215,-0.05882120653809042,0.0,0.8683780285489707,0.6625002284548742
Detroit,2024-04-20,4,False,0.0,5.586700485476836,0.31482730558533456,-0.13818348782180334,0.0,0.746394697857224,-0.6878138013276394
Detroit,2024-04-20,8,False,0.0,9.94151482803131,0.29878706603054084,-0.07407138009117298,0.0,0.8228763535372803,0.6277105615853396
Detroit,2024-04-20,13,False,0.0,13.349904038325214,0.33143879779906715,-0.053072466004308705,0.0,0.8201944504362753,0.5856328900256615
Detroit,2024-04-27,4,False,0.0,5.654138943113784,0.9108557005774424,-0.13429557605141262,0.0,0.7662498715291671,-0.5698146296129347
Detroit,2024-04-27,8,False,0.0,10.070304037957998,0.8631958161865559,-0.07187301655309675,0.0,0.8711326909941137,0.6733382007437895
Detroit,2024-04-27,13,False,0.0,12.75635065330351,0.8127971951283881,-0.05504434461531238,0.0,0.7880622221670723,0.5612366629647951
Detroit,2024-05-04,4,False,0.0,5.378790962273831,0.9349364014412396,-0.14217240683175025,0.0,0.8201178181415473,-0.5509020767804254
Detroit,2024-05-04,8,False,0.0,9.86343825502484,0.9426973737597333,-0.07385572177618882,0.0,0.9207897548318136,0.6972513407090369
Detroit,2024-05-04,13,False,0.0,12.049258029260866,0.7426682893097427,-0.05899167016230589,0.0,0.74692997891188,0.563886926937595
Detroit,2024-05-11,4,False,0.0,5.8663780418310925,0.7788081602267143,-0.11009897810900338,0.0,0.8434651260676496,-0.3042851158823596
Detroit,2024-05-11,8,False,0.0,9.693634211560626,0.7873009242537912,-0.06392052051132313,0.0,0.8955264403131014,0.5877625422728077
Detroit,2024-05-11,13,False,0.0,11.811051938551593,0.7938661839271142,-0.051231155125198935,0.0,0.7056268040219151,0.5941628929209446
Detroit,2024-05-18,4,False,0.0,5.836310161673651,0.8892609743841422,-0.10609744274684774,0.0,0.9384070390522778,-0.15549080721901687
Detroit,2024-05-18,8,False,0.0,8.356343290250685,0.6931006145434446,-0.07211837767795881,0.0,0.7885504429938999,0.3963321047966132
Detroit,2024-05-18,13,False,0.0,10.8497018120203,0.5058361108624985,-0.05403371273807389,0.0,0.6288634912585079,0.6366294037641268
Detroit,2024-05-25,4,False,0.0,6.0984231362802035,0.8076162447701477,-0.09035740872861475,0.0,0.9320727962462588,0.053332513393946956
Detroit,2024-05-25,8,False,0.0,7.361306880318044,0.5982107737106486,-0.07384922353383283,0.0,0.5899103079319377,0.18433669502531425
Detroit,2024-05-25,13,False,0.0,10.274074299258247,0.613462414832018,-0.05124879782633429,0.0,0.5510406914224177,0.6935376346327137
Detroit,2024-06-01,4,False,0.0,6.550557697149942,0.6413862944643329,-0.0756848079103134,0.0,0.9243826561753686,0.11555280677818935
Detroit,2024-06-01,8,False,0.0,6.706808829379909,0.518382404447866,-0.07379794979209775,0.0,0.4473493478794722,-0.008206440183518904
Detroit,2024-06-01,13,False,0.0,9.957272150266606,0.7336452080450565,-0.04797539305493381,0.0,0.552644520525271,0.7356225810622397
Detroit,2024-06-08,4,False,0.0,4.461288114287205,0.2791195172304872,-0.07725835711870777,0.0,0.7084144045718809,-0.6914368538598294
Detroit,2024-06-08,8,False,0.0,4.772484051011563,-0.8207578196319694,-0.07198538446230196,0.0,0.11555376411214002,-0.4052790922049667
Detroit,2024-06-08,13,False,0.0,8.166305209003037,-0.41474878679999216,-0.04056979461141119,0.0,0.4720654427954035,0.7263066066542643
Detroit,2024-06-15,4,False,0.0,1.3685512475445705,-4.712656561426199,-0.09288871862720716,0.0,-0.8102877895652674,-6.269780652655663
Detroit,2024-06-15,8,False,0.0,2.701213985293701,-3.650732550711976,-0.06996467880382684,0.0,-0.6696055661666147,-1.522574326126981
Detroit,2024-06-15,13,False,0.0,6.053452101273014,-1.6786869110342773,-0.03392468914380964,0.0,0.2929074953105061,0.6190871971095042
Detroit,2024-06-22,4,False,0.0,1.4424285321010568,-2.1893053692042432,0.07507936633958956,0.0,-1.3487212864160671,-6.934869896427213
Detroit,2024-06-22,8,False,0.0,3.256280750118351,-0.28699176315267416,-0.014057413833962418,0.0,-0.1699221401616411,-0.9870798827139093
Detroit,2024-06-22,13,False,0.0,6.174327541521145,0.37845724163055416,-0.01625419873775269,0.0,0.4814909796051252,0.6039582716166054
Detroit,2024-06-29,4,False,0.0,2.0530248544843883,-1.2472898583425303,0.13181293073029055,0.0,-1.417994727319738,-4.997729170529297
Detroit,2024-06-29,8,False,0.0,4.237869143584392,0.3308857746773174,0.0026517119244392484,0.0,-0.044009548621790406,-0.39531215836850997
Detroit,2024-06-29,13,False,0.0,6.6481597703375614,0.7019223900833753,-0.012689213037349933,0.0,0.44592787281321977,0.5949202303480456
Detroit,2024-07-06,4,False,0.0,2.196539434119515,-1.7074931578328063,-0.027193235975020436,0.0,-1.0251928532514891,-3.1043135862382414
Detroit,2024-07-06,8,False,0.0,5.967573343665741,-1.2604516514441708,-0.02967318269374286,0.0,0.46880426537907616,0.548071779333144
Detroit,2024-07-06,13,False,0.0,8.620436578401852,-1.3618430287116463,-0.025322106539709566,0.0,0.7311118546285111,0.675972850124713
Detroit,2024-07-13,4,False,0.0,5.194710438743293,-0.7767929976169445,-0.07048072423850038,0.0,0.7983533337225943,0.030607834328173267
Detroit,2024-07-13,8,False,0.0,8.7010433143481,-0.7970615130986232,-0.04052225614888383,0.0,0.7437723813360915,0.6527436618362501
Detroit,2024-07-13,13,False,0.0,11.08436113211519,-0.9449570487356385,-0.0309789447348936,0.0,0.6978122581100668,0.6104990917435176
Detroit,2024-07-20,4,False,0.0,6.1457934366503295,0.5507847525858105,-0.04782757173320351,0.0,0.4204199070129101,0.3640043677267587
Detroit,2024-07-20,8,False,0.0,8.877557652614135,0.6637363174218449,-0.03214655206221306,0.0,0.5012602291179385,0.5900502759455268
Detroit,2024-07-20,13,False,0.0,10.882523664932563,0.7956356623816663,-0.025646954878236095,0.0,0.4858439469104715,0.5816028870927861
Detroit,2024-07-27,4,False,0.0,6.73205983455982,0.624690532165967,-0.041963315889841146,0.0,0.4357124712214687,0.3496205480540384
Detroit,2024-07-27,8,False,0.0,8.59822017682179,0.7906298163661085,-0.032198190890817324,0.0,0.49805972116484964,0.5209982168671269
Detroit,2024-07-27,13,False,0.0,10.2345063668338,0.718604623093879,-0.026566106122762223,0.0,0.45730180180209556,0.5540558406722538
Detroit,2024-08-03,4,False,0.0,4.706575363776344,0.14310201588760552,-0.050570994153011695,0.0,0.4540322044788372,-0.011981431640335272
Detroit,2024-08-03,8,False,0.0,6.1626351175572625,-0.5073623992721261,-0.038032329133722564,0.0,0.5063839054228892,0.4008751538446652
Detroit,2024-08-03,13,False,0.0,7.466077781451095,-1.1689385029274817,-0.030956512965577332,0.0,0.4187320655388733,0.5175276570536818
Detroit,2024-08-10,4,False,0.0,3.3173921210280928,0.15051203594440443,-0.06856687044143128,0.0,0.5230030957429903,-0.6366125891504102
Detroit,2024-08-10,8,False,0.0,4.647742067098401,-0.3317440043211173,-0.048267159708094365,0.0,0.5119307936278661,0.2173518109044139
Detroit,2024-08-10,13,False,0.0,5.5424394235958205,-1.012717772426131,-0.04009576929282099,0.0,0.35921537792287617,0.38151026158876533
Detroit,2024-08-17,4,False,0.0,2.3639704462178344,0.1731352956679333,-0.09224771039948854,0.0,0.5628430458227036,-1.557587407161391
Detroit,2024-08-17,8,False,0.0,3.657987353447906,-0.08510994170989106,-0.05882487912160639,0.0,0.4511575071086281,-0.025146188532614078
Detroit,2024-08-17,13,False,0.0,4.118050475123438,-0.8741276066119699,-0.052003517316763226,0.0,0.2093603646294092,0.10920895559335386
Detroit,2024-08-24,4,False,0.0,1.3114262888029364,-0.9999190805422327,-0.11702405446746145,0.0,0.4986481421575951,-4.028951504301836
Detroit,2024-08-24,8,False,0.0,2.612770590789635,-0.6623580791545745,-0.05796327094343412,0.0,0.263500409500838,-0.5501863036297543
Detroit,2024-08-24,13,False,0.0,2.642742283974841,-2.113610175480395,-0.05728826540025467,0.0,-0.20180880539045187,-0.5574533768402947
Detroit,2024-08-31,4,False,0.0,1.402343362908611,0.8565152798404404,-0.11908538238555377,0.0,0.27501395892464064,-3.5462330595425673
Detroit,2024-08-31,8,False,0.0,2.4975446254376297,0.8443505660261105,-0.06612238674484505,0.0,0.03152358148132317,-0.6238217908560681
Detroit,2024-08-31,13,False,0.0,2.215216206577297,-0.01310082754174191,-0.0630025612081242,0.0,-0.6613510599531089,-1.20273242385466
Detroit,2024-09-07,4,False,0.0,1.7860990064176165,0.5341476747993665,-0.1145411327210002,0.0,0.19350132301336076,-2.29409128836075
Detroit,2024-09-07,8,False,0.0,2.4335125978959664,0.6529993569340964,-0.0835143513108787,0.0,-0.11963708507349313,-0.7215911753303914
Detroit,2024-09-07,13,False,0.0,2.192380105119679,-0.09931578722027368,-0.06369447449533072,0.0,-0.8579204978503918,-1.642346913383813
Detroit,2024-09-14,4,False,0.0,1.8584805898262995,0.8047584313426057,-0.10523496191497328,0.0,0.06390225132415106,-2.0651454501352453
Detroit,2024-09-14,8,False,0.0,1.9697352344615213,0.43392365521441134,-0.09917851983696968,0.0,-0.4248822827972252,-1.4206412146138847
Detroit,2024-09-14,13,False,0.0,2.3745969090890147,-0.8879006993807941,-0.03028485359662958,0.0,-0.8067438290221347,-1.9120724320465876
Detroit,2024-09-21,4,False,0.0,1.8075570677496136,0.7334739075604801,-0.11180005716792185,0.0,-0.13552852658485848,-2.145955007572233
Detroit,2024-09-21,8,False,0.0,1.4139068508873587,-0.1530373155713416,-0.1230641602244491,0.0,-1.0675156695397776,-2.870954156157844
Detroit,2024-09-21,13,False,0.0,3.0143650379012734,-0.9076454305510633,-0.007798957910727378,0.0,-0.4844340184043445,-1.7599556445222717
Detroit,2024-09-28,4,False,0.0,1.0069133615592565,-0.5397976223063594,-0.27788450710684764,0.0,-0.8539217550504639,-5.300521504098908
Detroit,2024-09-28,8,False,0.0,1.0128805013718445,-3.5324925575606727,-0.06693780394271398,0.0,-1.5773649032727182,-5.405429814646197
Detroit,2024-09-28,13,False,0.0,4.204732465442363,-1.666429978373868,0.018339349423871387,0.0,0.00017978261221651692,-1.4214740669507528
Detroit,2024-10-05,4,False,0.0,0.25574371989999006,-7.787687133089824,-0.49073451402139034,0.0,-3.295186830118043,-27.47608619281638
Detroit,2024-10-05,8,False,0.0,1.5969791229758872,-2.496546755742829,0.042018613034479846,0.0,-0.24074731656790038,-3.90368936761406
Detroit,2024-10-05,13,False,0.0,6.099168759477917,-1.1069197691485337,0.024796665920593486,0.0,0.4906784902871846,-1.0477715145221436
Detroit,2024-10-12,4,False,0.0,0.694797587838107,-1.0387685886545128,0.254063363280437,0.0,-0.021350437895728547,-10.493863852458786
Detroit,2024-10-12,8,False,0.0,2.7031711954391016,-0.49353220523224306,0.08173911031761516,0.0,0.2913504912399172,-2.3747401715276304
Detroit,2024-10-12,13,False,0.0,8.176312160128273,-0.27369728889964673,0.03057097258676833,0.0,0.6672749449889943,-0.8054084688125933
Detroit,2024-10-19,4,False,0.0,1.141510358880864,0.2472616518754508,0.1847813541182508,0.0,0.3472108206434802,-6.462436290782891
Detroit,2024-10-19,8,False,0.0,3.810822522553803,0.13896663787094443,0.06844651855047523,0.0,0.4042979764689839,-1.7219553619143424
Detroit,2024-10-19,13,False,0.0,10.03276274190575,0.0894125773044866,0.02942304244682392,0.0,0.7391845371929002,-0.6752737673057219
Detroit,2024-10-26,4,False,0.0,1.7870674186193862,0.1799840410428425,0.16642729394677058,0.0,0.6648810388100179,-4.183369939301616
Detroit,2024-10-26,8,False,0.0,5.311140300716407,0.11450911476387116,0.05793745682501439,0.0,0.5761138669607279,-1.269258776789162
Detroit,2024-10-26,13,False,0.0,11.901352924911073,0.08645427515202886,0.027473367139593252,0.0,0.8025155366866696,-0.5833727659175687
Detroit,2024-11-02,4,False,0.0,2.3860962016211817,0.6199984334077543,0.1520052998131992,0.0,0.4742178745187099,-3.2262737518752127
Detroit,2024-11-02,8,False,0.0,6.661234193897981,0.42390928441405995,0.05672279170129246,0.0,0.577850168592415,-1.051663011999524
Detroit,2024-11-02,13,False,0.0,13.300010195206488,0.3579205403208452,0.030177528609273363,0.0,0.8129992811311383,-0.538446996006269
Detroit,2024-11-09,4,False,0.0,3.0528760209306345,0.658501491892564,0.13681621988110182,0.0,0.3357861751128445,-2.611236979750103
Detroit,2024-11-09,8,False,0.0,8.181423199212079,0.4778287182170682,0.0535932964536634,0.0,0.6360164587080652,-0.8962981882855703
Detroit,2024-11-09,13,False,0.0,14.57923756690796,0.44954824295831053,0.03185354361335424,0.0,0.83106632083648,-0.5085649106806083
Detroit,2024-11-16,4,False,0.0,4.144611188320625,0.4689169325407999,0.10243684436768141,0.0,0.4162737358812154,-1.9943170955486145
Detroit,2024-11-16,8,False,0.0,10.048925345897617,0.37542404564445264,0.04464464454068706,0.0,0.7387841327909892,-0.7632036601064225
Detroit,2024-11-16,13,False,0.0,16.062579045278916,0.3897632689880324,0.02945643077391147,0.0,0.8717769761488102,-0.4778451993689221
Detroit,2024-11-23,4,False,0.0,5.581041430775496,0.4510917528081754,0.07646339058511942,0.0,0.6893519213267234,-1.5494463285680893
Detroit,2024-11-23,8,False,0.0,11.744613794084609,0.41640295236423475,0.03845658499543825,0.0,0.8287101220744824,-0.6820917352801634
Detroit,2024-11-23,13,False,0.0,17.415285865128403,0.4636402163778891,0.027250651458337605,0.0,0.9228828858758811,-0.4579360553052574
Detroit,2024-11-30,4,False,0.0,5.9089746288421665,0.9241778018592153,0.0652220544390616,0.0,0.8071340988296625,-1.5656248140291198
Detroit,2024-11-30,8,False,0.0,11.790173532377914,0.9176013369537701,0.03450303268115973,0.0,0.8388642416517139,-0.7192845106970815
Detroit,2024-11-30,13,False,0.0,17.231619729341638,0.861012950179005,0.02475668552192478,0.0,0.904775559425984,-0.48998863712392793
Detroit,2024-12-07,4,False,0.0,7.045236438353256,0.717739369315954,0.051772853634635796,0.0,0.7211978951227894,-1.3994084107196323
Detroit,2024-12-07,8,False,0.0,12.093910138731635,0.7956031764649301,0.0315824350411521,0.0,0.8128310013679849,-0.734300378538917
Detroit,2024-12-07,13,False,0.0,17.301862342703984,0.888940386333147,0.023101617295492205,0.0,0.8740962775072592,-0.5109827143876919
Detroit,2024-12-14,4,False,0.0,7.981301685431975,0.750948528389084,0.04440419794959394,0.0,0.6156685324102646,-1.3187038668972475
Detroit,2024-12-14,8,False,0.0,11.988959004107258,0.8535619016821445,0.030657937259552237,0.0,0.7431324393628274,-0.7791134326845877
Detroit,2024-12-14,13,False,0.0,16.705983362363032,0.8045459411898205,0.022928216629490406,0.0,0.8400983149608592,-0.5534720276756182
Detroit,2024-12-21,4,False,0.0,7.532165524135989,0.8908293013054562,0.03398983068308348,0.0,0.521587165293629,-1.4933237360201637
Detroit,2024-12-21,8,False,0.0,10.847931746289765,0.5620257042755161,0.024328263717772636,0.0,0.7145269063521518,-0.916834859099408
Detroit,2024-12-21,13,False,0.0,14.713348950056442,0.2812894587118864,0.018562347058181827,0.0,0.8228657994192222,-0.6600578053950872
Detroit,2024-12-28,4,False,0.0,6.563787964176862,0.7484191593027559,0.04023237051414852,0.0,0.33159279978660594,-1.803547945871836
Detroit,2024-12-28,8,False,0.0,9.785438512527634,0.4740967121982115,0.027802571367324114,0.0,0.6200190460143714,-1.0779973807055732
Detroit,2024-12-28,13,False,0.0,12.532196052668395,0.11027988773505815,0.022252055246300695,0.0,0.7517878993663502,-0.8058460481917455
Detroit,2025-01-04,4,False,0.0,4.3772950813355544,-0.09853511589805697,0.0695163051815213,0.0,0.6911356836366522,-2.853020147862503
Detroit,2025-01-04,8,False,0.0,7.834856645920452,-0.2107055205262418,0.04012495681698458,0.0,0.8846588254857394,-1.4314975227614726
Detroit,2025-01-04,13,False,0.0,9.307007064702482,-0.9198507614270057,0.03423926448678549,0.0,0.8155162523496231,-1.1272698336690063
Detroit,2025-01-11,4,False,0.0,2.7117579468663466,-0.7139070373965488,0.11176260284371364,0.0,0.82824149882532,-4.832681571843326
Detroit,2025-01-11,8,False,0.0,6.2865533956192365,-0.20729836113995792,0.04988764260712297,0.0,0.8894955264420421,-1.8687310885697608
Detroit,2025-01-11,13,False,0.0,6.489454289108118,-1.292710591967889,0.048420100943106226,0.0,0.5898136744447062,-1.6553630656121237
Detroit,2025-01-18,4,False,0.0,2.7619628374615903,0.6733331001433049,0.09296716856361276,0.0,0.758635077289974,-4.922847646630219
Detroit,2025-01-18,8,False,0.0,5.963692827988843,0.821011025840633,0.04439733100261789,0.0,0.8437534129961494,-2.0160468928827453
Detroit,2025-01-18,13,False,0.0,5.038893778026546,-0.08735344250235877,0.04445809606397633,0.0,0.3567511435054871,-2.135776951795657
Detroit,2025-01-25,4,False,0.0,4.29129701744014,0.2420454018159559,0.07416609351453973,0.0,0.8090601228710393,-3.255892364832266
Detroit,2025-01-25,8,False,0.0,6.432068851412074,0.2960950886691077,0.05049725027380769,0.0,0.7694014345398227,-1.8778448749585284
Detroit,2025-01-25,13,False,0.0,4.895999570380936,0.12897918748183623,0.04620400361248844,0.0,0.1867552425477309,-2.0834473957484723
Detroit,2025-02-01,4,False,0.0,5.267648612817201,0.49747618130371296,0.07284722901724738,0.0,0.9439849470233123,-2.731011113479733
Detroit,2025-02-01,8,False,0.0,5.907427087614917,0.5722176059584522,0.06535261331425057,0.0,0.7272269157557177,-2.0548550970420516
Detroit,2025-02-01,13,False,0.0,4.653765029844785,-0.3675355213712348,0.03377239865137904,0.0,0.10414636735064198,-1.9151213968828795
Houston,2023-02-04,4,False,0.0,1.9129821768288202,0.8461044129640963,0.48958170204700024,0.0,0.02130246766203525,-2.387329986420164
Houston,2023-02-04,8,False,0.0,1.9784342872579956,0.33122992926635464,0.49810636282528975,0.0,0.14476261224877263,-1.9546562533534364
Houston,2023-02-04,13,False,0.0,1.887994412082604,-0.5876117686068132,0.5313099266590697,0.0,-0.7761703947606353,-1.9120489843061734
Houston,2023-02-11,4,False,0.0,1.4685230292618126,0.5487296013193561,0.6576068845897014,0.0,-1.2211949631225272,-3.181390860998097
Houston,2023-02-11,8,False,0.0,1.2703955573267836,-0.982132377963064,0.7278718583499751,0.0,-0.8258338669761514,-3.110315597684881
Houston,2023-02-11,13,False,0.0,1.0619977060356824,-3.5210894222566544,0.6731206465524728,0.0,-2.703583567199946,-3.469008777890288
Houston,2023-02-18,4,False,0.0,0.7275254580693123,-1.0271244183042558,-0.09299447411747441,0.0,-3.0984852165943604,-6.563063282827149
Houston,2023-02-18,8,False,0.0,0.46282021967107634,-6.614668291479075,-1.3634294695761207,0.0,-4.531128184372127,-8.648513067334356
Houston,2023-02-18,13,False,0.0,0.44174208786193137,-12.55428783712982,-2.1324845269085446,0.0,-9.722668518781154,-7.812341258718298
Houston,2023-02-25,4,False,0.0,0.25184288184051157,-8.034258506065344,-5.512154988400762,0.0,-6.193954363643743,-17.350051753130785
Houston,2023-02-25,8,False,0.0,0.49039162591087615,-7.440860054019259,-2.837003999300222,0.0,-5.076517124402196,-6.416368973890999
Houston,2023-02-25,13,False,0.0,0.8435687523759392,-6.700982264899401,-1.6462709401718842,0.0,-5.937875739935989,-2.5457045421636693
Houston,2023-03-04,4,False,0.0,0.5120515538298507,-0.12835482069815596,-2.815065460560737,0.0,-1.958847241029651,-7.433450093830302
Houston,2023-03-04,8,False,0.0,0.6006927441914506,-0.19659314662775174,-2.3975224517837743,0.0,-4.886305606710624,-4.838415059908438
Houston,2023-03-04,13,False,0.0,1.0674500833765481,-0.17073359428785184,-1.3428371222293332,0.0,-5.227638557764193,-1.598737082463241
Houston,2023-03-11,4,False,0.0,0.49409423251323265,0.6647433106118131,-2.966260786202519,0.0,-2.061022520200751,-7.698476170373503
Houston,2023-03-11,8,False,0.0,0.5924906455066169,0.6319371595472844,-2.4712003251972052,0.0,-5.431696837987148,-4.864674017090951
Houston,2023-03-11,13,False,0.0,1.2085472032321642,0.6921064807008958,-1.203998683458078,0.0,-4.693383519953896,-1.186541011032614
Houston,2023-03-18,4,False,0.0,0.43290399436075877,0.4759062769501985,-3.709905948406755,0.0,-2.289846673198915,-8.991954926449944
Houston,2023-03-18,8,False,0.0,0.6153462127441156,0.6564277988289986,-2.6051842825237426,0.0,-5.205337617014361,-4.647921004287069
Houston,2023-03-18,13,False,0.0,1.4719592368964094,0.547560901582786,-1.0796990415989258,0.0,-3.4480061147314354,-0.5917692382829931
Houston,2023-03-25,4,False,0.0,0.1527210172727007,-3.820103601136651,-9.583867999975782,0.0,-9.347873254487002,-28.853302520713697
Houston,2023-03-25,8,False,0.0,0.40244017271390525,-1.8442856864482104,-3.65535391152189,0.0,-9.240981517401952,-8.006891353032763
Houston,2023-03-25,13,False,0.0,1.6100399103741516,0.27034224591129563,-0.9051743514003909,0.0,-2.943304859484149,-0.27892955440944545
Houston,2023-04-01,4,False,0.0,0.3028707218683089,-3.030797779655879,-2.4072843985101278,0.0,-4.666619810235848,-15.248504616081604
Houston,2023-04-01,8,False,0.0,0.4653598453188192,-2.17687109892375,-2.2042590380721254,0.0,-8.453284219756243,-7.015262924149493
Houston,2023-04-01,13,False,0.0,1.9958049206190382,0.2574741922428504,-0.5613498923108498,0.0,-2.0423062493319306,0.14224084362578948
Houston,2023-04-08,4,False,0.0,0.21494852289973607,-3.5272763222349033,-4.974845703800564,0.0,-8.072836897861386,-19.751879668552142
Houston,2023-04-08,8,False,0.0,0.7520813643488791,-1.8774529606159382,-1.4435433939720594,0.0,-4.958584321144866,-3.2147127378398572
Houston,2023-04-08,13,False,0.0,2.809263650683058,-0.7637282542282544,-0.3813389978425068,0.0,-0.905206841187987,0.7489560615029475
Houston,2023-04-15,4,False,0.0,0.5025819534351359,-0.44811038108308576,-1.8264957360813217,0.0,-4.052674406753095,-7.170684657054235
Houston,2023-04-15,8,False,0.0,1.236018640136592,-0.32442395633176946,-0.7372033673109406,0.0,-2.8968918335433655,-1.1376523634539337
Houston,2023-04-15,13,False,0.0,3.652432069856192,-0.1644235616769869,-0.2433729748566904,0.0,-0.3914898790612771,0.8537007986476925
Houston,2023-04-22,4,False,0.0,0.5242010816622973,0.7430020942274382,-1.7039773420527902,0.0,-4.785761652481521,-6.737431458478732
Houston,2023-04-22,8,False,0.0,1.6388097043819772,0.5027989939513645,-0.5465516533058437,0.0,-1.8668199716274305,-0.319856478766783
Houston,2023-04-22,13,False,0.0,4.313845099370951,0.29599380626556016,-0.20304301997168017,0.0,-0.054108487224145074,0.7644868904681075
Houston,2023-04-29,4,False,0.0,0.8895562010586703,-0.1431334428205504,-0.9513416069399534,0.0,-2.5186800562149068,-3.0887260870846314
Houston,2023-04-29,8,False,0.0,2.4265276981509896,-0.09223951087596483,-0.3433499345509907,0.0,-0.6742661289750536,0.39750869678629486
Houston,2023-04-29,13,False,0.0,5.257371116163685,-0.06347560147266296,-0.1538747137638643,0.0,0.29917962648061813,0.6326588284882564
Houston,2023-05-06,4,False,0.0,0.6912754337491122,0.05223293512646787,-1.2486984881402874,0.0,-3.818228895198315,-4.380539433810952
Houston,2023-05-06,8,False,0.0,2.782525955725892,0.6085347199594959,-0.3036871484685346,0.0,-0.25798905667784555,0.6916912816440806
Houston,2023-05-06,13,False,0.0,5.65763010747546,0.5482120861363229,-0.144941761979148,0.0,0.4647862411891486,0.5691537979180885
Houston,2023-05-13,4,False,0.0,1.0083715555325385,0.5426369202185637,-0.9174260757369992,0.0,-2.0508779629637646,-2.276274907365458
Houston,2023-05-13,8,False,0.0,3.4967688812842215,0.32426864971275804,-0.257909965696016,0.0,0.29251281953454233,0.9262333562248226
Houston,2023-05-13,13,False,0.0,6.30723403650819,0.27930746752440605,-0.138822643991243,0.0,0.6525404923338378,0.49792653467970616
Houston,2023-05-20,4,False,0.0,1.9897181041152658,0.008205330896333574,-0.5315009254386782,0.0,-0.1411399226979706,-0.12854033170509283
Houston,2023-05-20,8,False,0.0,4.629804996701364,0.00607972090043829,-0.22226644821972164,0.0,0.6561376721982386,0.7450196046778113
Houston,2023-05-20,13,False,0.0,7.226210996584719,0.005836610354106542,-0.13852832853146047,0.0,0.8200108875251888,0.430398578641209
Houston,2023-05-27,4,False,0.0,2.6398815503526065,0.48698879030416864,-0.3735610776186813,0.0,0.5041598726814401,0.45189456090691105
Houston,2023-05-27,8,False,0.0,5.345584706419302,0.4170093922287351,-0.1793538187803534,0.0,0.805944569361683,0.6228753991305507
Houston,2023-05-27,13,False,0.0,7.629725281371521,0.4414481988029565,-0.12262762049628129,0.0,0.8930796195827374,0.3963871264691162
Houston,2023-06-03,4,False,0.0,3.5454702563434073,0.37974088770598025,-0.2587654665180439,0.0,0.8256011680055192,0.6784328481099056
Houston,2023-06-03,8,False,0.0,6.061116952279012,0.38628488228381164,-0.1474179146842256,0.0,0.8537710570104661,0.5304355051460039
Houston,2023-06-03,13,False,0.0,7.999298340448205,0.44456835200892253,-0.10939482570136971,0.0,0.8762309680175698,0.3673408956253823
Houston,2023-06-10,4,False,0.0,3.6852376593413942,0.8438134826697217,-0.19667870473211213,0.0,0.7386261402629282,0.7095341042912415
Houston,2023-06-10,8,False,0.0,6.013050971142211,0.9019493935800189,-0.11762581602739441,0.0,0.8587816387113163,0.5030560889246523
Houston,2023-06-10,13,False,0.0,7.598976781813765,0.8146349821519151,-0.09150643703058114,0.0,0.8255935762692196,0.36598426344399393
Houston,2023-06-17,4,False,0.0,3.4557391382305,0.8851695585337366,-0.17638881411300367,0.0,0.6709139566584885,0.7211726576864268
Houston,2023-06-17,8,False,0.0,5.511744917855905,0.7755424734274161,-0.10823662673341006,0.0,0.8658853964568145,0.5098694755425297
Houston,2023-06-17,13,False,0.0,6.790800302842951,0.4758963546647429,-0.08666093090189286,0.0,0.7707839947520378,0.3821572175092133
Houston,2023-06-24,4,False,0.0,3.5125578370207577,0.896915803572315,-0.1544086962212221,0.0,0.7024575765115335,0.7124122118315894
Houston,2023-06-24,8,False,0.0,5.152236520130926,0.8517836443859221,-0.10347984017407685,0.0,0.8738249011964576,0.5114926949150547
Houston,2023-06-24,13,False,0.0,6.1691803074179274,0.5790626767339412,-0.08549534968590211,0.0,0.7062491221069174,0.3955520473793972
Houston,2023-07-01,4,False,0.0,2.922730269288661,0.5720574835962648,-0.16051047949087582,0.0,0.708664580236916,0.7003176672603283
Houston,2023-07-01,8,False,0.0,4.197077722110673,0.23708766554041238,-0.11030782488634294,0.0,0.8377187464389051,0.557243726914408
Houston,2023-07-01,13,False,0.0,5.011128711991721,-0.27666858316637133,-0.09160343204115207,0.0,0.5703919137739906,0.447360663175157
Houston,2023-07-08,4,False,0.0,2.848973926680683,0.9204778562703068,-0.1317677886638846,0.0,0.671582587351454,0.6650485903566141
Houston,2023-07-08,8,False,0.0,3.7409424811094585,0.6554955390920709,-0.09942850624575117,0.0,0.7669055138948897,0.5658511920014595
Houston,2023-07-08,13,False,0.0,4.367992917031944,0.25854586633401455,-0.0846002576496947,0.0,0.4805973647240689,0.4822112670556149
Houston,2023-07-15,4,False,0.0,2.3170137577762437,0.6165119845351167,-0.10107196595695167,0.0,0.6564459919592999,0.561189618752145
Houston,2023-07-15,8,False,0.0,2.9510575209963044,0.06130642177480994,-0.07884125532461539,0.0,0.6385720670524511,0.5831690853184202
Houston,2023-07-15,13,False,0.0,3.470928081288903,-0.5476681412198807,-0.06667344775955586,0.0,0.15023179040569468,0.5489989235048551
Houston,2023-07-22,4,False,0.0,1.504593768771843,-0.1344888646743747,-0.0789457879743316,0.0,0.8018047235404563,0.22013699092458971
Houston,2023-07-22,8,False,0.0,2.0018307472574888,-0.8697880841382655,-0.05903680609271156,0.0,0.22049665444724453,0.5449043537008914
Houston,2023-07-22,13,False,0.0,2.5260321052853043,-1.5129167961615688,-0.04653524731360026,0.0,-0.5454410670581156,0.6402770352775229
Houston,2023-07-29,4,False,0.0,1.0793246967140162,0.2245151720569898,-0.131145180159562,0.0,0.5260710680649026,-0.23062169586814885
Houston,2023-07-29,8,False,0.0,1.5041386024675878,-0.26916426084261547,-0.09370170676126777,0.0,-0.44718059012296174,0.4296568253184764
Houston,2023-07-29,13,False,0.0,2.101576676532244,-0.5011584684791484,-0.06665731769457728,0.0,-1.2402332529519935,0.7207695878198834
Houston,2023-08-05,4,False,0.0,0.5377360388289932,-1.6399137097511165,-0.2177222983431275,0.0,-0.5815612310327702,-1.7687090525062215
Houston,2023-08-05,8,False,0.0,0.8837157633486525,-1.9699630670263129,-0.1320219442145234,0.0,-2.115022749260999,-0.01667462874440573
Houston,2023-08-05,13,False,0.0,1.6608480862724686,-1.2467672272294168,-0.06969638642126341,0.0,-2.285857481267238,0.8232975725809626
Houston,2023-08-12,4,False,0.0,0.5404791851053008,0.8686879038101697,-0.21362631570749202,0.0,-1.3617024113726286,-1.6554892949451996
Houston,2023-08-12,8,False,0.0,0.8286056254948613,0.7225817385824266,-0.13893955488790422,0.0,-2.9604102126389678,-0.11247106963305309
Houston,2023-08-12,13,False,0.0,1.797170103225095,0.726011804916777,-0.06343401181977004,0.0,-2.4049422165933323,0.8212920152020341
Houston,2023-08-19,4,False,0.0,0.5887085829304256,0.6121486121232553,-0.2922397341409384,0.0,-1.7829394813145605,-1.2948426255700798
Houston,2023-08-19,8,False,0.0,0.9076871802004602,0.7113357785472019,-0.18893293853802184,0.0,-3.124047177438589,0.0072586913877723536
Houston,2023-08-19,13,False,0.0,2.021420662182783,0.4883055060336279,-0.08388384971447782,0.0,-2.30049686521811,0.7431826187686867
Houston,2023-08-26,4,False,0.0,0.5908597624549901,0.7759591102701019,-0.1776809546854945,0.0,-2.3791302542846786,-1.357168417929517
Houston,2023-08-26,8,False,0.0,1.007600645196741,0.7654879401265854,-0.10375580174293542,0.0,-3.144983633441143,0.2303399805558527
Houston,2023-08-26,13,False,0.0,2.1411027544314623,0.5718616182870158,-0.048268275638456926,0.0,-2.281628672346303,0.6856561020500227
Houston,2023-09-02,4,False,0.0,0.2492344842509864,-2.2310283192778217,0.00670549403343379,0.0,-7.7132030611333136,-5.320720040678656
Houston,2023-09-02,8,False,0.0,0.9060209176547613,-0.07423990526601187,0.001832448246308238,0.0,-3.9347292483383898,0.27782792284837265
Houston,2023-09-02,13,False,0.0,1.948765966050551,0.5207769055755707,0.0008429776341906114,0.0,-2.6678623068214313,0.6522727549100771
Houston,2023-09-09,4,False,0.0,0.19306847449659587,-0.36359793146186714,-0.47403775822908933,0.0,-11.4059813934605,-7.264951292075505
Houston,2023-09-09,8,False,0.0,1.1415085889718304,0.47195161164658606,-0.08180760747142979,0.0,-3.251749450496611,0.6931325602808636
Houston,2023-09-09,13,False,0.0,1.9315359022898013,0.5335116942370204,-0.04850373061637803,0.0,-2.7461130786214745,0.5411326242295859
Houston,2023-09-16,4,False,0.0,0.455215900697353,-0.05769855034823945,-0.14996178514672387,0.0,-5.093169840830103,-1.877737156408922
Houston,2023-09-16,8,False,0.0,1.6302291653015752,-0.028751492407575352,-0.04138019351323918,0.0,-2.269389491256853,0.8819347416463554
Houston,2023-09-16,13,False,0.0,2.0209669519929303,-0.0361681441981303,-0.03324707579953201,0.0,-2.696247182314022,0.3904966470095772
Houston,2023-09-23,4,False,0.0,0.6835037132858703,0.4503224551573616,-0.012213901480826683,0.0,-3.5720805062066745,-0.5187152014564722
Houston,2023-09-23,8,False,0.0,1.9628600757558925,0.32543403512060776,-0.004198316658519774,0.0,-1.9123795824966456,0.7238980198547362
Houston,2023-09-23,13,False,0.0,1.877847444144408,0.3201915457571384,-0.00439218536475372,0.0,-3.0656817524143802,0.18563663984878775
Houston,2023-09-30,4,False,0.0,1.2384582855895565,0.014027407931344715,0.016379687900926143,0.0,-1.958382978323344,0.5942169985998764
Houston,2023-09-30,8,False,0.0,2.3561740062652854,0.01294483200627361,0.00851209716187995,0.0,-1.5446824535094597,0.5631325288800562
Houston,2023-09-30,13,False,0.0,2.010113728752078,0.0168277886966407,0.008440851787672066,0.0,-2.8724933224940887,0.006046839716249863
Houston,2023-10-07,4,False,0.0,1.6314558776632293,0.4708113928419386,0.06390153531818343,0.0,-1.6036228581692233,0.7960837562608528
Houston,2023-10-07,8,False,0.0,2.333029205443945,0.5716901087680641,0.04436678146202189,0.0,-1.6405764356046246,0.4638418951790342
Houston,2023-10-07,13,False,0.0,2.072212703731021,-0.09237848615812161,0.026479347295583655,0.0,-2.442907778097277,-0.17277655637812628
Houston,2023-10-14,4,False,0.0,1.7973128520714123,0.7498925158161851,0.11013953484393779,0.0,-1.599114814629218,0.7391654293756336
Houston,2023-10-14,8,False,0.0,1.9194424510643313,0.45076093589057775,0.10300335639064973,0.0,-2.142481977339359,0.28406094286636985
Houston,2023-10-14,13,False,0.0,2.2019890377922864,-0.8470736346491599,0.02026843277951018,0.0,-2.1400074709324164,-0.3154977159585972
Houston,2023-10-21,4,False,0.0,1.7340790858936528,0.8813269424248463,0.07883255134745881,0.0,-1.8637771579763052,0.6367778772530657
Houston,2023-10-21,8,False,0.0,1.341218511771389,-0.4581765434124494,0.07640056061414247,0.0,-3.4139273443078064,-0.1589072412107979
Houston,2023-10-21,13,False,0.0,2.5725524350416515,-1.299288018040806,0.00276857644299211,0.0,-1.5336054607115148,-0.3462699214556859
Houston,2023-10-28,4,False,0.0,1.2602099366543282,0.4843414833806641,0.09043058764376433,0.0,-2.762212306798746,0.31202545894817024
Houston,2023-10-28,8,False,0.0,1.1667501304084644,-1.6966027460656545,0.023576072658041625,0.0,-3.948919347328405,-0.6188109594553166
Houston,2023-10-28,13,False,0.0,3.1572807401750738,-1.4185339434795243,-0.00959004712205469,0.0,-0.9428571109179675,-0.31114932539369966
Houston,2023-11-04,4,False,0.0,0.4890648489650543,-3.211822403767499,0.05897171349141972,0.0,-7.736912607843037,-1.5646075875048537
Houston,2023-11-04,8,False,0.0,1.7197715235109803,-2.2317071299409403,-0.043566406577843386,0.0,-2.159121276707741,-0.5658325995064892
Houston,2023-11-04,13,False,0.0,4.085712266452438,-1.595329959620568,-0.028910239956594586,0.0,-0.392139283214606,-0.2411284205894002
Houston,2023-11-11,4,False,0.0,0.9304003905915976,-1.4579430427471416,-0.1043273368152513,0.0,-2.8637257093280457,-1.1098999062726578
Houston,2023-11-11,8,False,0.0,2.935827958489395,-0.9023913969403818,-0.050593819420155395,0.0,-0.5521668635110049,-0.3280076701085004
Houston,2023-11-11,13,False,0.0,5.135314613105305,-0.8331709584304114,-0.033309008085849134,0.0,-0.029794833020262423,-0.18136077448907928
Houston,2023-11-18,4,False,0.0,1.814845753416533,-0.2881135669326538,-0.10286152411115479,0.0,-0.7461575854524358,-0.5939273306648145
Houston,2023-11-18,8,False,0.0,4.186076883380224,-0.23205820549767409,-0.04563352856509373,0.0,-0.006874738628507737,-0.22736983254576115
Houston,2023-11-18,13,False,0.0,5.94290217880119,-0.2587262324622066,-0.03268547877939221,0.0,0.185007202002058,-0.15213959271763278
Houston,2023-11-25,4,False,0.0,1.8771509704628098,0.9204347211861389,-0.14298479547120824,0.0,-0.8469527121772695,-0.6303643328553934
Houston,2023-11-25,8,False,0.0,4.5026154783229115,0.7495391272871332,-0.06114691764974123,0.0,0.08982354234723766,-0.2325382241591798
Houston,2023-11-25,13,False,0.0,5.67136124497285,0.7708417438814716,-0.04908878244381243,0.0,0.16200276646180534,-0.17341041134768553
Houston,2023-12-02,4,False,0.0,2.3898183092397085,0.6565441256470981,-0.11651202662951832,0.0,-0.3927730119404249,-0.5357861913906135
Houston,2023-12-02,8,False,0.0,4.840903528571881,0.6013503934955865,-0.05889564676998993,0.0,0.21645511257867256,-0.23232368293470085
Houston,2023-12-02,13,False,0.0,5.375514888250307,0.6615739111280311,-0.05330875119639589,0.0,0.15497057969421268,-0.19450792984870757
Houston,2023-12-09,4,False,0.0,3.011547133873881,0.6351898508121689,-0.0954429388561231,0.0,-0.30776950261023694,-0.4651663962831385
Houston,2023-12-09,8,False,0.0,4.881800531418319,0.7198909190601063,-0.059947028763233545,0.0,0.29078072154130885,-0.24873201521768817
Houston,2023-12-09,13,False,0.0,4.769922229117574,0.5110232982614886,-0.06128763766066592,0.0,0.06786829601064126,-0.23452510737601173
Houston,2023-12-16,4,False,0.0,3.3305445263420075,0.7579079818600301,-0.09399113680293114,0.0,-0.0600481247461675,-0.4685474177063611
Houston,2023-12-16,8,False,0.0,4.472165853984925,0.7228628206304091,-0.07077112925426698,0.0,0.3786300857677084,-0.29876333863837634
Houston,2023-12-16,13,False,0.0,3.7535586458330994,-0.13299228482451708,-0.07132304633351749,0.0,-0.08847376782169913,-0.3022955481132099
Houston,2023-12-23,4,False,0.0,3.8375154772578477,0.5229344969271148,-0.06930484965597383,0.0,0.2880651099852173,-0.43711193853190955
Houston,2023-12-23,8,False,0.0,4.182897096894549,0.636384754288954,-0.06379383737759459,0.0,0.5297364806118374,-0.3400581347382008
Houston,2023-12-23,13,False,0.0,3.3045376867998777,-0.24222991142900696,-0.056220955380142046,0.0,-0.10986334695435485,-0.19264239223737323
Houston,2023-12-30,4,False,0.0,2.6617679269047794,0.15872731195151302,-0.015166239801559733,0.0,-0.03507718586369224,-0.732343064451483
Houston,2023-12-30,8,False,0.0,2.367710028911213,-1.7031426438819204,-0.017000975513901118,0.0,0.003329134342581974,-0.6932228579604776
Houston,2023-12-30,13,False,0.0,2.6291487236936852,-3.909835410566566,-0.003844677622763193,0.0,-0.6532755809743609,0.11161608792399413
Houston,2024-01-06,4,False,0.0,1.2016467558129735,-1.5454899182469695,0.0320224836535461,0.0,0.6536923768443523,-1.808522297972126
Houston,2024-01-06,8,False,0.0,1.0254172218935054,-5.93684898202829,0.01892039543482993,0.0,-0.2826544628554404,-1.2296288675473277
Houston,2024-01-06,13,False,0.0,2.933763417167413,-3.5540040434642934,-0.0006167274475576967,0.0,-0.08958497830253043,0.3816436106299721
Houston,2024-01-13,4,False,0.0,0.30201228752804005,-6.580093850367199,0.0014717859220476637,0.0,-0.32210584440206014,-7.1438797750711895
Houston,2024-01-13,8,False,0.0,1.2519481880475802,-3.27874767996561,-0.057308039636984276,0.0,-0.6765787776818242,0.29011358895535055
Houston,2024-01-13,13,False,0.0,3.9234434579347397,-1.61263994484429,-0.02449848040619762,0.0,-0.026885277285411124,0.402907564754841
Houston,2024-01-20,4,False,0.0,0.61474272473912,-2.0797766722791278,-0.26176080779416666,0.0,-0.8478761411795717,-1.8188300064626488
Houston,2024-01-20,8,False,0.0,2.2951023265562744,-0.9770578670469106,-0.06892715206481936,0.0,-0.45037969317601645,0.8227620893394695
Houston,2024-01-20,13,False,0.0,5.231570540047175,-0.6380584969461436,-0.029329702073839004,0.0,-0.00416494612660423,0.3284344658229871
Houston,2024-01-27,4,False,0.0,0.9974062452802827,0.22752190532872008,-0.26725643787113906,0.0,-1.7072122659819358,-0.39249547380131533
Houston,2024-01-27,8,False,0.0,3.1537094238396874,0.12561302027450394,-0.08268276684831477,0.0,-0.529826806147476,0.5983054269888162
Houston,2024-01-27,13,False,0.0,6.218618071953999,0.09479905497044039,-0.040604711535076055,0.0,-0.07098542366333449,0.2695200606219005
Houston,2024-02-03,4,False,0.0,1.1887436358004837,0.6701280714284679,-0.2466413223423256,0.0,-1.9588522283047678,0.1384564737196491
Houston,2024-02-03,8,False,0.0,3.7204629351753975,0.4867449343530982,-0.07678645798540895,0.0,-0.4440503268693501,0.48419554974017776
Houston,2024-02-03,13,False,0.0,6.927731735366669,0.4098428398114129,-0.03986363153463546,0.0,-0.03859295020737674,0.23060638171943293
Houston,2024-02-10,4,False,0.0,1.9800035463596808,0.22292029384489076,-0.21917919509636197,0.0,-1.1152035230678141,0.8783523138477278
Houston,2024-02-10,8,False,0.0,4.683938845205495,0.16322003952920472,-0.09009599469906249,0.0,-0.2091977622494401,0.37368241684105397
Houston,2024-02-10,13,False,0.0,7.988303764525534,0.14183189978949062,-0.050996348376846745,0.0,0.06818766167780443,0.193956797160866
Houston,2024-02-17,4,False,0.0,2.936721456893431,0.2744624873218944,-0.15599457718883714,0.0,-0.7816306287308208,0.702950831847317
Houston,2024-02-17,8,False,0.0,5.624896931989117,0.24850580605079609,-0.07918814525231088,0.0,-0.14752467955343906,0.2991495141624225
Houston,2024-02-17,13,False,0.0,8.963879148253236,0.23094612841097273,-0.04793304866432768,0.0,0.09271974981443931,0.16600999544227446
Houston,2024-02-24,4,False,0.0,3.47352026591098,0.642906378190068,-0.11905578210488676,0.0,-0.8471699542061748,0.54644014410692
Houston,2024-02-24,8,False,0.0,6.071459002038585,0.6387986329099556,-0.06627936990806904,0.0,-0.24023891893822702,0.2552802805753991
Houston,2024-02-24,13,False,0.0,9.42316383771648,0.6093559547131757,-0.041180751341125754,0.0,0.03245299101990384,0.14542651511864402
Houston,2024-03-02,4,False,0.0,3.7337794081962152,0.7607934021412452,-0.09496900047378642,0.0,-0.5538210668514327,0.45697553041070815
Houston,2024-03-02,8,False,0.0,6.348679458702826,0.7761639100005657,-0.05433593026959738,0.0,-0.11674165717924012,0.2189776161181307
Houston,2024-03-02,13,False,0.0,9.664107368240186,0.7553391017268088,-0.03443144074331861,0.0,0.10975266577385023,0.12733377657683498
Houston,2024-03-09,4,False,0.0,3.651996991002128,0.9456810160765896,-0.09289140921636396,0.0,-0.3714866622252053,0.40545101515010296
Houston,2024-03-09,8,False,0.0,6.364231766839945,0.9496913626099424,-0.05180349200242973,0.0,-0.017956542639079753,0.18894919493243012
Houston,2024-03-09,13,False,0.0,9.660393023220681,0.9322385465271699,-0.032926581680579936,0.0,0.17778945083864783,0.11026090097021901
Houston,2024-03-16,4,False,0.0,3.3381005737907374,0.8117867206762542,-0.06919528936029606,0.0,-0.24523647847260643,0.3692490153122061
Houston,2024-03-16,8,False,0.0,6.180615610892907,0.8914793621989311,-0.03627283219727828,0.0,0.08416818394626302,0.16162341916296863
Houston,2024-03-16,13,False,0.0,9.510104930653805,0.9309661678195182,-0.022737117083830416,0.0,0.25412033071878803,0.09298706279996238
Houston,2024-03-23,4,False,0.0,3.037780085803258,0.7126655805453151,-0.07146663061037972,0.0,-0.17363291075878484,0.32580978588615417
Houston,2024-03-23,8,False,0.0,5.973563367453734,0.8696109924703292,-0.035243058494224266,0.0,0.1552018560717775,0.13432720950782817
Houston,2024-03-23,13,False,0.0,9.385466544472838,0.9263442680754572,-0.0216171820901232,0.0,0.316858994063421,0.07555228869991082
Houston,2024-03-30,4,False,0.0,3.4735575486946044,0.7324386749513696,-0.05323305026565128,0.0,-0.08405417758755362,0.23760931650588923
Houston,2024-03-30,8,False,0.0,6.3479010693366895,0.6931097304385256,-0.02826161109261438,0.0,0.20746781874125453,0.10567625146352455
Houston,2024-03-30,13,False,0.0,9.828238005936372,0.6613137508619895,-0.017575368570463823,0.0,0.3645225399422467,0.06018172536741195
Houston,2024-04-06,4,False,0.0,3.856631911591811,0.7431880247958687,-0.023952074009999436,0.0,0.19273338189174483,0.1676249185862374
Houston,2024-04-06,8,False,0.0,6.613565018821912,0.7508834826124379,-0.013566885266654616,0.0,0.3617680530911769,0.07962413941867719
Houston,2024-04-06,13,False,0.0,10.13356252170825,0.7232384624344006,-0.008520544665590934,0.0,0.47888121295491226,0.04576428670627086
Houston,2024-04-13,4,False,0.0,4.016282913561008,0.847624459011671,-0.00019886535786506343,0.0,0.4296280655860778,0.10995371897455508
Houston,2024-04-13,8,False,0.0,6.69680379020014,0.8813222427955566,-0.00011593506657536778,0.0,0.5040832966362341,0.0537257018217463
Houston,2024-04-13,13,False,0.0,10.124001289535869,0.8620958950882487,-7.387158318405973e-05,0.0,0.603073209837134,0.03140030753794221
Houston,2024-04-20,4,False,0.0,3.9285179842840976,0.9491135488156799,0.004455674016314637,0.0,0.4943169831857174,0.055771863816616474
Houston,2024-04-20,8,False,0.0,6.667631239200222,0.9647860752189827,0.002550400475548442,0.0,0.5522694410501207,0.026691065993321383
Houston,2024-04-20,13,False,0.0,9.874388436423011,0.9415296202434693,0.001662974854547361,0.0,0.6855722294172839,0.016035622657507576
Houston,2024-04-27,4,True,0.9,3.5210621941344535,0.7623646374732823,0.006168249488914368,-2.0550459424474137,0.36484429013464703,-0.008903352021925715
Houston,2024-04-27,8,True,0.9,6.401967236383453,0.8248731436137238,0.003291216017477394,-1.0965185721801376,0.4969281107648532,-0.003965130941199657
Houston,2024-04-27,13,True,0.9,9.288490118093934,0.7885017543394646,0.0021984692052620103,-0.7324533853549993,0.6894573966172298,-0.0024531657752224767
Houston,2024-05-04,4,True,0.9,3.3454270364527727,0.8926646599743104,-0.0030159387916448566,-2.166859113729209,0.14632570800203182,-0.07206760919535915
Houston,2024-05-04,8,True,0.9,6.425315071127089,0.928427377185684,-0.0015202521428847593,-1.0922543322502571,0.42816548942225996,-0.030281559807591174
Houston,2024-05-04,13,True,0.9,8.865678796425579,0.8675552941266365,-0.0010730541776706737,-0.7709563704847622,0.6712045089956874,-0.019937132102285204
Houston,2024-05-11,4,True,0.9,3.3681759748390703,0.948784938871212,0.02251458965642894,-2.151717514386808,-0.04629824876624444,-0.1274801245219992
Houston,2024-05-11,8,True,0.9,6.527327630455121,0.8789551188210204,0.011237970290066679,-1.0740119126439702,0.3606288172640193,-0.05311348657346637
Houston,2024-05-11,13,True,0.9,8.533168294269295,0.8533510972325185,0.008411858475118494,-0.8039206348265449,0.6610140816251778,-0.03723182506207845
Houston,2024-05-18,4,True,0.9,3.768718049817533,0.7684547353924482,0.016559413305623272,-1.915060471010452,-0.13018579139090058,-0.1553346292122897
Houston,2024-05-18,8,True,0.9,6.656149888523802,0.7529218230268611,0.00909462798650773,-1.0517741319731466,0.35247311052306096,-0.07161776994820634
Houston,2024-05-18,13,True,0.9,8.327951119971308,0.82682959269443,0.0071387322395877195,-0.8255790028816863,0.6498069930226907,-0.052661304457164215
Houston,2024-05-25,4,True,0.9,4.013338102163889,0.8473906317977479,0.025226511755391368,-1.793762864472686,-0.18562370049369492,-0.19114045006846747
Houston,2024-05-25,8,True,0.9,6.435422438421814,0.8634972687355955,0.015335094694441276,-1.090421206577715,0.37684237392099185,-0.09814546400301571
Houston,2024-05-25,13,True,0.9,7.830199296138543,0.7289489899155035,0.012415605192566903,-0.8828272315383134,0.6320028908256603,-0.07435122246149684
Houston,2024-06-01,4,True,0.9,4.392401539820365,0.7524982431612395,0.03353410319622008,-1.6324890687272866,-0.04014697736043349,-0.21383227155511553
Houston,2024-06-01,8,True,0.9,6.087979570823593,0.8032994841694248,0.023765355755594353,-1.1569321910417423,0.46626558219604264,-0.12881205253335382
Houston,2024-06-01,13,True,0.9,7.2778449601077755,0.6478127452753258,0.019628044752650342,-0.9555218552200053,0.6486163784192878,-0.09932050724353458
Houston,2024-06-08,4,False,0.0,4.290485388857945,0.9309052228418706,0.062421257444755796,0.0,-0.0012060685954153882,-0.2691988112991366
Houston,2024-06-08,8,False,0.0,5.256377955779518,0.5686965025509232,0.05043676521940599,0.0,0.4861230189607677,-0.18544836000692366
Houston,2024-06-08,13,False,0.0,6.288519522679483,0.20102789804235954,0.041699246958824654,0.0,0.6390017549778377,-0.14288655858141852
Houston,2024-06-15,4,False,0.0,3.4071019908744926,0.6148989425762444,0.09646293154335106,0.0,0.18618135279650205,-0.4151634008627554
Houston,2024-06-15,8,False,0.0,4.060213013066026,-0.07692692412834212,0.08039894045879892,0.0,0.46348576497857363,-0.29391847382906144
Houston,2024-06-15,13,False,0.0,4.912773510394312,-0.6400923927730147,0.06585607323689158,0.0,0.603177326603733,-0.22445417735261386
Houston,2024-06-22,4,False,0.0,2.438533632582103,0.29970364335358535,0.15405129237032167,0.0,0.2696198852228624,-0.6724634699257617
Houston,2024-06-22,8,False,0.0,2.9749976981597417,-0.4577498277485852,0.12557778090399907,0.0,0.3146546203943543,-0.4639230939644432
Houston,2024-06-22,13,False,0.0,3.6939672237631718,-1.04046416823366,0.1003867124748391,0.0,0.4917182834291315,-0.34597732277551185
Houston,2024-06-29,4,False,0.0,0.8959328944942897,-2.939969855116396,0.38823872357832956,0.0,-1.53014359355213,-2.1058434626949607
Houston,2024-06-29,8,False,0.0,1.5672669553134904,-3.0295659419215974,0.22043442648980704,0.0,-0.43457541207330985,-1.0097675725347957
Houston,2024-06-29,13,False,0.0,2.2240582025384468,-3.4669009920331684,0.15430099066836833,0.0,0.041957860174766326,-0.6599850497507342
Houston,2024-07-06,4,True,0.9,0.1586346908312248,-15.140886988487978,-1.429586566479295,-45.96838825618102,-28.947591266566803,-11.436139915539544
Houston,2024-07-06,8,True,0.9,0.935313484306847,-2.8770708170718975,0.05324470577108442,-7.8389662312323605,-3.304697255174063,-1.7538020215721204
Houston,2024-07-06,13,True,0.9,1.5409526217179876,-2.504643544585074,0.10069044802291438,-4.752998217578983,-1.0058403909426699,-1.0030487964180366
Houston,2024-07-13,4,False,0.0,0.6074369465814321,-1.1300161206059594,0.3321043507195691,0.0,-3.0419232001273864,-3.242738471257139
Houston,2024-07-13,8,False,0.0,1.3931572242641035,-0.8779313865119218,0.1730560410309151,0.0,-0.17765567898717816,-1.1890688864865924
Houston,2024-07-13,13,False,0.0,2.0187250782126274,-0.9352310404230741,0.12646909349438962,0.0,-0.3969017138959541,-0.7614674954463339
Houston,2024-07-20,4,False,0.0,0.8359810007531683,0.40635164487605846,0.16722877694941385,0.0,0.09623711789475997,-2.374764651087216
Houston,2024-07-20,8,False,0.0,1.4774348481323891,0.5517361306487105,0.15478863159380774,0.0,-0.3179138276579969,-1.1342783441944002
Houston,2024-07-20,13,False,0.0,2.0877713355874348,0.6386429440978898,0.12534840172797734,0.0,-0.9706702499529276,-0.7445972592549153
Houston,2024-07-27,4,False,0.0,1.322753487525655,2.678190047511464e-08,0.21835974896817267,0.0,-0.21049664921881672,-1.4937727356123678
Houston,2024-07-27,8,False,0.0,1.7966128726991062,3.398770564988496e-08,0.16216031634496253,0.0,-0.8583384690701681,-0.9300932420633041
Houston,2024-07-27,13,False,0.0,2.3696029531921536,3.9094102510794926e-08,0.12285908649133814,0.0,-1.3752485542688695,-0.6540981780578867
Houston,2024-08-03,4,False,0.0,1.5042400399087454,0.46445222643021455,0.18529435374878445,0.0,-1.0618989302010076,-1.335006675160919
Houston,2024-08-03,8,False,0.0,1.8274432519239177,0.6853344741708368,0.15202254438784324,0.0,-1.6670275722479206,-0.9298614306923518
Houston,2024-08-03,13,False,0.0,2.344115720222192,0.8063372050696254,0.117891139234373,0.0,-1.9793020061185436,-0.6727550530809794
Houston,2024-08-10,4,False,0.0,0.6513480780434437,-2.024903767211234,0.3992005526757444,0.0,-3.379998852399323,-3.3032879320762465
Houston,2024-08-10,8,False,0.0,1.0144832749817263,-2.627374457080463,0.25536951659795093,0.0,-3.7130466957324124,-1.7914235386752884
Houston,2024-08-10,13,False,0.0,1.4720357116702438,-2.9311172112802817,0.17517956963478465,0.0,-3.5414143089340326,-1.147737746583938
Houston,2024-08-17,4,False,0.0,0.4033811975784228,-0.4190135518591789,0.5658550988583779,0.0,-6.291670970080838,-5.457775945536388
Houston,2024-08-17,8,False,0.0,0.830587689082447,-0.10102210628984465,0.27368356702632346,0.0,-5.0009983951554755,-2.2361042020764956
Houston,2024-08-17,13,False,0.0,1.2218899668800283,-0.21092872205892155,0.1853173111698848,0.0,-4.4412563994772345,-1.415564463302883
Houston,2024-08-24,4,False,0.0,0.32980388915342873,0.2743455379905938,0.5496674788639615,0.0,-8.502397049191341,-6.751987724828655
Houston,2024-08-24,8,False,0.0,0.7997332552941742,0.727509786247215,0.2788853853941915,0.0,-5.4371577725539755,-2.3486502701609653
Houston,2024-08-24,13,False,0.0,1.0993446157853652,0.5644415821234043,0.2171961053625916,0.0,-4.997876388899052,-1.5946313205031308
Houston,2024-08-31,4,False,0.0,0.31000856301493895,0.49350879266161585,0.24312180738190792,0.0,-9.303934390348793,-7.230399129942231
Houston,2024-08-31,8,False,0.0,0.8130705067766204,0.8271401454902155,0.1924422622487545,0.0,-5.219321420844553,-2.3273651651127705
Houston,2024-08-31,13,False,0.0,0.9565381366898466,0.5737032622506335,0.19631373229829552,0.0,-5.595629605587236,-1.8535789223398274
Houston,2024-09-07,4,False,0.0,0.5879337439810401,-0.03566791206933417,0.291620048770476,0.0,-4.782163213309624,-3.8005881374745645
Houston,2024-09-07,8,False,0.0,1.003040289152431,-0.037441518061912094,0.17612123931752277,0.0,-3.902576075095566,-1.8837020123959012
Houston,2024-09-07,13,False,0.0,0.9688040482272554,-0.060445497397664916,0.166233416338891,0.0,-5.304056473530301,-1.8327024565524739
Houston,2024-09-14,4,False,0.0,0.6964494951763736,0.5703369509476182,0.2469756482496459,0.0,-3.825831530701886,-3.229096828780328
Houston,2024-09-14,8,False,0.0,1.0033916495952844,0.7101237472405254,0.17089478842453654,0.0,-3.4560917769922437,-1.8988560556655192
Houston,2024-09-14,13,False,0.0,0.892844180188495,0.18037073941271897,0.13257605793810334,0.0,-5.406758659398398,-1.8435834623991592
Houston,2024-09-21,4,False,0.0,0.6553405221905148,0.8598034903718252,0.23256670741154717,0.0,-3.561737336799995,-3.480729635631093
Houston,2024-09-21,8,False,0.0,0.8397568860538336,0.4753464669029488,0.18115655399383357,0.0,-3.528791465166245,-2.3057909634633087
Houston,2024-09-21,13,False,0.0,0.876798143107896,-0.9454334736921386,0.08127344984204476,0.0,-4.890825520856568,-1.4183427426346946
Houston,2024-09-28,4,False,0.0,0.6740556579988155,0.7880007165914402,0.06265849205845131,0.0,-2.7043222955846584,-3.417811611638797
Houston,2024-09-28,8,False,0.0,0.6922659045444618,0.4118543814685488,0.06099905754090351,0.0,-3.4931804367304835,-2.8320393887034934
Houston,2024-09-28,13,False,0.0,1.0713407566446882,-0.6972326011727561,0.008734101471810307,0.0,-3.3149309875437245,-0.5424184415897397
Houston,2024-10-05,4,False,0.0,0.32681943628405485,-1.3752938054524892,0.1794521001630388,0.0,-4.1982657828082806,-7.227022954364566
Houston,2024-10-05,8,False,0.0,0.3218475556153636,-4.631234158611822,0.1365279140532496,0.0,-6.249711383555774,-5.819247957082045
Houston,2024-10-05,13,False,0.0,1.4056442940403873,-2.0302723257286006,0.002631618186266116,0.0,-1.4438158957773015,0.3731346741537539
Houston,2024-10-12,4,False,0.0,0.24038045187885007,0.35280846153674694,0.19726784361112448,0.0,-3.296768492851159,-9.893786057628102
Houston,2024-10-12,8,False,0.0,0.3807329514057912,-0.9845769338413997,0.030736563811479045,0.0,-3.9660295644122456,-4.070227227994832
Houston,2024-10-12,13,False,0.0,1.933562390626635,-0.4357600961177741,-0.006148435081239745,0.0,-0.6646420452807484,0.6418551854556602
Houston,2024-10-19,4,False,0.0,0.08114393334677845,-3.4093228669921043,0.018197825076262886,0.0,-9.65541697719698,-29.3891838431304
Houston,2024-10-19,8,False,0.0,0.6166671973791348,-1.1125579729811976,-0.0012288042251484832,0.0,-2.2871941459612057,-1.466428136466726
Houston,2024-10-19,13,False,0.0,2.5435753936336427,-0.458909422377608,-0.0006557922977583619,0.0,-0.32903511721299283,0.6778979062182232
Houston,2024-10-26,4,False,0.0,0.21894347776884784,-2.094884079328729,-0.028553951929138233,0.0,-4.81660176580811,-9.073830336044033
Houston,2024-10-26,8,False,0.0,1.162319155870684,-0.720501623367872,-0.005429274476858037,0.0,-1.3775242372039882,0.18925387283816875
Houston,2024-10-26,13,False,0.0,3.247588847169653,-0.413040259866023,-0.001983203559829505,0.0,-0.2236358500849136,0.6184839218036893
Houston,2024-11-02,4,False,0.0,0.3490961808634066,0.4813571757270747,0.14005746263027685,0.0,-5.160876310526947,-4.919249449364092
Houston,2024-11-02,8,False,0.0,1.6294573513824295,0.2733482523779289,0.0339208512793846,0.0,-1.3929589040452623,0.711154340914249
Houston,2024-11-02,13,False,0.0,3.6461309544127998,0.2089464922113301,0.016082582916096544,0.0,-0.33652746905214603,0.5538880602954119
Houston,2024-11-09,4,False,0.0,0.6577365217065109,0.14505475831301062,0.1322376857903217,0.0,-2.4032518196363166,-1.6757255192928144
Houston,2024-11-09,8,False,0.0,2.3389724938518053,0.07517773175304387,0.042152796505699586,0.0,-0.46582388334535807,0.8966420512726636
Houston,2024-11-09,13,False,0.0,4.055855744344279,0.06878089200964121,0.0256902957145817,0.0,-0.22472779391263886,0.49731630726827447
Houston,2024-11-16,4,False,0.0,1.1226901975489012,0.15037200089213987,0.08483525486372734,0.0,-1.3003712944698882,-0.15567419461350207
Houston,2024-11-16,8,False,0.0,3.1465135868708125,0.09931710336795063,0.030875402410436847,0.0,-0.1811360474386552,0.675680215531124
Houston,2024-11-16,13,False,0.0,4.371973947898991,0.1124270678238003,0.022485058234776645,0.0,-0.17572458476023067,0.44708330403022933
Houston,2024-11-23,4,False,0.0,1.6895608368948645,0.2961575417173423,0.04785201520733173,0.0,-0.8113271941173246,0.4741714523516849
Houston,2024-11-23,8,False,0.0,3.830426246690097,0.2419154497462278,0.021551387061459648,0.0,-0.050860426901871536,0.5523874604081946
Houston,2024-11-23,13,False,0.0,4.440954770988454,0.32504890340953674,0.018697871803136312,0.0,-0.22037895861816503,0.38679283262539654
Houston,2024-11-30,4,False,0.0,1.937273609142434,0.7990190123315293,0.0028749890791146537,0.0,-0.8741832012982758,0.7411445229466087
Houston,2024-11-30,8,False,0.0,3.929817693498822,0.7676775860054831,0.001444980244415528,0.0,-0.10455705163691209,0.5193931597826292
Houston,2024-11-30,13,False,0.0,3.887487638435553,0.49902537248094014,0.001460119396659354,0.0,-0.4888855639752061,0.2975853181595419
Houston,2024-12-07,4,False,0.0,2.59925022282326,0.4618977890027368,-0.015200372136907614,0.0,-0.1662795881577004,0.8049792495993454
Houston,2024-12-07,8,False,0.0,4.091364345899803,0.5367821161468602,-0.009797260780199046,0.0,0.14629878551322695,0.48458729005553514
Houston,2024-12-07,13,False,0.0,3.437927120027367,0.3258506926752063,-0.009862957281292717,0.0,-0.4372502579224662,0.13614664279120292
Houston,2024-12-14,4,False,0.0,2.978831725594835,0.6957064903128258,-0.02382173501263596,0.0,-0.11309849598324373,0.7397050195206547
Houston,2024-12-14,8,False,0.0,3.7096862946348383,0.6870103668057266,-0.01926431337833856,0.0,0.026495750508351623,0.4301710736020343
Houston,2024-12-14,13,False,0.0,2.9568606783205813,-0.3666464101343805,-0.016822995186028145,0.0,-0.7622433959637087,-0.06284316585671479
Houston,2024-12-21,4,False,0.0,2.825075339141039,0.8896743103707924,-0.06702413701035659,0.0,-0.21186817008084025,0.640581838401499
Houston,2024-12-21,8,False,0.0,2.7825508109684303,0.10599537965277994,-0.06802029585316482,0.0,-0.31858015159131625,0.30676942568638366
Houston,2024-12-21,13,False,0.0,2.737360324649722,-1.5749959989344093,-0.027715062866318974,0.0,-0.9719041867236815,-0.24524910616857531
Houston,2024-12-28,4,False,0.0,2.2184402463469706,0.5839610127709853,-0.09066443140901903,0.0,-0.5091592936977987,0.4977711511130093
Houston,2024-12-28,8,False,0.0,1.6509251944122103,-1.439236049639856,-0.0913577581986118,0.0,-1.2580790373051287,-0.17521363078288776
Houston,2024-12-28,13,False,0.0,3.0495718611590084,-2.053721455297251,-0.006931014936085056,0.0,-0.8233713180096534,-0.3255875515377584
Houston,2025-01-04,4,False,0.0,1.0049101968976937,-1.3796679031267205,-0.17404049342676942,0.0,0.701353491624442,-0.2819916581051023
Houston,2025-01-04,8,False,0.0,1.288026682743202,-3.874408653084452,-0.007916799778827643,0.0,-0.10666845297336436,-0.8201696720203835
Houston,2025-01-04,13,False,0.0,3.988986932923285,-2.07404546194695,0.013734897307639438,0.0,0.11902823145366637,-0.2846837189748477
Houston,2025-01-11,4,False,0.0,0.4879162263893571,-4.93218585248415,-0.0018573849447021118,0.0,-0.2194510630764257,-2.8601623477479983
Houston,2025-01-11,8,False,0.0,2.0998320786578666,-2.112133142209482,0.0423696026220689,0.0,0.042392236936927064,-0.5873243352038136
Houston,2025-01-11,13,False,0.0,5.54232375751212,-1.1927809014891992,0.021343747667785573,0.0,0.17986995472151512,-0.1973797599389937
Houston,2025-01-18,4,False,0.0,1.124275605191593,-0.5977680182864171,0.19410836879363091,0.0,-0.6958865403801888,-1.3169969798954884
Houston,2025-01-18,8,False,0.0,3.2218761866640118,-0.3640668961577296,0.06787550033803902,0.0,-0.06931236181466227,-0.3764749708090167
Houston,2025-01-18,13,False,0.0,7.006493566453035,-0.24569654318588086,0.030253246529022504,0.0,0.08806913784907622,-0.15112577064520694
Houston,2025-01-25,4,False,0.0,1.6904904801500558,0.3036055721553559,0.10273689717003476,0.0,-0.23412198848965327,-0.8835376153930734
Houston,2025-01-25,8,False,0.0,4.173251970335971,0.2134368496471888,0.04056540238920259,0.0,0.12624948290823357,-0.29129557945504936
Houston,2025-01-25,13,False,0.0,8.161024961381523,0.1597663901860561,0.019880438859651628,0.0,0.1678706814399883,-0.1297874189823538
Houston,2025-02-01,4,False,0.0,2.1359273929921123,0.5867021972527302,0.06305425713061175,0.0,-0.30649820197986943,-0.7231868793646501
Houston,2025-02-01,8,False,0.0,5.016902740371754,0.4309696655749041,0.026054830939681195,0.0,0.10471269091107627,-0.24891932894845947
Houston,2025-02-01,13,False,0.0,9.112286722564033,0.3470152919127464,0.013726360927528547,0.0,0.16105874617647387,-0.11942686503032318
Los Angeles,2023-02-04,4,False,0.0,4.233503974488817,-0.0004781319137239226,0.4096529084913558,0.0,-1.4291514350545844,-5.244500124173643
Los Angeles,2023-02-04,8,False,0.0,7.442888064274085,-0.0005080274294928522,0.2805100219104443,0.0,-1.2057915312992304,-2.636260699598983
Los Angeles,2023-02-04,13,False,0.0,10.274537420076863,-0.0005901752030994523,0.21986600914750898,0.0,-1.0659288802280806,-1.8439918520011722
Los Angeles,2023-02-11,4,False,0.0,5.074981738168088,0.5400225089031326,0.4163087262216636,0.0,-1.078881458505073,-4.474658795149991
Los Angeles,2023-02-11,8,False,0.0,7.793899073483596,0.6527697594339966,0.28938046985542276,0.0,-0.9854275386621236,-2.558190800707761
Los Angeles,2023-02-11,13,False,0.0,10.115398333995364,0.7722542684273489,0.23112761972340146,0.0,-0.9633188308388534,-1.8890826321137464
Los Angeles,2023-02-18,4,False,0.0,4.933899639354531,0.912508784287579,0.5333178253883166,0.0,-1.0691623851078407,-4.7144937580085955
Los Angeles,2023-02-18,8,False,0.0,7.227042091022466,0.7267138959141366,0.395745775634338,0.0,-0.9182525466193692,-2.8166129025443922
Los Angeles,2023-02-18,13,False,0.0,8.913954203349563,0.3968300067525664,0.3332693703081764,0.0,-1.0122699997874163,-2.1673694726317896
Los Angeles,2023-02-25,4,False,0.0,4.090093313971904,0.5882888234781807,0.6136663296186154,0.0,-1.2531398094666502,-5.8167782250273525
Los Angeles,2023-02-25,8,False,0.0,6.05493856011187,0.24170961000928248,0.4491387218594105,0.0,-0.9583492924093446,-3.4301447609489912
Los Angeles,2023-02-25,13,False,0.0,7.153571647604714,-0.33564985610232223,0.3927274671581974,0.0,-1.2091703618966032,-2.7317814863148726
Los Angeles,2023-03-04,4,False,0.0,2.886362514793965,0.07534967198845877,0.7136062958529765,0.0,-1.4928257712817485,-8.387365613000547
Los Angeles,2023-03-04,8,False,0.0,4.773116815833247,-0.1459712129166213,0.5338887147761573,0.0,-1.0017309456862522,-4.43011847816808
Los Angeles,2023-03-04,13,False,0.0,5.3026439216038,-1.0089332167274483,0.5149593970380165,0.0,-1.5458666273113963,-3.719366166050947
Los Angeles,2023-03-11,4,False,0.0,2.4206316499421985,0.43311510539310094,0.5799241085479079,0.0,-1.4404115377585889,-10.169026703405143
Los Angeles,2023-03-11,8,False,0.0,3.9930804602141254,0.25724364323778715,0.5596615481272087,0.0,-1.0732956672669518,-5.3469665937815885
Los Angeles,2023-03-11,13,False,0.0,4.022647125934157,-0.677434503445983,0.6192402385358502,0.0,-2.07579333512019,-4.915870643440274
Los Angeles,2023-03-18,4,False,0.0,2.1876781889386554,0.581414617664088,0.3917172948413201,0.0,-0.7832299903758086,-11.432311755499178
Los Angeles,2023-03-18,8,False,0.0,3.2655725047889232,0.2700659488656235,0.6314167467014582,0.0,-1.0234265618960618,-6.57463742245382
Los Angeles,2023-03-18,13,False,0.0,2.891642708182082,-1.009236687736934,0.6179471543512001,0.0,-2.770235125710171,-6.845281244902792
Los Angeles,2023-03-25,4,False,0.0,2.1288666744802396,0.8666130393842113,0.5057462483878963,0.0,-0.4278319714192844,-11.869262751422738
Los Angeles,2023-03-25,8,False,0.0,2.663028751087896,0.4097517087141076,0.7195070956544931,0.0,-1.2810410831072239,-8.070863661828994
Los Angeles,2023-03-25,13,False,0.0,2.0584911942215602,-1.201614131624046,0.3515108875086532,0.0,-4.128780625054285,-9.521522262821046
Los Angeles,2023-04-01,4,False,0.0,2.629551968737062,0.3892695977123015,0.7769093911092748,0.0,-0.496064945495825,-9.664585023880846
Los Angeles,2023-04-01,8,False,0.0,2.500182998557753,0.5003960921540762,0.7698199893794639,0.0,-1.835129361997614,-8.571706379063528
Los Angeles,2023-04-01,13,False,0.0,1.9416939036811902,-0.3516669358457001,0.17654993349499182,0.0,-4.917202745558251,-9.786396946714854
Los Angeles,2023-04-08,4,False,0.0,1.5592284609930789,-0.2619777238828478,0.36214310276183603,0.0,-1.4367721317947653,-16.398587958746887
Los Angeles,2023-04-08,8,False,0.0,1.065756689093594,-3.957310249765497,-0.43817815941481597,0.0,-5.68882854996532,-20.09731890469663
Los Angeles,2023-04-08,13,False,0.0,1.6819963486365628,-4.935644032732452,-0.7305152675355573,0.0,-5.584557420316605,-10.397481517154784
Los Angeles,2023-04-15,4,False,0.0,0.4358069711527022,-4.644667099828819,-3.258516906962809,0.0,-9.64421948438525,-58.77638188699488
Los Angeles,2023-04-15,8,False,0.0,0.8569546679282052,-5.496790616447755,-2.142864522154324,0.0,-8.402361001238125,-23.526662403744346
Los Angeles,2023-04-15,13,False,0.0,2.2781623913637303,-3.3145593473570365,-0.863723643147243,0.0,-4.005316400948838,-6.6795899341890514
Los Angeles,2023-04-22,4,False,0.0,0.44056890816346556,-1.7339287627263689,-4.486192603680893,0.0,-9.866247709282652,-56.52550465523132
Los Angeles,2023-04-22,8,False,0.0,1.2885621899143038,-1.2930580525150424,-1.6305400994741528,0.0,-5.663175484496201,-14.665370041118816
Los Angeles,2023-04-22,13,False,0.0,3.040376253931687,-0.866041064888849,-0.6961451689804383,0.0,-2.6504019589634034,-4.3887120386541385
Los Angeles,2023-04-29,4,False,0.0,1.08632461596085,-1.143022819835501,-1.9779180399509917,0.0,-2.802600338105499,-21.380217536495575
Los Angeles,2023-04-29,8,False,0.0,2.216305090994463,-0.9924046507600413,-0.9584036796424626,0.0,-2.6060968328554757,-7.5587819941837395
Los Angeles,2023-04-29,13,False,0.0,4.145034251879827,-0.8022673449823563,-0.5023403519099694,0.0,-1.358135111930216,-2.6281260038520413
Los Angeles,2023-05-06,4,False,0.0,1.1083677834063081,0.8236036805720817,-1.901384291917101,0.0,-2.7369086108869793,-20.712115979271484
Los Angeles,2023-05-06,8,False,0.0,2.472448244682765,0.655457220357746,-0.8406096345763701,0.0,-2.0290335170104306,-6.452448855981409
Los Angeles,2023-05-06,13,False,0.0,4.540592449148792,0.5393007385856812,-0.448023157590969,0.0,-0.9202182402381778,-2.1564353141472514
Los Angeles,2023-05-13,4,False,0.0,1.3562901858186838,0.6482335231639182,-1.5536936976013083,0.0,-2.2696473317195665,-16.35112311066794
Los Angeles,2023-05-13,8,False,0.0,2.7770948497102714,0.5584657844581051,-0.7478706805711486,0.0,-1.4944921888710256,-5.441709996246446
Los Angeles,2023-05-13,13,False,0.0,5.048992400758949,0.4619709626520324,-0.40173853084068645,0.0,-0.5275575781104191,-1.6892762622415143
Los Angeles,2023-05-20,4,False,0.0,1.251749366143188,0.8042014393384529,-1.7623231728181006,0.0,-3.5740939950520785,-17.675896045009146
Los Angeles,2023-05-20,8,False,0.0,2.890518287927719,0.8223399770313842,-0.750515102815666,0.0,-1.3987289880515839,-5.049801610577743
Los Angeles,2023-05-20,13,False,0.0,5.302325253920784,0.7132784276851604,-0.3989757244238168,0.0,-0.35075963029476886,-1.4501425151370095
Los Angeles,2023-05-27,4,False,0.0,1.637906551167577,0.536393014162701,-1.2694863138795482,0.0,-2.571354461562328,-12.848042424014773
Los Angeles,2023-05-27,8,False,0.0,3.371073227487037,0.4578796781686504,-0.6059382235476736,0.0,-0.8389588566476087,-3.9637776994085847
Los Angeles,2023-05-27,13,False,0.0,5.820596299810433,0.3980976217913773,-0.342040739988412,0.0,-0.00017811082588559124,-1.1122553739180892
Los Angeles,2023-06-03,4,False,0.0,2.086711141396284,0.5503273135933857,-0.9422492980446495,0.0,-1.4014553469959297,-9.471296415780536
Los Angeles,2023-06-03,8,False,0.0,3.7933281323707573,0.5321772453993295,-0.5092972112245937,0.0,-0.3188316366799777,-3.233464177315006
Los Angeles,2023-06-03,13,False,0.0,6.164404636351593,0.492606106357355,-0.3056771632121109,0.0,0.3224939947353114,-0.9130680163666165
Los Angeles,2023-06-10,4,False,0.0,1.8344076854919666,0.7272613987466943,-0.9455674576810891,0.0,-1.0722615718815343,-10.866016657426682
Los Angeles,2023-06-10,8,False,0.0,3.829590508530207,0.8733041258156392,-0.4437294099782134,0.0,0.027389498100858,-3.0668964506881613
Los Angeles,2023-06-10,13,False,0.0,5.931964174522696,0.8852452908202734,-0.2802029114713738,0.0,0.5545772622782851,-0.9818121561190918
Los Angeles,2023-06-17,4,False,0.0,2.536397182975248,0.27967195048050353,-0.646733923695683,0.0,0.3685276123094625,-7.191174699688505
Los Angeles,2023-06-17,8,False,0.0,4.666295020777045,0.2652543409594341,-0.343854507017072,0.0,0.6803290185336859,-2.1163658919809283
Los Angeles,2023-06-17,13,False,0.0,6.389375898063457,0.2950926649172767,-0.24658527807972264,0.0,0.7685393621633221,-0.7955439530165413
Los Angeles,2023-06-24,4,False,0.0,2.264164658066233,0.7208800477633439,-0.6771893370708209,0.0,0.5135987314110595,-8.097790481684997
Los Angeles,2023-06-24,8,False,0.0,4.49165802061377,0.8903683921554238,-0.33357916072895066,0.0,0.7980177733891993,-2.198410368979705
Los Angeles,2023-06-24,13,False,0.0,5.861646401590588,0.7044038039287972,-0.2519482064921643,0.0,0.7525503118406534,-0.986158094459425
Los Angeles,2023-07-01,4,False,0.0,1.8823648975982903,0.35275588344893816,-0.7660834999671438,0.0,0.22232847397425326,-9.898614603209124
Los Angeles,2023-07-01,8,False,0.0,4.145111475401629,0.6941433986814805,-0.33986849147210374,0.0,0.7336199453266009,-2.439478718447502
Los Angeles,2023-07-01,13,False,0.0,5.215658897898134,0.4017812999465096,-0.2670916226112068,0.0,0.7008024157544626,-1.2825207284475346
Los Angeles,2023-07-08,4,False,0.0,3.0200963045062825,0.18737317066500547,-0.4402746625934717,0.0,0.6744159083154855,-5.281216883798098
Los Angeles,2023-07-08,8,False,0.0,4.82871004979732,0.20619959255452958,-0.27023249067907607,0.0,0.7464553582172531,-1.8041759665261408
Los Angeles,2023-07-08,13,False,0.0,5.666238216980512,0.271186514446502,-0.22826275817808117,0.0,0.6682167511379362,-1.0980295354408587
Los Angeles,2023-07-15,4,False,0.0,3.1194608831890602,0.8637880872926502,-0.3626417731255356,0.0,0.7262954967813603,-4.89509646403725
Los Angeles,2023-07-15,8,False,0.0,4.357189933144174,0.788987870727244,-0.2563106563571871,0.0,0.6742462361948671,-2.1700934043075955
Los Angeles,2023-07-15,13,False,0.0,5.109185483270066,0.49614986681213313,-0.2168669300778907,0.0,0.5917200745823991,-1.4094496721240697
Los Angeles,2023-07-22,4,False,0.0,3.1109173379596577,0.8788859237307898,-0.322161601432325,0.0,0.7707599336075319,-4.789811024070582
Los Angeles,2023-07-22,8,False,0.0,3.789707274471415,0.6021483999193453,-0.2626051708671642,0.0,0.6147582627542203,-2.7522301303716907
Los Angeles,2023-07-22,13,False,0.0,4.567366386052623,0.28923856387199187,-0.21613169551208578,0.0,0.5137677623443195,-1.7649471725518096
Los Angeles,2023-07-29,4,False,0.0,2.9747377221995066,0.8061740312783696,-0.33190495697770883,0.0,0.7495716449249374,-4.999243222486321
Los Angeles,2023-07-29,8,False,0.0,3.1758452607360517,0.3618044069894847,-0.3102429879819155,0.0,0.542753288240781,-3.6756692527074346
Los Angeles,2023-07-29,13,False,0.0,4.070076428519865,0.1429164765314026,-0.23984414874139404,0.0,0.42650678741132664,-2.1647549993904005
Los Angeles,2023-08-05,4,False,0.0,1.5001849917007308,-1.0385559155859632,-0.5989667761911524,0.0,0.4136810857492661,-11.66453986226795
Los Angeles,2023-08-05,8,False,0.0,1.5711984567876112,-3.2188914868535745,-0.5714829635596632,0.0,0.0757113077007806,-9.127085620396091
Los Angeles,2023-08-05,13,False,0.0,2.6894608156619224,-2.6564458824674766,-0.33007056198484586,0.0,0.04787112328101151,-3.985163159860197
Los Angeles,2023-08-12,4,False,0.0,0.6017950915122604,-2.2631375417246344,-1.4059860488989266,0.0,-0.3057514025900736,-31.838739632582786
Los Angeles,2023-08-12,8,False,0.0,0.838689372723958,-3.4813814974832082,-1.0064500585897318,0.0,-0.45647856538649334,-18.502606118413755
Los Angeles,2023-08-12,13,False,0.0,2.17269468085749,-1.2218256354808412,-0.38327677271483807,0.0,-0.1834072613415696,-5.231762100846624
Los Angeles,2023-08-19,4,False,0.0,0.20586853164585103,-6.1267880557799606,-3.3025476164634515,0.0,-2.2106071787992825,-97.36064259545273
Los Angeles,2023-08-19,8,False,0.0,0.6199064237911677,-2.405599539715901,-1.2488911311611988,0.0,-0.7882057224889314,-25.608765377999454
Los Angeles,2023-08-19,13,False,0.0,2.069638940005326,0.036581666217937236,-0.38612619441117,0.0,-0.3031774441835746,-5.520860294652389
Los Angeles,2023-08-26,4,False,0.0,0.35752534512133144,-2.3825025442922474,-0.1949951349425183,0.0,-0.030861568782905024,-56.3458587432546
Los Angeles,2023-08-26,8,False,0.0,0.8835596541706687,-0.1162935248746011,-0.47572551427015997,0.0,-0.05687438357481511,-17.455396719220495
Los Angeles,2023-08-26,13,False,0.0,2.126007008972259,0.5099964108648896,-0.25731371399886793,0.0,-0.23118596749057008,-5.3609364246569005
Los Angeles,2023-09-02,4,False,0.0,0.30823047761114963,-0.8089190024616766,-1.2072557214746396,0.0,0.32872745185809726,-64.0708702898628
Los Angeles,2023-09-02,8,False,0.0,1.3715566089390203,-0.5165685633496038,-0.37577870421436965,0.0,0.20868604158630055,-10.279601911587047
Los Angeles,2023-09-02,13,False,0.0,2.3229624630532846,-0.5112242535484015,-0.2440206000733618,0.0,-0.22080176464255907,-4.704169318410338
Los Angeles,2023-09-09,4,False,0.0,0.7791678474875912,-1.136061268675289,-0.9772475860606906,0.0,0.6606608769692037,-23.61782819209587
Los Angeles,2023-09-09,8,False,0.0,2.2151941805073463,-0.7045440748428966,-0.338760168417509,0.0,0.2906815568239487,-5.474056495890654
Los Angeles,2023-09-09,13,False,0.0,2.6334038256180556,-0.8898892033027641,-0.2504431141185113,0.0,-0.23714227206599103,-3.965760008364544
Los Angeles,2023-09-16,4,False,0.0,1.1640372819570743,0.21485780249388597,-0.6131161111859327,0.0,0.6193853717611992,-14.997467690337315
Los Angeles,2023-09-16,8,False,0.0,2.757867102848556,0.15960206356238227,-0.2546101796907212,0.0,0.2266310078581616,-3.940794441499312
Los Angeles,2023-09-16,13,False,0.0,2.8008271023474087,0.10641033114995913,-0.17237799602593373,0.0,-0.3099388667606222,-3.8743799876008973
Los Angeles,2023-09-23,4,False,0.0,1.573222345007115,0.4319930897128724,-0.39868072395541265,0.0,0.503593988450443,-10.42384560288188
Los Angeles,2023-09-23,8,False,0.0,3.087911434103602,0.38818134400609106,-0.1999931840758975,0.0,0.15327784190200955,-3.2608783451588232
Los Angeles,2023-09-23,13,False,0.0,3.1456206507314253,0.03984068698458687,-0.10270894224101368,0.0,-0.25836386230501507,-3.692820362662128
Los Angeles,2023-09-30,4,False,0.0,1.8711693778277434,0.6619239277658086,-0.30254068946496937,0.0,0.1496976722019545,-8.289657966272927
Los Angeles,2023-09-30,8,False,0.0,2.884822611795443,0.6332435170563593,-0.19420851372058823,0.0,-0.13737683006096324,-3.6228361906926096
Los Angeles,2023-09-30,13,False,0.0,3.9269516156113395,-0.2587888711966093,-0.05073398599588974,0.0,-0.1251768230566246,-3.2580219982526257
Los Angeles,2023-10-07,4,False,0.0,2.059658212898255,0.7800189400887239,-0.22059833566391251,0.0,-0.1379986978264911,-7.196478448730941
Los Angeles,2023-10-07,8,False,0.0,2.2290872797633208,0.3910745216185877,-0.2034784262794327,0.0,-0.7068054899827205,-5.284504518889314
Los Angeles,2023-10-07,13,False,0.0,5.201861632009226,-0.5094460882855008,-0.015941328880063166,0.0,0.09851753644114036,-2.738141199907335
Los Angeles,2023-10-14,4,False,0.0,2.337341646598725,0.605425822602538,-0.14769348594050502,0.0,-0.12050546624296699,-5.999687085591259
Los Angeles,2023-10-14,8,False,0.0,2.119899985218626,-0.08582359711938414,-0.07983524713611767,0.0,-0.7685529385277994,-6.1515308511592455
Los Angeles,2023-10-14,13,False,0.0,6.97567444802345,-0.4240775475845451,0.007432572692016581,0.0,0.33565523879917447,-2.223948772091866
Los Angeles,2023-10-21,4,False,0.0,1.8731447852603236,0.6943866233378617,-0.1921924902014127,0.0,-0.1494771099888046,-7.871670617318255
Los Angeles,2023-10-21,8,False,0.0,2.4827834482372646,-1.065401108160117,-0.03327328989347356,0.0,-0.202560083796691,-5.931222448668599
Los Angeles,2023-10-21,13,False,0.0,9.005041359474198,-0.741380937423467,0.01307058789628135,0.0,0.5446916753068365,-1.8457014001927106
Los Angeles,2023-10-28,4,False,0.0,1.0816650396913565,-0.711142426577793,-0.16702339676749745,0.0,-0.17374819709130196,-15.504068930901855
Los Angeles,2023-10-28,8,False,0.0,3.8590025299636657,-1.0103773027873832,0.027618792765246147,0.0,0.48575433066137597,-4.145480359039784
Los Angeles,2023-10-28,13,False,0.0,11.173887427483928,-0.6849369315638065,0.021490246032072613,0.0,0.6889307784932691,-1.5394264112344764
Los Angeles,2023-11-04,4,False,0.0,1.4852501232320472,-1.3541051884365212,0.0029823975973969352,0.0,0.7054542087117037,-12.299936082856698
Los Angeles,2023-11-04,8,False,0.0,6.4465262881870915,-0.6823251517694444,0.026114216689349434,0.0,0.8926641057569374,-2.64597741622623
Los Angeles,2023-11-04,13,False,0.0,13.359194538879033,-0.5686806613190285,0.018437946150037132,0.0,0.8008529550624393,-1.3041874344117046
Los Angeles,2023-11-11,4,False,0.0,3.2065017947593226,-0.4008089902695471,0.07867395938110722,0.0,0.8102913450177125,-5.897008663901755
Los Angeles,2023-11-11,8,False,0.0,9.839849391849254,-0.2566836718348877,0.028879048389023998,0.0,0.7898290903788044,-1.8127855805778292
Los Angeles,2023-11-11,13,False,0.0,15.354491240427883,-0.2694759214134024,0.019829707078057535,0.0,0.815309218914259,-1.1358762962517033
Los Angeles,2023-11-18,4,False,0.0,5.290084966910033,0.08713626437636379,0.05604787118295518,0.0,0.9130337600463185,-3.6651297192245
Los Angeles,2023-11-18,8,False,0.0,13.055612111292536,0.07015066754756127,0.024385360503363818,0.0,0.8209822759005195,-1.4164522265468773
Los Angeles,2023-11-18,13,False,0.0,16.62933877994207,0.08764033419854489,0.019750001165821485,0.0,0.81117939930334,-1.048639821712218
Los Angeles,2023-11-25,4,False,0.0,5.7474045485280465,0.8708892112422006,0.042057003834371165,0.0,0.93297655998571,-3.5169729921400963
Los Angeles,2023-11-25,8,False,0.0,13.877389552492511,0.7340611711775988,0.01875729048047803,0.0,0.8128560846577941,-1.382940337776923
Los Angeles,2023-11-25,13,False,0.0,15.610259060420118,0.6874573676494232,0.016928818328621476,0.0,0.7766731482558529,-1.1304341724751068
Los Angeles,2023-12-02,4,False,0.0,7.699475667557443,0.5878101831150369,0.034160985192023485,0.0,0.8063944613593026,-2.7691137884174366
Los Angeles,2023-12-02,8,False,0.0,14.461327043050215,0.6059648803758658,0.019329854184375828,0.0,0.7749560295820219,-1.3492337913527046
Los Angeles,2023-12-02,13,False,0.0,14.838673367335875,0.6211789627456816,0.018900401966505664,0.0,0.7456176375678725,-1.1963286151173445
Los Angeles,2023-12-09,4,False,0.0,9.442057388261716,0.6994313928663105,0.031199998504324644,0.0,0.4587627413982619,-2.399815522389276
Los Angeles,2023-12-09,8,False,0.0,13.494994876193386,0.7163446793642125,0.022638150655743927,0.0,0.7487947219653932,-1.4607263670980002
Los Angeles,2023-12-09,13,False,0.0,12.873271152817093,0.3049682655095797,0.023601475494515745,0.0,0.6777861838982022,-1.3893686062328512
Los Angeles,2023-12-16,4,False,0.0,10.61614164025437,0.7524360111778386,0.02736073141738138,0.0,0.5393502268793082,-2.250794901243987
Los Angeles,2023-12-16,8,False,0.0,11.605079020693246,0.5406657135205623,0.025252929050095463,0.0,0.6687217104309002,-1.7160988414536362
Los Angeles,2023-12-16,13,False,0.0,10.108992964663202,-0.3035269519167032,0.028601630885362384,0.0,0.5447941900390862,-1.7824434727260923
Los Angeles,2023-12-23,4,False,0.0,10.673752431572547,0.7618044842293592,0.03651346705884917,0.0,0.5444459012436424,-2.3091144096286964
Los Angeles,2023-12-23,8,False,0.0,9.182928659540389,0.14613149630721167,0.041869626988666586,0.0,0.537796443442121,-2.1898447214864802
Los Angeles,2023-12-23,13,False,0.0,6.937350963638651,-1.3843562021230902,0.05248841564890172,0.0,0.26491567537656124,-2.612591042094912
Los Angeles,2023-12-30,4,False,0.0,5.78260098104131,-0.5129699194158779,0.1172816254397534,0.0,0.12357471684310672,-4.353136192488316
Los Angeles,2023-12-30,8,False,0.0,3.4080325620672167,-5.427161553117424,0.18299173270707048,0.0,-0.4066821607217095,-6.0476832640694305
Los Angeles,2023-12-30,13,False,0.0,3.3710649636038545,-10.034819433802143,0.04312044494413958,0.0,-0.7222339281191237,-4.740096464694155
Los Angeles,2024-01-06,4,False,0.0,2.067460856685087,-4.452526033574856,0.007693740300051988,0.0,-0.05347579547338244,-11.409098397703483
Los Angeles,2024-01-06,8,False,0.0,3.001201245796631,-6.4126441227035915,-0.1204839404007565,0.0,0.228393250326268,-5.387878634255887
Los Angeles,2024-01-06,13,False,0.0,5.150301315922626,-5.819131052617632,-0.09572614264692025,0.0,0.30939303221709313,-1.7978035398892458
Los Angeles,2024-01-13,4,False,0.0,3.637042498358474,-1.8199926397416442,-0.23703564162133084,0.0,0.31661531496791584,-4.934737649469711
Los Angeles,2024-01-13,8,False,0.0,5.410859338519075,-2.1554733525639365,-0.15639646918618322,0.0,0.39672822443585953,-1.8758508197603856
Los Angeles,2024-01-13,13,False,0.0,7.8795898190925735,-2.222551103769938,-0.10459337115989387,0.0,0.37767126065613166,-0.4892737920150172
Los Angeles,2024-01-20,4,False,0.0,4.747477386308596,0.09383997340171157,-0.17798171567286314,0.0,0.26487244330473647,-3.2535640618114954
Los Angeles,2024-01-20,8,False,0.0,6.330545817064174,0.12383442082671114,-0.13125584153521674,0.0,0.2828111510035314,-1.400012307221921
Los Angeles,2024-01-20,13,False,0.0,8.694386450224144,0.13542791868510318,-0.09315804088951407,0.0,0.2750300248654842,-0.30284305813249013
Los Angeles,2024-01-27,4,False,0.0,2.9431298767794107,-0.15607103478550344,-0.29803262268936437,0.0,-0.5761544958401212,-6.297044152533247
Los Angeles,2024-01-27,8,False,0.0,4.8064304279107795,-0.30861838868413005,-0.1789912915653067,0.0,-0.17213424122876986,-2.2462217782715834
Los Angeles,2024-01-27,13,False,0.0,7.309074905319021,-0.2749981560957204,-0.1146097997826454,0.0,-0.00773039384005636,-0.5393626996309027
Los Angeles,2024-02-03,4,True,0.7,1.1320087369303273,-3.12176565867472,-0.7536208864354881,-4.366927040296989,-2.7075736604964464,-19.106035835488512
Los Angeles,2024-02-03,8,True,0.7,3.363561993474682,-1.0025908514132502,-0.24790681835925898,-1.436519353500847,-0.6630858242379853,-3.807752348605203
Los Angeles,2024-02-03,13,True,0.7,6.320558684127089,-0.37708418771518093,-0.12788977363452236,-0.741069310464054,-0.20173901670887084,-0.7459720719746519
Los Angeles,2024-02-10,4,False,0.0,1.477361767831709,0.690482485790457,-0.6447307113457676,0.0,-1.3976495981973671,-13.897485513099848
Los Angeles,2024-02-10,8,False,0.0,3.744791986990903,0.5930466890146724,-0.24849961438307155,0.0,-0.35779373879623955,-3.1495560384157226
Los Angeles,2024-02-10,13,False,0.0,7.2370210824132215,0.47310943058442445,-0.12392074910447715,0.0,-0.01726034289331868,-0.33380588675581424
Los Angeles,2024-02-17,4,False,0.0,2.251407652199399,0.3792620859818192,-0.41962220009321705,0.0,-0.53541467921931,-8.237779017787295
Los Angeles,2024-02-17,8,False,0.0,4.366259179552606,0.3466088550318811,-0.2116916435232845,0.0,-0.15132442383521272,-2.3579367660345043
Los Angeles,2024-02-17,13,False,0.0,8.429718328739009,0.2624558680549066,-0.10498894438945006,0.0,0.11472483367028818,0.04311059683826013
Los Angeles,2024-02-24,4,False,0.0,3.316605192721961,0.2379803760689947,-0.2702210514869079,0.0,-0.15451490328667528,-4.8201971121416065
Los Angeles,2024-02-24,8,False,0.0,5.208163314612374,0.2661201634092354,-0.16871255746822134,0.0,-0.019880469060592487,-1.6005252578632412
Los Angeles,2024-02-24,13,False,0.0,9.745267798064912,0.20555366958499444,-0.08584940088701432,0.0,0.20159374465763102,0.2838260392864833
Los Angeles,2024-03-02,4,False,0.0,3.6020494213776373,0.5987359491894617,-0.23168064543155698,0.0,0.09458575040356343,-4.187081812925791
Los Angeles,2024-03-02,8,False,0.0,5.7497436552840595,0.6539956569096352,-0.14190760750606635,0.0,0.1439644601094,-1.2229022294656549
Los Angeles,2024-03-02,13,False,0.0,10.562160032032072,0.5124836605419821,-0.07330611084916328,0.0,0.31466531382474894,0.4418938169638883
Los Angeles,2024-03-09,4,False,0.0,2.8150391696409462,0.5486442689926502,-0.28490643286151673,0.0,0.14026219421943775,-5.776020812238569
Los Angeles,2024-03-09,8,False,0.0,5.69520233262787,0.721983573797087,-0.13665082665649297,0.0,0.2192105549752542,-1.1253156070345192
Los Angeles,2024-03-09,13,False,0.0,10.686176329689994,0.7779188203353948,-0.06897377245841119,0.0,0.3888339065371865,0.5412443099825788
Los Angeles,2024-03-16,4,False,0.0,2.0988696333510517,0.16898065623266023,-0.3360194859749148,0.0,-0.30491635695167396,-8.214979689284922
Los Angeles,2024-03-16,8,False,0.0,5.894249418465143,0.7090205488756159,-0.1150137793899173,0.0,0.15841712951686215,-0.9037620656946648
Los Angeles,2024-03-16,13,False,0.0,10.959902101397217,0.7250822936505488,-0.05852496667475782,0.0,0.3864363620423381,0.6525636565827351
Los Angeles,2024-03-23,4,False,0.0,1.6436879841499255,-0.15504925663098423,-0.41478272728224996,0.0,-0.6265129576380837,-10.701788948582838
Los Angeles,2024-03-23,8,False,0.0,6.35576843794717,0.6357360757874199,-0.1021293978646356,0.0,0.19846398984704428,-0.5655905990254195
Los Angeles,2024-03-23,13,False,0.0,11.413622500478818,0.6489081221747455,-0.05379987239121631,0.0,0.4303530400311486,0.7311931006269539
Los Angeles,2024-03-30,4,False,0.0,3.3000174904329342,0.10922103822516316,-0.1980911361805442,0.0,-0.09349516917538381,-4.15229212548122
Los Angeles,2024-03-30,8,False,0.0,8.305585489920833,0.07259630167331454,-0.07463241896693606,0.0,0.3000096780360606,0.0895992120327469
Los Angeles,2024-03-30,13,False,0.0,13.248000364232698,0.0658112093262625,-0.044267403763587954,0.0,0.47435959297845387,0.7529931207010916
Los Angeles,2024-04-06,4,False,0.0,5.151917643346089,0.23775009877835185,-0.1096166986629723,0.0,0.18030347555129111,-1.8024947399802405
Los Angeles,2024-04-06,8,False,0.0,9.959049702677689,0.206726331003368,-0.05383184261347518,0.0,0.4017252622229617,0.40680474792707644
Los Angeles,2024-04-06,13,False,0.0,14.714941180620977,0.20273181028519283,-0.034508930377786795,0.0,0.5284424008878758,0.7327234030448763
Los Angeles,2024-04-13,4,False,0.0,6.567470670331545,0.44290721326636484,-0.07161082717606426,0.0,0.41725946728910435,-0.8687154461243154
Los Angeles,2024-04-13,8,False,0.0,11.025303012859858,0.4458732967222865,-0.040621383416135304,0.0,0.5364935475892887,0.4762344331932793
Los Angeles,2024-04-13,13,False,0.0,15.564663078258596,0.4587325473221845,-0.027306324246474833,0.0,0.6105887256683069,0.7122061954260697
Los Angeles,2024-04-20,4,False,0.0,7.436772701384814,0.6150121967620534,-0.05567282682174368,0.0,0.49282081700985425,-0.47356709676003894
Los Angeles,2024-04-20,8,False,0.0,11.389870783026183,0.683309779447375,-0.034797966510378364,0.0,0.6148750488785137,0.477440786599436
Los Angeles,2024-04-20,13,False,0.0,15.770498837885144,0.7176936669240958,-0.02388955669763826,0.0,0.6530991692673047,0.6894960387623694
Los Angeles,2024-04-27,4,False,0.0,6.7916059555101755,0.8963476777629584,-0.054867505556077445,0.0,0.6004350676352213,-0.5886243412322505
Los Angeles,2024-04-27,8,False,0.0,10.501990296735023,0.7879393715966592,-0.0340701806415904,0.0,0.7214200119674783,0.4525533240723314
Los Angeles,2024-04-27,13,False,0.0,14.758528177593206,0.7441524189750788,-0.02309088416084193,0.0,0.7155226524405531,0.6980441043073138
Los Angeles,2024-05-04,4,False,0.0,5.807171022015304,0.7046438118635928,-0.06045059635988381,0.0,0.6837552046232735,-0.8462148097030333
Los Angeles,2024-05-04,8,False,0.0,9.585692553553457,0.6636125339079522,-0.03515288956075957,0.0,0.7818732845467136,0.4535623959020709
Los Angeles,2024-05-04,13,False,0.0,13.713609194639496,0.6342441158183638,-0.023449732880506335,0.0,0.7485080979206906,0.7165481433422392
Los Angeles,2024-05-11,4,False,0.0,5.40771054504367,0.8702843907606027,-0.04671565572568048,0.0,0.6878962739052115,-0.9543883197608198
Los Angeles,2024-05-11,8,False,0.0,9.126180452931603,0.8722806557686956,-0.026593155932149726,0.0,0.7676735358974124,0.4611952440019179
Los Angeles,2024-05-11,13,False,0.0,13.17866621895504,0.8598703400210659,-0.017594427674990865,0.0,0.7261978292310067,0.7201167457395765
Los Angeles,2024-05-18,4,False,0.0,4.609107761206694,0.6219670966926949,-0.04839873382150439,0.0,0.9487678735977373,-1.2666148564879967
Los Angeles,2024-05-18,8,False,0.0,8.413926436225768,0.7138811939274768,-0.025455092589249828,0.0,0.8695771002577242,0.4517081690717737
Los Angeles,2024-05-18,13,False,0.0,12.357210426281748,0.7142966578057937,-0.016585925151723302,0.0,0.7818405397111076,0.7266224959240235
Los Angeles,2024-05-25,4,False,0.0,4.672934350448871,0.9473410986249076,-0.036937765845722614,0.0,0.938163974030547,-1.0943265522156973
Los Angeles,2024-05-25,8,False,0.0,8.412698959126775,0.9259511576873497,-0.019712603726151023,0.0,0.8035426722187946,0.4975165172910967
Los Angeles,2024-05-25,13,False,0.0,12.133537001841233,0.9411724833091225,-0.01311232800177664,0.0,0.7243220348184376,0.6992800570355231
Los Angeles,2024-06-01,4,False,0.0,5.299459940088322,0.724524905424526,-0.02339967655295294,0.0,0.6301380003098573,-0.644312362417341
Los Angeles,2024-06-01,8,False,0.0,8.674803975747453,0.7601730795084445,-0.013785418512286984,0.0,0.6056543356539419,0.49784684767175713
Los Angeles,2024-06-01,13,False,0.0,12.082480371741308,0.8091858190420161,-0.009528144633537794,0.0,0.5745867754553055,0.6593244188012002
Los Angeles,2024-06-08,4,False,0.0,5.0309202155072565,0.9133274876607549,-0.0034197607400303642,0.0,0.3555674759505194,-0.6487251447486895
Los Angeles,2024-06-08,8,False,0.0,8.386562401246493,0.9212642049445867,-0.0019789559121006217,0.0,0.4304396032490354,0.5170521249769124
Los Angeles,2024-06-08,13,False,0.0,11.354250106497224,0.8195855257543608,-0.0014143613634751695,0.0,0.4301488221162264,0.6330657996769675
Los Angeles,2024-06-15,4,False,0.0,5.3128648746985165,0.7619825073257569,0.006069451421364835,0.0,0.07239757850403006,-0.4805964769460176
Los Angeles,2024-06-15,8,False,0.0,8.528811605358552,0.8156636486344383,0.0036524395234646123,0.0,0.25089882228840543,0.5384929081535021
Los Angeles,2024-06-15,13,False,0.0,11.045531995066707,0.8591071588212221,0.002742637199454001,0.0,0.27410764070169547,0.6038639419001695
Los Angeles,2024-06-22,4,False,0.0,4.754268246264328,0.7630295708167204,0.01821511965843059,0.0,0.09795446594718071,-0.6974705557767404
Los Angeles,2024-06-22,8,False,0.0,7.776627694270623,0.7290721553858284,0.01078251023362109,0.0,0.2762340529733539,0.5032722203656405
Los Angeles,2024-06-22,13,False,0.0,9.96291760522406,0.5080402982121148,0.008216844392461176,0.0,0.2690107273679586,0.5783134209676919
Los Angeles,2024-06-29,4,False,0.0,3.5417196187484947,0.15377992273837304,0.026017403215419566,0.0,0.27438859949133076,-1.3091510467507952
Los Angeles,2024-06-29,8,False,0.0,6.450862183624781,0.24577980517985643,0.013853535920619109,0.0,0.3870044931158113,0.4158788266832615
Los Angeles,2024-06-29,13,False,0.0,8.446438758397703,-0.03324420314283172,0.010354764215704693,0.0,0.32747579413704453,0.5556316985373653
Los Angeles,2024-07-06,4,False,0.0,4.500641814193874,0.5171193659009021,0.018798882170331765,0.0,0.514647342305926,-0.5527190969304294
Los Angeles,2024-07-06,8,False,0.0,6.78524162977906,0.5997312711540652,0.012170975378134608,0.0,0.48251775218916393,0.3743285461910495
Los Angeles,2024-07-06,13,False,0.0,8.645722027120687,0.7144034266995354,0.009361245717981359,0.0,0.3910687147354853,0.5521501334973345
Los Angeles,2024-07-13,4,False,0.0,4.358505731999368,0.9461733401230236,0.021123348083059046,0.0,0.3238759212775728,-0.5472993688729919
Los Angeles,2024-07-13,8,False,0.0,6.03672081682786,0.7187979771031179,0.014983424979160276,0.0,0.3011332415266005,0.22204292965072725
Los Angeles,2024-07-13,13,False,0.0,7.836571874078024,0.5196374558063195,0.01132104518350141,0.0,0.24178840365836618,0.5276637240404505
Los Angeles,2024-07-20,4,False,0.0,3.870314288915337,0.8160200491405625,0.0381733365155178,0.0,0.10469462262816842,-0.7237994146339699
Los Angeles,2024-07-20,8,False,0.0,5.130419711555011,0.43799908250813613,0.02841992421300954,0.0,0.06394755217186221,0.029591227786541885
Los Angeles,2024-07-20,13,False,0.0,6.834328215631203,0.22546214083622984,0.020951200829469996,0.0,0.0572676932531192,0.47623302144906265
Los Angeles,2024-07-27,4,False,0.0,3.6427618238025055,0.8155871118170112,0.04333587349728785,0.0,0.10715595884839046,-0.9581288730881938
Los Angeles,2024-07-27,8,False,0.0,4.618262493548218,0.5791785100912181,0.03383612365047306,0.0,-0.006839447591596048,-0.1398285673290791
Los Angeles,2024-07-27,13,False,0.0,6.142593520802919,0.43755245412207056,0.025032876673258486,0.0,-0.001329194249100274,0.4080615851508069
Los Angeles,2024-08-03,4,False,0.0,1.8385627043607744,-1.1540329917416665,0.10243349773586385,0.0,-0.4858236458159786,-3.378164636384618
Los Angeles,2024-08-03,8,False,0.0,2.9653279903214185,-1.4620502488813352,0.06278179740534229,0.0,-0.4225084118603837,-0.8714973502620109
Los Angeles,2024-08-03,13,False,0.0,4.233740658612398,-1.711744673305271,0.043397809846471236,0.0,-0.29306345333697803,0.07740090940296118
Los Angeles,2024-08-10,4,False,0.0,1.1375874334668583,-0.5233615566456762,0.16123613229267797,0.0,-1.2682041394078158,-6.5242932631264186
Los Angeles,2024-08-10,8,False,0.0,2.582392687407394,0.042183567073882156,0.06998921598835628,0.0,-0.5920534932628814,-1.132412380012147
Los Angeles,2024-08-10,13,False,0.0,3.4282395909816104,-0.2758909155327025,0.052263072202191174,0.0,-0.46090736990821823,-0.23715089504484865
Los Angeles,2024-08-17,4,False,0.0,1.0394360557503832,0.5589281682483922,0.1742842337513315,0.0,-1.4962004926591619,-7.184976829818234
Los Angeles,2024-08-17,8,False,0.0,2.6542083147704267,0.8135179869957999,0.06713915846625429,0.0,-0.5232421803375584,-1.0004844242297555
Los Angeles,2024-08-17,13,False,0.0,3.0114266840113433,0.533370397742926,0.058957898345440074,0.0,-0.5056912068852983,-0.5016287631708236
Los Angeles,2024-08-24,4,False,0.0,1.0238036157386614,0.5694078188173542,0.13974108482581704,0.0,-1.3328339913227927,-7.156198314217345
Los Angeles,2024-08-24,8,False,0.0,2.6114632963317077,0.7967873825029433,0.06676017806463208,0.0,-0.3975506450802293,-0.982163388853603
Los Angeles,2024-08-24,13,False,0.0,2.444786302485737,0.19025865079791504,0.06340795434203383,0.0,-0.5595308990155159,-1.1401588713929116
Los Angeles,2024-08-31,4,False,0.0,1.8051777621591596,0.1371324073699034,0.10667067246575856,0.0,-0.22640569960816048,-3.1253721619479204
Los Angeles,2024-08-31,8,False,0.0,3.0266091593397055,0.14515836705360308,0.06283081009277691,0.0,-0.05919757135807657,-0.564375788468086
Los Angeles,2024-08-31,13,False,0.0,2.632130956381214,0.11431897958212467,0.04961743117454731,0.0,-0.1484827530441124,-1.3716147431556864
Los Angeles,2024-09-07,4,False,0.0,2.5060593901530868,0.299772654174969,0.06436969951261962,0.0,0.10283777758352586,-1.6316613714327555
Los Angeles,2024-09-07,8,False,0.0,3.0690079503159504,0.4389323278518076,0.05225885142798481,0.0,0.0817003060626198,-0.6553916032406191
Los Angeles,2024-09-07,13,False,0.0,2.9056353378401183,-0.029665362146394036,0.0290079787599119,0.0,0.16620605624109708,-1.5734947341151564
Los Angeles,2024-09-14,4,True,0.7,2.407645464855401,0.8621631399295256,0.0722311887443643,-2.0267177198576016,0.1999644631481261,-1.702951644042591
Los Angeles,2024-09-14,8,True,0.7,2.2746291368956313,0.14053442317704246,0.07655934890245986,-2.1481605347867414,0.1273250336104491,-1.606511592720953
Los Angeles,2024-09-14,13,True,0.7,3.284643433661235,-1.159274040076208,0.010737646176095295,-0.7333583730579216,0.5427171808535352,-1.763846390845154
Los Angeles,2024-09-21,4,True,0.7,1.942065932356345,0.6220923327354078,0.09035823345287997,-2.524577884661931,0.30393959736742737,-2.5242136278165512
Los Angeles,2024-09-21,8,True,0.7,1.442620848901709,-1.341639675031483,0.060235427388318885,-3.233344232858422,0.25694002538391725,-3.78857083858664
Los Angeles,2024-09-21,13,True,0.7,4.389487424405587,-1.3168040861340753,-0.004925684830240362,-0.2671333463186645,0.7987523194821955,-1.537228890032213
Los Angeles,2024-09-28,4,False,0.0,0.8516380566947266,-1.533246419616749,0.15242705296500791,0.0,-0.010164020512841043,-8.101068871718791
Los Angeles,2024-09-28,8,False,0.0,1.3866648130473207,-3.3745484250162123,-0.001309277093746175,0.0,0.4506137109914997,-4.922967711724181
Los Angeles,2024-09-28,13,False,0.0,6.342297478649487,-1.3845559445882105,-0.00924911458441069,0.0,0.8505035938349678,-1.173930845149684
Los Angeles,2024-10-05,4,False,0.0,0.5026001567001966,-4.8842433003554255,-0.20909582673046323,0.0,0.19376570410799032,-16.822577492090474
Los Angeles,2024-10-05,8,False,0.0,2.554187515516419,-1.8087121729744422,-0.05182783763198584,0.0,0.6432155992336945,-2.9271073854654777
Los Angeles,2024-10-05,13,False,0.0,9.136216631599407,-0.866133862923234,-0.016605871612231038,0.0,0.7457280531448067,-0.8583683110601605
Los Angeles,2024-10-12,4,False,0.0,1.158149561443452,-0.30719843533408087,-0.12576363339874108,0.0,0.4193331062850276,-7.385667986423565
Los Angeles,2024-10-12,8,False,0.0,3.998918497784131,-0.16676447234379577,-0.03744597273801675,0.0,0.7162063489343724,-1.9098301508571005
Los Angeles,2024-10-12,13,False,0.0,11.72917673645402,-0.0981501158126028,-0.013715698031452783,0.0,0.7948995883824468,-0.6895743312694218
Los Angeles,2024-10-19,4,False,0.0,1.701269287908785,0.3357576131526292,-0.06481999279303574,0.0,0.3823208133092393,-5.0907023324297125
Los Angeles,2024-10-19,8,False,0.0,5.567312427341574,0.1949743683280878,-0.020560777751778225,0.0,0.7597353545109768,-1.412027995694893
Los Angeles,2024-10-19,13,False,0.0,13.888212194933521,0.1351585814083368,-0.008891767520421645,0.0,0.8193447011561796,-0.598285301866716
Los Angeles,2024-10-26,4,False,0.0,2.437326117751749,0.3530827463929963,-0.04223502755231667,0.0,0.5574583094459602,-3.614387605604267
Los Angeles,2024-10-26,8,False,0.0,7.563882265980848,0.21973601174463464,-0.014290581424145632,0.0,0.802302365360198,-1.0773745165340047
Los Angeles,2024-10-26,13,False,0.0,15.590552691458692,0.1822281850968278,-0.0074505617645748146,0.0,0.8266987658102771,-0.5419031861519723
Los Angeles,2024-11-02,4,False,0.0,3.2799729114133425,0.6139107747586454,-0.013261978755296111,0.0,0.6131515742090689,-2.7783683431333746
Los Angeles,2024-11-02,8,False,0.0,9.529818283052496,0.41310635330246825,-0.004840722837109901,0.0,0.842299131598468,-0.8957986879084903
Los Angeles,2024-11-02,13,False,0.0,16.350601477798214,0.4021368099426701,-0.0029970733287054685,0.0,0.8125436337683609,-0.5236285278978285
Los Angeles,2024-11-09,4,False,0.0,4.308002347503705,0.615189677948606,0.002930874841906572,0.0,0.9369143479403566,-2.2031513780537955
Los Angeles,2024-11-09,8,False,0.0,11.703215712595739,0.4530360514934766,0.001155356579722322,0.0,0.8149339486391541,-0.7689440634010707
Los Angeles,2024-11-09,13,False,0.0,16.50730800903649,0.5206890776314346,0.0008543434398684546,0.0,0.7970408201826672,-0.5238938641737878
Los Angeles,2024-11-16,4,False,0.0,6.093141329166563,0.4203221344129566,0.0058184389632117695,0.0,0.9468746557354202,-1.6284012828293153
Los Angeles,2024-11-16,8,False,0.0,14.176673629960659,0.35879870566468464,0.0026913084238958662,0.0,0.8418729173443682,-0.6653918489334953
Los Angeles,2024-11-16,13,False,0.0,16.522547501769687,0.48099333693463364,0.002356640774437424,0.0,0.7414986758031736,-0.5257645588415427
Los Angeles,2024-11-23,4,False,0.0,8.022625360846774,0.49845897423284447,0.007223906075134567,0.0,0.8446332071687455,-1.309900856250759
Los Angeles,2024-11-23,8,False,0.0,15.722733574582998,0.5001346184620776,0.0039487942287618205,0.0,0.814548462600652,-0.6257265273993178
Los Angeles,2024-11-23,13,False,0.0,15.653629119148032,0.5573266399586025,0.003963858108104401,0.0,0.6768769509915478,-0.5598942882273876
Los Angeles,2024-11-30,4,False,0.0,8.610227913986066,0.9219099221348983,0.006099086447387214,0.0,0.9250001383395189,-1.3211503549483
Los Angeles,2024-11-30,8,False,0.0,14.645909806754148,0.8433331527243342,0.0037848695988664804,0.0,0.771524111265245,-0.7024170060258117
Los Angeles,2024-11-30,13,False,0.0,12.720892209661027,0.11561279059283092,0.0042844547105406194,0.0,0.5106485616860458,-0.7074028214348347
Los Angeles,2024-12-07,4,False,0.0,9.940972049419411,0.7570866523684521,0.00595624516743487,0.0,0.5957151923766226,-1.2323152890422513
Los Angeles,2024-12-07,8,False,0.0,13.067720393398643,0.6897744221735467,0.00465994347446641,0.0,0.6797342946345015,-0.8059832408504581
Los Angeles,2024-12-07,13,False,0.0,9.829432077041151,-0.27720234562780366,0.006017722511903911,0.0,0.24437635711328887,-0.9307792320040071
Los Angeles,2024-12-14,4,True,0.7,10.08754078914532,0.932636869561925,0.007933864047933281,0.49024022170063164,0.586914239251201,-1.3065412358456352
Los Angeles,2024-12-14,8,True,0.7,9.853737438617049,0.211464057619421,0.008104864133857137,0.5176135502996319,0.4615683532965559,-1.094948640745415
Los Angeles,2024-12-14,13,True,0.7,7.042930899474796,-1.77591535369098,0.006285182699771408,0.26821393666940174,-0.24180711823096068,-1.1436750430574247
Los Angeles,2024-12-21,4,False,0.0,8.352230333716152,0.6687015440736117,0.00258970843071471,0.0,0.4028236474109812,-1.6690865994529234
Los Angeles,2024-12-21,8,False,0.0,5.668629996691266,-1.4013972689737568,0.002840809087887086,0.0,-0.21340999184455178,-1.9072547804391284
Los Angeles,2024-12-21,13,False,0.0,6.057561722729118,-3.4452120028046886,0.00045312310064682393,0.0,-0.7288063520130488,-0.7082619130778016
Los Angeles,2024-12-28,4,False,0.0,5.0085555821530265,-0.06490553389438047,0.009279419720422899,0.0,-0.10691980621989439,-2.857609433376795
Los Angeles,2024-12-28,8,False,0.0,4.3672377329957435,-2.8428691380578868,0.000442597169175607,0.0,-0.6071742879691604,-1.730190255104651
Los Angeles,2024-12-28,13,False,0.0,7.351578596753459,-3.01897830833782,-0.0018729555820020671,0.0,-0.41274073231101216,0.25305423109572667
Los Angeles,2025-01-04,4,False,0.0,2.536521899163479,-3.1962508484560095,0.0009776078645550301,0.0,0.3243425475467492,-4.562135481034914
Los Angeles,2025-01-04,8,False,0.0,5.95709696362711,-2.739113287987679,-0.007227797138284808,0.0,0.21588624890953045,-0.11210549227577338
Los Angeles,2025-01-04,13,False,0.0,10.413588017374412,-2.3581234514134977,-0.0055216452609063715,0.0,0.18927573807371056,0.8248427471353745
Los Angeles,2025-01-11,4,True,0.9,5.020850572710449,-1.1675442993070746,-0.019379512775609786,-1.4187708046449994,0.477913051252273,-0.8602195673436157
Los Angeles,2025-01-11,8,True,0.9,9.100769617218585,-1.0966668687514147,-0.010232316387375429,-0.7491061267840529,0.2971020155107412,0.5792906799436894
Los Angeles,2025-01-11,13,True,0.9,13.796453706207112,-1.0478011932252063,-0.006401025229920698,-0.4686179586226351,0.23282962408512542,0.7183394548490281
Los Angeles,2025-01-18,4,True,0.9,7.132947542428972,0.1211592913299604,-0.005601210609955221,-0.976453558310719,0.42852746175421463,-0.03074867815358595
Los Angeles,2025-01-18,8,True,0.9,10.81775525733522,0.13641852975891622,-0.003546749524465209,-0.6183013699655866,0.3079965141636206,0.6161016230506725
Los Angeles,2025-01-18,13,True,0.9,15.370469108929393,0.1390502335111482,-0.0023687764815254475,-0.412946483411496,0.2451475869692208,0.6272841283228789
Los Angeles,2025-01-25,4,True,0.9,6.4945296917172906,0.8669843883727646,-0.007549040142256436,-1.079812481642528,0.06909051564338231,-0.17169920243729742
Los Angeles,2025-01-25,8,True,0.9,10.098925688702067,0.8113974105617456,-0.004667583839024214,-0.6676498195152973,0.10682676526679913,0.6343544680359047
Los Angeles,2025-01-25,13,True,0.9,14.671144192163116,0.8285427947831646,-0.0030495401744314865,-0.43620532962714,0.11434109298417783,0.6235719063893559
Los Angeles,2025-02-01,4,False,0.0,4.979834156628813,0.3516803942661213,-0.008632518738073136,0.0,-0.3601432965207896,-0.599351259035297
Los Angeles,2025-02-01,8,False,0.0,8.778292593694195,0.4090290863210233,-0.00470137365789669,0.0,-0.11348850429441959,0.6505414588781687
Los Angeles,2025-02-01,13,False,0.0,13.477739902879629,0.5013645636980499,-0.0029043396891552664,0.0,-0.000445686857424743,0.6391640390678481
Miami,2023-02-04,4,False,0.0,0.9672827867853654,-2.539010664431159,-0.9266811337053,0.0,-1.4995396314772362,-2.322309697191578
Miami,2023-02-04,8,False,0.0,2.622394081387924,-1.7248646766340223,-0.3520676328716188,0.0,-0.7612908999027128,0.6033574264092765
Miami,2023-02-04,13,False,0.0,5.261548627950825,-1.382986797234266,-0.1809072507966416,0.0,-0.23234835175603918,0.6697239615362098
Miami,2023-02-11,4,False,0.0,1.702619899888192,-0.6270409026504691,-0.49002378560181636,0.0,-0.5911970149318084,-0.46901571401328557
Miami,2023-02-11,8,False,0.0,3.5695722317983556,-0.5085392740800414,-0.2380228951849872,0.0,-0.3415879824980681,0.7729977084469071
Miami,2023-02-11,13,False,0.0,6.227524502180821,-0.4511733253188588,-0.13993435211898797,0.0,-0.024729269577809188,0.5741051409966578
Miami,2023-02-18,4,False,0.0,1.95930932354808,0.35090065629149314,-0.31693901772002464,0.0,-0.18028026092373284,-0.2050698257646264
Miami,2023-02-18,8,False,0.0,4.012568765400261,0.36018659707670075,-0.15787565368765355,0.0,-0.030053229937185177,0.8021191485864915
Miami,2023-02-18,13,False,0.0,6.570932663678894,0.3719232457397593,-0.09877876173372435,0.0,0.15476836720311293,0.5393505245255212
Miami,2023-02-25,4,False,0.0,1.9386735261179282,0.9658860205876012,-0.2842578982476125,0.0,-0.3490770540402932,-0.14031258042078565
Miami,2023-02-25,8,False,0.0,4.152462395556185,0.8848511558700476,-0.13559450070037005,0.0,0.007723185960548662,0.8016367833719138
Miami,2023-02-25,13,False,0.0,6.537859645071322,0.9081660626257191,-0.08809405820158878,0.0,0.17506845709740615,0.5309161818900977
Miami,2023-03-04,4,False,0.0,2.240218665811446,0.9069648697223568,-0.14127800241372723,0.0,-0.4591019776358294,0.13224311841049108
Miami,2023-03-04,8,False,0.0,4.557876561988333,0.8278644774763255,-0.07101292195842857,0.0,0.02025598908883819,0.7528111011910243
Miami,2023-03-04,13,False,0.0,6.697553639140691,0.8866710651998637,-0.04931527384114642,0.0,0.1735438554747224,0.510697096792462
Miami,2023-03-11,4,False,0.0,2.5190231814376434,0.8066680474178429,-0.029497590128293005,0.0,-0.48797881495636486,0.34217198945572724
Miami,2023-03-11,8,False,0.0,4.785154839344266,0.7860432874238219,-0.015871501172255442,0.0,0.03201154289110908,0.7036364189528215
Miami,2023-03-11,13,False,0.0,6.6664481565251785,0.8682548229204704,-0.01159705105964215,0.0,0.17872465565576634,0.5025199805748121
Miami,2023-03-18,4,False,0.0,2.7809264389617607,0.7817823003276141,0.0578869668549058,0.0,-0.40585986592959333,0.49344427377795175
Miami,2023-03-18,8,False,0.0,4.867995005508925,0.8274451206074377,0.03374042959979573,0.0,0.038634060839564444,0.6664230676666032
Miami,2023-03-18,13,False,0.0,6.496066598985125,0.8550436275075501,0.025676798088912767,0.0,0.19394535074950814,0.5029528568460686
Miami,2023-03-25,4,False,0.0,2.92367597291097,0.835535896880045,0.0905039634598781,0.0,-0.3615623167892785,0.5210583660243848
Miami,2023-03-25,8,False,0.0,4.749457024398759,0.8940378301030243,0.056700823535823064,0.0,-0.009560892174035551,0.6419735039091743
Miami,2023-03-25,13,False,0.0,6.165918007052634,0.7662335869997117,0.04426586168908653,0.0,0.18788024725562902,0.5142364167749383
Miami,2023-04-01,4,False,0.0,2.9502161153818713,0.9297072822871975,0.10203308711150783,0.0,-0.37780677739427415,0.5170580706652761
Miami,2023-04-01,8,False,0.0,4.4159782970566885,0.8098748110578129,0.06913653771250028,0.0,-0.10167960945916454,0.6286838858358543
Miami,2023-04-01,13,False,0.0,5.66216075555375,0.567789391629284,0.054563835065981614,0.0,0.15091028071302126,0.5405627016735082
Miami,2023-04-08,4,False,0.0,2.6204017372764863,0.8040910677550075,0.06881749095878675,0.0,-0.5405570898908119,0.44579265495444687
Miami,2023-04-08,8,False,0.0,3.7850939193071564,0.48002602362559066,0.04818272135370549,0.0,-0.25911738610352586,0.6081679742795507
Miami,2023-04-08,13,False,0.0,4.932901912023499,0.1556962261693826,0.03738025039706627,0.0,0.01995464293052207,0.5912503761186514
Miami,2023-04-15,4,False,0.0,2.233400515888392,0.5902933063759475,0.031398440015947715,0.0,-0.9860186012057142,0.2825068468245422
Miami,2023-04-15,8,False,0.0,3.168307557557351,0.19316116694382157,0.02233576592589548,0.0,-0.5442339771316773,0.5772642454307833
Miami,2023-04-15,13,False,0.0,4.257238753267019,-0.1195245774188709,0.01679809714286551,0.0,-0.20798391468308308,0.6373748778661299
Miami,2023-04-22,4,False,0.0,1.8759335316366532,0.5179274435270038,0.05985950736126311,0.0,-1.6007379920382991,0.055639039343764574
Miami,2023-04-22,8,False,0.0,2.6575881109072585,0.11370759177718004,0.04257771665650356,0.0,-0.8226413918901994,0.5232351793429166
Miami,2023-04-22,13,False,0.0,3.696665539228557,-0.13026111327518208,0.0309195821189322,0.0,-0.4345007445362261,0.6633956177821939
Miami,2023-04-29,4,False,0.0,1.2425191486454867,-0.13439920045979403,0.1050841152477815,0.0,-2.987158205501049,-0.649996776854322
Miami,2023-04-29,8,False,0.0,1.99509349730837,-0.41154334600044806,0.06593154409666191,0.0,-1.2652168131142703,0.39862883992615084
Miami,2023-04-29,13,False,0.0,2.9847606972061476,-0.5375150905056789,0.04449801790385299,0.0,-0.7399346306782955,0.6973921750452353
Miami,2023-05-06,4,False,0.0,1.0268466672445262,0.06913815879030538,0.2722066639677516,0.0,-3.753159495353036,-1.0998677637278766
Miami,2023-05-06,8,False,0.0,1.7699006390824605,0.004041720292399353,0.1590882182080604,0.0,-1.3988992356189534,0.32157997646465764
Miami,2023-05-06,13,False,0.0,2.663573196019163,-0.06736041465632647,0.10663979296010406,0.0,-0.9085083538136598,0.6567900344462176
Miami,2023-05-13,4,False,0.0,0.8788688183578552,0.40128825329377793,0.47570187757100446,0.0,-3.9357585882079826,-1.518673791850507
Miami,2023-05-13,8,False,0.0,1.6785714902517255,0.508648970103363,0.2640848389983034,0.0,-1.482651107946396,0.31663613904650834
Miami,2023-05-13,13,False,0.0,2.4043750132274777,0.38250660654549085,0.1891933488282792,0.0,-0.9525101648741259,0.5853788587815159
Miami,2023-05-20,4,False,0.0,0.8492786340358173,0.8034749306140088,0.5704338795207367,0.0,-3.012509154581786,-1.605377277171125
Miami,2023-05-20,8,False,0.0,1.7115876196755617,0.9134790331371675,0.34139567784801206,0.0,-1.2765704099563875,0.3722542587069023
Miami,2023-05-20,13,False,0.0,2.2400745547872636,0.7318124184965954,0.2785860727547589,0.0,-0.8455849861977109,0.49486462028205214
Miami,2023-05-27,4,False,0.0,0.9513369268583566,0.8165686290054224,0.5676885522914878,0.0,-2.0815669897405567,-1.200886444255707
Miami,2023-05-27,8,False,0.0,1.7910532448387564,0.7774032384310768,0.34626615812907924,0.0,-1.2455601982688234,0.42453209385662205
Miami,2023-05-27,13,False,0.0,2.1111621566370373,0.7179847418337082,0.3083497155505184,0.0,-0.8959624243680988,0.37260336196560206
Miami,2023-06-03,4,False,0.0,0.9363388772343921,0.9031062197647213,0.5659940015749084,0.0,-2.000960981082457,-1.217692564524278
Miami,2023-06-03,8,False,0.0,1.7455795800018077,0.8867017334427855,0.357250557268153,0.0,-1.4846494824871246,0.39521414267786636
Miami,2023-06-03,13,False,0.0,1.8194313853296327,0.5413849446914969,0.3616333566522537,0.0,-1.243244827820381,0.1562507830451374
Miami,2023-06-10,4,False,0.0,1.0431895689713544,0.859781329356451,0.4375785398998524,0.0,-2.5253089857278166,-0.866137684091139
Miami,2023-06-10,8,False,0.0,1.614975068919153,0.8273393840715253,0.3217592907223771,0.0,-1.8362048019761077,0.23411843343331895
Miami,2023-06-10,13,False,0.0,1.470417804694077,0.15729419940724154,0.3310152744891698,0.0,-1.821798841219596,-0.21395018865729187
Miami,2023-06-17,4,False,0.0,1.1778246136036379,0.7508314493653381,0.4506133990347132,0.0,-2.929635702334698,-0.5635249444690418
Miami,2023-06-17,8,False,0.0,1.4646012194247215,0.6905227005951325,0.3742968084651701,0.0,-2.2889632493682734,-0.021285777888286894
Miami,2023-06-17,13,False,0.0,1.2566985070195698,-0.2917772177690816,0.3040421173027933,0.0,-2.3398073656386824,-0.6830684534967337
Miami,2023-06-24,4,False,0.0,1.0297045409982108,0.8277339845503773,0.4382688335080479,0.0,-3.300563800714176,-0.830721151425801
Miami,2023-06-24,8,False,0.0,1.0780710629904648,0.10727876444732132,0.4860361515756072,0.0,-2.6917971953287365,-0.6081580193181135
Miami,2023-06-24,13,False,0.0,1.1602441498034501,-1.422545536448121,0.18106350593205212,0.0,-1.7190512165772187,-1.2008138380266673
Miami,2023-07-01,4,False,0.0,1.040756459671243,0.7737913240047447,0.6041324369576051,0.0,-2.0597893977482458,-0.9430234548042331
Miami,2023-07-01,8,False,0.0,0.811442870324555,-0.28458428136984715,0.6673432082047308,0.0,-1.7116984269156337,-1.4877398870792007
Miami,2023-07-01,13,False,0.0,1.4021387403494152,-1.1909595503114487,0.07097550913792983,0.0,-0.20334428088880085,-1.2120738921962184
Miami,2023-07-08,4,False,0.0,0.30463703186670066,-2.674751204354258,0.05797029499261108,0.0,-1.8108705249077253,-7.1558890234296815
Miami,2023-07-08,8,False,0.0,0.33922242408051856,-6.773986118770462,-0.8400869762064433,0.0,-1.7491040560447204,-6.227517878854505
Miami,2023-07-08,13,False,0.0,1.8811997024056573,-2.0137582092077775,-0.20856823532858182,0.0,0.034461333936696925,-1.092129827614055
Miami,2023-07-15,4,False,0.0,0.23164837474491506,-4.73965929226702,-1.3767669943225682,0.0,-1.4187561323384656,-11.404948638652682
Miami,2023-07-15,8,False,0.0,0.6665646469496005,-3.105583925608311,-0.5555005937966877,0.0,-0.3314935827000902,-3.3947238016340435
Miami,2023-07-15,13,False,0.0,2.7614985572416746,-1.137302287976175,-0.13826168842700892,0.0,0.19237035679813852,-0.7427136355025363
Miami,2023-07-22,4,False,0.0,0.3533992453213884,-1.1114477994315854,-0.613320099491651,0.0,-0.38092836378696293,-7.5575027824493155
Miami,2023-07-22,8,False,0.0,1.078972878762139,-0.6778277050084109,-0.23663377971870903,0.0,0.25812353300572266,-2.1157693205772734
Miami,2023-07-22,13,False,0.0,3.6191224864787688,-0.2987631608632606,-0.07277743504028344,0.0,0.28497500655113495,-0.5654793991174989
Miami,2023-07-29,4,False,0.0,0.6710879105766631,-0.39317068911589903,-0.580519834183657,0.0,0.34165656594197,-4.074634117232592
Miami,2023-07-29,8,False,0.0,1.7939761715460836,-0.25331183277517866,-0.2147050484651487,0.0,0.5557270105146137,-1.2672112077646012
Miami,2023-07-29,13,False,0.0,4.748667916671526,-0.14043367472910928,-0.07867197578583807,0.0,0.34810929857491557,-0.42324496958954283
Miami,2023-08-05,4,False,0.0,0.3738078162943365,0.21584311355782093,-0.9980779268620006,0.0,-0.869747934991951,-7.5107509584731424
Miami,2023-08-05,8,False,0.0,1.9870048510283504,0.48908869874539995,-0.18472430073249946,0.0,0.2555270920561763,-1.16512825306943
Miami,2023-08-05,13,False,0.0,5.369401516427851,0.32554963664242076,-0.06600016228122918,0.0,0.18298598036118618,-0.3787826908931864
Miami,2023-08-12,4,False,0.0,0.7249532128386237,0.6167843515903151,-0.5162429557956469,0.0,-0.011091807337590298,-3.8723895140715507
Miami,2023-08-12,8,False,0.0,2.8543620880000375,0.3193445443961829,-0.12830342719365295,0.0,0.31054909763591354,-0.8043404037441013
Miami,2023-08-12,13,False,0.0,6.592514364207895,0.20895344324110454,-0.053413940000947235,0.0,0.19065308477743403,-0.3043097094241567
Miami,2023-08-19,4,False,0.0,1.3237602693977228,0.230384047441051,-0.3268465867163701,0.0,0.6364360546809726,-2.116209247021617
Miami,2023-08-19,8,False,0.0,3.8694667466351014,0.1305861909451117,-0.10893086128032126,0.0,0.4200246629480743,-0.5886868587893586
Miami,2023-08-19,13,False,0.0,7.909128728086023,0.09149831930707197,-0.051053866985623975,0.0,0.2364964211729884,-0.2504785931845934
Miami,2023-08-26,4,False,0.0,1.9890463954871067,0.24680119534071443,-0.16178926846261832,0.0,0.7414098803548319,-1.4157985581456072
Miami,2023-08-26,8,False,0.0,4.859698604550302,0.1789882330084448,-0.06427990073893297,0.0,0.4308217652045814,-0.4692302710525358
Miami,2023-08-26,13,False,0.0,9.092328890344968,0.14109529135574883,-0.03282807411873634,0.0,0.2580318473747455,-0.21762860800101191
Miami,2023-09-02,4,False,0.0,2.7319525157066837,0.33284456007604135,-0.05716215619484721,0.0,0.6357047330391135,-1.0426693782886103
Miami,2023-09-02,8,False,0.0,5.878523704669973,0.27281464777636133,-0.02570585227409916,0.0,0.34911017772848973,-0.39066687977437353
Miami,2023-09-02,13,False,0.0,10.185195842422853,0.23200459093847647,-0.01415761486577316,0.0,0.2246458898244117,-0.1957094173185987
Miami,2023-09-09,4,False,0.0,3.4511872663641974,0.43665373431286203,-0.08220538887563067,0.0,0.3703001859020534,-0.8434461975573093
Miami,2023-09-09,8,False,0.0,6.8130492576287365,0.3873277119721822,-0.04019161411750183,0.0,0.19779753986021498,-0.34309174565914247
Miami,2023-09-09,13,False,0.0,11.06585360361067,0.3513545338856846,-0.02361595412452422,0.0,0.13806021985654904,-0.1839022263647625
Miami,2023-09-16,4,False,0.0,3.7923194188362994,0.6513776274192483,-0.05462071475412955,0.0,0.11125428503535661,-0.8005371719630328
Miami,2023-09-16,8,False,0.0,7.399927815843851,0.58218645255418,-0.026942406606919933,0.0,0.05252642807541441,-0.3279238878112911
Miami,2023-09-16,13,False,0.0,11.509838658723904,0.5532803629896836,-0.01655306022966685,0.0,0.051419830745882966,-0.18447751696016068
Miami,2023-09-23,4,False,0.0,4.041097246393643,0.7998617112428162,-0.01832503324480017,0.0,-0.15275212660735793,-0.7872189655699418
Miami,2023-09-23,8,False,0.0,7.8669467790508625,0.7078476741799835,-0.00903791080349925,0.0,-0.07327222684609369,-0.3221151338865418
Miami,2023-09-23,13,False,0.0,11.764391863730587,0.6999463610735027,-0.005788062347397149,0.0,-0.03323257336386187,-0.18960143118778405
Miami,2023-09-30,4,False,0.0,4.427098821846894,0.7929934427892914,0.0030147498033114006,0.0,-0.3487293673339744,-0.7498292867368292
Miami,2023-09-30,8,False,0.0,8.304520509135674,0.7223044536122666,0.001541945721612481,0.0,-0.15414689001192472,-0.31866279163132094
Miami,2023-09-30,13,False,0.0,11.927237270514377,0.7447447348990699,0.0010311871284547358,0.0,-0.10425208422524879,-0.19654935591333467
Miami,2023-10-07,4,False,0.0,4.640978381618368,0.8487498817162261,0.038598405362318955,0.0,-0.4949893055317358,-0.7516036062906359
Miami,2023-10-07,8,False,0.0,8.412567796256745,0.8045423560719784,0.020451465199319174,0.0,-0.22346617811619374,-0.3320575064617841
Miami,2023-10-07,13,False,0.0,11.716402426198611,0.8613841613006147,0.014154771533537724,0.0,-0.16663339653185671,-0.212686864671352
Miami,2023-10-14,4,False,0.0,5.113398714188683,0.7821383605095448,0.06686277440958732,0.0,-0.49030930139120144,-0.7106598394331416
Miami,2023-10-14,8,False,0.0,8.59403981212257,0.7992538580606443,0.03832360136075441,0.0,-0.23788785165024495,-0.340940793674376
Miami,2023-10-14,13,False,0.0,11.556313057709994,0.869753189321804,0.027576344794458696,0.0,-0.18845330852809328,-0.22757431230858138
Miami,2023-10-21,4,False,0.0,5.41384670420058,0.781414206685093,0.058041821107278624,0.0,-0.4309741497575723,-0.7033473276226931
Miami,2023-10-21,8,False,0.0,8.500214935195611,0.8625838339549654,0.03576099447779946,0.0,-0.23338396647633974,-0.36379426232350265
Miami,2023-10-21,13,False,0.0,11.18395340144116,0.8793307479990893,0.026382473464866663,0.0,-0.19726892371905902,-0.24904880529197548
Miami,2023-10-28,4,False,0.0,5.307392216914784,0.8863607663174664,0.05708987933697818,0.0,-0.3532405436010222,-0.7585550664316998
Miami,2023-10-28,8,False,0.0,8.096338147824996,0.912628807999877,0.03632188749853238,0.0,-0.23291869123511733,-0.40515584851858444
Miami,2023-10-28,13,False,0.0,10.6185828187916,0.8015981198187281,0.026934251375261176,0.0,-0.2051679881437405,-0.27826285595649236
Miami,2023-11-04,4,False,0.0,4.767209821320002,0.8742695777008276,0.08664511273319653,0.0,-0.33735917904381973,-0.8976120121436062
Miami,2023-11-04,8,False,0.0,7.241644729200138,0.7183959716505459,0.055556855163140795,0.0,-0.2672957168841168,-0.483860587412843
Miami,2023-11-04,13,False,0.0,9.859521841505677,0.5910564550272039,0.039653893297812215,0.0,-0.22101132737536333,-0.31808543413772616
Miami,2023-11-11,4,False,0.0,4.054138714282952,0.6510020788618993,0.11720191486961229,0.0,-0.36436004654098286,-1.1167972120406615
Miami,2023-11-11,8,False,0.0,6.208696739052354,0.4563497512182645,0.0748116423335341,0.0,-0.29919989214113385,-0.6008461876716407
Miami,2023-11-11,13,False,0.0,9.134647260259758,0.4385494978595771,0.04926217709326841,0.0,-0.21594991238575423,-0.3618362034414253
Miami,2023-11-18,4,False,0.0,3.3446824057688165,0.4454418764660599,0.16402908820568807,0.0,-0.4944666763165073,-1.4201033261078955
Miami,2023-11-18,8,False,0.0,5.21590492679623,0.25283123856775624,0.10314681106814316,0.0,-0.4030285829423337,-0.7545414130022676
Miami,2023-11-18,13,False,0.0,8.560264407297549,0.4309510416633586,0.0606314265510588,0.0,-0.22226885806610186,-0.4031823735775566
Miami,2023-11-25,4,False,0.0,3.3655898710855254,0.827279811567711,0.2163771387952822,0.0,-0.47851673332910716,-1.4467164685758331
Miami,2023-11-25,8,False,0.0,4.996594561924826,0.6319218275567691,0.14328668254998211,0.0,-0.40382182387977683,-0.8093685642260593
Miami,2023-11-25,13,False,0.0,8.69439965478891,0.8341945623567806,0.07914046224325233,0.0,-0.15921118517605937,-0.40507284865141413
Miami,2023-12-02,4,False,0.0,3.0062229363160387,0.8832888302635525,0.2647571297189254,0.0,-0.5315746947440103,-1.672831616572128
Miami,2023-12-02,8,False,0.0,4.804865211486955,0.7831661722477858,0.16257678106512896,0.0,-0.39283479405186195,-0.8624077317810697
Miami,2023-12-02,13,False,0.0,8.738849985084695,0.8286340100388998,0.08569522621466652,0.0,-0.09945426684851211,-0.4121361646577908
Miami,2023-12-09,4,False,0.0,2.489595270060733,0.7094686813719056,0.3487022656703376,0.0,-0.6389874319294424,-2.084986775474089
Miami,2023-12-09,8,False,0.0,4.850160429444481,0.789381773155158,0.17465640497839596,0.0,-0.3735835495618751,-0.8689629408007709
Miami,2023-12-09,13,False,0.0,8.839951037748781,0.7960567126866205,0.09180942143134363,0.0,-0.06286220747930416,-0.4158656800322973
Miami,2023-12-16,4,False,0.0,1.9013663715224953,0.327398040016025,0.5366637037103317,0.0,-1.2180027734608285,-2.8080710452241933
Miami,2023-12-16,8,False,0.0,5.025181167525028,0.7387266464163549,0.19659018165858277,0.0,-0.41195047236539195,-0.8503906068125238
Miami,2023-12-16,13,False,0.0,8.947826717046087,0.7718371124703041,0.10584682246160637,0.0,-0.08051416104479459,-0.419236552800869
Miami,2023-12-23,4,False,0.0,1.4255841929665678,-0.23375640936980924,0.29648401818480696,0.0,-2.16694097675872,-3.825639664669156
Miami,2023-12-23,8,False,0.0,5.2303517164203015,0.6837410514778219,0.12917582550120976,0.0,-0.42675180304113547,-0.828597394854
Miami,2023-12-23,13,False,0.0,9.003084316223516,0.7630738622230465,0.0832333697130192,0.0,-0.0985171476773723,-0.425727471966453
Miami,2023-12-30,4,False,0.0,2.5553143542396795,0.5380052128095878,0.20697628532772494,0.0,-1.3620361257395444,-2.1061027358650892
Miami,2023-12-30,8,False,0.0,6.598663143731471,0.3896036452728793,0.0902811306567739,0.0,-0.30926638907160364,-0.6489926014312319
Miami,2023-12-30,13,False,0.0,10.024130337065872,0.3852041214891423,0.06061136038834669,0.0,-0.0871478781733015,-0.381256034802103
Miami,2024-01-06,4,False,0.0,4.1474013771712475,0.19974753366510756,0.15633851316378267,0.0,-0.5014924259555591,-1.2779158190663007
Miami,2024-01-06,8,False,0.0,8.00428114966813,0.168795451682335,0.07774696348321974,0.0,-0.055671029457437404,-0.5306769572402179
Miami,2024-01-06,13,False,0.0,10.971017805842965,0.18051887148666546,0.054893717381137797,0.0,0.01530166760246443,-0.34869012979067815
Miami,2024-01-13,4,False,0.0,5.500274853811737,0.2565362350091758,0.09354590055582435,0.0,-0.17547837213335038,-0.9630483318696557
Miami,2024-01-13,8,False,0.0,8.902745556711755,0.28005899847996574,0.055713434769603,0.0,0.04014882443510781,-0.4811384330305821
Miami,2024-01-13,13,False,0.0,11.38905556353149,0.3342124599434899,0.042362176043750255,0.0,0.04434064947034644,-0.3413394480526877
Miami,2024-01-20,4,False,0.0,5.9014979491890065,0.5505258731182261,0.08311107763099068,0.0,-0.05557611956635955,-0.9212221431526675
Miami,2024-01-20,8,False,0.0,8.817609167268635,0.657700096943203,0.053901219887168006,0.0,0.059575043347595114,-0.5022936455610572
Miami,2024-01-20,13,False,0.0,10.856708197150292,0.7890399281105376,0.04279854119389437,0.0,0.015535679099641708,-0.372612003395999
Miami,2024-01-27,4,False,0.0,5.404539189345563,0.9150950646333721,0.06858240340791644,0.0,-0.107481048122966,-1.0509644495077346
Miami,2024-01-27,8,False,0.0,7.869678436849544,0.7798235174426595,0.045871894171346406,0.0,-0.010029326173308428,-0.592050106764267
Miami,2024-01-27,13,False,0.0,9.542856187602242,0.4832674132475866,0.0371420239288478,0.0,-0.0928349317490158,-0.4479896248530473
Miami,2024-02-03,4,False,0.0,4.463215794955371,0.59307039311296,0.08094409720963003,0.0,0.24632289966796095,-1.3333475768653797
Miami,2024-02-03,8,False,0.0,6.456022447684143,0.2800506664788809,0.0547915076801303,0.0,0.1924337323637384,-0.7627601193957576
Miami,2024-02-03,13,False,0.0,7.904343388306431,-0.1546003780523284,0.04405911808791674,0.0,0.0040520880646759405,-0.5725247783845062
Miami,2024-02-10,4,False,0.0,3.7284131794156115,0.4461203266981453,0.04594873288559442,0.0,0.2387527946901844,-1.65519382070122
Miami,2024-02-10,8,False,0.0,5.323356541521598,0.08924762345901927,0.03164876309826303,0.0,0.11479495407881468,-0.9654233368253686
Miami,2024-02-10,13,False,0.0,6.588214334570701,-0.35876219058971914,0.02523093810612642,0.0,-0.12641536797276998,-0.7178522080886518
Miami,2024-02-17,4,False,0.0,3.2853259809022233,0.603592911105105,0.0481121518849148,0.0,-0.022158355446009192,-1.9286147227570232
Miami,2024-02-17,8,False,0.0,4.497732123691307,0.21462135797715953,0.03470251705275951,0.0,-0.17596782768181596,-1.1795197992661342
Miami,2024-02-17,13,False,0.0,5.613013602433976,-0.1808373394757128,0.027482542168451363,0.0,-0.4072689167764565,-0.8707425247353351
Miami,2024-02-24,4,False,0.0,2.7507666835075204,0.6180205952054733,0.07406990124431323,0.0,0.14720527173996334,-2.3618533849190495
Miami,2024-02-24,8,False,0.0,3.6604022511036174,0.16783767425498175,0.05514236009568951,0.0,-0.21551585259120354,-1.4912635796689333
Miami,2024-02-24,13,False,0.0,4.659363170849102,-0.20098422629904045,0.04287072430603278,0.0,-0.49539594480598725,-1.0805196294999142
Miami,2024-03-02,4,False,0.0,1.9239823403143557,0.16569706416189656,0.13816967133001656,0.0,-0.044167553041777996,-3.4703658280385907
Miami,2024-03-02,8,False,0.0,2.7590272261504425,-0.27081819447177624,0.09553099286453326,0.0,-0.5917266261115706,-2.0315344069823924
Miami,2024-03-02,13,False,0.0,3.6602293175394505,-0.6282392252753846,0.071342495372399,0.0,-0.8459474325672145,-1.4146504745195259
Miami,2024-03-09,4,False,0.0,1.5211793696773532,0.19872863295275045,0.15358853177448817,0.0,-0.6635243220197089,-4.457766297589589
Miami,2024-03-09,8,False,0.0,2.330273093790072,-0.06108784629493269,0.09943734716023,0.0,-1.1555923087410074,-2.4410816763352914
Miami,2024-03-09,13,False,0.0,3.155930655873878,-0.32591512702549186,0.07280177275564059,0.0,-1.2872579189500444,-1.6670175249452766
Miami,2024-03-16,4,False,0.0,1.0126114167335176,-0.22581859086808564,0.3257525582806623,0.0,-1.9486227156584062,-6.796719228962506
Miami,2024-03-16,8,False,0.0,1.835455776138615,-0.16474940587556564,0.1782220837313805,0.0,-1.9380785214728111,-3.1455951871830523
Miami,2024-03-16,13,False,0.0,2.6421297469502383,-0.30491623791075884,0.12279133236598039,0.0,-1.83636557975246,-2.021058859845171
Miami,2024-03-23,4,False,0.0,0.710252237976617,-0.49773371084232276,0.23333876467348413,0.0,-3.957454303540344,-9.777419735099041
Miami,2024-03-23,8,False,0.0,1.528800282215039,-0.039265270401461994,0.1468975721843302,0.0,-2.7179303151829695,-3.815541592006497
Miami,2024-03-23,13,False,0.0,2.3638503590188367,-0.01686976430358267,0.1039409633888444,0.0,-2.275500349438329,-2.280055096736721
Miami,2024-03-30,4,False,0.0,1.1248223291970623,0.6090339436603642,0.250850646626564,0.0,-3.0071247129790004,-6.150771856261789
Miami,2024-03-30,8,False,0.0,1.8464557911781951,0.6072096729349652,0.15169768356089497,0.0,-2.3975468740010952,-3.153602438746434
Miami,2024-03-30,13,False,0.0,2.718684721227854,0.6084274044501796,0.10211333592311511,0.0,-2.0066969054745987,-1.9757781591529642
Miami,2024-04-06,4,False,0.0,1.1028958251541257,0.6739637231687525,0.3488617813485714,0.0,-3.326896754188856,-6.304555344635507
Miami,2024-04-06,8,False,0.0,1.6983735776832123,0.7929486986965991,0.22826403880010038,0.0,-2.651958920939744,-3.4538436560211565
Miami,2024-04-06,13,False,0.0,2.597796609133285,0.801083524194681,0.1486338267696804,0.0,-2.0110274277357028,-2.0813795318885413
Miami,2024-04-13,4,False,0.0,1.133262791657614,0.79136549467781,0.42801986353584665,0.0,-2.8848812241620743,-6.1634862231287695
Miami,2024-04-13,8,False,0.0,1.6764734935147705,0.8949949170774593,0.2932510347032995,0.0,-2.4165019012337035,-3.5139655298961223
Miami,2024-04-13,13,False,0.0,2.5576721171250973,0.9240345975580159,0.19186537156425476,0.0,-1.7452598782374582,-2.1245126130081466
Miami,2024-04-20,4,False,0.0,0.993623729643261,0.7960214994416223,0.5284770820600027,0.0,-2.9694516026000546,-7.0814739064798236
Miami,2024-04-20,8,False,0.0,1.5628216146171623,0.71480762231267,0.3358058452980772,0.0,-2.4588402598222787,-3.7907514209670348
Miami,2024-04-20,13,False,0.0,2.3922811046833954,0.7255141980071753,0.2179577289441511,0.0,-1.6427709288085355,-2.288077058438596
Miami,2024-04-27,4,False,0.0,0.7438322008780556,0.32217049044124324,0.6306331414040302,0.0,-3.677572537120594,-9.535777517996971
Miami,2024-04-27,8,False,0.0,1.3947862300785003,0.3944643581886591,0.33413068542077995,0.0,-2.663805780202341,-4.273469944255601
Miami,2024-04-27,13,False,0.0,2.1189079706602407,0.3664182602703673,0.21833449130420612,0.0,-1.6808419976949773,-2.6072915233606286
Miami,2024-05-04,4,False,0.0,0.4758580393631976,-0.5929225083223784,0.5101797660760151,0.0,-5.964376245892139,-15.012709420997687
Miami,2024-05-04,8,False,0.0,1.2982593420788089,0.31182035977347944,0.22697706422389075,0.0,-2.7773918529500046,-4.610719769868069
Miami,2024-05-04,13,False,0.0,1.891992376271092,0.21107390424775851,0.16578029819199724,0.0,-1.7605376734175193,-2.9423506528361054
Miami,2024-05-11,4,False,0.0,0.6108531587974269,0.7409829744028196,0.49056404000936205,0.0,-5.588631990014114,-11.686244604676304
Miami,2024-05-11,8,False,0.0,1.460648836270451,0.7679145720595675,0.2565995685213167,0.0,-2.5303614515695787,-4.09917982341329
Miami,2024-05-11,13,False,0.0,1.9520471077936987,0.8264438847362472,0.20642108059522069,0.0,-1.768831805399198,-2.8576111026907216
Miami,2024-05-18,4,False,0.0,0.8349554078236244,0.4944157621787284,0.4030541150262048,0.0,-5.20598230947978,-8.536643914344014
Miami,2024-05-18,8,False,0.0,1.6253215013798368,0.436851737049636,0.21957558497899643,0.0,-2.482530770674393,-3.6867983261851087
Miami,2024-05-18,13,False,0.0,2.0119629181901546,0.5381479817356478,0.18111060900286147,0.0,-1.8978510861901832,-2.7783452147814516
Miami,2024-05-25,4,False,0.0,0.9767949644893303,0.5412070504452358,0.3052585260119196,0.0,-4.494467895269506,-7.302388526678742
Miami,2024-05-25,8,False,0.0,1.6210254301555298,0.5963487814352393,0.21564724561673787,0.0,-2.234319282758301,-3.7123298892345202
Miami,2024-05-25,13,False,0.0,1.920525820548457,0.7551574762443364,0.19219979548188137,0.0,-1.7852177542493197,-2.924857416068469
Miami,2024-06-01,4,False,0.0,1.3271474869712647,0.402542050384293,0.32777666889883517,0.0,-2.608348126040124,-5.363693184326343
Miami,2024-06-01,8,False,0.0,1.6628834827965289,0.5756383577720702,0.260708501299874,0.0,-1.6474538720213747,-3.6320736677067718
Miami,2024-06-01,13,False,0.0,1.9262947578063832,0.7364022637999725,0.2244550513470419,0.0,-1.3276564249000495,-2.924123947948173
Miami,2024-06-08,4,False,0.0,1.1219207771211426,0.8060384081528575,0.48648124732313847,0.0,-1.9503975025695417,-6.403210360247005
Miami,2024-06-08,8,False,0.0,1.317769082324276,0.42714866779088856,0.44283450957870485,0.0,-1.322113208075678,-4.628195904550792
Miami,2024-06-08,13,False,0.0,1.5592947674458955,0.005544618779582344,0.3828835342436714,0.0,-1.096607993593599,-3.6454628152350947
Miami,2024-06-15,4,False,0.0,0.9143515963707404,0.5491230236526697,0.6487762233480342,0.0,-0.8917403878616998,-7.920613827135734
Miami,2024-06-15,8,False,0.0,1.0066740720626046,-0.2655189498002075,0.6325688261129276,0.0,-0.6624463922471546,-6.108571210994474
Miami,2024-06-15,13,False,0.0,1.3030528906014436,-0.6842508586364848,0.5001776808744132,0.0,-0.6008681204726254,-4.388815784048908
Miami,2024-06-22,4,False,0.0,0.5464045778385309,-0.46535987942672197,0.675505970236524,0.0,0.16056101905737463,-13.378864931476745
Miami,2024-06-22,8,False,0.0,0.5970333390948666,-1.9204149375155053,0.7475091007216066,0.0,0.1525732352805651,-10.393682941441691
Miami,2024-06-22,13,False,0.0,1.0400915745713823,-1.447486836801378,0.5284368885275013,0.0,-0.05299036386906342,-5.527624216692453
Miami,2024-06-29,4,False,0.0,0.1737440352680761,-8.52394069424001,-3.443625140094695,0.0,-2.3236612832360937,-40.63459071739853
Miami,2024-06-29,8,False,0.0,0.15328657705426543,-16.60740056801231,-3.0306937546673387,0.0,-2.0777530525849346,-39.81734021143498
Miami,2024-06-29,13,False,0.0,0.771032212259237,-3.498938527681897,-0.12011902325266388,0.0,-0.2374550836772915,-7.3856836764148674
Miami,2024-07-06,4,False,0.0,0.1519904052514796,-0.8515740164013168,-1.8675594696437399,0.0,-15.646164271184052,-48.05169579192269
Miami,2024-07-06,8,False,0.0,0.26970922506015976,-0.16220019914740091,-0.10280710750000166,0.0,-9.517473578101079,-23.043957792149726
Miami,2024-07-06,13,False,0.0,1.2173945268430253,0.33024862603212013,0.14694116018501735,0.0,-2.0606213004650495,-4.688564962524973
Miami,2024-07-13,4,False,0.0,0.16206862108648704,-0.004259721205256195,-1.4235453121651909,0.0,-11.744644731839696,-44.820312402466186
Miami,2024-07-13,8,False,0.0,0.3298476747696082,-0.017007310254020025,0.03599080253029607,0.0,-6.6641416838418746,-18.76057312876178
Miami,2024-07-13,13,False,0.0,1.5159586780137975,-0.01116296977093545,0.11449992715892876,0.0,-1.3220491469176996,-3.7382626598781155
Miami,2024-07-20,4,False,0.0,0.2105550067403525,-0.1177184997758498,-0.9896588733264755,0.0,-6.431491090856196,-34.45583711948896
Miami,2024-07-20,8,False,0.0,0.5347458259074448,-0.09911113350845202,0.15421440821318422,0.0,-3.0765983651555002,-11.520849624784136
Miami,2024-07-20,13,False,0.0,1.9151845884130145,-0.0439746027565302,0.12612447981289165,0.0,-0.7058174035016052,-2.950311047306239
Miami,2024-07-27,4,False,0.0,0.4476133022165282,-0.7794786847194286,0.9272870667047755,0.0,-1.8464163539990675,-16.37734113831724
Miami,2024-07-27,8,False,0.0,1.0532758881080608,-0.6197080681608225,0.4123732918137816,0.0,-0.9570513919784156,-5.8421784144393305
Miami,2024-07-27,13,False,0.0,2.564670769010534,-0.3951210520609385,0.1699476953287462,0.0,-0.2501951359527832,-2.18532693230177
Miami,2024-08-03,4,False,0.0,0.09047522444831908,-2.598319811042113,-2.7070968319527386,0.0,-11.583240638732894,-81.5646727196471
Miami,2024-08-03,8,False,0.0,1.0425287477275134,0.43632033323201014,0.08289170814790525,0.0,-0.9206102751758458,-5.906734118849161
Miami,2024-08-03,13,False,0.0,2.6183741166832477,0.4090710551677488,0.0797059247933074,0.0,-0.1924466034758725,-2.144497568518887
Miami,2024-08-10,4,False,0.0,0.2866516582856301,0.3591782140953146,0.019483270967680766,0.0,-2.8859932853418795,-25.650141926886914
Miami,2024-08-10,8,False,0.0,1.572570475699727,0.309113161398342,0.10987476900032889,0.0,-0.32553226956943404,-3.8826301521776907
Miami,2024-08-10,13,False,0.0,3.1583021262819684,0.26718307703037214,0.07386086862727115,0.0,0.005474919964137737,-1.7654082780285991
Miami,2024-08-17,4,False,0.0,0.6462466477203901,0.19173636249577086,0.24834626017015182,0.0,-0.7934511288954469,-11.312870293762733
Miami,2024-08-17,8,False,0.0,2.1350182113245757,0.09383577155470024,0.11166452128122295,0.0,-0.02475933468313074,-2.8393313354235454
Miami,2024-08-17,13,False,0.0,3.75940798644197,0.07763456342899999,0.07046858924148602,0.0,0.1417637010464603,-1.4719240311871054
Miami,2024-08-24,4,False,0.0,1.1638997397166304,0.08095887508782806,0.25410972574823665,0.0,-0.20562195818309736,-6.238577811055837
Miami,2024-08-24,8,False,0.0,2.702911150582656,0.06127427990177903,0.12585458400949578,0.0,0.10006302270438716,-2.230115808624446
Miami,2024-08-24,13,False,0.0,4.386717827838568,0.05730582038665821,0.08044086548232665,0.0,0.213328948534665,-1.252099823276025
Miami,2024-08-31,4,False,0.0,1.7255061637937843,0.188311735627137,0.19605569991278504,0.0,-0.1595185043624594,-4.185774640411264
Miami,2024-08-31,8,False,0.0,3.1803858925714024,0.18747323518590464,0.10479455102953517,0.0,0.06657366700466028,-1.890265654158347
Miami,2024-08-31,13,False,0.0,4.9219953018932445,0.18693751559615546,0.06649577263967166,0.0,0.18458625622143499,-1.110661438644866
Miami,2024-09-07,4,False,0.0,2.0901853621810447,0.4427803913198972,0.11400738149404166,0.0,-0.40339620459467285,-3.4554490434918117
Miami,2024-09-07,8,False,0.0,3.353138646390658,0.5055185125211841,0.07015001822470457,0.0,-0.1091781470598896,-1.7995628827121002
Miami,2024-09-07,13,False,0.0,5.194906312612805,0.5013858335402092,0.044416618973432964,0.0,0.05793739119873076,-1.0530627764328258
Miami,2024-09-14,4,False,0.0,2.1674424688530363,0.7157855876927846,0.11583895728513782,0.0,-0.5392202710376048,-3.3550581481046162
Miami,2024-09-14,8,False,0.0,3.3505632873527453,0.8367038031072647,0.07402873240291674,0.0,-0.21197435537507037,-1.812744497180491
Miami,2024-09-14,13,False,0.0,5.263471479948578,0.8124708265728965,0.046191706160087054,0.0,-0.01585729924912771,-1.0445367692667502
Miami,2024-09-21,4,False,0.0,1.9667312724805603,0.8551521640327366,0.11210553470715001,0.0,-0.7432177040593317,-3.7390691901982187
Miami,2024-09-21,8,False,0.0,3.1816244032600403,0.80489505286494,0.06843960228491741,0.0,-0.2985645758641131,-1.9258342216552267
Miami,2024-09-21,13,False,0.0,5.115644347689044,0.8856765738645747,0.04171505911867113,0.0,-0.07880029799328914,-1.0847599244345805
Miami,2024-09-28,4,False,0.0,1.6528718936067333,0.5942715900838673,0.010768252855224758,0.0,-0.9038669767138845,-4.501100823008665
Miami,2024-09-28,8,False,0.0,3.0156599702643923,0.6478928550007157,0.005820254842824002,0.0,-0.28397071236760496,-2.047797991093927
Miami,2024-09-28,13,False,0.0,4.896848209210048,0.7392201007238085,0.003514803297729463,0.0,-0.10252788352662989,-1.145352537344806
Miami,2024-10-05,4,True,0.6,1.1740236249095752,-0.03802135208761781,0.045155456561502993,0.0,-0.967181893496571,-6.416608839054808
Miami,2024-10-05,8,True,0.6,2.771106511230187,0.47813972922580494,0.018821666972085094,0.0,-0.16055950559495624,-2.2484918695784035
Miami,2024-10-05,13,True,0.6,4.555879244496676,0.5928913589671847,0.011238101168880466,0.0,-0.05396129286194529,-1.247026831429999
Miami,2024-10-12,4,True,0.6,1.4214244153619586,0.8654079293255832,0.02409489203696802,0.0,-0.8072342480190327,-5.295255056044759
Miami,2024-10-12,8,True,0.6,3.1809382431787596,0.7794128758386524,0.010574792376771613,0.0,-0.16128587140066908,-1.9535809974341185
Miami,2024-10-12,13,True,0.6,4.773275373847727,0.8106262430144147,0.006931202288722793,0.0,-0.09001225893249742,-1.1931988141465455
Miami,2024-10-19,4,True,0.6,1.662974814730066,0.713940261989047,-0.02826770004605783,0.0,-0.3783600860347629,-4.525462254976421
Miami,2024-10-19,8,True,0.6,3.477288508744537,0.5926426408735632,-0.01326929557691936,0.0,-0.04435152763542072,-1.788067480736323
Miami,2024-10-19,13,True,0.6,4.896546897141637,0.6401722301869306,-0.009284648092031444,0.0,-0.04455495941884591,-1.1677504766090956
Miami,2024-10-26,4,True,0.6,2.0190610750923605,0.6005110448627657,-0.02047569410337946,0.0,-0.04711436469604058,-3.7237734566806555
Miami,2024-10-26,8,True,0.6,3.7277757798362843,0.5740256871924923,-0.010896768273956914,0.0,0.024052904446874135,-1.6722217092047842
Miami,2024-10-26,13,True,0.6,5.070335420760684,0.6464651333165219,-0.007899720905624852,0.0,-0.017452904720637097,-1.1302863919667878
Miami,2024-11-02,4,True,0.6,2.4605817039685736,0.5064575372810789,-0.06116828178594225,0.0,0.09332905461204266,-3.055569660950858
Miami,2024-11-02,8,True,0.6,3.9715389121249314,0.5547030116587813,-0.037309983556662374,0.0,0.038900535244649315,-1.575487629145397
Miami,2024-11-02,13,True,0.6,5.3605096539331765,0.6277503794525683,-0.02724270457968725,0.0,0.0066654705498944145,-1.0686485219917263
Miami,2024-11-09,4,False,0.0,2.478313852171274,0.7674602473060027,-0.08584603155970694,0.0,0.1436687371846569,-3.0564780037341466
Miami,2024-11-09,8,False,0.0,3.657939991359512,0.8382736000679215,-0.05745855210475748,0.0,0.05909114222976364,-1.7345672913507983
Miami,2024-11-09,13,False,0.0,5.265071239531278,0.8524520264105616,-0.03925375498831185,0.0,0.04755315978003172,-1.0947349197679568
Miami,2024-11-16,4,False,0.0,2.330691444147429,0.9263339208593905,-0.08098315324803695,0.0,-0.07332112505679622,-3.283670983672973
Miami,2024-11-16,8,False,0.0,3.179377400707634,0.6167102344987254,-0.05885009114039086,0.0,-0.13479715034280138,-2.026941059804816
Miami,2024-11-16,13,False,0.0,5.102994691877375,0.7009073816145905,-0.03593757286300492,0.0,-0.015270885870976691,-1.1374708262210218
Miami,2024-11-23,4,False,0.0,1.9185696803672203,0.5921855415946627,-0.06745130693948242,0.0,-0.6667984035364283,-4.045336665274065
Miami,2024-11-23,8,False,0.0,2.6044537249458792,0.13960734576839362,-0.04934050699887593,0.0,-0.6209279352643298,-2.5111939075323204
Miami,2024-11-23,13,False,0.0,4.859982140139631,0.5005410812821971,-0.025829125991375435,0.0,-0.16656288117874452,-1.2041059607935662
Miami,2024-11-30,4,False,0.0,1.7519537664230251,0.7053804512004855,0.021344645104675264,0.0,-0.6198236013118192,-4.47144894141768
Miami,2024-11-30,8,False,0.0,2.507768363813431,0.4379998067190939,0.014796883309828979,0.0,-0.5377071846120562,-2.619193527916246
Miami,2024-11-30,13,False,0.0,4.992552931473703,0.7901300305536691,0.007243069075054009,0.0,-0.043514575319393956,-1.174002566281593
Miami,2024-12-07,4,False,0.0,1.0041456833263853,-0.30199085735439724,0.1480871312761176,0.0,-0.04159339117870142,-7.93538928055429
Miami,2024-12-07,8,False,0.0,2.1856053392427315,0.12458961558320703,0.0672245751915882,0.0,-0.07919689755458825,-3.0248494092657188
Miami,2024-12-07,13,False,0.0,4.802805017489674,0.7216317277463973,0.029773249315386607,0.0,0.2300996974345202,-1.229750264127663
Miami,2024-12-14,4,False,0.0,0.5447264828758079,-1.5686214342529583,0.4324353510818435,0.0,-0.7212984377184857,-14.766223250053581
Miami,2024-12-14,8,False,0.0,2.3552413830034906,0.48813974279745853,0.09819409596710993,0.0,-0.01009282179217963,-2.8004333233499934
Miami,2024-12-14,13,False,0.0,4.990089076921019,0.7318874853639828,0.04509542416542678,0.0,0.259328785027078,-1.1851483131470313
Miami,2024-12-21,4,False,0.0,0.5441761142737175,-0.2415547092317054,0.2951491428464046,0.0,-2.0060740943714324,-14.776925611619292
Miami,2024-12-21,8,False,0.0,2.911710719573794,0.47433767556121187,0.09795361576416439,0.0,-0.03288615121141225,-2.2484648917523584
Miami,2024-12-21,13,False,0.0,5.492316915240311,0.47885999192084183,0.05933927386173343,0.0,0.22027467211631946,-1.0731315810902395
Miami,2024-12-28,4,False,0.0,1.0839686850115837,0.30818763892004963,0.10629371460722303,0.0,-0.4052346753935645,-7.32901691063349
Miami,2024-12-28,8,False,0.0,3.747814403756989,0.2329918596962507,0.07504368221639768,0.0,0.28933747971084955,-1.7264195891392715
Miami,2024-12-28,13,False,0.0,6.198422127790719,0.22682585912484599,0.0545771693563486,0.0,0.3540824738490417,-0.9441813919530218
Miami,2025-01-04,4,False,0.0,2.2444886868494303,0.02296717629977263,0.163660915365047,0.0,0.5360376349094462,-3.492283150032451
Miami,2025-01-04,8,False,0.0,4.8924203513112925,0.00897098935540408,0.08133251299559885,0.0,0.5485040148981777,-1.3085610932810434
Miami,2025-01-04,13,False,0.0,7.17321525803092,0.004911479904041394,0.0562959966821458,0.0,0.47112570670501597,-0.8092015475714212
Miami,2025-01-11,4,False,0.0,3.4091475867620855,0.0953999534397384,0.1441193434150977,0.0,0.6422221958955349,-2.27290984370676
Miami,2025-01-11,8,False,0.0,5.770160758574294,0.10378051216403783,0.08306778234516188,0.0,0.5799587772872059,-1.1038699907019538
Miami,2025-01-11,13,False,0.0,7.847508163982214,0.11822909138172955,0.05973204533047283,0.0,0.46608668412768894,-0.7377147213177055
Miami,2025-01-18,4,False,0.0,3.913486538218348,0.4159192412592172,0.13922291067659975,0.0,0.6060971227337131,-1.9865937793445134
Miami,2025-01-18,8,False,0.0,5.947476689436523,0.49969597385902453,0.08967054748349435,0.0,0.5113729068467928,-1.079745754211424
Miami,2025-01-18,13,False,0.0,7.816312530992106,0.5873908795932219,0.06687507447441532,0.0,0.37658320862343664,-0.7486009278734982
Miami,2025-01-25,4,False,0.0,3.7054109991012143,0.8713653379853568,0.12589558812360124,0.0,0.38479253342562414,-2.130708423058161
Miami,2025-01-25,8,False,0.0,5.447627496143717,0.8451180375961135,0.08408335668660483,0.0,0.34747524176551514,-1.2015860674243788
Miami,2025-01-25,13,False,0.0,7.1283907780859215,0.7049993699334094,0.0631155664914802,0.0,0.20107648379854481,-0.8388805546048081
Miami,2025-02-01,4,False,0.0,3.141039081463347,0.6906273986578414,0.12965626207149128,0.0,0.21322369961859,-2.56311211082254
Miami,2025-02-01,8,False,0.0,4.686253941066688,0.43816076394014214,0.0855178455711263,0.0,0.20878722898513635,-1.4273852739338682
Miami,2025-02-01,13,False,0.0,6.1827095226413045,0.18663897323201384,0.0638015271910154,0.0,0.036688280102435966,-0.9915492729925293
New York,2023-02-04,4,False,0.0,1.0282701224201243,0.4646401571198835,0.4209856023047812,0.0,-3.878740784063452,-6.843906113282415
New York,2023-02-04,8,False,0.0,1.2263649296905839,0.540726008760945,0.6008953885906114,0.0,-5.457557868441791,-4.871516791719574
New York,2023-02-04,13,False,0.0,1.2282249161902707,-0.17197705856019052,0.02569095931450105,0.0,-7.0409300409378694,-3.837386359814124
New York,2023-02-11,4,False,0.0,1.1462247105829468,0.5923331145979659,0.6669390406298115,0.0,-2.8754421993051267,-6.159179339598549
New York,2023-02-11,8,False,0.0,1.0238897881403888,0.31367798150272863,0.5166945746284171,0.0,-6.197888481505945,-5.8289000215827125
New York,2023-02-11,13,False,0.0,1.3916791791682048,-0.6532372878759256,-0.16721272124112385,0.0,-5.347484652138002,-2.824031755595613
New York,2023-02-18,4,False,0.0,0.9357524534129781,0.6291791579374721,0.18493437410582447,0.0,-3.320483884083875,-7.585555218401117
New York,2023-02-18,8,False,0.0,0.607208087311553,-1.7483181408579682,-0.969168461156537,0.0,-9.981671411849574,-9.66085239055776
New York,2023-02-18,13,False,0.0,1.6703711923200006,-1.5358689483889099,-0.5911983811074617,0.0,-3.712190067523757,-1.6584839669590572
New York,2023-02-25,4,False,0.0,0.28778179627980804,-4.007337297900752,-3.64259526103106,0.0,-15.931464339885451,-24.641788273504396
New York,2023-02-25,8,False,0.0,0.695600596856449,-3.923841107324506,-1.8694869804466934,0.0,-8.672465274972335,-6.999688471291093
New York,2023-02-25,13,False,0.0,2.2623298801893945,-1.9347484119675746,-0.6078959602813558,0.0,-2.51247535727271,-0.4773119211618517
New York,2023-03-04,4,False,0.0,0.3831039733305174,-1.4389395961814078,-3.7580311227793795,0.0,-11.596164553475592,-16.89421619087992
New York,2023-03-04,8,False,0.0,1.1394696238906303,-0.9995753606868436,-1.306945174978369,0.0,-4.205531302111417,-3.288561618105115
New York,2023-03-04,13,False,0.0,2.872113185511088,-0.6205353986862261,-0.5172681290666896,0.0,-1.6023671352159083,0.10096065097504558
New York,2023-03-11,4,False,0.0,0.6443769710796221,-0.5356943704045602,-2.3824453539867894,0.0,-8.086689592290263,-8.99587072758236
New York,2023-03-11,8,False,0.0,1.803874730069345,-0.33832783833383506,-0.8411210167468375,0.0,-2.441024316596838,-1.2686103837376184
New York,2023-03-11,13,False,0.0,3.478100350718309,-0.2666272609979834,-0.428799490440835,0.0,-1.355664926178961,0.43622555485512593
New York,2023-03-18,4,False,0.0,0.9855535216134821,0.0717433443570048,-1.5556142835057658,0.0,-3.780074726381188,-5.125902120419628
New York,2023-03-18,8,False,0.0,2.460685708211389,0.0507946847455959,-0.6137720725648841,0.0,-0.8774024530973112,-0.3940999758673762
New York,2023-03-18,13,False,0.0,3.9444697431990092,0.048447367184328405,-0.3770659506149445,0.0,-0.7884890511866485,0.5673378719748856
New York,2023-03-25,4,False,0.0,1.003978818368582,0.740333634214114,-1.3851360462442357,0.0,-2.7373444075554447,-4.849062919521885
New York,2023-03-25,8,False,0.0,2.705717763152405,0.6788733790955522,-0.5051310527333381,0.0,-0.44386336611990695,-0.12752352262834865
New York,2023-03-25,13,False,0.0,4.0099304342242945,0.7499683375929835,-0.33627045362633856,0.0,-0.6308855875571739,0.5246848211533899
New York,2023-04-01,4,False,0.0,1.022028173919968,0.6318960610888802,-1.1775483548291268,0.0,-1.946421902855684,-4.604922830393535
New York,2023-04-01,8,False,0.0,2.8338923941114156,0.718501811312431,-0.42257769802097234,0.0,-0.4037712340799955,0.03553096217424545
New York,2023-04-01,13,False,0.0,3.9649567598237687,0.8401461475238,-0.3000855408687755,0.0,-0.6745560199891911,0.47461123218968315
New York,2023-04-08,4,False,0.0,1.995224885541054,-0.07522835393859961,-0.5361239497222099,0.0,0.19952512904069508,-1.314362860310811
New York,2023-04-08,8,False,0.0,3.549910128338454,-0.0751357767224381,-0.2965480709201016,0.0,0.002883290146938222,0.35231984879357225
New York,2023-04-08,13,False,0.0,4.4304780630703275,-0.09309122354883637,-0.23543913198377542,0.0,-0.4100513033364541,0.43930468225878994
New York,2023-04-15,4,False,0.0,2.490021583848638,0.5073177989007097,-0.361964165192753,0.0,0.6272158364425491,-0.6032909690934933
New York,2023-04-15,8,False,0.0,3.684476124304488,0.609022804553192,-0.24162405749396165,0.0,-0.014221571852922388,0.295568899239667
New York,2023-04-15,13,False,0.0,4.266163846861045,0.701804064629372,-0.20741853346401506,0.0,-0.5251561165890124,0.346545327915321
New York,2023-04-22,4,False,0.0,2.4898445330570245,0.8913823490574051,-0.3141944741887601,0.0,0.34044975450735804,-0.49967492661548096
New York,2023-04-22,8,False,0.0,3.259292764796598,0.6552020930708429,-0.23812599611971308,0.0,-0.4564285297037505,0.1014100613053105
New York,2023-04-22,13,False,0.0,3.5154928665530356,0.11782053228578127,-0.2201873100957905,0.0,-1.15845450431455,0.11561749734046345
New York,2023-04-29,4,False,0.0,2.564189954425881,0.69014774328033,-0.2727286067656418,0.0,-0.19046469813038214,-0.5180401169207942
New York,2023-04-29,8,False,0.0,3.0852203237206175,0.7166239446287305,-0.22545824260874925,0.0,-0.8831547700259847,-0.00800936347497272
New York,2023-04-29,13,False,0.0,2.8859765622470985,0.11403446374202075,-0.24151907452355714,0.0,-2.045655131620924,-0.21606495132243508
New York,2023-05-06,4,False,0.0,1.3967191840379674,-0.7904829416392056,-0.4476841909263347,0.0,-1.9269669694223546,-2.1838173342530505
New York,2023-05-06,8,False,0.0,1.8429069389149468,-1.7854028761139884,-0.3377596564372396,0.0,-2.443226119852572,-0.8517106443243054
New York,2023-05-06,13,False,0.0,1.4770056299517842,-5.591671576501947,-0.29152678122466535,0.0,-5.346003406385941,-1.6859428467099211
New York,2023-05-13,4,False,0.0,0.8480939838583587,-0.5046089323709844,-0.7204341136330454,0.0,-4.520096528038566,-4.664795983632815
New York,2023-05-13,8,False,0.0,1.1078068769472147,-1.4379219594858181,-0.5500917554223299,0.0,-4.905260402374142,-2.4366063321194007
New York,2023-05-13,13,False,0.0,1.217392800774747,-3.7676556744946668,-0.1885230562662248,0.0,-6.766789697651056,-2.7424131841563173
New York,2023-05-20,4,False,0.0,0.24014580953118408,-5.126561347536598,-2.5547536135154796,0.0,-16.733811477157726,-21.01511004047969
New York,2023-05-20,8,False,0.0,0.4553254946118497,-4.901572053963827,-1.2012153802440189,0.0,-11.991625980726335,-8.461261846214791
New York,2023-05-20,13,False,0.0,1.3033612481378742,-3.3433874821764515,-0.0719323706403685,0.0,-5.63107783798139,-3.0547603624858466
New York,2023-05-27,4,False,0.0,0.4771054338766305,0.29576141807765066,-1.2302173734781685,0.0,-6.354075732182878,-9.458982430405532
New York,2023-05-27,8,False,0.0,0.6109427099836753,-0.04139826975670213,-0.5908165650714385,0.0,-7.968572824725031,-6.447440372975375
New York,2023-05-27,13,False,0.0,1.6722965959788734,-0.1554973183749664,0.007384268285021034,0.0,-3.725401058015124,-2.432365288346367
New York,2023-06-03,4,False,0.0,0.6606717628498019,0.22834087525599567,-0.8623029356313288,0.0,-3.4143775513863392,-6.2047210678604054
New York,2023-06-03,8,False,0.0,0.8679609342042858,-0.1420868057889475,-0.21662589736473348,0.0,-5.121188246989785,-4.7025795203116925
New York,2023-06-03,13,False,0.0,2.1379502384313107,-0.16109225957502749,0.05335189973023802,0.0,-2.486066801398663,-1.972758883930506
New York,2023-06-10,4,False,0.0,0.4681095324811038,-0.496060178256029,-0.4733433891854104,0.0,-4.51522235798352,-10.02730408526864
New York,2023-06-10,8,False,0.0,1.2749264591385128,-1.0366177282666396,0.10742925142283277,0.0,-3.034008124412434,-3.3905431871823293
New York,2023-06-10,13,False,0.0,2.8396061002456117,-0.8568903213423869,0.09894099619689567,0.0,-1.510033754942873,-1.5281096854628724
New York,2023-06-17,4,False,0.0,0.6126113208561959,-0.0014598813154504953,-0.22081889278808697,0.0,-2.6025784534173573,-7.575789832952887
New York,2023-06-17,8,False,0.0,1.638020166148818,0.3191759952681673,0.10693547992988583,0.0,-1.8998706873882298,-2.7242248327517027
New York,2023-06-17,13,False,0.0,3.2218359046737497,0.3178837873252738,0.09317295538701276,0.0,-1.0596183680513698,-1.3790442452591813
New York,2023-06-24,4,False,0.0,1.3471113805274426,-1.6362398830881992,0.19562576951684763,0.0,-1.3534063286120341,-3.924587315419722
New York,2023-06-24,8,False,0.0,2.7734591947043503,-1.4582980149971232,0.12635262387339385,0.0,-0.8754997552553767,-1.6526441966400198
New York,2023-06-24,13,False,0.0,4.3953828185906065,-1.460659555275436,0.08835712619431046,0.0,-0.5783931910545534,-0.9964712119565031
New York,2023-07-01,4,False,0.0,2.0823198022603866,0.08977979564160665,0.2070895995204386,0.0,-0.8392671171740957,-2.554167182657906
New York,2023-07-01,8,False,0.0,3.418573383779143,0.10175890621344785,0.12779351691983798,0.0,-0.5074015966821379,-1.3473165304868453
New York,2023-07-01,13,False,0.0,4.696249544648891,0.11768455808626344,0.0941748951264142,0.0,-0.40574296611568084,-0.9297992551181931
New York,2023-07-08,4,False,0.0,1.7137588409673308,0.5311386214026746,0.24245846906027446,0.0,-1.1602875003554156,-3.187320176405075
New York,2023-07-08,8,False,0.0,3.1488786949648344,0.5323834031034029,0.13822669174627078,0.0,-0.4860210885471079,-1.506833407171384
New York,2023-07-08,13,False,0.0,3.893991975390488,0.14331176825141156,0.11394299879179715,0.0,-0.42485196254526714,-1.1419340198383208
New York,2023-07-15,4,False,0.0,2.0703284327729636,0.4910218185320322,0.1765411834270696,0.0,-0.7185516868122843,-2.6692157644559225
New York,2023-07-15,8,False,0.0,3.5149572423201074,0.5298912154499453,0.1054554012527229,0.0,-0.27784544712029446,-1.366763650232559
New York,2023-07-15,13,False,0.0,3.633684903416448,0.5173976891878083,0.10212673410889017,0.0,-0.27322492756399175,-1.224338874397446
New York,2023-07-22,4,False,0.0,1.437400562919726,-0.1398830628330361,0.23913824645652737,0.0,-0.5064951992634954,-3.974079758820462
New York,2023-07-22,8,False,0.0,2.8352566738469465,0.009751735651926552,0.122907502690074,0.0,-0.17647263840541982,-1.7475481422970556
New York,2023-07-22,13,False,0.0,2.4014896709557223,-1.6295817546251454,0.1227867475072022,0.0,-0.18644343858372725,-1.8707910063262947
New York,2023-07-29,4,False,0.0,1.3775013232643212,0.699118829404996,0.2275850768797637,0.0,0.1497753901601372,-4.230665505001057
New York,2023-07-29,8,False,0.0,2.522414910252004,0.705463479172214,0.1431926447412939,0.0,0.006874290266356664,-1.9899107723683254
New York,2023-07-29,13,False,0.0,1.9622180559696631,-0.7618239270462204,0.09863765312021788,0.0,-0.08553969999123012,-2.1026705278494493
New York,2023-08-05,4,False,0.0,1.9907182020075778,0.2921192592356522,0.2018358873390682,0.0,0.396139666461791,-2.956900099321317
New York,2023-08-05,8,False,0.0,2.494775051747692,0.3959031494087687,0.1618519215908476,0.0,0.13725901175409472,-2.005648148758914
New York,2023-08-05,13,False,0.0,2.0177193802635385,-0.1359692823095051,0.07903497162064899,0.0,-0.07056854449847028,-1.8041837972136237
New York,2023-08-12,4,False,0.0,1.9248008366565414,0.9231782671286709,0.22027748230695765,0.0,0.05542474068549308,-3.1259711445725067
New York,2023-08-12,8,False,0.0,1.722659809886485,-0.1771721205018153,0.18526789201614546,0.0,-0.14282784589186037,-2.8697624813603975
New York,2023-08-12,13,False,0.0,2.010667032674533,-1.7251377652367532,0.020074316825480665,0.0,-0.22213463338315975,-1.304190540376866
New York,2023-08-19,4,False,0.0,1.7718648583195995,0.7978496411151377,0.2500662376859687,0.0,-0.45463698456927326,-3.4427344395978787
New York,2023-08-19,8,False,0.0,1.4364644429433338,-0.7868077000003997,0.09871381605665175,0.0,-0.41985626496242445,-3.016712831184951
New York,2023-08-19,13,False,0.0,2.183690117070519,-1.5984195016495755,-0.034130472416663116,0.0,-0.2962820788706664,-0.7225151797679015
New York,2023-08-26,4,False,0.0,1.1022115136377137,0.06506442816377045,0.3899542502536192,0.0,-1.303071069727094,-5.594809570624196
New York,2023-08-26,8,False,0.0,1.6294825602024179,-1.542367004843055,0.004251262736854278,0.0,-0.30413250135836933,-1.8000124551646786
New York,2023-08-26,13,False,0.0,2.478460444237631,-1.943652053083479,-0.06172118626623102,0.0,-0.3229888317532408,-0.1707370680430036
New York,2023-09-02,4,False,0.0,0.7251555354552287,-2.9567653672704277,-0.06924288379990418,0.0,-1.0779723481095829,-7.113675060095652
New York,2023-09-02,8,False,0.0,2.362934519733715,-1.7958084673650219,-0.0914478121665756,0.0,-0.009483280820014928,-0.25703228613261064
New York,2023-09-02,13,False,0.0,2.9729501617670615,-2.2732146094943837,-0.09416969238151429,0.0,-0.28627917250229773,0.17130232978630167
New York,2023-09-09,4,False,0.0,1.6371440730137325,-0.7211322569750296,-0.2757511088168809,0.0,0.1642663523013127,-1.7847737094183187
New York,2023-09-09,8,False,0.0,3.3738255941279065,-0.6146853483756314,-0.13144534018235765,0.0,0.10217303543644163,0.44864805213365
New York,2023-09-09,13,False,0.0,3.4318341683473044,-0.8798394439342889,-0.10857123664540391,0.0,-0.3226234351207802,-0.015962353621968184
New York,2023-09-16,4,False,0.0,2.4352482280655314,0.16962799243173243,-0.17545442775626063,0.0,0.3002933202727681,-0.4994068765184252
New York,2023-09-16,8,False,0.0,3.950447180741375,0.18549362212325526,-0.10647893835807265,0.0,0.08509341477401056,0.48585508858845894
New York,2023-09-16,13,False,0.0,3.6354438194082883,0.1039838498284944,-0.07901873591283293,0.0,-0.35015055590139554,-0.31465848195266655
New York,2023-09-23,4,False,0.0,2.7166577349115166,0.6472935978085772,-0.1324930864375331,0.0,0.2741082898907592,-0.2587758096084405
New York,2023-09-23,8,False,0.0,3.795878119221859,0.749067013294916,-0.09377154703287371,0.0,0.016567520326997376,0.36663587970175515
New York,2023-09-23,13,False,0.0,3.798996184160787,-0.2612854315779629,-0.048741649314793634,0.0,-0.2330217078972301,-0.5910180182957885
New York,2023-09-30,4,True,0.8,2.3443329524666225,0.6969526008367375,-0.12854317611940713,-2.0828028489891683,0.10512605369218653,-0.5032520082438372
New York,2023-09-30,8,True,0.8,2.7156368024341173,-0.02308187018680985,-0.11054579380491836,-1.7911887758769258,-0.3050083577761358,-0.11895303855503436
New York,2023-09-30,13,True,0.8,4.425757434226943,-1.3040986486510469,-0.01300436765896329,-0.4031249140993505,0.08289643231118915,-0.7308392879411418
New York,2023-10-07,4,False,0.0,1.8656047626962775,0.4541687317646236,-0.1163723311563476,0.0,0.11100230327497995,-0.9321532537958319
New York,2023-10-07,8,False,0.0,1.8202403661124134,-1.1762513501372602,-0.08894271105410811,0.0,-0.5185844217100337,-1.1822194406189648
New York,2023-10-07,13,False,0.0,5.754685860856575,-1.2064827219883165,-0.0007448957962987723,0.0,0.37297762548116775,-0.6923372733746478
New York,2023-10-14,4,False,0.0,1.6374046838712242,0.7973809675787659,-0.08820844590116583,0.0,-0.006812206117241981,-1.274701162779841
New York,2023-10-14,8,False,0.0,2.1710236862664525,-0.7595575343183087,-0.015440383948858605,0.0,-0.10576405050886639,-1.4796134648287724
New York,2023-10-14,13,False,0.0,7.714652767678487,-0.6376668482660144,0.005860730509960943,0.0,0.6002790744303901,-0.570122353780004
New York,2023-10-21,4,False,0.0,0.9114445548172463,-0.2820283194868525,-0.126723918825127,0.0,-0.3216133538285535,-3.699107022722669
New York,2023-10-21,8,False,0.0,3.187045643877736,-0.9475997196671939,0.0011656424423518441,0.0,0.49106223331601895,-1.2591962207485312
New York,2023-10-21,13,False,0.0,9.991897677722571,-0.6178542716231235,0.005652518016436847,0.0,0.7427349469756043,-0.4689778244298908
New York,2023-10-28,4,False,0.0,0.9234851919841257,-1.4349387315915187,0.0011935411652769234,0.0,0.28449376789029457,-4.986105068418633
New York,2023-10-28,8,False,0.0,5.001651823986166,-0.6523180964642206,0.013125011080405646,0.0,0.8488961788616229,-0.8960892186972569
New York,2023-10-28,13,False,0.0,12.400503454467593,-0.4719558217695581,0.007856961992028011,0.0,0.8047200047837223,-0.38810280671359365
New York,2023-11-04,4,False,0.0,2.165312389119247,-0.43415760332739417,0.020573571135175217,0.0,0.9338275621474088,-2.3194459276294843
New York,2023-11-04,8,False,0.0,7.637137909985629,-0.2591844073517442,0.009240448799549994,0.0,0.9382993232495428,-0.6174738065316463
New York,2023-11-04,13,False,0.0,14.703708862244522,-0.23082369037382722,0.005768385583851399,0.0,0.8237006356192368,-0.32869675792073716
New York,2023-11-11,4,False,0.0,4.3396264901372925,-0.13576076062742604,0.017725522593237453,0.0,0.806064149254577,-1.1994533073064528
New York,2023-11-11,8,False,0.0,10.796950476811109,-0.10653977385168356,0.007565346429573294,0.0,0.7121857969609193,-0.450803912892354
New York,2023-11-11,13,False,0.0,16.881174813352533,-0.11261753015190257,0.005104392042401318,0.0,0.7935856349791246,-0.2860406599812506
New York,2023-11-18,4,False,0.0,5.929400849673618,0.4090106612191804,0.012730351472924006,0.0,0.832039663313906,-0.9209470138098221
New York,2023-11-18,8,False,0.0,13.003840940948526,0.3669138358093511,0.006192360706349209,0.0,0.693296141647374,-0.3945646208864537
New York,2023-11-18,13,False,0.0,17.66175393458636,0.43761464471202194,0.004747185230500772,0.0,0.7897255772547354,-0.28072365547781164
New York,2023-11-25,4,False,0.0,6.549254581246666,0.8538206334772398,0.01143321706985101,0.0,0.8911825085488058,-0.9024129538422958
New York,2023-11-25,8,False,0.0,13.723493125205072,0.7999049334600041,0.005823652167933457,0.0,0.6987578121530766,-0.4028620728661001
New York,2023-11-25,13,False,0.0,16.90109858967796,0.7657282272516066,0.004860865040016593,0.0,0.8016536528349434,-0.3095270731483595
New York,2023-12-02,4,False,0.0,7.771761304582256,0.74328230467438,0.017089474083290424,0.0,0.8656496426839684,-0.827575943518813
New York,2023-12-02,8,False,0.0,13.962633224432269,0.7977106750073127,0.010058618029767263,0.0,0.6919625599392045,-0.42079568079627805
New York,2023-12-02,13,False,0.0,15.858993861427281,0.6800225097533398,0.0090032081826249,0.0,0.8011319071121011,-0.3458875653443303
New York,2023-12-09,4,False,0.0,8.33604980046228,0.9200701350415658,0.023344769596157833,0.0,0.3962070369775016,-0.8512589824033121
New York,2023-12-09,8,False,0.0,12.79803975461051,0.7828128173088674,0.01583197129805103,0.0,0.6337742331133611,-0.4908775565830539
New York,2023-12-09,13,False,0.0,13.603070330681618,0.2646834975528265,0.015001338885866078,0.0,0.765874723307413,-0.42742604589114297
New York,2023-12-16,4,False,0.0,8.997553911627591,0.8413239561589173,0.022371984419273017,0.0,0.2043671247487765,-0.8571369797737669
New York,2023-12-16,8,False,0.0,11.408881373805418,0.6588048940424827,0.018033871181316385,0.0,0.5181126320040929,-0.5810853481425258
New York,2023-12-16,13,False,0.0,11.206384164775782,0.018722784588808272,0.018326369035877255,0.0,0.6626217174331632,-0.5430301507934101
New York,2023-12-23,4,False,0.0,8.806226691164635,0.8405667858871559,0.03311320049976951,0.0,0.1277869515558301,-0.9399022375768884
New York,2023-12-23,8,False,0.0,9.375184537859095,0.3305274800487862,0.03126628223796046,0.0,0.45771288776970065,-0.7446245613844769
New York,2023-12-23,13,False,0.0,8.227899947674269,-0.7823631758540808,0.03525230343177255,0.0,0.5941510106850161,-0.7716269810908156
New York,2023-12-30,4,False,0.0,5.704576938345804,-0.0631284533321197,0.0861765868763612,0.0,-0.1270167659687096,-1.565230430496051
New York,2023-12-30,8,False,0.0,5.275145734763531,-1.9803945855380798,0.09281332426044386,0.0,0.3311814496339801,-1.42069402862704
New York,2023-12-30,13,False,0.0,4.04313411945073,-6.000050799838667,0.08290375799504002,0.0,0.3275846553794176,-1.5194630651275767
New York,2024-01-06,4,False,0.0,2.510762186699303,-1.6394133395635153,0.22754058439446223,0.0,0.3739259923069407,-3.72838385208736
New York,2024-01-06,8,False,0.0,1.675740686248221,-7.702227059257426,0.2621578877685965,0.0,0.31971091283262854,-4.688834833815898
New York,2024-01-06,13,False,0.0,2.708515876800523,-8.24990256298493,0.02412478400165241,0.0,0.5752171446322256,-1.358935471510259
New York,2024-01-13,4,False,0.0,0.6884062714827771,-8.453044640098877,-0.4554100469281064,0.0,-0.6952952522967566,-12.577615810459609
New York,2024-01-13,8,False,0.0,1.4547590309338028,-7.465899030944389,-0.3249964707560795,0.0,0.20294267905561225,-3.6832738828122986
New York,2024-01-13,13,False,0.0,3.9993155241342393,-4.101957780171872,-0.129900048782015,0.0,0.6325754884995695,0.17276236889681196
New York,2024-01-20,4,False,0.0,1.6228465560764023,-1.245187928189154,-0.41439240506609987,0.0,0.32579936744374605,-3.95541231301858
New York,2024-01-20,8,False,0.0,2.8106765345974676,-1.269373085731591,-0.23637562185777905,0.0,0.575983474821824,-0.9257571406598095
New York,2024-01-20,13,False,0.0,5.6228090561525335,-0.9445644110731051,-0.11473837754106953,0.0,0.6988738830825968,0.6526731091841342
New York,2024-01-27,4,False,0.0,1.2236583366088194,0.40947006146144294,-0.5713284950251867,0.0,0.1880537434053594,-5.760681448483956
New York,2024-01-27,8,False,0.0,2.9420854783838406,0.7069659736253044,-0.23349027142912937,0.0,0.631745835012351,-0.691766821983856
New York,2024-01-27,13,False,0.0,5.9351338438417525,0.716619944637056,-0.11217344185839129,0.0,0.699943010004485,0.7887045889671311
New York,2024-02-03,4,False,0.0,0.8500857804098917,-0.2953550908924867,-0.8078450888730531,0.0,0.6517639518722489,-8.940297144631042
New York,2024-02-03,8,False,0.0,3.091823004097801,0.6600201122859725,-0.21709223895380814,0.0,0.8543400165737263,-0.45888612862480604
New York,2024-02-03,13,False,0.0,6.342674787051895,0.6618059793856277,-0.10227460348613149,0.0,0.7853677872166676,0.8856032942491815
New York,2024-02-10,4,False,0.0,1.0755215413961479,0.6351590753821096,-0.679320968648734,0.0,0.07406707380253963,-6.4849387786944215
New York,2024-02-10,8,False,0.0,3.7317565437814157,0.4083013801721541,-0.19052857033450055,0.0,0.6456337235364944,0.01359506116188558
New York,2024-02-10,13,False,0.0,7.206049732752345,0.3288988219710889,-0.09510706338171393,0.0,0.6703273118859508,0.8900142589725405
New York,2024-02-17,4,False,0.0,1.8673409812314494,0.27577410578267825,-0.3787268963813355,0.0,0.835798267364516,-2.780729357746117
New York,2024-02-17,8,False,0.0,4.668544741946393,0.19824158008755766,-0.14716038251138586,0.0,0.8728934627656352,0.4447590329965473
New York,2024-02-17,13,False,0.0,8.314866296160487,0.16541473525153283,-0.07946572741111857,0.0,0.7996996052576164,0.767074104811712
New York,2024-02-24,4,False,0.0,3.1564273918540344,0.12675880779856108,-0.21302462413983925,0.0,0.783765197807881,-0.7596111214501109
New York,2024-02-24,8,False,0.0,5.835151952510312,0.11896772087816421,-0.11204473373343937,0.0,0.7777509640172242,0.6137759084520618
New York,2024-02-24,13,False,0.0,9.537898541435712,0.10710062114023955,-0.06585197169449075,0.0,0.7472316054081314,0.6541279983295447
New York,2024-03-02,4,False,0.0,3.7656203856308896,0.5427368630108977,-0.16628025634267019,0.0,0.6592239568780462,-0.24834478280742367
New York,2024-03-02,8,False,0.0,6.487529193667707,0.5459581344548525,-0.09378581954415788,0.0,0.6592714094840106,0.6827998802644301
New York,2024-03-02,13,False,0.0,10.13322982356969,0.5150807229000404,-0.05770297591006557,0.0,0.6971790733196516,0.5964808364087868
New York,2024-03-09,4,False,0.0,4.043528116334729,0.7136731158801325,-0.14620326804237127,0.0,0.6029973289958248,-0.10720590096192262
New York,2024-03-09,8,False,0.0,6.9029366038264275,0.7216222861554722,-0.08308935226162828,0.0,0.6064637491545727,0.7359855729976293
New York,2024-03-09,13,False,0.0,10.419735219334436,0.7061746310329193,-0.05296621449418737,0.0,0.6829223587266647,0.5587360775813539
New York,2024-03-16,4,False,0.0,3.563466698941857,0.7220592658758485,-0.14673572284065073,0.0,0.7813478498106978,-0.31007369878291224
New York,2024-03-16,8,False,0.0,6.6586316079494665,0.8399894956241503,-0.07600744708331342,0.0,0.6930109593774145,0.7878248867710943
New York,2024-03-16,13,False,0.0,10.03252748693914,0.8626395520321191,-0.048623042663464844,0.0,0.7636141396142169,0.5530164456210627
New York,2024-03-23,4,False,0.0,2.8685078563229744,0.31913255822690223,-0.1666415832219441,0.0,0.7119588300838757,-0.5616148188627668
New York,2024-03-23,8,False,0.0,6.234836463731293,0.6739327804056583,-0.07401092209058802,0.0,0.6736579712576545,0.8132338420693691
New York,2024-03-23,13,False,0.0,9.467834501833728,0.7011545999259535,-0.0470577997318935,0.0,0.76906348989797,0.5561215866224947
New York,2024-03-30,4,False,0.0,3.617707615119417,0.5654389594833764,-0.12385992634983567,0.0,0.47024491235576504,0.009453895513007682
New York,2024-03-30,8,False,0.0,6.940423776851031,0.5060043042143345,-0.06233645654010056,0.0,0.622976759678217,0.753474185442471
New York,2024-03-30,13,False,0.0,9.96761271919784,0.5256197514579093,-0.04199278132260065,0.0,0.7376113559614095,0.5118731176911034
New York,2024-04-06,4,False,0.0,4.173733394520188,0.7034982874854832,-0.09243485641215843,0.0,0.4691020362753834,0.330947600290184
New York,2024-04-06,8,False,0.0,7.244433876099161,0.6996937067534003,-0.051547954258849726,0.0,0.6594677035310684,0.6982768406326683
New York,2024-04-06,13,False,0.0,9.992234337416534,0.7604615321243384,-0.036265467238578486,0.0,0.7724473937064598,0.49256897265486865
New York,2024-04-13,4,False,0.0,4.6215823804573075,0.7135078714248515,-0.07060698530801957,0.0,0.49402508262905476,0.49358313474210846
New York,2024-04-13,8,False,0.0,7.398552565853062,0.7727347277070646,-0.042821242644554225,0.0,0.7053390551258957,0.6691875410260149
New York,2024-04-13,13,False,0.0,9.788906901856317,0.8445995588685317,-0.031529276261835326,0.0,0.8166850716125987,0.48388732841764504
New York,2024-04-20,4,False,0.0,4.752400779867491,0.8431947681699397,-0.055713712134790594,0.0,0.610181202376926,0.5010434914199013
New York,2024-04-20,8,False,0.0,7.159457102980681,0.9082646814241462,-0.03604779434385108,0.0,0.7941893051794165,0.6462057291890441
New York,2024-04-20,13,False,0.0,9.17177276769773,0.7894757069736529,-0.02752888793899877,0.0,0.8726724181017926,0.4941007965456202
New York,2024-04-27,4,False,0.0,4.200900974051967,0.7883045774716109,-0.05630925701006828,0.0,0.8144429224098363,0.4461388352070629
New York,2024-04-27,8,False,0.0,6.391370186697324,0.6085640201782729,-0.03616452226139977,0.0,0.9225333755728712,0.6758617948411518
New York,2024-04-27,13,False,0.0,7.951052714550352,0.290963335978464,-0.02858610666126027,0.0,0.8916230055269504,0.51031633584893
New York,2024-05-04,4,False,0.0,3.483945020933205,0.5990216971372955,-0.06071187733029726,0.0,0.8143846305329229,0.32379151270918227
New York,2024-05-04,8,False,0.0,5.586211436594884,0.47229546558352076,-0.037039357831399444,0.0,0.9307957984765429,0.7039344363367844
New York,2024-05-04,13,False,0.0,6.724804355864259,0.04813554543784093,-0.030397082890534,0.0,0.8592424749299902,0.5325561897461067
New York,2024-05-11,4,False,0.0,3.185169581680294,0.8186309708915387,-0.050121570805426785,0.0,0.9352278693428334,0.2828674380419035
New York,2024-05-11,8,False,0.0,4.995348383847758,0.6846785710878747,-0.031361327047077836,0.0,0.9358106501339492,0.6600922736980721
New York,2024-05-11,13,False,0.0,5.787133500053803,0.24814072554081334,-0.026844916691704412,0.0,0.8087375354796782,0.5192930964544225
New York,2024-05-18,4,False,0.0,2.6370994809507957,0.5417072441907083,-0.0517651065458955,0.0,0.8831000831711642,0.11677267436406336
New York,2024-05-18,8,False,0.0,4.177366579482864,0.374866934428689,-0.03216145115391145,0.0,0.8335903255266558,0.5824703294403282
New York,2024-05-18,13,False,0.0,4.626175216404657,-0.27832821194182467,-0.028905284214503446,0.0,0.6638557151387435,0.46153853517894683
New York,2024-05-25,4,False,0.0,2.605107280196943,0.9508488133694379,-0.041799687163478705,0.0,0.7941096646517692,0.20619016425922143
New York,2024-05-25,8,False,0.0,3.6597408030103487,0.6850317702111768,-0.029432011384244117,0.0,0.8122761804194043,0.46099916819112396
New York,2024-05-25,13,False,0.0,3.7708838872667725,0.01516018295771393,-0.02853157835548914,0.0,0.6716503689063433,0.3278051226988753
New York,2024-06-01,4,False,0.0,2.740861729521387,0.8279676288050358,-0.03308405084815047,0.0,0.7723822429448375,0.2887058968411591
New York,2024-06-01,8,False,0.0,3.146340232850167,0.5546599632131115,-0.028700254067688613,0.0,0.7185741307450911,0.2967967410861617
New York,2024-06-01,13,False,0.0,2.86399872574144,-0.33173808100264157,-0.0316215234953785,0.0,0.5016688173784075,0.015068336901563284
New York,2024-06-08,4,False,0.0,2.0299661377376244,0.4063459488153567,-0.01987809101796656,0.0,0.7913751296114767,-0.07436257267300883
New York,2024-06-08,8,False,0.0,2.1841956765652606,-0.6658782991468566,-0.01844538385063399,0.0,0.5383634025084312,-0.06111757687458841
New York,2024-06-08,13,False,0.0,1.8981155881389002,-3.096564944263183,-0.014610776082890853,0.0,0.06828410323769918,-0.6732859706036329
New York,2024-06-15,4,False,0.0,1.7247157609081007,0.5531719754762752,-0.010944760568738277,0.0,0.7010128055416335,-0.5620260108513735
New York,2024-06-15,8,False,0.0,1.6152692518505527,-0.2670006173308004,-0.011699364293228154,0.0,0.3035732672759316,-0.6157957825985017
New York,2024-06-15,13,False,0.0,1.597749612263941,-2.129155004306117,-0.004431703920479757,0.0,-0.266317271429493,-1.2759185961315103
New York,2024-06-22,4,False,0.0,0.492687213191217,-4.516404814229591,0.01815261487861941,0.0,-0.8931285676815195,-6.146618632143701
New York,2024-06-22,8,False,0.0,0.44261474883028773,-11.5509976871823,0.010063243684532375,0.0,-2.5429845816847303,-6.230556326447247
New York,2024-06-22,13,False,0.0,1.4480807589313593,-6.058056793762663,-0.000567319036568259,0.0,-0.7840077189426684,-1.9666225231152232
New York,2024-06-29,4,False,0.0,0.7112650162689425,-3.3050843037344952,-0.0017628424480364835,0.0,-1.5148499144708563,-5.153165012019153
New York,2024-06-29,8,False,0.0,0.9991155386545039,-4.2533676051090925,-0.0012585450156481492,0.0,-1.1518083705879603,-3.13647524479988
New York,2024-06-29,13,False,0.0,2.1388549923311535,-3.1384252615059225,-0.0005945337864348144,0.0,-0.42555571172725215,-1.3940057680156772
New York,2024-07-06,4,False,0.0,0.2698534412463723,-4.029123090242129,0.0001674016005227541,0.0,-2.905072784219974,-12.977418664668336
New York,2024-07-06,8,False,0.0,1.0042573770375836,-0.6731067693839619,0.0085019981068718,0.0,-0.5169477264408477,-3.098347675155904
New York,2024-07-06,13,False,0.0,1.6808161794665544,-0.44147584144547336,0.007062469434962471,0.0,-0.20218879874493534,-1.7641035343656197
New York,2024-07-13,4,False,0.0,0.3663284340046675,-0.21781645751873668,0.033165598792777806,0.0,-0.5240169588269967,-9.74419914207621
New York,2024-07-13,8,False,0.0,1.6061010514154015,-0.19132445565898526,0.01150558411041891,0.0,0.20088564575414458,-1.9680901605473662
New York,2024-07-13,13,False,0.0,1.8120427543813884,-0.2947385181183617,0.011505389464366633,0.0,0.2702708197593876,-1.6310673589661886
New York,2024-07-20,4,False,0.0,0.47397815866365034,0.1731375201540296,0.018169696140158953,0.0,0.24687556142832212,-7.369225164953143
New York,2024-07-20,8,False,0.0,1.9223407996525228,0.4038494291639735,0.006827482044099109,0.0,0.4602838544243766,-1.63208272212115
New York,2024-07-20,13,False,0.0,1.7111760999359145,0.26286173119924483,0.008607721190339479,0.0,0.44345012980496035,-1.7388551650401545
New York,2024-07-27,4,False,0.0,0.7323680835855927,-0.023856475916053332,0.0003214686328691929,0.0,-0.7311793463168237,-4.6982726543973445
New York,2024-07-27,8,False,0.0,2.0114791570096053,0.5629318298713891,0.008312320333938916,0.0,0.43741524213663086,-1.594830650121188
New York,2024-07-27,13,False,0.0,1.526987642774035,-0.21881053309466014,0.014896256348022607,0.0,0.1736065376611854,-1.9636603043676373
New York,2024-08-03,4,False,0.0,2.090362820442962,-1.0312661185211218,0.010545371995961506,0.0,0.6562944958287229,-1.7756408218758497
New York,2024-08-03,8,False,0.0,2.8602780309513554,-1.3655490394785863,0.0077649430162478605,0.0,0.6121679820930841,-1.1048990381816752
New York,2024-08-03,13,False,0.0,2.4652618151381147,-2.44676545773858,0.008974544899728376,0.0,0.6090501205571293,-1.188645883335727
New York,2024-08-10,4,False,0.0,2.4515066897582694,0.6445045199621529,0.017318892633696237,0.0,0.4295458766176967,-1.5612531840378403
New York,2024-08-10,8,False,0.0,2.258046608037863,0.3022862554916361,0.018767198317955258,0.0,0.3875384694654511,-1.4194483193985619
New York,2024-08-10,13,False,0.0,2.1012309065011423,-0.38776085250409476,0.020136873908620512,0.0,0.4264296254059594,-1.4296099020450916
New York,2024-08-17,4,False,0.0,2.469108273125104,0.754465548267705,0.014982565616826427,0.0,0.046366909963308056,-1.5905951333375277
New York,2024-08-17,8,False,0.0,1.6295156356221856,-0.47358039733909774,0.011438600306986069,0.0,0.016909473203020053,-1.9236693386137018
New York,2024-08-17,13,False,0.0,1.8144867798682993,-1.0962769927063913,0.014135612829162203,0.0,0.1388849575563783,-1.6622059909558624
New York,2024-08-24,4,False,0.0,1.9030582941488954,0.4209393675793831,0.02074463558779971,0.0,-0.044876341013009524,-2.111605878926061
New York,2024-08-24,8,False,0.0,1.3317067905568343,-1.7719970839545924,0.0003874098724349073,0.0,-0.001818000569450584,-1.9412964201278542
New York,2024-08-24,13,False,0.0,1.794887674403287,-1.7965161005044696,0.00822055763989371,0.0,0.24059698592930368,-1.5291269178680977
New York,2024-08-31,4,False,0.0,0.8882870307935236,-4.657274759872129,0.0007671232876711453,0.0,-0.24980947074140603,-3.213815804728238
New York,2024-08-31,8,False,0.0,1.685567407092205,-4.687289432585315,-0.021988516280452064,0.0,0.25206942273439426,-0.22969270016485033
New York,2024-08-31,13,False,0.0,2.1590953106427166,-4.995702593113206,-0.0019659419631377073,0.0,0.40841655869772464,-0.9101580408828727
New York,2024-09-07,4,False,0.0,1.905985021594156,-0.7625037858017747,-0.051765999674851404,0.0,0.4308994097445602,-0.22274662620114483
New York,2024-09-07,8,False,0.0,2.2382369583263007,-1.1656662489708838,-0.04393236068702833,0.0,0.5251502893530442,0.006090453000463736
New York,2024-09-07,13,False,0.0,2.9859826222092654,-0.3920914782529037,-0.011949879088532622,0.0,0.5672995597114556,-0.7283661389209501
New York,2024-09-14,4,False,0.0,2.3855573428649404,0.30676339861389545,-0.034148351256442444,0.0,0.5998341647403669,0.16407195416663956
New York,2024-09-14,8,False,0.0,1.9418694706254978,0.2777787894895831,-0.03849768677650478,0.0,0.5271454398899476,-0.5467178073563521
New York,2024-09-14,13,False,0.0,3.8497627196847337,-0.27090459289159363,-0.003036949025410962,0.0,0.626579598720276,-0.6903183212277424
New York,2024-09-21,4,False,0.0,1.9547536731394068,0.5831814275037308,-0.036689504952085894,0.0,0.7160850235973054,-0.3529327801293123
New York,2024-09-21,8,False,0.0,1.614954063338352,-1.1729640298197244,-0.02191585064000323,0.0,0.37930399598538644,-1.3652540732589888
New York,2024-09-21,13,False,0.0,5.168420830140344,-1.0253693779245125,0.0018201829857461549,0.0,0.6358407489121749,-0.5968452097922814
New York,2024-09-28,4,False,0.0,0.5504711961269002,-5.044743527887685,-0.06547454461396418,0.0,0.2310174784598361,-5.555388634720726
New York,2024-09-28,8,False,0.0,2.0076843252819767,-3.193814051634405,0.009804757311892676,0.0,0.18535383322829002,-1.5674502277466287
New York,2024-09-28,13,False,0.0,7.410105387911099,-1.524920703769026,0.006025193727819511,0.0,0.625187469308372,-0.45769326569710933
New York,2024-10-05,4,False,0.0,0.9414568396999929,-2.3005517782235563,0.05670456032186977,0.0,-0.4568232220865509,-3.9477485379884634
New York,2024-10-05,8,False,0.0,3.7209492349842757,-1.0896421469367814,0.014742175316658002,0.0,0.2681503557783894,-0.8914004487970795
New York,2024-10-05,13,False,0.0,10.338095239303382,-0.666978040359747,0.0056446080083834005,0.0,0.5301950364455245,-0.33386251406174217
New York,2024-10-12,4,False,0.0,1.6907666241512802,0.08477679229684099,0.03385834799226772,0.0,-0.31061978558387726,-2.218613401760945
New York,2024-10-12,8,False,0.0,5.285591376386171,0.05199808622813762,0.011213553638112161,0.0,0.37602275672207963,-0.6407015518095871
New York,2024-10-12,13,False,0.0,12.851506985673,0.036921671753982976,0.004943348347952958,0.0,0.5582698187219273,-0.2766878828139425
New York,2024-10-19,4,False,0.0,2.241474015650844,0.6160728689520933,0.03549086557946923,0.0,-0.2390105895509853,-1.7257242732377427
New York,2024-10-19,8,False,0.0,6.6715774238564975,0.3958335931353457,0.012440658963930207,0.0,0.4620702757937962,-0.5289331467044349
New York,2024-10-19,13,False,0.0,14.90053739955835,0.3055776353925246,0.0059998905220300935,0.0,0.5920729446909181,-0.24935530345237478
New York,2024-10-26,4,False,0.0,3.1273191239713243,0.48092366783671336,0.0300599263484832,0.0,0.24678995590984443,-1.2815960207710253
New York,2024-10-26,8,False,0.0,8.431873357939166,0.34421612019174486,0.011722473799354427,0.0,0.627687541297125,-0.4382132339339768
New York,2024-10-26,13,False,0.0,16.779348420182664,0.2969432464831737,0.006344206934071006,0.0,0.6704025696200451,-0.2299783531930435
New York,2024-11-02,4,False,0.0,4.494470160180426,0.42789370945562,0.02842934323297841,0.0,0.6101913271520941,-0.9357362513097565
New York,2024-11-02,8,False,0.0,10.463943651980086,0.35691193129998366,0.012908541387256278,0.0,0.7805982318637279,-0.37279501486483646
New York,2024-11-02,13,False,0.0,18.29243662927228,0.346194879670657,0.007907467916184241,0.0,0.7506490291756914,-0.21865824402204348
New York,2024-11-09,4,False,0.0,5.451299843315942,0.6687819855050448,0.03181940688685403,0.0,0.814695118868531,-0.826159226045257
New York,2024-11-09,8,False,0.0,12.192623813479939,0.5856922359817689,0.01513586842311343,0.0,0.7195261275848921,-0.3460033354170322
New York,2024-11-09,13,False,0.0,18.82274663777146,0.6306541609647633,0.010383811696893952,0.0,0.8012427288924585,-0.22367448087701836
New York,2024-11-16,4,False,0.0,6.44077900765884,0.6847529894762479,0.03444616750931595,0.0,0.8783027355581308,-0.7543249788472244
New York,2024-11-16,8,False,0.0,13.79882281060874,0.6297239770929164,0.017189648436715776,0.0,0.7324964160741647,-0.3319640413009186
New York,2024-11-16,13,False,0.0,18.821954928320213,0.735894804503791,0.013158404330826712,0.0,0.8204898280525379,-0.23589022888407252
New York,2024-11-23,4,False,0.0,7.410375180628338,0.746187791658265,0.03510073377349798,0.0,0.8295815038836092,-0.7162928384637774
New York,2024-11-23,8,False,0.0,14.816309477575912,0.7338196547206911,0.018766085936962495,0.0,0.7103871877106405,-0.3362003233737594
New York,2024-11-23,13,False,0.0,18.10890842001531,0.7555543167925073,0.01579430577386076,0.0,0.8114885203132005,-0.2598552040951989
New York,2024-11-30,4,False,0.0,7.356119973546271,0.8271082047401069,0.03912022858680675,0.0,0.9217009684378796,-0.8111600379569444
New York,2024-11-30,8,False,0.0,14.00569199794458,0.8044135690423525,0.021819527616144252,0.0,0.7570185196683267,-0.3923209958277132
New York,2024-11-30,13,False,0.0,15.752183055940597,0.34009973790073156,0.019697532278614815,0.0,0.8455610885582954,-0.323572620505862
New York,2024-12-07,4,False,0.0,8.635075779151416,0.7505477243712786,0.035323892870604,0.0,0.37210726196218336,-0.7577019189909768
New York,2024-12-07,8,False,0.0,13.62763751843187,0.8109522767418553,0.023411435534103187,0.0,0.6401555082761706,-0.4283450317207347
New York,2024-12-07,13,False,0.0,14.061499911747296,0.48367098556231425,0.022775717654125338,0.0,0.7593040473102797,-0.3804456147212083
New York,2024-12-14,4,False,0.0,9.40219148795931,0.8288948712082519,0.03492414895204743,0.0,0.3492881740630386,-0.764005091222228
New York,2024-12-14,8,False,0.0,12.204206262483734,0.6915322026511053,0.027594879436549147,0.0,0.634553115859727,-0.5080268281545612
New York,2024-12-14,13,False,0.0,11.472749694233396,0.006999482722703898,0.02916285896657378,0.0,0.7244658330630311,-0.4904870826771712
New York,2024-12-21,4,False,0.0,8.77682759687785,0.86999974521326,0.03746152898934896,0.0,0.3464514350856551,-0.8958636533199913
New York,2024-12-21,8,False,0.0,9.499092363397887,0.15362092329681665,0.03484296356294869,0.0,0.647620539293496,-0.6969019750216388
New York,2024-12-21,13,False,0.0,7.720390874289137,-1.4131360392034158,0.04217405012307651,0.0,0.6071610302883108,-0.7701860081247534
New York,2024-12-28,4,False,0.0,6.789616806755887,0.5074709327785173,0.05297184180690384,0.0,0.13243068698704208,-1.2443021835325978
New York,2024-12-28,8,False,0.0,6.078484147563783,-0.9400499608071529,0.05877509315825713,0.0,0.4578169525874557,-1.156809365688214
New York,2024-12-28,13,False,0.0,4.816336366033829,-3.823330402707466,0.04102088204077381,0.0,0.2994716940081541,-1.0041863381699447
New York,2025-01-04,4,False,0.0,3.2473216078338947,-1.2192247539549932,0.12196977151840849,0.0,0.5586086322801,-2.7620317844457887
New York,2025-01-04,8,False,0.0,2.0540823030502238,-7.081906368882031,0.11841924658854852,0.0,0.41019444437677866,-3.51626401977751
New York,2025-01-04,13,False,0.0,3.919830714359619,-6.337829851958653,0.0031457156623605487,0.0,0.45074697022496535,-0.276479251951244
New York,2025-01-11,4,False,0.0,0.8906996110098421,-6.959974580423144,0.003988566402814309,0.0,-0.08530925901072428,-9.465377468459035
New York,2025-01-11,8,False,0.0,2.0884341919375182,-5.791975855141117,-0.09150322400677657,0.0,0.35741472264326857,-1.9004397969109839
New York,2025-01-11,13,False,0.0,5.786700065389378,-3.128902426493849,-0.043729738861770784,0.0,0.5193569616642592,0.7985837849923751
New York,2025-01-18,4,False,0.0,1.9256199463510033,-1.5576865783894576,-0.20222149528764244,0.0,0.5122591739456748,-2.84599693132958
New York,2025-01-18,8,False,0.0,3.819841201206299,-1.3743978640317964,-0.09997294891353992,0.0,0.5646076830226876,-0.0453337775189282
New York,2025-01-18,13,False,0.0,8.025268854182746,-0.9517803178045476,-0.04550417638119564,0.0,0.5593034336904921,0.8260373903249834
New York,2025-01-25,4,False,0.0,2.2091401440741523,0.5887406921921026,-0.18343520117006196,0.0,0.41686495504270216,-2.1477991111204804
New York,2025-01-25,8,False,0.0,4.558420182993121,0.49617638344613524,-0.08676227833408201,0.0,0.5282817101922306,0.28409449568805734
New York,2025-01-25,13,False,0.0,9.004314508924724,0.364671614306217,-0.04187721852427129,0.0,0.5216849057142704,0.7138356944437578
New York,2025-02-01,4,False,0.0,2.001243618394037,0.7346456717445623,-0.21027550196355582,0.0,0.5991988232186294,-2.4540212664610603
New York,2025-02-01,8,False,0.0,4.985879232552575,0.7516604684207921,-0.08183036210701711,0.0,0.6422066860897107,0.5129430471727756
New York,2025-02-01,13,False,0.0,9.586241845408813,0.6197892824139621,-0.040499924555419176,0.0,0.5837065481838193,0.6449764118009933
Philadelphia,2023-02-04,4,False,0.0,3.6833249142041407,0.5137040429133226,0.5092457673434376,0.0,-1.5165334285605727,-4.864143838402643
Philadelphia,2023-02-04,8,False,0.0,4.219836373656186,0.6972051367424722,0.44952192660660995,0.0,-1.7911333641540321,-3.6167997908405063
Philadelphia,2023-02-04,13,False,0.0,4.098689126455653,0.3966011491490158,0.4625375420364667,0.0,-2.0343493909000037,-3.4562854828891485
Philadelphia,2023-02-11,4,False,0.0,2.5837360669348084,0.19089644796803473,0.6996276680003908,0.0,-2.618306674538662,-7.0393485274755
Philadelphia,2023-02-11,8,False,0.0,2.77471742153488,-1.036521260879617,0.6688790395125161,0.0,-3.2235750415960913,-5.577162795365089
Philadelphia,2023-02-11,13,False,0.0,2.280865350906468,-3.720627574537617,0.5456856362540616,0.0,-3.972697875615265,-6.21490559668717
Philadelphia,2023-02-18,4,False,0.0,1.1288479719556548,-1.8121717595498565,-0.06548003679592451,0.0,-6.430726858659493,-16.279480337728554
Philadelphia,2023-02-18,8,False,0.0,1.2458865940800095,-4.228087852293149,0.12638534816794322,0.0,-7.3264654431633875,-12.566752698940489
Philadelphia,2023-02-18,13,False,0.0,1.3066657813589753,-7.867760203520376,-0.5493895487589455,0.0,-6.529123413458512,-10.189446893577907
Philadelphia,2023-02-25,4,False,0.0,0.2621560449560915,-6.924229941557353,-6.269802853269606,0.0,-28.703570320869304,-70.44770482205331
Philadelphia,2023-02-25,8,False,0.0,0.3760121347104863,-9.548430293765113,-4.118570610041474,0.0,-22.326981863854844,-41.35764172305695
Philadelphia,2023-02-25,13,False,0.0,1.285177410599341,-4.704988003263327,-1.3709206777685212,0.0,-5.848192124280362,-9.450376646612856
Philadelphia,2023-03-04,4,False,0.0,0.10286244614974682,-7.396658929216027,-20.37165675617632,0.0,-71.72267974779854,-177.64174138894367
Philadelphia,2023-03-04,8,False,0.0,0.4103812175757233,-3.0044791340657113,-4.739212809555812,0.0,-16.858916330506442,-36.46379982024056
Philadelphia,2023-03-04,13,False,0.0,1.6138654436892022,-1.2591348158346514,-1.2280392832029863,0.0,-4.049457309019661,-6.909081597546963
Philadelphia,2023-03-11,4,False,0.0,0.19986383463049254,-0.09272963942599799,-9.437482759695323,0.0,-38.43369794045917,-91.1649424172785
Philadelphia,2023-03-11,8,False,0.0,0.7819327751447631,-0.1053149541050411,-2.4206300526762905,0.0,-6.901631391280554,-17.95362612138048
Philadelphia,2023-03-11,13,False,0.0,2.0151238715168125,-0.10063836168913687,-0.952535647448197,0.0,-2.875348966472601,-5.073014429374827
Philadelphia,2023-03-18,4,False,0.0,0.31292081144900974,-1.8988048088002656,-4.643881280342297,0.0,-22.796626694049856,-58.80708042227571
Philadelphia,2023-03-18,8,False,0.0,1.1237740402020486,0.2436427933990376,-1.5508432906191945,0.0,-3.7384964436050163,-11.87689560411277
Philadelphia,2023-03-18,13,False,0.0,2.261456475338523,0.49906819970985794,-0.8123430657944826,0.0,-2.4062095858847563,-4.294477878179022
Philadelphia,2023-03-25,4,False,0.0,0.4014840015903307,-0.2132093265434971,-3.9503917855116413,0.0,-12.035902603020824,-44.395819149745535
Philadelphia,2023-03-25,8,False,0.0,1.6168612221043148,-0.34289565815241185,-1.0727131898434128,0.0,-1.6440822987163672,-7.484145140802855
Philadelphia,2023-03-25,13,False,0.0,2.7556851288947772,-0.36130495849042754,-0.6453928795876875,0.0,-1.6124944928210723,-3.1047700162723046
Philadelphia,2023-04-01,4,False,0.0,0.7188859922329421,0.13580717520345276,-1.8377471472269442,0.0,-3.0680180619592763,-23.80729694611434
Philadelphia,2023-04-01,8,False,0.0,2.019271703181726,0.1792995645540002,-0.7524878199462628,0.0,-0.7330473090384704,-5.560239254049752
Philadelphia,2023-04-01,13,False,0.0,3.0876580083142344,0.20219779843048757,-0.5135504142555416,0.0,-1.249170858484712,-2.5364531046520735
Philadelphia,2023-04-08,4,False,0.0,1.5534363417901267,-0.7702936599321142,-1.022582156687255,0.0,-0.07663130566916454,-9.537344697153161
Philadelphia,2023-04-08,8,False,0.0,2.799396085956885,-0.7579439637090006,-0.5602678760465627,0.0,-0.0567268940439174,-3.361007467989329
Philadelphia,2023-04-08,13,False,0.0,3.708473738682959,-0.8810678343482949,-0.41897100884671423,0.0,-0.7369235105046612,-1.7616975927289347
Philadelphia,2023-04-15,4,False,0.0,2.3989866663108144,0.07604910210752036,-0.5876729496409836,0.0,0.6751154944583618,-5.38366177962223
Philadelphia,2023-04-15,8,False,0.0,3.374767001540831,0.09617833830918554,-0.4135766093983786,0.0,-0.19122049873315872,-2.447133448040454
Philadelphia,2023-04-15,13,False,0.0,3.9082868081466056,0.12863758259809788,-0.3551474639644794,0.0,-1.0551132106407999,-1.6684716216202644
Philadelphia,2023-04-22,4,False,0.0,2.043932838370943,0.6702619724181722,-0.6485963950900262,0.0,-0.30215483082683936,-6.518488469391414
Philadelphia,2023-04-22,8,False,0.0,2.812232800478593,0.27636845999935566,-0.4677029905115573,0.0,-1.2907610237419282,-3.2115299946463036
Philadelphia,2023-04-22,13,False,0.0,3.0501626586239787,-0.4720748788362419,-0.4301638359172364,0.0,-2.408395543897257,-2.614719802024778
Philadelphia,2023-04-29,4,False,0.0,2.0780021415189682,0.666098144394422,-0.5822084095883249,0.0,-0.9559705154232647,-6.303209126497716
Philadelphia,2023-04-29,8,False,0.0,2.7779046390802318,0.8355261490010569,-0.43240613115884785,0.0,-1.7989558502031366,-3.298279469249774
Philadelphia,2023-04-29,13,False,0.0,2.7454744732698004,0.42560348404081283,-0.43765975078175745,0.0,-3.0133308180024994,-3.131858312219067
Philadelphia,2023-05-06,4,False,0.0,0.871314223702473,-2.205572591961667,-1.2821625447982452,0.0,-4.822110813824994,-17.492159139180835
Philadelphia,2023-05-06,8,False,0.0,1.6325087842474866,-1.9966092062426277,-0.679070101521807,0.0,-4.272781565437925,-6.730682311643063
Philadelphia,2023-05-06,13,False,0.0,1.5851415014166765,-4.4168662970386885,-0.6996988770615886,0.0,-5.832946490227307,-6.484693785267355
Philadelphia,2023-05-13,4,False,0.0,0.6979765264184141,-0.012302377446658852,-1.5561995115773835,0.0,-6.9523057286525285,-22.010443965383708
Philadelphia,2023-05-13,8,False,0.0,1.0732799862547515,-0.3504543518646417,-1.0054256515996354,0.0,-7.279156539066308,-11.253160418660666
Philadelphia,2023-05-13,13,False,0.0,1.3606786858448718,-0.8849733509075408,-0.7753880427036721,0.0,-6.364672584474374,-7.745117036157929
Philadelphia,2023-05-20,4,False,0.0,0.6500722503204366,0.44265881804030094,-1.6724076268765713,0.0,-5.241558115843747,-23.579598121998433
Philadelphia,2023-05-20,8,False,0.0,0.8620297189924249,-0.3518767126292457,-1.0022249777466934,0.0,-7.285032103599635,-14.770354554114073
Philadelphia,2023-05-20,13,False,0.0,1.411750534787175,-0.048942560885772535,-0.6693799198260624,0.0,-4.19799290771568,-7.368550531674616
Philadelphia,2023-05-27,4,False,0.0,1.1369389852095582,-0.13030440994799997,-0.9345622484078819,0.0,-2.5360964930123258,-12.507376949918546
Philadelphia,2023-05-27,8,False,0.0,0.8765269984404775,-0.0867798399601627,-0.9804144415647942,0.0,-6.326890457077665,-14.442699007641004
Philadelphia,2023-05-27,13,False,0.0,1.7682970155766267,-0.16545438012691283,-0.5253631909907277,0.0,-2.317867500471264,-5.440345530786695
Philadelphia,2023-06-03,4,False,0.0,1.3519381409528084,0.28434169600740455,-0.7419379079114932,0.0,-2.076465129200219,-10.14463831620266
Philadelphia,2023-06-03,8,False,0.0,0.9281942529788413,-0.14698925736635648,-0.7379326110734481,0.0,-4.915935911793806,-13.720816402080445
Philadelphia,2023-06-03,13,False,0.0,1.9739650344053963,0.2794964941460777,-0.4044237385307772,0.0,-1.2356161644372863,-4.718867705807226
Philadelphia,2023-06-10,4,False,0.0,0.6756954835831324,-3.1994681694000002,-0.6364779991726448,0.0,-5.630137686664188,-23.46273857029045
Philadelphia,2023-06-10,8,False,0.0,0.9849312003154913,-4.20629329807236,-0.11966004055083324,0.0,-3.63265753495246,-13.330581489233985
Philadelphia,2023-06-10,13,False,0.0,1.6548931631635626,-2.959561500257279,-0.2409425839842918,0.0,-0.9199679137415517,-6.134069038318375
Philadelphia,2023-06-17,4,False,0.0,1.0877909869533133,-0.09017789884035299,0.008343216318785651,0.0,-2.8209781778351384,-14.760401618191201
Philadelphia,2023-06-17,8,False,0.0,1.2910268028659502,-0.005023983343863003,-0.06398788404694855,0.0,-1.436052626727983,-9.644759514888925
Philadelphia,2023-06-17,13,False,0.0,1.9599980276080085,0.19645128233313736,-0.18469698082323238,0.0,-0.14426900010852095,-4.862468684623765
Philadelphia,2023-06-24,4,False,0.0,1.6595800717640135,-0.7789533996070339,0.302973940723696,0.0,-0.37051732946877314,-9.859747764409008
Philadelphia,2023-06-24,8,False,0.0,1.6233607969434065,-0.5735472734916558,0.03851466895248967,0.0,-0.07645886431755633,-7.491681999453862
Philadelphia,2023-06-24,13,False,0.0,2.221156540413919,-0.09187533083276134,-0.113499944389029,0.0,0.03785325947526774,-4.10823983705527
Philadelphia,2023-07-01,4,False,0.0,1.6492748758099565,0.2982160797939686,0.4716818529254496,0.0,0.5251192471442772,-9.865002735450856
Philadelphia,2023-07-01,8,False,0.0,1.9148638805180276,-0.2049897844349502,0.007653109482147147,0.0,-0.14286735351808422,-5.8643907425321675
Philadelphia,2023-07-01,13,False,0.0,2.8447481571307933,-0.3701183123643277,-0.09581839254172397,0.0,-0.0886701063460793,-2.6648565025010527
Philadelphia,2023-07-08,4,False,0.0,1.2662511912892098,-3.853982190434543,-0.5785424170518134,0.0,-0.26892510959932503,-10.902240557575627
Philadelphia,2023-07-08,8,False,0.0,2.795110693879123,-3.113388065671601,-0.2694562263256919,0.0,-0.1557927068935414,-2.867339075956078
Philadelphia,2023-07-08,13,False,0.0,4.67002590359252,-2.825488014794892,-0.16074175138987945,0.0,0.12776617758549802,-0.6360518386770333
Philadelphia,2023-07-15,4,False,0.0,2.38089084222224,-0.13524701640883308,-0.30121932793473416,0.0,0.118081874765674,-4.746544762404357
Philadelphia,2023-07-15,8,False,0.0,3.408967533097308,-0.16829896841941583,-0.20816198611469816,0.0,-0.013676425545982918,-1.973362478620758
Philadelphia,2023-07-15,13,False,0.0,5.692622874121358,-0.15124862620687107,-0.1217084502803032,0.0,0.28377686498003873,-0.22055465461454915
Philadelphia,2023-07-22,4,False,0.0,2.907454647040391,0.39929180836286626,-0.22529142061998164,0.0,0.4039322678740248,-3.4529125109143175
Philadelphia,2023-07-22,8,False,0.0,3.653634144772438,0.5673974099402859,-0.17790247764442313,0.0,0.24220107648504208,-1.7438683970917732
Philadelphia,2023-07-22,13,False,0.0,6.18255463718469,0.5009248077003696,-0.10237345390115427,0.0,0.46410718735930834,-0.0641963244312409
Philadelphia,2023-07-29,4,False,0.0,2.9321992274417887,0.7182539862876605,-0.2106624205318337,0.0,0.7416782545030147,-3.343497923950798
Philadelphia,2023-07-29,8,False,0.0,3.5993030501292154,0.7278481748083453,-0.17043826875540846,0.0,0.6677287761065734,-1.814949529071734
Philadelphia,2023-07-29,13,False,0.0,6.3012299195958,0.7768196763281525,-0.09462674876493149,0.0,0.6831013275441514,0.009019703884569186
Philadelphia,2023-08-05,4,False,0.0,0.9889837517433759,-3.4526882051189727,-0.5284566829591602,0.0,0.42480267545040995,-13.482269455794388
Philadelphia,2023-08-05,8,False,0.0,2.2301385627301222,-2.2638634456165465,-0.23141323051091622,0.0,0.7004757465559317,-3.7034474868017897
Philadelphia,2023-08-05,13,False,0.0,5.045891041751798,-0.8104203267072021,-0.09933239965700325,0.0,0.645370340763534,-0.25983891249222735
Philadelphia,2023-08-12,4,False,0.0,0.27645072863191456,-4.684875363603793,-1.6433212664306773,0.0,-0.8066202963786668,-53.119756341523974
Philadelphia,2023-08-12,8,False,0.0,2.4891815369156918,0.4201179839066975,-0.18398774027654374,0.0,0.7258106030062477,-2.9639178279760916
Philadelphia,2023-08-12,13,False,0.0,5.168847729377113,0.664030200086255,-0.0871637868837778,0.0,0.571287562336017,-0.1491435127556222
Philadelphia,2023-08-19,4,False,0.0,0.6439707710222861,-0.008906955560472829,-0.4208766056400317,0.0,0.6367483423148961,-21.61814803147698
Philadelphia,2023-08-19,8,False,0.0,3.3011675827438665,0.2440626225899034,-0.11126681670982852,0.0,0.7926397854528018,-1.7038278730660465
Philadelphia,2023-08-19,13,False,0.0,5.741638434751273,0.2629275833264636,-0.06920462974318742,0.0,0.5291736806763996,0.0729660799412174
Philadelphia,2023-08-26,4,False,0.0,1.3773754778850502,0.2552248855363908,0.0043642216601517125,0.0,0.43925744437950587,-9.100050840260248
Philadelphia,2023-08-26,8,False,0.0,4.16710019817637,0.30857471523223357,-0.048000989789066306,0.0,0.78810767777169,-0.9265829656694864
Philadelphia,2023-08-26,13,False,0.0,6.114079142212587,0.3606099566041,-0.04505261047404052,0.0,0.477552884195387,0.15624901502050514
Philadelphia,2023-09-02,4,False,0.0,2.720451326033658,-0.3918413084465937,-0.10586452039386152,0.0,0.49271417223563496,-3.355574964208614
Philadelphia,2023-09-02,8,False,0.0,5.5751552986436,-0.35424800639706766,-0.05890207543338977,0.0,0.7904636460667032,-0.1257026355166646
Philadelphia,2023-09-02,13,False,0.0,6.919041569995674,-0.44593348721702153,-0.049563516219203185,0.0,0.4665674953207791,0.17851574012744598
Philadelphia,2023-09-09,4,False,0.0,4.757042559045818,-0.10326202589264244,-0.08773007885398965,0.0,0.7162214988934947,-0.9882168229586559
Philadelphia,2023-09-09,8,False,0.0,6.996677186075748,-0.12282653575938562,-0.05824508891328595,0.0,0.7356296342821835,0.1550143686887977
Philadelphia,2023-09-09,13,False,0.0,7.40474779969398,-0.1812407062985606,-0.054793763597803524,0.0,0.4341128851270005,0.06095904445915801
Philadelphia,2023-09-16,4,False,0.0,4.265484732053332,0.8395145105316852,-0.07762029788222558,0.0,0.731095521368342,-1.2075268307877836
Philadelphia,2023-09-16,8,False,0.0,6.102323807985951,0.5729976350010579,-0.05321508370766903,0.0,0.5671535326874215,-0.044553618660784666
Philadelphia,2023-09-16,13,False,0.0,5.470032625252527,-0.5443211442784914,-0.050039233952010154,0.0,0.1476473285775891,-0.4854847767957027
Philadelphia,2023-09-23,4,False,0.0,4.154190764482699,0.8503964357119379,-0.06053845206728625,0.0,0.7623505219842871,-1.235286208846834
Philadelphia,2023-09-23,8,False,0.0,5.497145921509196,0.7177100504705745,-0.04510786571090497,0.0,0.3192390669630961,-0.2428859872544722
Philadelphia,2023-09-23,13,False,0.0,4.58298161017237,-0.5903800504696366,-0.037012649271574105,0.0,-0.2052482916446814,-1.115189679705546
Philadelphia,2023-09-30,4,False,0.0,3.203929335948466,0.3973177331230189,-0.05200370224747464,0.0,0.7698509878525839,-2.1106002449712724
Philadelphia,2023-09-30,8,False,0.0,3.8810325861634056,-0.32307107859839945,-0.04263058295460942,0.0,-0.016874561290275203,-0.9905317836177971
Philadelphia,2023-09-30,13,False,0.0,4.324289791616641,-2.2726502346436255,-0.01358855227241551,0.0,-0.2187223409063579,-1.7122662459283582
Philadelphia,2023-10-07,4,False,0.0,1.6078749499793432,-1.4826067448181632,-0.040843851042022816,0.0,-0.0931111782369789,-5.75847923759026
Philadelphia,2023-10-07,8,False,0.0,1.7761237414967692,-3.8736465775919777,-0.02751681146497842,0.0,-1.3689981655246761,-4.205012793654292
Philadelphia,2023-10-07,13,False,0.0,5.1091176526867965,-2.9312780300824373,-0.0003374652557632807,0.0,0.03513158903428315,-1.814392820254516
Philadelphia,2023-10-14,4,False,0.0,1.9075188289315987,0.49085354605982157,-0.01192601980666308,0.0,-0.47667220773814445,-4.465256322588085
Philadelphia,2023-10-14,8,False,0.0,2.02411031404001,-0.1035569645936083,-0.005496895735141782,0.0,-1.275319414316089,-4.138213633597996
Philadelphia,2023-10-14,13,False,0.0,6.7501651105813,-0.29515191111665007,0.0004961989060677796,0.0,0.2831579895636507,-1.4972177921791539
Philadelphia,2023-10-21,4,False,0.0,1.3711159409586575,0.3715378919392459,-0.006218142511692726,0.0,-1.7593017792674588,-6.8850845391798625
Philadelphia,2023-10-21,8,False,0.0,2.7056865310880434,-1.0441864439839126,8.644317942241297e-05,0.0,-0.7085942608271527,-3.574436498613913
Philadelphia,2023-10-21,13,False,0.0,8.844866132328377,-0.7139136623281608,0.000462337808051716,0.0,0.5003545788153833,-1.2272680798246478
Philadelphia,2023-10-28,4,False,0.0,0.8804688607542139,-1.0447549396974307,0.0023332465671652702,0.0,-3.842478118223167,-12.558011914748212
Philadelphia,2023-10-28,8,False,0.0,4.179387339586412,-0.795066925899476,-0.00029200075216317956,0.0,-0.07095700755721324,-2.5261235312519683
Philadelphia,2023-10-28,13,False,0.0,11.21661196032798,-0.5603636032787978,-0.00024260025293409981,0.0,0.6502685801167171,-1.0075323413731945
Philadelphia,2023-11-04,4,False,0.0,1.5679571625581132,-0.8157355016104262,-0.0003388421162042743,0.0,-0.5691621285945303,-7.681426980560099
Philadelphia,2023-11-04,8,False,0.0,6.512299895819707,-0.42970117010564013,-0.002940397032476172,0.0,0.6592851564465806,-1.7203422240467203
Philadelphia,2023-11-04,13,False,0.0,13.689805682208378,-0.3554227692264129,-0.002052401891788458,0.0,0.8124339714716154,-0.8460158483371287
Philadelphia,2023-11-11,4,False,0.0,3.552165074280769,-0.31259160283389154,-0.013667755858337793,0.0,0.5838503561006954,-3.512353083558909
Philadelphia,2023-11-11,8,False,0.0,9.606305875181603,-0.22497253123256544,-0.005349464362553347,0.0,0.7381783437394072,-1.2089962698693082
Philadelphia,2023-11-11,13,False,0.0,16.334305042775068,-0.22129553727733198,-0.0033391682852208504,0.0,0.8455091985426628,-0.7169295141405199
Philadelphia,2023-11-18,4,False,0.0,5.564777017891393,0.18454674124016301,-0.006799698005720556,0.0,0.8867031738057215,-2.306935997071044
Philadelphia,2023-11-18,8,False,0.0,12.232834868862057,0.1642038154143618,-0.0032886009391916993,0.0,0.8054411104729597,-0.9813159106440532
Philadelphia,2023-11-18,13,False,0.0,18.117239877907576,0.1828279929826957,-0.0023368972219817152,0.0,0.8435069135581154,-0.6562410162980248
Philadelphia,2023-11-25,4,False,0.0,6.118532187717162,0.8465006639011943,-0.0033978619011421074,0.0,0.9577403282927267,-2.1961706550916875
Philadelphia,2023-11-25,8,False,0.0,13.115342744789803,0.7738228665115557,-0.0016896766789582518,0.0,0.7938261824564965,-0.9585710693360898
Philadelphia,2023-11-25,13,False,0.0,17.877862286576196,0.8447166415254079,-0.001291749798475017,0.0,0.8171351582037658,-0.6842646897380054
Philadelphia,2023-12-02,4,False,0.0,7.251387325645429,0.7503006078840286,0.002412357042686386,0.0,0.9007119310649658,-1.958960951643602
Philadelphia,2023-12-02,8,False,0.0,13.61823757086292,0.7734557401504828,0.0013607768519711128,0.0,0.7401423368359072,-0.9587825072339669
Philadelphia,2023-12-02,13,False,0.0,17.275071445061453,0.7996298043029499,0.0011072498365994887,0.0,0.7623496019623177,-0.7252788172567142
Philadelphia,2023-12-09,4,False,0.0,7.951346318040925,0.8958422336670233,0.010267424955762716,0.0,0.5639215227392272,-1.9019143248482377
Philadelphia,2023-12-09,8,False,0.0,13.065836822838333,0.8611433109707565,0.006544377080742514,0.0,0.7319642100002237,-1.0387570432456203
Philadelphia,2023-12-09,13,False,0.0,15.585629682379249,0.549309622458787,0.005608589232230843,0.0,0.7547738735911418,-0.8248545520729764
Philadelphia,2023-12-16,4,False,0.0,8.449967499990802,0.868326221352496,0.014926400170110043,0.0,0.4896727838329489,-1.8902232310354634
Philadelphia,2023-12-16,8,False,0.0,12.222461742759615,0.768252931033632,0.01067829212838034,0.0,0.6768028149132976,-1.151424558582863
Philadelphia,2023-12-16,13,False,0.0,13.48003608888994,0.327924766569071,0.009790595396489077,0.0,0.7120076425951294,-0.9735424887712107
Philadelphia,2023-12-23,4,False,0.0,8.995133076740371,0.7515114424154585,0.022427070759966528,0.0,0.41232009072772724,-1.8539746239103048
Philadelphia,2023-12-23,8,False,0.0,11.390491865117202,0.710366298979831,0.01810000453093219,0.0,0.5846753351113307,-1.2722284643402353
Philadelphia,2023-12-23,13,False,0.0,11.393752663142807,0.19544531807682086,0.018095354159160082,0.0,0.6385069175947864,-1.1679453687188568
Philadelphia,2023-12-30,4,False,0.0,6.325087539762765,0.11752132510100632,0.05675750887851061,0.0,0.17159133317832576,-2.7637334900200075
Philadelphia,2023-12-30,8,False,0.0,7.820925769297346,-0.7834916412718733,0.04654778395268011,0.0,0.4074667997019277,-1.929654261518468
Philadelphia,2023-12-30,13,False,0.0,6.906657909195359,-2.806795251644548,0.05226258954146534,0.0,0.47679345060832945,-1.9857389337714495
Philadelphia,2024-01-06,4,False,0.0,3.738686086223612,-0.532295663739025,0.11910756066962036,0.0,0.48928764293107785,-4.836741499161223
Philadelphia,2024-01-06,8,False,0.0,4.595149114133008,-1.7415451320606445,0.09770786494750971,0.0,0.35691585602586007,-3.3724262771412485
Philadelphia,2024-01-06,13,False,0.0,3.267788173468031,-6.025650888650413,0.07502496969048666,0.0,0.20656375484112677,-4.23209332195466
Philadelphia,2024-01-13,4,False,0.0,2.2536694808069835,-0.6012841478706443,0.22747598669456404,0.0,-0.0015841221404810923,-8.218393835210492
Philadelphia,2024-01-13,8,False,0.0,2.3672317702630026,-2.4504186763177653,0.21680388354749702,0.0,-0.17993334032794617,-6.6160403923015405
Philadelphia,2024-01-13,13,False,0.0,2.4511966203652844,-5.2964636386971184,0.05221407123088484,0.0,0.10086625027625595,-4.944155295958693
Philadelphia,2024-01-20,4,False,0.0,1.091338665544412,-1.845532140541862,0.30599786693869124,0.0,-1.0444486897609973,-17.25462990903142
Philadelphia,2024-01-20,8,False,0.0,1.2002154027082859,-4.879725676179083,0.12833826825749384,0.0,-0.8055869315361244,-12.385561241500412
Philadelphia,2024-01-20,13,False,0.0,2.6955734844626957,-3.798748972324532,-0.037750174523721425,0.0,0.3116677003450635,-3.601459134391292
Philadelphia,2024-01-27,4,False,0.0,1.3218763343634754,0.22715964807573397,0.3926067663766559,0.0,-0.7113861522736995,-14.234174191773247
Philadelphia,2024-01-27,8,False,0.0,1.6414543344240282,-0.08375896103210279,0.043843519464420666,0.0,-0.02543141897271939,-8.286110712419845
Philadelphia,2024-01-27,13,False,0.0,3.4179614608630513,-0.16174861691082998,-0.04645670914169586,0.0,0.43064298121783073,-2.329248228263947
Philadelphia,2024-02-03,4,False,0.0,0.8819035583794205,0.0069012007723899815,0.3318884776225186,0.0,-1.7758921909853176,-21.183694471370227
Philadelphia,2024-02-03,8,False,0.0,2.1262893972457406,-0.6799907833361716,-0.06188197528552353,0.0,0.28316548002673103,-5.6223718834280705
Philadelphia,2024-02-03,13,False,0.0,4.455522886939412,-0.6014733187199528,-0.06376697493913075,0.0,0.48600995165123195,-1.2007814582149936
Philadelphia,2024-02-10,4,False,0.0,1.0039295086603768,-2.452322985059524,-0.4580403176916552,0.0,0.39438274283710717,-16.762556777934055
Philadelphia,2024-02-10,8,False,0.0,3.167558677348708,-1.4248849969046318,-0.16812531374454331,0.0,0.6751842701716557,-2.864162430275058
Philadelphia,2024-02-10,13,False,0.0,6.107392926777341,-1.1122633793331875,-0.08956943795540107,0.0,0.5058594255715809,-0.23529255347612432
Philadelphia,2024-02-17,4,False,0.0,2.275607545896649,-0.37154419439243,-0.27649390633317417,0.0,0.5977467735743243,-6.090043089718827
Philadelphia,2024-02-17,8,False,0.0,4.374317984053253,-0.3384264727764803,-0.14074862013079747,0.0,0.5815422412322798,-1.4723011452446042
Philadelphia,2024-02-17,13,False,0.0,7.649382434509114,-0.2862830273000263,-0.07773084343811498,0.0,0.4737663771493924,0.2060597693805336
Philadelphia,2024-02-24,4,False,0.0,3.1390950548578713,0.3675277772866009,-0.18878353371139434,0.0,0.693861595899219,-3.7474607625956393
Philadelphia,2024-02-24,8,False,0.0,4.970473149754062,0.40799693263660486,-0.11697172389360833,0.0,0.626849635413041,-1.028338884914608
Philadelphia,2024-02-24,13,False,0.0,8.51516793302214,0.35053943502921703,-0.06573186179601764,0.0,0.5527234319962604,0.359661921279988
Philadelphia,2024-03-02,4,False,0.0,3.268543567713184,0.7571632180907077,-0.16631132300719131,0.0,0.7463358637718698,-3.4236781820511943
Philadelphia,2024-03-02,8,False,0.0,5.186566180868346,0.8359401757003722,-0.10273024443979151,0.0,0.5669637249666223,-0.8709024663922704
Philadelphia,2024-03-02,13,False,0.0,8.827692601098192,0.7222704541424498,-0.058039560385801714,0.0,0.5788137840195917,0.4409098153939329
Philadelphia,2024-03-09,4,False,0.0,3.0305170205568333,0.8030801887540027,-0.16793458305022124,0.0,0.5726902227452448,-3.752286823122417
Philadelphia,2024-03-09,8,False,0.0,5.374847735317495,0.8489932043615231,-0.09239792399691216,0.0,0.3488691854993625,-0.7292827733487925
Philadelphia,2024-03-09,13,False,0.0,8.944217713497244,0.8077005649989009,-0.05343021917953261,0.0,0.5131572776538716,0.5097674846613345
Philadelphia,2024-03-16,4,False,0.0,2.1619902039652086,0.03556409883616052,-0.20566165187992125,0.0,0.09454737246009393,-5.868222346221556
Philadelphia,2024-03-16,8,False,0.0,5.045645360447203,0.5505000734612218,-0.08552588875208977,0.0,0.12962488238990277,-0.7591024009946035
Philadelphia,2024-03-16,13,False,0.0,8.491045952194861,0.724452708765881,-0.048978088536247855,0.0,0.4614271031504378,0.5287240055188618
Philadelphia,2024-03-23,4,False,0.0,1.5447747113107475,-0.3006001283883655,-0.2650905217557127,0.0,-0.6339989656746408,-8.73898405263264
Philadelphia,2024-03-23,8,False,0.0,5.067832096442157,0.7352865028687748,-0.07791332917595728,0.0,0.069623497857632,-0.6158883088190712
Philadelphia,2024-03-23,13,False,0.0,8.305339132596773,0.869235444795154,-0.04592056878760631,0.0,0.484611441948657,0.5466098396742293
Philadelphia,2024-03-30,4,False,0.0,2.678662511146707,0.18159237495231828,-0.14463255465541525,0.0,-0.7876774861765452,-4.0623931300364555
Philadelphia,2024-03-30,8,False,0.0,6.399881542512993,0.12970488650791545,-0.05822110594346075,0.0,0.03454525078523518,-0.029290393866683306
Philadelphia,2024-03-30,13,False,0.0,9.387626677360474,0.132224019408546,-0.038424452069660164,0.0,0.44924010385866653,0.5632407324573645
Philadelphia,2024-04-06,4,False,0.0,4.0260208153726404,0.2956209705972703,-0.08635376875619905,0.0,-0.8136550456030234,-1.9188211456322009
Philadelphia,2024-04-06,8,False,0.0,7.429549097555677,0.2752177245265458,-0.04513502973199102,0.0,-0.018419064170845267,0.24196353433593543
Philadelphia,2024-04-06,13,False,0.0,10.10855351258356,0.303822058195633,-0.032213147799372344,0.0,0.3907651818465825,0.5452971560084598
Philadelphia,2024-04-13,4,False,0.0,4.6861287021675135,0.6469714629009646,-0.06364611225884254,0.0,0.0014639864994996366,-1.2592436573069974
Philadelphia,2024-04-13,8,False,0.0,7.689066354545367,0.6821980891482554,-0.037567259774780926,0.0,0.4863964816991875,0.2550404965761476
Philadelphia,2024-04-13,13,False,0.0,10.034943983029745,0.7879086742418175,-0.028053618415230908,0.0,0.7385870255696347,0.5102178834117312
Philadelphia,2024-04-20,4,False,0.0,5.475456530301774,0.5734926960253148,-0.04777336465984372,0.0,0.5079224145429535,-0.7186445838823905
Philadelphia,2024-04-20,8,False,0.0,7.796181867577366,0.7039336347079902,-0.032728682288459154,0.0,0.7476387849702912,0.20865865934665107
Philadelphia,2024-04-20,13,False,0.0,9.850678598058659,0.8051016952840914,-0.02532549187353461,0.0,0.7895692244687758,0.4692570163206249
Philadelphia,2024-04-27,4,False,0.0,5.0598927074801905,0.8914543967300921,-0.042203360313007865,0.0,0.7740031624674273,-0.8755692836295037
Philadelphia,2024-04-27,8,False,0.0,6.892384314746098,0.6041675323589887,-0.030384657224448164,0.0,0.7125268433658812,0.06055241543026546
Philadelphia,2024-04-27,13,False,0.0,8.623911059685161,0.3130178153836709,-0.023832352734999507,0.0,0.7302225664206172,0.38751175956744277
Philadelphia,2024-05-04,4,False,0.0,3.7582889592542053,0.3297024457643757,-0.045083619885864845,0.0,0.7831838010103538,-1.6553660873895857
Philadelphia,2024-05-04,8,False,0.0,5.557370269744055,0.016719035180092878,-0.029918812362001335,0.0,0.5183034432725078,-0.20223816654874138
Philadelphia,2024-05-04,13,False,0.0,7.028179652764045,-0.3950354242820071,-0.02328917434671607,0.0,0.6183609727499425,0.26037753724860335
Philadelphia,2024-05-11,4,False,0.0,3.299397063175587,0.7374294502602756,-0.038046546866101094,0.0,0.36971869772200805,-2.1008086863875666
Philadelphia,2024-05-11,8,False,0.0,4.909634943449792,0.587520987558148,-0.02514247117592272,0.0,0.20455266397919247,-0.41322231399218623
Philadelphia,2024-05-11,13,False,0.0,6.336502851844074,0.35219582819135986,-0.019188515709579912,0.0,0.48170321021432516,0.1763778025287639
Philadelphia,2024-05-18,4,False,0.0,1.9317525142792649,-0.6472616959921078,-0.04583635903619432,0.0,-0.07124036084381191,-4.736995389230175
Philadelphia,2024-05-18,8,False,0.0,3.5273108111275833,-0.5530729794195899,-0.02469413622693839,0.0,0.052423067525994016,-1.109291478747537
Philadelphia,2024-05-18,13,False,0.0,5.0408470671523204,-0.7211333165120299,-0.017008518808713013,0.0,0.49241504434585104,-0.05473887850062065
Philadelphia,2024-05-25,4,False,0.0,1.5948572850314293,0.26740688985659145,-0.0397237759012572,0.0,-0.8719337879180675,-5.9701406811007915
Philadelphia,2024-05-25,8,False,0.0,2.997730113344441,0.36947152311982523,-0.020832621366188464,0.0,-0.09827143211226241,-1.540561345602017
Philadelphia,2024-05-25,13,False,0.0,4.61117992709735,0.3885642592079094,-0.013318029186273783,0.0,0.436447367652673,-0.18058034322648986
Philadelphia,2024-06-01,4,False,0.0,2.45046411310891,0.2944859714207795,-0.01773758992311114,0.0,0.022969580633239617,-3.0890363773066225
Philadelphia,2024-06-01,8,False,0.0,3.2676927817718866,0.39434020409732096,-0.01319009966513307,0.0,0.4043011172011043,-1.2665841761157322
Philadelphia,2024-06-01,13,False,0.0,4.942788067644367,0.39571707842208004,-0.008569013596142261,0.0,0.4968212018230951,-0.09556230584292935
Philadelphia,2024-06-08,4,False,0.0,2.193572800139059,0.7271433802642024,-0.005989832388569205,0.0,0.3156537682443793,-3.6036233457336015
Philadelphia,2024-06-08,8,False,0.0,3.025296029286273,0.5362871675008389,-0.004306157522484089,0.0,0.48853847355180646,-1.4331722331174221
Philadelphia,2024-06-08,13,False,0.0,4.577737823416043,0.570102962610592,-0.002800258469864314,0.0,0.35973890987632995,-0.19720892001196866
Philadelphia,2024-06-15,4,False,0.0,2.3948066063815645,0.43169541803665745,-0.0007978536759278843,0.0,0.7764712531775826,-3.10122923171979
Philadelphia,2024-06-15,8,False,0.0,3.377928871151628,0.5423925021976139,-0.000559946602153305,0.0,0.39061444303946213,-1.2117839069895382
Philadelphia,2024-06-15,13,False,0.0,4.76923419930348,0.5861745272103517,-0.0003908853544274393,0.0,0.2172840579449098,-0.11501945944272962
Philadelphia,2024-06-22,4,False,0.0,1.3126578154366533,-0.9007849604632299,0.01949622642727311,0.0,-0.12677725916429106,-7.209721021346075
Philadelphia,2024-06-22,8,False,0.0,2.5848476301414522,-0.5071692822118425,0.00977309684416694,0.0,-0.3760439530093105,-1.9740293672054339
Philadelphia,2024-06-22,13,False,0.0,3.926818315837244,-0.49980417023688517,0.006344567196736262,0.0,-0.27384813914617157,-0.3964138041927292
Philadelphia,2024-06-29,4,False,0.0,0.5378743283409133,-8.445224314413679,-0.11485642685620445,0.0,-2.6695412445910462,-21.73402405135695
Philadelphia,2024-06-29,8,False,0.0,1.8029518698920333,-2.7167042549048332,-0.0006144781144781231,0.0,-1.2341993642399394,-3.641904679477375
Philadelphia,2024-06-29,13,False,0.0,3.0510960088807937,-2.093701652482077,0.007131516624783951,0.0,-0.6611356579006957,-1.0025615259318315
Philadelphia,2024-07-06,4,False,0.0,1.0848756459636781,-2.0236014384419856,0.03765142692616463,0.0,-1.523831149614463,-8.744328041345764
Philadelphia,2024-07-06,8,False,0.0,2.6919093826759877,-1.4376255296375886,0.014927504584079654,0.0,-0.6952421314361454,-1.6004312695773755
Philadelphia,2024-07-06,13,False,0.0,4.292665655358273,-1.3715362511265736,0.009206972695028681,0.0,-0.19472615941924198,-0.08822807900923846
Philadelphia,2024-07-13,4,False,0.0,1.9375736932539107,0.1067063042974854,0.019110622304123304,0.0,-0.8647024999178914,-3.9354166594236
Philadelphia,2024-07-13,8,False,0.0,3.1883715753374786,0.11505875674470889,0.011465394980568644,0.0,-0.5980980427755163,-1.0313985147503746
Philadelphia,2024-07-13,13,False,0.0,4.941032238653791,0.11257629640596478,0.007264501714501215,0.0,-0.05462096478918399,0.10434328272076276
Philadelphia,2024-07-20,4,False,0.0,2.4043844529606235,0.42224397050399576,0.020310340334964372,0.0,-0.5764468493946304,-2.714529473518674
Philadelphia,2024-07-20,8,False,0.0,3.349407429051305,0.5924406927507643,0.014438675172663284,0.0,-0.43080511691940626,-0.9132784653024562
Philadelphia,2024-07-20,13,False,0.0,5.200479028859808,0.5891773729273717,0.009121234007160473,0.0,0.10650887620721416,0.165331288138041
Philadelphia,2024-07-27,4,False,0.0,3.1904182631963818,0.1514040324202749,0.017038846895870208,0.0,-0.25385353993610393,-1.6290984886441984
Philadelphia,2024-07-27,8,False,0.0,3.8940564852731696,0.22116524833906315,0.013858539988678586,0.0,-0.13283902979532924,-0.6562594710846701
Philadelphia,2024-07-27,13,False,0.0,5.735530430314027,0.22711795484738384,0.009228772054066248,0.0,0.27498554992908564,0.2762850205095385
Philadelphia,2024-08-03,4,False,0.0,1.4035289780959048,-1.850049001164019,0.06420488423229487,0.0,-1.4423183905514323,-5.783706638381944
Philadelphia,2024-08-03,8,False,0.0,2.4090020850990514,-1.9747000777023778,0.037025477072257895,0.0,-0.37480330674722184,-1.8355304669013783
Philadelphia,2024-08-03,13,False,0.0,4.197236892876917,-1.4589728616775055,0.020861360763082204,0.0,0.26230476694410776,-0.05011195798427148
Philadelphia,2024-08-10,4,False,0.0,0.7193110771573126,-1.1686873611844506,0.1413333087965949,0.0,-3.2629193889347734,-12.981982618670576
Philadelphia,2024-08-10,8,False,0.0,2.2107371737816974,0.18717990284519603,0.045295029926860075,0.0,-0.1209428527416454,-2.0348649849745826
Philadelphia,2024-08-10,13,False,0.0,3.822552059306535,0.4033031062490552,0.025764180484789234,0.0,0.3609129824250341,-0.15580018268624962
Philadelphia,2024-08-17,4,False,0.0,0.5765322091209,-0.0121962952990744,0.18855513807713264,0.0,-3.1048446708594026,-16.477918400577863
Philadelphia,2024-08-17,8,False,0.0,2.441536202355332,0.5927347009791237,0.04368927363884345,0.0,0.31424119582378374,-1.590606189682899
Philadelphia,2024-08-17,13,False,0.0,3.8226293825821385,0.719068799034073,0.02750956642740443,0.0,0.48980737084412207,-0.12156748060366507
Philadelphia,2024-08-24,4,False,0.0,0.8146480992546924,0.3421780450533479,0.03611806808628237,0.0,-0.7615690182393675,-11.031716145386849
Philadelphia,2024-08-24,8,False,0.0,2.784876099026323,0.4883266157060826,0.02539472225295092,0.0,0.6777130830032427,-1.126364373192997
Philadelphia,2024-08-24,13,False,0.0,3.8288155863991515,0.6177789664508508,0.02253132975759997,0.0,0.5623610784289974,-0.13303067813518066
Philadelphia,2024-08-31,4,False,0.0,1.9017498164401199,-0.29907364890553034,0.0571983213241376,0.0,0.6814843067702936,-3.4624369270563315
Philadelphia,2024-08-31,8,False,0.0,3.696070290633729,-0.2707384527691281,0.028892105531450385,0.0,0.8376439965701633,-0.33284617640883596
Philadelphia,2024-08-31,13,False,0.0,4.200466963663678,-0.37022183588528956,0.025289557137908814,0.0,0.6165617697157011,-0.158691279874001
Philadelphia,2024-09-07,4,False,0.0,2.807512617788109,0.2521284515729948,0.0378193560160911,0.0,0.6387877968018858,-1.6364184622156581
Philadelphia,2024-09-07,8,False,0.0,4.13471588213461,0.3034743635366043,0.02532904647260481,0.0,0.7429238543332519,-0.16764492068804682
Philadelphia,2024-09-07,13,False,0.0,3.9373377486081966,0.2991048548746944,0.022384935874932843,0.0,0.5156907279261771,-0.47091645317929176
Philadelphia,2024-09-14,4,False,0.0,3.052149756125388,0.6654180635915254,0.03899586911055797,0.0,0.8905178612862298,-1.2804332944732244
Philadelphia,2024-09-14,8,False,0.0,3.946590692313507,0.7893579275298467,0.029879749792532717,0.0,0.8043031109094488,-0.3417579314263608
Philadelphia,2024-09-14,13,False,0.0,3.5775340393504904,-0.04297253846746463,0.022529866405080146,0.0,0.3092691872086939,-0.953263727358076
Philadelphia,2024-09-21,4,False,0.0,2.749948395614752,0.7785838214531456,0.04925343759080958,0.0,0.5624820505751253,-1.622860635025218
Philadelphia,2024-09-21,8,False,0.0,3.2485352104321885,0.35649262843376484,0.041480236238956025,0.0,0.34593191747908436,-0.7873608110345713
Philadelphia,2024-09-21,13,False,0.0,3.5338113752944365,-1.1315481771208034,0.018082998407799256,0.0,-0.027276896155636,-1.4263754814429115
Philadelphia,2024-09-28,4,False,0.0,1.6647507034664881,-0.4152759322032573,0.09457038490991532,0.0,0.9010064922164914,-3.7350510730204523
Philadelphia,2024-09-28,8,False,0.0,1.754405375501031,-2.1269708249897175,0.08965577660307178,0.0,-0.048097537605755525,-2.799381298657121
Philadelphia,2024-09-28,13,False,0.0,4.158732558974836,-2.362934308945209,0.007283057569039686,0.0,0.29691031154178416,-1.5768709101934437
Philadelphia,2024-10-05,4,False,0.0,0.7187583025254797,-2.1856106814538085,0.25012733191821446,0.0,-0.18154883275165035,-11.02070675970701
Philadelphia,2024-10-05,8,False,0.0,0.9689927402466211,-4.444010036923548,0.09162776991553656,0.0,-1.2727391326126654,-7.133489196012457
Philadelphia,2024-10-05,13,False,0.0,5.671469653259423,-1.49904632300455,-0.004266880139770057,0.0,0.442644704401849,-1.3545273104490954
Philadelphia,2024-10-12,4,False,0.0,0.5841710574195518,0.6123946656975726,0.31223042321387096,0.0,-0.8878877585483578,-13.926660185879397
Philadelphia,2024-10-12,8,False,0.0,1.5106113754059112,-0.5407079243977506,0.02852848297426247,0.0,-0.637069886744599,-4.95487541814755
Philadelphia,2024-10-12,13,False,0.0,7.704304085445066,-0.2774809523519908,-0.00733013933361204,0.0,0.6018031556315344,-1.0635546791087176
Philadelphia,2024-10-19,4,False,0.0,0.379034602064962,0.23737798528747645,0.4167013377516733,0.0,-3.5135670249511746,-22.50341313593263
Philadelphia,2024-10-19,8,False,0.0,2.5990319799319006,-0.29810947858560777,-0.006541821408202031,0.0,-0.24328942651058005,-3.0575680642043626
Philadelphia,2024-10-19,13,False,0.0,9.904382743323547,-0.17318814369344948,-0.009703162722209058,0.0,0.6677494708828926,-0.8665319684114949
Philadelphia,2024-10-26,4,False,0.0,0.43315737343509153,-1.85101293420121,-0.13811195334604887,0.0,-6.35777982727607,-21.15240458994393
Philadelphia,2024-10-26,8,False,0.0,4.392190011109191,-0.3913969074234691,-0.030573100843196643,0.0,0.1012900128237263,-1.9194445293116358
Philadelphia,2024-10-26,13,False,0.0,12.25108518961174,-0.24731466363402554,-0.014294868611723244,0.0,0.714413931719318,-0.7236231499126562
Philadelphia,2024-11-02,4,False,0.0,1.4090940364834332,-0.19351654813349772,-0.12267695258037303,0.0,0.006374658360298158,-6.685100917038005
Philadelphia,2024-11-02,8,False,0.0,6.77368018425772,-0.08209478376068624,-0.028428165863088717,0.0,0.8197643142395181,-1.2927950130466508
Philadelphia,2024-11-02,13,False,0.0,14.487282340077574,-0.0660431330398199,-0.014553143002038027,0.0,0.8130532559292064,-0.6232040139352029
Philadelphia,2024-11-09,4,False,0.0,3.035872457279353,-0.03265995180013781,-0.06256941263385563,0.0,0.6844742907857371,-3.1757985947950846
Philadelphia,2024-11-09,8,False,0.0,9.738334229589087,-0.020012383245720855,-0.020774512196895856,0.0,0.7370971028532527,-0.9329470641422946
Philadelphia,2024-11-09,13,False,0.0,16.771021422275656,-0.019466579226970593,-0.01283608879574083,0.0,0.8072188863315958,-0.5461025264474475
Philadelphia,2024-11-16,4,False,0.0,4.95957781206655,0.21019219850024606,-0.03599026846311837,0.0,0.9465984725724543,-2.0097114974034493
Philadelphia,2024-11-16,8,False,0.0,12.600811925787013,0.16382576307313623,-0.015196749756192673,0.0,0.7406898093277381,-0.7503070166079919
Philadelphia,2024-11-16,13,False,0.0,18.61798792965961,0.18260813006880705,-0.010834915485007146,0.0,0.7867767664575035,-0.5011780307905449
Philadelphia,2024-11-23,4,False,0.0,7.038187794165402,0.3803456991758797,-0.022137314519001583,0.0,0.8636341073043838,-1.486167339214783
Philadelphia,2024-11-23,8,False,0.0,14.822866441198862,0.3564808874668435,-0.011275692591461883,0.0,0.7029905444632147,-0.6647767407472447
Philadelphia,2024-11-23,13,False,0.0,19.657722713138558,0.4358281638720648,-0.00886042526547448,0.0,0.7480729567244617,-0.4861267501261266
Philadelphia,2024-11-30,4,False,0.0,7.9272029566202065,0.862975151164203,-0.014547789988468285,0.0,0.8088725747313896,-1.4198855499560823
Philadelphia,2024-11-30,8,False,0.0,14.87300649514911,0.8729715298839937,-0.008252875593093512,0.0,0.6732561520782414,-0.6979735090834533
Philadelphia,2024-11-30,13,False,0.0,18.58430400288695,0.7287052770743054,-0.006818156824576649,0.0,0.7176277532493777,-0.5354611156281854
Philadelphia,2024-12-07,4,False,0.0,9.407310420229246,0.7094687045258872,-0.008231354222868692,0.0,0.4822657839419068,-1.2850761276449032
Philadelphia,2024-12-07,8,False,0.0,14.710858012542733,0.8135592825795647,-0.005518956218982796,0.0,0.6554211009197333,-0.7358810772173894
Philadelphia,2024-12-07,13,False,0.0,17.29477625866913,0.668694044822777,-0.004800142691771203,0.0,0.7028793001136231,-0.59361648543269
Philadelphia,2024-12-14,4,False,0.0,10.006233416345198,0.8687709699220088,-0.003137793348072293,0.0,0.4151010029381581,-1.297650017945453
Philadelphia,2024-12-14,8,False,0.0,13.47346820857182,0.7037142022680716,-0.002403768277974061,0.0,0.6177522112682092,-0.8424372360482226
Philadelphia,2024-12-14,13,False,0.0,14.756834341521099,0.23422099209527225,-0.002219540275520737,0.0,0.678807085069124,-0.7186067950701092
Philadelphia,2024-12-21,4,False,0.0,9.071331040531216,0.8230999173732381,-0.0007833055744828066,0.0,0.37594922382608886,-1.5274844396685303
Philadelphia,2024-12-21,8,False,0.0,11.070311432587442,0.23659563981019738,-0.0006536266799472834,0.0,0.5902249396878125,-1.0803937667373353
Philadelphia,2024-12-21,13,False,0.0,10.96268681585846,-0.7381178988968626,-0.0006594039995309053,0.0,0.6607165209951653,-1.0000551342190303
Philadelphia,2024-12-28,4,False,0.0,6.763365894043416,0.38536590690382955,0.005101314940990309,0.0,0.1850643489837861,-2.1522540872924996
Philadelphia,2024-12-28,8,False,0.0,7.965917490499572,-0.49951562937841754,0.004379995238736001,0.0,0.4463944304495502,-1.5746564683562885
Philadelphia,2024-12-28,13,False,0.0,6.636665958005445,-2.547190347189206,0.004443400258917873,0.0,0.47039520897024134,-1.6972987304131233
Philadelphia,2025-01-04,4,False,0.0,3.451882178755091,-1.0793208367414056,0.0246780282247806,0.0,0.6607777143885458,-4.394555217861715
Philadelphia,2025-01-04,8,False,0.0,4.29479326270217,-2.503810762299576,0.019996242192695357,0.0,0.5770138867042645,-3.040000795499684
Philadelphia,2025-01-04,13,False,0.0,3.8323113154021238,-6.030700247049625,0.012393128065423475,0.0,0.4259563919692936,-2.5224999520442246
Philadelphia,2025-01-11,4,False,0.0,1.1815220109365279,-3.8266038918283787,0.09167958340693627,0.0,0.5831327613623232,-13.228860028843416
Philadelphia,2025-01-11,8,False,0.0,1.5449551810792117,-6.04616278715782,0.06672498547204264,0.0,0.4124617814782039,-8.6103924458964
Philadelphia,2025-01-11,13,False,0.0,3.438171444816138,-4.78910100883613,0.00724966275948824,0.0,0.28878038917259974,-1.9401552140616993
Philadelphia,2025-01-18,4,False,0.0,0.7531778402615626,-2.3624808955051746,0.0009462102689486995,0.0,0.051977073595737,-20.69343705230399
Philadelphia,2025-01-18,8,False,0.0,1.2286047040247656,-3.3303713866381504,0.0009462102689482554,0.0,0.2085229678246231,-9.754199384806794
Philadelphia,2025-01-18,13,False,0.0,4.313598770624958,-1.6250410204090175,-0.00749052772803438,0.0,0.27662379944994653,-0.8555304517815743
Philadelphia,2025-01-25,4,False,0.0,1.2491292955630067,-0.6935455191497331,0.051983240968460964,0.0,0.15564826318199565,-12.742851008611481
Philadelphia,2025-01-25,8,False,0.0,1.9254317969163528,-0.05534704232740717,0.004190763861204316,0.0,0.2633145555739651,-5.542095219019731
Philadelphia,2025-01-25,13,False,0.0,5.210035235065953,0.23474212791524163,-0.005851424950743533,0.0,0.2703683446527132,-0.35747187310447415
Philadelphia,2025-02-01,4,False,0.0,1.489236780214531,0.041524753304857165,0.07357977275038996,0.0,-0.3803512450885258,-10.652762296455522
Philadelphia,2025-02-01,8,False,0.0,2.8454760062127686,-0.015681548149351077,0.001079697782110589,0.0,0.24972048593128748,-3.0046638403161054
Philadelphia,2025-02-01,13,False,0.0,6.408541534440938,-0.018383748430859104,-0.005400222422871304,0.0,0.3387661908647607,0.1200193122816523
Phoenix,2023-02-04,4,False,0.0,0.9487902773607129,-1.186264677989147,0.062414990289613725,0.0,-6.844969203803328,0.8094748747338646
Phoenix,2023-02-04,8,False,0.0,3.6491967842241935,-0.5765572501935243,0.23298912111495396,0.0,-2.2481901224219523,0.27522576738412274
Phoenix,2023-02-04,13,False,0.0,7.985788234209687,-0.4334751453243739,0.15093703555974447,0.0,-1.4620370266813252,0.12542059357606372
Phoenix,2023-02-11,4,False,0.0,1.78785941145551,0.0706822126319806,0.4305411812271973,0.0,-3.569876933422112,0.6403776586260879
Phoenix,2023-02-11,8,False,0.0,5.013352704890481,0.04739159139035487,0.23594560374058982,0.0,-1.7089434922659232,0.2042650815386321
Phoenix,2023-02-11,13,False,0.0,9.526785301877602,0.04103663541991631,0.1459080200249565,0.0,-1.2062778326778738,0.10711316233922696
Phoenix,2023-02-18,4,False,0.0,2.6817006202083364,0.33445209071857607,0.4858118136729592,0.0,-2.4853899180621135,0.41820549171645405
Phoenix,2023-02-18,8,False,0.0,6.247083718625639,0.27073943558056246,0.2906755425137335,0.0,-1.531278643164983,0.1609781257513211
Phoenix,2023-02-18,13,False,0.0,10.913285249352958,0.2551498652137125,0.19087649538347073,0.0,-1.0961100721210193,0.09186362842991391
Phoenix,2023-02-25,4,False,0.0,3.3368585938184987,0.6338850360217947,0.448939077201865,0.0,-2.0878694017880783,0.3090681217175435
Phoenix,2023-02-25,8,False,0.0,7.070695836400224,0.5645334971727888,0.26018075326481227,0.0,-1.4660228774684896,0.13078626680025596
Phoenix,2023-02-25,13,False,0.0,11.919322738445334,0.5523174382603784,0.17100190166002704,0.0,-1.0248994198957853,0.07753394436654049
Phoenix,2023-03-04,4,False,0.0,4.124276736203488,0.5819974636740621,0.43529760453221844,0.0,-1.928218025655171,0.2243173407855884
Phoenix,2023-03-04,8,False,0.0,7.887792997107276,0.5739418365082722,0.2563773846862111,0.0,-1.4396478004128728,0.10505339771119826
Phoenix,2023-03-04,13,False,0.0,12.947941975524701,0.5781523991401114,0.1685458787812637,0.0,-0.9755641496737022,0.06418674856434081
Phoenix,2023-03-11,4,False,0.0,4.522376019009146,0.83904181745466,0.44064483923073905,0.0,-2.127240899017207,0.16363098922371233
Phoenix,2023-03-11,8,False,0.0,8.150840100688395,0.8759625011188918,0.26632703563638327,0.0,-1.4976126348257073,0.08106492608081473
Phoenix,2023-03-11,13,False,0.0,13.479856965715486,0.8792350297212793,0.17225069737111276,0.0,-0.9532522571172868,0.049416781889760064
Phoenix,2023-03-18,4,False,0.0,4.599828186451449,0.9869940016746122,0.47367172448533323,0.0,-2.437838139747106,0.1102633472845741
Phoenix,2023-03-18,8,False,0.0,8.135815408842996,0.939175253689997,0.30228651041800936,0.0,-1.5736107158284618,0.05561840082516767
Phoenix,2023-03-18,13,False,0.0,13.744136397053513,0.9570768635509521,0.19437235219980664,0.0,-0.9313531015422394,0.03335182445870433
Phoenix,2023-03-25,4,False,0.0,4.6021927504526925,0.9550514503278626,0.48161663511905906,0.0,-2.54032724845011,0.05898673229095652
Phoenix,2023-03-25,8,False,0.0,8.19812993393111,0.9414081895257479,0.3002858435857787,0.0,-1.5111586110757518,0.029628319853579166
Phoenix,2023-03-25,13,False,0.0,14.067858761505219,0.9715332495344865,0.18942247289719094,0.0,-0.8322852990845651,0.017553133238546015
Phoenix,2023-04-01,4,False,0.0,4.450496663701059,0.899957542814603,0.5091481689653599,0.0,-2.4452917968759937,0.0037007715163260846
Phoenix,2023-04-01,8,False,0.0,8.19999229095539,0.8848607732469022,0.2989537577542142,0.0,-1.3203857872811406,0.0018054706410635113
Phoenix,2023-04-01,13,False,0.0,14.244615787298587,0.9276809572937836,0.18471232102624957,0.0,-0.6809237672581381,0.001057749628099236
Phoenix,2023-04-08,4,False,0.0,3.9804155935741976,0.6744725542900949,0.5002236471850897,0.0,-2.2570704364926666,-0.06721843057568999
Phoenix,2023-04-08,8,False,0.0,8.070096883026306,0.7593161361139623,0.27540586259786737,0.0,-1.0605162625945983,-0.029961237224181314
Phoenix,2023-04-08,13,False,0.0,14.231902945750694,0.8212378447052766,0.16947661872320585,0.0,-0.49956563620370975,-0.017285474771896236
Phoenix,2023-04-15,4,False,0.0,3.956269849088224,0.9028770683987998,0.4500875850510133,0.0,-2.0059114009869794,-0.1272144868906433
Phoenix,2023-04-15,8,False,0.0,8.421051347505035,0.9366959590763551,0.24154037491403635,0.0,-0.8568651957285842,-0.054278390393924125
Phoenix,2023-04-15,13,False,0.0,14.589188712188664,0.9325291544762265,0.1522810069024534,0.0,-0.37901356965194877,-0.03178529148164033
Phoenix,2023-04-22,4,False,0.0,4.3958759244104195,0.8408642146056077,0.45499037490507444,0.0,-1.6330506316024973,-0.1610644327087314
Phoenix,2023-04-22,8,False,0.0,9.170132968972597,0.7707562664871662,0.24369190266068563,0.0,-0.6672209280214074,-0.07032641717271693
Phoenix,2023-04-22,13,False,0.0,15.190767377480421,0.7755438872919264,0.15901764704454613,0.0,-0.27403789125007005,-0.04284116244934655
Phoenix,2023-04-29,4,False,0.0,4.699440213553102,0.9208751210613864,0.4000404571828594,0.0,-1.254351018576588,-0.20430088615756192
Phoenix,2023-04-29,8,False,0.0,9.702052698655555,0.8709987492502473,0.22153128060457894,0.0,-0.4655746656132653,-0.09026619459217633
Phoenix,2023-04-29,13,False,0.0,15.427346016187753,0.9112534884490616,0.15122841917362173,0.0,-0.14795868073568408,-0.05689703233696708
Phoenix,2023-05-06,4,False,0.0,5.443762306382669,0.7269452429535901,0.39593650224986066,0.0,-0.9283767797915932,-0.21892728233198078
Phoenix,2023-05-06,8,False,0.0,10.45635154055663,0.7241320318008468,0.22255572779657973,0.0,-0.3375095417039353,-0.10374682338741947
Phoenix,2023-05-06,13,False,0.0,15.75250669914317,0.7919710105225427,0.1565506616158424,0.0,-0.05961395563658134,-0.06847294392356806
Phoenix,2023-05-13,4,False,0.0,5.817155354137238,0.8986555579590328,0.40281261690754666,0.0,-0.7758151613323188,-0.2580846454739638
Phoenix,2023-05-13,8,False,0.0,10.72756623230751,0.9305570583277729,0.2319502984513565,0.0,-0.27770950780797343,-0.1270502602056196
Phoenix,2023-05-13,13,False,0.0,15.41629848489583,0.8822425555616287,0.16915930028148696,0.0,-0.004936881328682974,-0.0870392171107588
Phoenix,2023-05-20,4,False,0.0,5.982575219874134,0.9832795049210178,0.42401934608801206,0.0,-0.5849067035522539,-0.3100593715749491
Phoenix,2023-05-20,8,False,0.0,10.622476736145604,0.9372564921365475,0.25933570058063915,0.0,-0.18551426041816166,-0.15774230923539823
Phoenix,2023-05-20,13,False,0.0,14.626233147240338,0.756135589873089,0.19799312909305433,0.0,0.07464632665766424,-0.11166349492171901
Phoenix,2023-05-27,4,False,0.0,6.1005755126027905,0.980449016157408,0.4306918810871734,0.0,-0.48160702450324844,-0.3644388366571807
Phoenix,2023-05-27,8,False,0.0,10.299863703446634,0.8851430447527842,0.2712102446928193,0.0,-0.1348068996518994,-0.19360067878328335
Phoenix,2023-05-27,13,False,0.0,13.55086836250996,0.6464864107817958,0.2139745781824206,0.0,0.11637980172746021,-0.14193828575032263
Phoenix,2023-06-03,4,False,0.0,5.834566996012663,0.8923220772667958,0.4481699313100508,0.0,-0.4181290434016671,-0.4484569915318728
Phoenix,2023-06-03,8,False,0.0,9.624508935211908,0.7362957623430608,0.2887658677292223,0.0,-0.04264640238843542,-0.2425675313715263
Phoenix,2023-06-03,13,False,0.0,12.030291173324262,0.39293670515849954,0.23831921530454359,0.0,0.18027903961624991,-0.1849636972819968
Phoenix,2023-06-10,4,False,0.0,5.5337715506865335,0.8475919107061597,0.45848735176590283,0.0,-0.36148913820977424,-0.5447468745201733
Phoenix,2023-06-10,8,False,0.0,8.680029899314706,0.6288121277767504,0.30710229069031425,0.0,0.052410400702997295,-0.30673549771685393
Phoenix,2023-06-10,13,False,0.0,10.299537628246455,0.17987435495217619,0.2646047970943203,0.0,0.24288379359676593,-0.24387933214066293
Phoenix,2023-06-17,4,False,0.0,5.022688115859488,0.756502774978912,0.49641661729483755,0.0,-0.24452702810778537,-0.6774791314690551
Phoenix,2023-06-17,8,False,0.0,7.547307025188166,0.4672537762394545,0.3492497302173184,0.0,0.19884031843400163,-0.39475753489788157
Phoenix,2023-06-17,13,False,0.0,8.334450963486544,-0.16406063043678754,0.3222864274986199,0.0,0.3334070228884749,-0.33333900397963
Phoenix,2023-06-24,4,False,0.0,4.304205207745804,0.6167192827103822,0.5070765656399887,0.0,0.25035707788367334,-0.8756161005905265
Phoenix,2023-06-24,8,False,0.0,6.245412162142268,0.24675596763981023,0.3944724369931565,0.0,0.6029724797839437,-0.5242471805850968
Phoenix,2023-06-24,13,False,0.0,6.207007180114261,-0.7219178595353168,0.41112163183560846,0.0,0.6522977680621374,-0.48602856334755984
Phoenix,2023-07-01,4,False,0.0,4.094450523314657,0.8677953256234906,0.58969438013008,0.0,0.6616241975968021,-0.987444631309883
Phoenix,2023-07-01,8,False,0.0,5.317981056342598,0.48859781844548167,0.4801895469447659,0.0,0.8231706037037786,-0.6537652010069737
Phoenix,2023-07-01,13,False,0.0,4.482061678996881,-0.7077983425781407,0.46332307354127256,0.0,0.7487928431824864,-0.7063465049041397
Phoenix,2023-07-08,4,False,0.0,2.8827430968329955,0.07462517835014992,0.6857530678126014,0.0,0.7745856983775103,-1.5146886680079463
Phoenix,2023-07-08,8,False,0.0,3.5271185922823274,-0.8479536101181837,0.6466234455405548,0.0,0.6424961391644436,-1.056126021302529
Phoenix,2023-07-08,13,False,0.0,2.9895261011081047,-3.4311073650041024,0.3460982567480917,0.0,0.6019688665573684,-0.7722679406696897
Phoenix,2023-07-15,4,False,0.0,2.220821927313662,0.3788320442719615,0.7617226141458453,0.0,0.6392484410303856,-2.0614896791990325
Phoenix,2023-07-15,8,False,0.0,2.2434275827472043,-0.8807839262103989,0.7335988336199082,0.0,0.3547462261506108,-1.724596638807928
Phoenix,2023-07-15,13,False,0.0,2.855973367452295,-2.419190038518906,0.0488629672126385,0.0,0.5732589609101,-0.17208661958809413
Phoenix,2023-07-22,4,False,0.0,1.6458341229186806,0.2998328607465903,0.5482843990751276,0.0,0.4790545787121352,-2.875617077846962
Phoenix,2023-07-22,8,False,0.0,1.3040622669624806,-2.015963611598929,-0.05990104066244184,0.0,0.11196271862094997,-2.7954923598084673
Phoenix,2023-07-22,13,False,0.0,3.497803167101975,-1.6752718562148776,-0.25409958302240665,0.0,0.6781342081693411,0.38974775000986506
Phoenix,2023-07-29,4,False,0.0,0.5680002041876464,-3.2197509574861014,-2.196913630877329,0.0,-0.2030043137144273,-8.590670468287282
Phoenix,2023-07-29,8,False,0.0,1.2332224849347893,-3.7817873195294833,-1.4487373594815969,0.0,0.2736432100458701,-1.739618470940226
Phoenix,2023-07-29,13,False,0.0,4.787299404915884,-1.5272983379784764,-0.4001532578328626,0.0,0.7738948293550834,0.5809153661292397
Phoenix,2023-08-05,4,False,0.0,0.4974579662097473,-0.15395713126888722,-3.12826043906309,0.0,-0.6051119822912716,-9.29085035188899
Phoenix,2023-08-05,8,False,0.0,1.9555225005674126,-0.3296794778772616,-0.9652723841036295,0.0,0.43904439150217767,-0.23728220623584861
Phoenix,2023-08-05,13,False,0.0,6.28812634122531,-0.17558826421110263,-0.3066780194930756,0.0,0.7982610725881976,0.5056765540878045
Phoenix,2023-08-12,4,False,0.0,0.8284952006882359,-1.610886408913517,-2.609724913841973,0.0,0.4165314435868862,-3.9960110006072
Phoenix,2023-08-12,8,False,0.0,3.234703028628426,-0.7409513082134784,-0.6615539710706875,0.0,0.5329317128265607,0.7573437447384879
Phoenix,2023-08-12,13,False,0.0,8.221169180560048,-0.422141358256221,-0.24816969895070806,0.0,0.8016677743492666,0.41094159429381427
Phoenix,2023-08-19,4,False,0.0,1.70802909391939,-0.18626611002014348,-1.3612811740555175,0.0,0.4949604703397904,-0.8428636614848843
Phoenix,2023-08-19,8,False,0.0,4.69993231187573,-0.1165103291284122,-0.4796524474764827,0.0,0.5348979794625872,0.8321503884638761
Phoenix,2023-08-19,13,False,0.0,10.051719291864798,-0.077861990955574,-0.2116789018357117,0.0,0.7783759387621256,0.32912881874264455
Phoenix,2023-08-26,4,False,0.0,2.3140144811970473,0.485033604996858,-0.9271436477174473,0.0,-0.042633672896368546,-0.0553871243013353
Phoenix,2023-08-26,8,False,0.0,5.92601515635219,0.32292069961674064,-0.34864835455609544,0.0,0.4522141974704841,0.6340048810127024
Phoenix,2023-08-26,13,False,0.0,11.361099137969752,0.2408116747180271,-0.17135029237523813,0.0,0.7241721676712862,0.280640342960104
Phoenix,2023-09-02,4,False,0.0,2.9323482177896243,0.5955344473009779,-0.6599806187885435,0.0,-0.13283210484361185,0.43445206907259704
Phoenix,2023-09-02,8,False,0.0,7.176257178865714,0.4109540425986845,-0.25788927542794404,0.0,0.5569825683311155,0.4973601333880856
Phoenix,2023-09-02,13,False,0.0,12.41948343734321,0.34136268908599343,-0.14059703758097442,0.0,0.6964077965807773,0.2462923777100895
Phoenix,2023-09-09,4,False,0.0,3.916057876958707,0.4539863899033465,-0.4928193520234758,0.0,0.21978433301305722,0.7397083344946962
Phoenix,2023-09-09,8,False,0.0,8.682878127965745,0.34293561673099426,-0.21123921835592263,0.0,0.7289235111710156,0.3890617817064579
Phoenix,2023-09-09,13,False,0.0,13.41198774415423,0.3226933557675802,-0.129673330180887,0.0,0.6662822602650132,0.21942615824563183
Phoenix,2023-09-16,4,False,0.0,4.578589808130781,0.7036858765226648,-0.3894301097585666,0.0,0.24543896987465286,0.8276829789418804
Phoenix,2023-09-16,8,False,0.0,9.721190005641821,0.5523197193356875,-0.17353290129867638,0.0,0.7369822557095014,0.32258231681423377
Phoenix,2023-09-16,13,False,0.0,13.722452423187162,0.5772483368026158,-0.11748474859317115,0.0,0.5960155521944858,0.2031557797408522
Phoenix,2023-09-23,4,False,0.0,5.522316913457166,0.6239812693116551,-0.29120387712122353,0.0,0.4883797547964458,0.6737821953281942
Phoenix,2023-09-23,8,False,0.0,10.702496600493037,0.5369192511142348,-0.1420180231718735,0.0,0.749439619826124,0.2709646960178399
Phoenix,2023-09-23,13,False,0.0,13.575922370275567,0.6221985268936627,-0.10835642102983045,0.0,0.5217885624912241,0.1954190143328156
Phoenix,2023-09-30,4,False,0.0,6.434907403601764,0.6597488437642722,-0.22599613784549488,0.0,0.6464089709061034,0.5225362861758489
Phoenix,2023-09-30,8,False,0.0,11.212566426358988,0.6366797445535511,-0.12307672782131629,0.0,0.7115401241025372,0.2366154709963617
Phoenix,2023-09-30,13,False,0.0,12.573738282954594,0.6384761337286673,-0.10807044997668269,0.0,0.43935111952255523,0.19997103040121122
Phoenix,2023-10-07,4,False,0.0,7.077122863227389,0.759230244923353,-0.1778828999756914,0.0,0.770692346428266,0.41660079531638305
Phoenix,2023-10-07,8,False,0.0,11.052227476084747,0.8292876787828092,-0.10903189237857092,0.0,0.6265525905785769,0.21456694921216013
Phoenix,2023-10-07,13,False,0.0,10.585838619415108,0.39426449020337384,-0.11443248438883113,0.0,0.33298065722326986,0.14309306712706737
Phoenix,2023-10-14,4,False,0.0,7.487257195408778,0.7751269423865724,-0.14251842785138513,0.0,0.7792027618104638,0.3388434476689427
Phoenix,2023-10-14,8,False,0.0,10.413039397883601,0.8250765122739554,-0.09923377407124612,0.0,0.4733801923855556,0.19996875535904846
Phoenix,2023-10-14,13,False,0.0,8.7346790319854,-0.14986995737285325,-0.08186644213561256,0.0,0.11797066901695707,0.028737461072372628
Phoenix,2023-10-21,4,False,0.0,7.048606870811409,0.9367425056010577,-0.14832562574315222,0.0,0.6573575804495762,0.2944599923792255
Phoenix,2023-10-21,8,False,0.0,8.76221688380514,0.5367822341578893,-0.11711817609955277,0.0,0.19507962562368075,0.19856640397902514
Phoenix,2023-10-21,13,False,0.0,7.191039972974853,-1.3470701742616638,-0.07297449961407154,0.0,-0.15554282075594394,-0.08611065605572255
Phoenix,2023-10-28,4,False,0.0,5.876923601834676,0.7179077022081586,-0.1652264149725846,0.0,0.3560639574740876,0.27711987670967186
Phoenix,2023-10-28,8,False,0.0,6.11979380511407,-0.20634528054725698,-0.15825981597652472,0.0,-0.3795306472657751,0.1991064736850492
Phoenix,2023-10-28,13,False,0.0,6.523863134578776,-2.33724258676751,-0.026176215516579004,0.0,-0.37651040351126563,-0.12207841066824354
Phoenix,2023-11-04,4,False,0.0,3.8991003297533147,-0.0033032036327069747,-0.21461798724062708,0.0,-0.3591195145893349,0.301368817064956
Phoenix,2023-11-04,8,False,0.0,3.8558646200822193,-2.2183667060032097,-0.13645686947574465,0.0,-1.3438868859024522,-0.040148917984267785
Phoenix,2023-11-04,13,False,0.0,6.523673991062558,-3.1464399532264364,0.007245172529282473,0.0,-0.4177314334515365,-0.1296715883553754
Phoenix,2023-11-11,4,False,0.0,2.235582118055298,-0.5141643574409671,-0.33919721619019905,0.0,-2.0635914800510387,0.3816426501087923
Phoenix,2023-11-11,8,False,0.0,4.51853241517986,-1.8187515399112701,-0.03515812922277606,0.0,-0.775501416135923,-0.08821735310038226
Phoenix,2023-11-11,13,False,0.0,7.397602006422729,-2.1518642711911458,0.03195273750244931,0.0,-0.22367574746314722,-0.09091249632509335
Phoenix,2023-11-18,4,False,0.0,0.5266553885286765,-6.839046044623868,-1.163710108510259,0.0,-12.91950385209382,-0.17847023342932666
Phoenix,2023-11-18,8,False,0.0,6.691490617369411,-1.264239253891013,0.020136295761022494,0.0,-0.02835813906826301,-0.07557507223301818
Phoenix,2023-11-18,13,False,0.0,8.595134373429655,-1.5910485253754345,0.048705668889166054,0.0,0.10409974006373379,-0.06002584789967802
Phoenix,2023-11-25,4,False,0.0,1.5906295168199864,-0.4467664373101379,0.006417814113597098,0.0,-3.480665211113445,-0.2568655402178899
Phoenix,2023-11-25,8,False,0.0,9.015925342445957,-0.2055755269990449,0.04200935835245034,0.0,0.34326117366339837,-0.05610229094173813
Phoenix,2023-11-25,13,False,0.0,9.339871425660487,-0.3178116683331753,0.05398915504701929,0.0,0.3275714628615761,-0.05031981145566178
Phoenix,2023-12-02,4,False,0.0,4.632379498468946,-0.2137483930141253,0.08242707995423815,0.0,-0.057424319327132434,-0.11242488022888453
Phoenix,2023-12-02,8,False,0.0,11.064540292798947,-0.1727484649494222,0.04710334401051475,0.0,0.5891567653940657,-0.04283792064456504
Phoenix,2023-12-02,13,False,0.0,10.043959345135749,-0.2862995690015775,0.05526961802840269,0.0,0.5758610764048158,-0.04188225239780352
Phoenix,2023-12-09,4,False,0.0,8.677575976999558,0.04821702722246912,0.06449725096635206,0.0,0.44988163399826275,-0.0651753625303948
Phoenix,2023-12-09,8,False,0.0,12.360608682392225,0.0625464531844292,0.04681380176647065,0.0,0.7058396006629999,-0.039397111700327336
Phoenix,2023-12-09,13,False,0.0,10.169014219929885,0.11329672206651553,0.05579307461336014,0.0,0.7284048175167483,-0.042294502746941465
Phoenix,2023-12-16,4,False,0.0,12.482548685224787,0.21961157729564873,0.04192156895000965,0.0,0.5735679114509387,-0.059202600065076716
Phoenix,2023-12-16,8,False,0.0,12.375141198336298,0.39061266468131217,0.042245041008385886,0.0,0.7396287018872176,-0.048790671886852266
Phoenix,2023-12-16,13,False,0.0,9.244046745838395,0.22040000722701802,0.05497829849682112,0.0,0.7378552020757404,-0.05769744724992365
Phoenix,2023-12-23,4,False,0.0,10.85464794938001,0.7587689084155143,0.05963722114687964,0.0,0.559834447388455,-0.13016445927494513
Phoenix,2023-12-23,8,False,0.0,8.124594223519962,-0.6269323081295157,0.07771449785940354,0.0,0.6332213309510526,-0.13922207345853965
Phoenix,2023-12-23,13,False,0.0,5.725135304140282,-3.6233889242539936,0.04506971271525961,0.0,0.5947555441895241,0.002588732538222449
Phoenix,2023-12-30,4,False,0.0,5.055281323544699,-1.1451439922951439,0.18027945863432104,0.0,0.16948123414219596,-0.44911651703359334
Phoenix,2023-12-30,8,False,0.0,3.6914358644578273,-5.997438688709396,0.010284950668243087,0.0,0.16516889265444645,0.13548449821891095
Phoenix,2023-12-30,13,False,0.0,5.351731497242267,-6.960394582112086,-0.05298720521980882,0.0,0.36920157794493547,0.25798226413407155
Phoenix,2024-01-06,4,False,0.0,2.6664937905036012,-3.472183315228979,-0.010146273336854028,0.0,0.6068221518344952,0.180899877607125
Phoenix,2024-01-06,8,False,0.0,5.367073963392823,-3.414435611718342,-0.08748515139533297,0.0,0.8149809495129436,0.4038288161754915
Phoenix,2024-01-06,13,False,0.0,8.236046778481004,-3.424827452711452,-0.07546921696403008,0.0,0.707870673374247,0.24540300842946972
Phoenix,2024-01-13,4,False,0.0,5.9150488487678965,-1.229397187708725,-0.179736369402278,0.0,0.3946537896575417,0.5369814932881887
Phoenix,2024-01-13,8,False,0.0,8.995122487356005,-1.395460558754929,-0.11432250304484737,0.0,0.5737920553178975,0.28680269778195533
Phoenix,2024-01-13,13,False,0.0,11.755055360397085,-1.6000062349598996,-0.08482801273057072,0.0,0.5530663910340587,0.19740740125710332
Phoenix,2024-01-20,4,False,0.0,5.855483147175045,0.8634560428321234,-0.16917298981206086,0.0,0.6084561818163374,0.4840772248710944
Phoenix,2024-01-20,8,False,0.0,8.61053842356796,0.8903326694314123,-0.11167720566018335,0.0,0.6221905523937058,0.26800234303971693
Phoenix,2024-01-20,13,False,0.0,11.034723272137095,0.7609526216182775,-0.08483163093095736,0.0,0.5774205587376448,0.18906688447213627
Phoenix,2024-01-27,4,False,0.0,4.438835456641265,0.32440556390594033,-0.22694364236399323,0.0,0.6623251106225572,0.5336829411802662
Phoenix,2024-01-27,8,False,0.0,7.040549037879202,0.16627455919283862,-0.13918507122252954,0.0,0.5510084370804289,0.2746188746837114
Phoenix,2024-01-27,13,False,0.0,9.22513854973542,-0.11516967067565265,-0.10372855572929329,0.0,0.5059724759497959,0.19029503803048076
Phoenix,2024-02-03,4,False,0.0,3.864461793632952,0.6726865259097392,-0.25316260153732073,0.0,0.5592682886406737,0.5273112829281
Phoenix,2024-02-03,8,False,0.0,6.18842064238556,0.5542823958074323,-0.15426991040651106,0.0,0.4301021852847663,0.2704650482641805
Phoenix,2024-02-03,13,False,0.0,8.191898031072075,0.3452169759011945,-0.11405151983833095,0.0,0.39769811892074924,0.18592836812640812
Phoenix,2024-02-10,4,False,0.0,3.397159712204438,0.6988307512188967,-0.30990852836064553,0.0,0.2625033418147512,0.5172375218265275
Phoenix,2024-02-10,8,False,0.0,5.484661899090081,0.5885359877989922,-0.18780710952810087,0.0,0.236827677628753,0.26441787223153335
Phoenix,2024-02-10,13,False,0.0,7.317710438506414,0.3932295674911812,-0.13803242899909507,0.0,0.2224132408903472,0.1807661079338354
Phoenix,2024-02-17,4,False,0.0,3.554583868324775,0.8199002332652704,-0.2915139563575293,0.0,-0.11483079898909643,0.44047566227583823
Phoenix,2024-02-17,8,False,0.0,5.330291892024804,0.8892438359639023,-0.1908211777398321,0.0,0.023731829570221352,0.24358644622282444
Phoenix,2024-02-17,13,False,0.0,6.970977624501281,0.8102700336028683,-0.1433808974150781,0.0,0.030056022449960973,0.17031125605367192
Phoenix,2024-02-24,4,False,0.0,3.3315400688267576,0.894341499665858,-0.2902279450937699,0.0,-0.29613485806183815,0.4033072999440914
Phoenix,2024-02-24,8,False,0.0,4.816642434676248,0.6824316881935149,-0.1976587665888938,0.0,-0.0663007181182198,0.23220652972914668
Phoenix,2024-02-24,13,False,0.0,6.284305243000146,0.4680046132959267,-0.14916073878953395,0.0,-0.07458826072865632,0.16313470281570142
Phoenix,2024-03-02,4,False,0.0,2.5672563615957906,0.3907548647677873,-0.34420072917990274,0.0,-0.3942601403255659,0.42751240466850526
Phoenix,2024-03-02,8,False,0.0,3.956997671740916,0.1552704493817696,-0.22012837398059837,0.0,-0.09020330141637456,0.23091859831998618
Phoenix,2024-03-02,13,False,0.0,5.252048725037501,-0.12657583830754793,-0.16361276121531265,0.0,-0.13839906311078942,0.15999073163420374
Phoenix,2024-03-09,4,False,0.0,2.3438203158508606,0.8228375562467112,-0.368110767276399,0.0,-0.13652311487736113,0.401500850971498
Phoenix,2024-03-09,8,False,0.0,3.652715133666366,0.7254938827661457,-0.2330380196123376,0.0,0.013066410931519501,0.21454651086894727
Phoenix,2024-03-09,13,False,0.0,4.758951079496396,0.5159553280305469,-0.17681374948942108,0.0,-0.11126179012321602,0.15194072279120974
Phoenix,2024-03-16,4,False,0.0,1.8144328335003714,0.30916037496327964,-0.41845025599378083,0.0,0.3903955317585306,0.4180413499203729
Phoenix,2024-03-16,8,False,0.0,3.03295443535599,0.2089810446433944,-0.24722669239669415,0.0,0.22280225551639266,0.20872827484320733
Phoenix,2024-03-16,13,False,0.0,3.967772844856844,-0.10627547234903156,-0.18715751970620365,0.0,-0.010781322564101803,0.1476875760548364
Phoenix,2024-03-23,4,False,0.0,1.465521198567686,0.35835203430969087,-0.5090107388417975,0.0,0.6109738286596047,0.4199076136187204
Phoenix,2024-03-23,8,False,0.0,2.609058341234418,0.3646297616342622,-0.28259573335262234,0.0,0.20003421857664938,0.19727923910393874
Phoenix,2024-03-23,13,False,0.0,3.36128899925606,0.04136683682833753,-0.21765873483376263,0.0,-0.03508311520777285,0.14222309375171838
Phoenix,2024-03-30,4,False,0.0,1.766339435719017,0.5510759126178928,-0.399973832333415,0.0,-0.521175307186214,0.31355262616539026
Phoenix,2024-03-30,8,False,0.0,2.7441179603700525,0.6306122046004132,-0.2548933570900749,0.0,-0.5986882674854372,0.16929843912692177
Phoenix,2024-03-30,13,False,0.0,3.28964542026918,0.7468527310248707,-0.21143131107591917,0.0,-0.6511813911946827,0.13158430558650513
Phoenix,2024-04-06,4,False,0.0,1.729443719788006,0.9561326869024336,-0.35941738740066764,0.0,-2.089046773248728,0.2616394688118654
Phoenix,2024-04-06,8,False,0.0,2.503526916738857,0.7652149303857445,-0.24633081429035597,0.0,-1.7748973422700813,0.1521189847131924
Phoenix,2024-04-06,13,False,0.0,2.8166324838421084,0.31261618132401914,-0.21824477862840452,0.0,-1.7038350193277108,0.12645930859647658
Phoenix,2024-04-13,4,False,0.0,1.4502103779395328,0.6477614190811269,-0.3727701411129223,0.0,-2.9691839215819944,0.2336913029542187
Phoenix,2024-04-13,8,False,0.0,2.077460912259484,0.3138541816366228,-0.25856291188010516,0.0,-2.4746681534067987,0.1375586953060165
Phoenix,2024-04-13,13,False,0.0,2.160577807694413,-0.5250830605511034,-0.24840503449287743,0.0,-2.5202708146672097,0.12415415777156147
Phoenix,2024-04-20,4,False,0.0,1.2927765345316011,0.785809686891821,-0.41373806281328585,0.0,-3.669357377275782,0.19357034654113614
Phoenix,2024-04-20,8,False,0.0,1.7209894554192977,0.3927004527968043,-0.3094443570637102,0.0,-3.1710642842151904,0.12301052642226917
Phoenix,2024-04-20,13,False,0.0,1.6307031385935238,-0.6370628690650646,-0.326877224252746,0.0,-3.5678351623717344,0.12208675067108432
Phoenix,2024-04-27,4,False,0.0,0.9716903172154269,0.2473186526843134,-0.5406292328739153,0.0,-5.609826256379173,0.15767420656420017
Phoenix,2024-04-27,8,False,0.0,1.208183970853604,-0.5316894420880891,-0.433766425254291,0.0,-4.820796911615137,0.1076250468522102
Phoenix,2024-04-27,13,False,0.0,0.9622478065274366,-2.9697837907990032,-0.5459864680811606,0.0,-6.775071946091325,0.10365368963030774
Phoenix,2024-05-04,4,False,0.0,0.6867697957296564,0.1059965108001919,-0.8165999961164339,0.0,-8.335572741003276,0.11653897223275289
Phoenix,2024-05-04,8,False,0.0,0.7904167977967853,-0.9606566576491677,-0.7087791217360009,0.0,-7.253866879075986,0.08607055007233644
Phoenix,2024-05-04,13,False,0.0,0.5489421640990552,-4.857137525487167,-0.8374081113914218,0.0,-12.249156570559702,-0.017900740057374742
Phoenix,2024-05-11,4,False,0.0,0.6738273868692246,0.7864506310984075,-0.7325037256157403,0.0,-8.269236105007952,0.07347458018384545
Phoenix,2024-05-11,8,False,0.0,0.5884733429082856,0.008288619714116097,-0.7715129768274043,0.0,-9.085510744167207,0.026487683831447617
Phoenix,2024-05-11,13,False,0.0,0.5001252621059161,-1.8896847865799082,-0.411498464956346,0.0,-13.13214653164403,-0.05254122151933727
Phoenix,2024-05-18,4,False,0.0,0.3134175005350548,-1.3156567873100893,-1.623470759528625,0.0,-17.376605569429803,-0.02415171956730977
Phoenix,2024-05-18,8,False,0.0,0.38202640209920613,-3.8490626570122446,-0.6629437056489063,0.0,-12.90218414119904,0.001904244198939642
Phoenix,2024-05-18,13,False,0.0,0.5494026746399081,-4.884279097986993,0.07656981277296193,0.0,-11.37991076488313,0.008634701983841198
Phoenix,2024-05-25,4,False,0.0,0.07968076241066693,-8.482579420016993,-4.9298872188007055,0.0,-57.53624123221237,0.39838445914180887
Phoenix,2024-05-25,8,False,0.0,0.4405094964202925,-2.9841824473111314,-0.10472501333502882,0.0,-9.559995268056957,0.08798220260416845
Phoenix,2024-05-25,13,False,0.0,0.7099826746466211,-2.93510005277646,0.22461008952898953,0.0,-8.014585645040588,0.053173177616987144
Phoenix,2024-06-01,4,False,0.0,0.11090495502087115,-0.25021489936636576,-2.412852160985,0.0,-34.230542066313745,0.3966798186284739
Phoenix,2024-06-01,8,False,0.0,0.6106684501037128,-0.09729433303347523,0.14003227754766667,0.0,-6.470258487699516,0.06554559604033416
Phoenix,2024-06-01,13,False,0.0,0.7857835860652619,-0.12192567457337233,0.28156716633588097,0.0,-7.093785874275442,0.04802005067327875
Phoenix,2024-06-08,4,False,0.0,0.4180738146914868,-0.665648052880065,0.39225908630333073,0.0,-4.86966217899107,0.1431813978389862
Phoenix,2024-06-08,8,False,0.0,0.8176422220128047,-0.6155725609426665,0.30973021120492317,0.0,-3.7275259251191244,0.06252187928975073
Phoenix,2024-06-08,13,False,0.0,0.8836361875594991,-0.8782857097685539,0.26619723347979274,0.0,-5.321090531078935,0.03194412937693614
Phoenix,2024-06-15,4,False,0.0,0.48284960033225627,0.4879348202452364,0.06753033988029211,0.0,-2.45873259751378,0.05729374688304556
Phoenix,2024-06-15,8,False,0.0,0.7352042329860161,0.6058951897577651,0.23428227372794663,0.0,-4.041493172155065,0.032023901741816796
Phoenix,2024-06-15,13,False,0.0,0.833325175933117,-0.11490112173028577,0.15711739691997517,0.0,-5.255710827502921,0.006438647467440051
Phoenix,2024-06-22,4,False,0.0,0.6965769144556613,0.0854828705493138,0.21212749969265332,0.0,-0.8015363931609818,0.02738515257852625
Phoenix,2024-06-22,8,False,0.0,0.8608491336847219,0.1404048323017678,0.2528464311281843,0.0,-3.014514280088731,0.0188631674610239
Phoenix,2024-06-22,13,False,0.0,1.0667253749896448,0.03735900773858647,0.10647444014690699,0.0,-3.3390759288497085,-0.0006453757727171716
Phoenix,2024-06-29,4,True,0.7,0.9843503535680331,0.01779994602709023,0.32057102894906797,-3.1294922578898925,-1.7828930282810607,0.01287412536507826
Phoenix,2024-06-29,8,True,0.7,0.9879324521777005,0.03191771636577767,0.31942001528119546,-3.1110747617192827,-3.826644151154433,0.010898510204664369
Phoenix,2024-06-29,13,True,0.7,1.4601316827451563,0.00025790036518147375,0.08543514761984528,-2.509805558413758,-2.79660304864587,-0.0019218590919247713
Phoenix,2024-07-06,4,False,0.0,0.21909282826826337,-6.8365712016250475,0.23004698924993405,0.0,-17.009397793199046,-0.4141328979898038
Phoenix,2024-07-06,8,False,0.0,0.2270145606752076,-13.332126517203791,0.22993798471635607,0.0,-23.469014375558526,-0.31756176491044297
Phoenix,2024-07-06,13,False,0.0,1.7731022570591188,-2.8013020121543684,-0.05406530963486267,0.0,-2.4298114736092096,0.025881708164857464
Phoenix,2024-07-13,4,False,0.0,0.150484208178921,-3.813380608711042,-2.01420357402941,0.0,-26.082810930265016,0.030241886517048622
Phoenix,2024-07-13,8,False,0.0,0.30256483132328627,-3.530038525384473,-0.9305403623308537,0.0,-15.79712978435212,0.14420788122746275
Phoenix,2024-07-13,13,False,0.0,2.586072789020842,-0.6504349771535256,-0.11958048034874724,0.0,-1.1263976119520844,0.03479389009719602
Phoenix,2024-07-20,4,False,0.0,0.18049530383594214,-0.4865287908016085,-0.5321494746595279,0.0,-16.28379721865701,-0.47181629122365343
Phoenix,2024-07-20,8,False,0.0,0.6034518151766411,0.07380641087634388,-0.3075996044762326,0.0,-4.959490793179694,0.11059123097614998
Phoenix,2024-07-20,13,False,0.0,3.447571254906935,0.08671951195094108,-0.06746806674405059,0.0,-0.13842799887732649,0.026726521116287483
Phoenix,2024-07-27,4,False,0.0,0.20639343303432667,-2.529967920132673,-1.5382762281100155,0.0,-9.280385193638905,-0.3161952449199732
Phoenix,2024-07-27,8,False,0.0,1.2352591449612023,-0.7693444062997814,-0.26269480139949963,0.0,-0.6927565084485059,0.108006847878792
Phoenix,2024-07-27,13,False,0.0,4.605623302350172,-0.3062012784666177,-0.06885090476406885,0.0,0.49091784838057373,0.02723314219144979
Phoenix,2024-08-03,4,False,0.0,0.24546993457787036,-4.321758145671557,0.3175484936857117,0.0,-6.3671599149983145,-0.4719435554432019
Phoenix,2024-08-03,8,False,0.0,1.7773029869527512,0.2770107658436838,-0.07098603468998799,0.0,0.11853353153314972,0.04139426065423368
Phoenix,2024-08-03,13,False,0.0,5.427067750381779,0.34974424579748753,-0.03578618520933752,0.0,0.6948643368365213,0.015307290391117445
Phoenix,2024-08-10,4,False,0.0,0.45512335788860553,-0.6022006938789521,-0.3242217579118045,0.0,-1.3838301207447725,0.22358358764092978
Phoenix,2024-08-10,8,False,0.0,2.82514669776958,-0.23865816540719864,-0.08810946605095893,0.0,0.6406734673958014,0.04177168550468757
Phoenix,2024-08-10,13,False,0.0,6.679525224829487,-0.1584618962482771,-0.041475125088940024,0.0,0.8448590163101969,0.01607782435851368
Phoenix,2024-08-17,4,False,0.0,1.2269125759683224,-0.590800180284172,-0.3255712298922864,0.0,0.46648929191619026,0.1623434951636672
Phoenix,2024-08-17,8,False,0.0,4.2743783454739175,-0.2917583639884518,-0.09056830575225128,0.0,0.8041132692449692,0.037524879102513564
Phoenix,2024-08-17,13,False,0.0,8.140412886630603,-0.22527560489950216,-0.04563510614844635,0.0,0.8983758895002499,0.017310038312415066
Phoenix,2024-08-24,4,False,0.0,2.1612377681698045,0.16548948481922776,-0.1633190530420241,0.0,0.9226222864240863,0.08475678768896544
Phoenix,2024-08-24,8,False,0.0,5.603918880289211,0.10926395371096265,-0.06077018752593344,0.0,0.8985091619052615,0.0262037096773996
Phoenix,2024-08-24,13,False,0.0,9.296075740077207,0.09724456297472728,-0.03520098978760067,0.0,0.9255760529006131,0.013962453317529322
Phoenix,2024-08-31,4,False,0.0,3.2956222917440297,0.24396690463990767,-0.10858162869884147,0.0,0.9483143949531426,0.043072119020209354
Phoenix,2024-08-31,8,False,0.0,6.916171642639085,0.1986005223176921,-0.04980307091327729,0.0,0.9285731406195972,0.0164295439057075
Phoenix,2024-08-31,13,False,0.0,10.238600783847938,0.19944341391964626,-0.032441180778144174,0.0,0.9197545770587474,0.009903119163636509
Phoenix,2024-09-07,4,False,0.0,4.053662809542462,0.5876976561478481,-0.09268207604777334,0.0,0.66930849378584,0.0031965033719982827
Phoenix,2024-09-07,8,False,0.0,7.629922298198226,0.5342453801677727,-0.04740522013208004,0.0,0.8241321202645484,0.00136482406250793
Phoenix,2024-09-07,13,False,0.0,10.481028821274064,0.5831481207106496,-0.033444610381548445,0.0,0.8427247773457357,0.0008963064325516745
Phoenix,2024-09-14,4,False,0.0,4.654004199732837,0.6779870306742475,-0.07661780342535174,0.0,0.4471502274075555,-0.03362468759302528
Phoenix,2024-09-14,8,False,0.0,8.002278529051255,0.6774847325316364,-0.0429949468710511,0.0,0.7454360367900417,-0.01579250364286411
Phoenix,2024-09-14,13,False,0.0,10.23763488145697,0.7636417689563069,-0.032790546840187895,0.0,0.715448555450596,-0.011285790613666524
Phoenix,2024-09-21,4,False,0.0,4.940178960097284,0.8144034758328829,-0.06846024388625271,0.0,0.20618741613150637,-0.0750952941809484
Phoenix,2024-09-21,8,False,0.0,7.9511104432915705,0.874191830537948,-0.04118839784831785,0.0,0.6164196249128713,-0.037930630888973305
Phoenix,2024-09-21,13,False,0.0,9.382591365856483,0.7303319904930261,-0.03436156754357489,0.0,0.5090071787644108,-0.029895204549666765
Phoenix,2024-09-28,4,False,0.0,4.973395230834683,0.9149326794897539,-0.07715945370490673,0.0,0.11211245763900346,-0.12284597609464054
Phoenix,2024-09-28,8,False,0.0,7.549825767681126,0.8957591666636626,-0.04945016099973065,0.0,0.5120849681461567,-0.06630250471895316
Phoenix,2024-09-28,13,False,0.0,8.01237764098661,0.42522092965511504,-0.046362290988455346,0.0,0.2776892400532488,-0.059243288114916526
Phoenix,2024-10-05,4,False,0.0,4.572902152753024,0.88453548267441,-0.07240723666104842,0.0,0.2211706343320784,-0.19228280654507013
Phoenix,2024-10-05,8,False,0.0,6.643782234620269,0.6542154051454283,-0.04875621971368882,0.0,0.47412594548052556,-0.10943863421330335
Phoenix,2024-10-05,13,False,0.0,6.140043789863273,-0.3072069170406775,-0.05304091957648738,0.0,0.083860896520902,-0.11417170654214637
Phoenix,2024-10-12,4,False,0.0,4.054351858382899,0.8069236622369604,-0.07340148867421847,0.0,0.24061629258561557,-0.27907368643400066
Phoenix,2024-10-12,8,False,0.0,5.55002866266752,0.45890280513878334,-0.052784647774143156,0.0,0.2752842431725552,-0.17031881445544594
Phoenix,2024-10-12,13,False,0.0,4.222391069328217,-1.2441775370796568,-0.06966964079782612,0.0,-0.5569971423750861,-0.21741474444358078
Phoenix,2024-10-19,4,False,0.0,3.448642995946496,0.6781857110661909,-0.08342269493618604,0.0,0.22542399582953154,-0.396251645945193
Phoenix,2024-10-19,8,False,0.0,4.170428784597948,0.044039814915871056,-0.06846883010051141,0.0,-0.12971800349353568,-0.27777340042474563
Phoenix,2024-10-19,13,False,0.0,3.064532233414541,-2.478431609207542,-0.04937606126497229,0.0,-1.5198643113390546,-0.15967654325030822
Phoenix,2024-10-26,4,False,0.0,2.7008239876275977,0.4096377375599628,-0.0884554655718155,0.0,-0.12902983196498052,-0.5876666871734755
Phoenix,2024-10-26,8,False,0.0,2.470715162019673,-1.1848191091760198,-0.07207796345876583,0.0,-1.340510265560304,-0.5296467079357852
Phoenix,2024-10-26,13,False,0.0,2.5481726206430024,-3.5269790926045985,-0.019780873379230846,0.0,-2.610034468169472,-0.04934646074643223
Phoenix,2024-11-02,4,False,0.0,2.08139036922063,0.5358090519465232,-0.11889639382924888,0.0,-0.9617274116187537,-0.8392131154901576
Phoenix,2024-11-02,8,False,0.0,2.015250460871224,-1.43526927235237,-0.060177090771760255,0.0,-2.57526769469634,-0.11549011437453349
Phoenix,2024-11-02,13,False,0.0,2.6540628920027696,-2.3114288389939115,-0.019447435478461506,0.0,-3.093950651462741,-0.006384031898569953
Phoenix,2024-11-09,4,False,0.0,1.2840514202918196,-0.00906921151546225,-0.19235601698562377,0.0,-2.800805396755198,-1.4698495218221908
Phoenix,2024-11-09,8,False,0.0,2.39614870911255,-1.4748655352855344,0.002502078137988306,0.0,-2.0168900195250323,0.38320535889574014
Phoenix,2024-11-09,13,False,0.0,2.976681296669972,-1.6704924544876287,-0.003963765192009472,0.0,-2.9690985066018425,-0.0563995932048964
Phoenix,2024-11-16,4,False,0.0,0.6693069517994943,-3.060990014646288,-0.08689877657346723,0.0,-7.268517540424549,-1.8720325090664338
Phoenix,2024-11-16,8,False,0.0,3.3137652355800697,-1.3860742912199164,0.024339858249808444,0.0,-1.3232165644345741,0.48420848704493336
Phoenix,2024-11-16,13,False,0.0,3.5512012985459425,-1.3629144988491935,0.010372050823377332,0.0,-2.4531345319250795,-0.10465962857714994
Phoenix,2024-11-23,4,False,0.0,1.94641955728114,-0.9458818029787555,0.09279918347379856,0.0,-1.250519963891659,0.8694859557505695
Phoenix,2024-11-23,8,False,0.0,4.431336122665482,-0.7699321597651443,0.04175464334545642,0.0,-0.5312646936220644,0.4288547285116112
Phoenix,2024-11-23,13,False,0.0,4.392035956667207,-0.4274816637032868,0.017287404833822073,0.0,-1.5188131300186014,-0.1267406787093628
Phoenix,2024-11-30,4,False,0.0,3.1724209739131037,0.27866739852900124,0.04035938400453298,0.0,-0.7299807522658011,0.6797049208671997
Phoenix,2024-11-30,8,False,0.0,4.197645599129948,0.27444988706807716,0.030805187535804857,0.0,-0.9574410276578065,0.22809016614366395
Phoenix,2024-11-30,13,False,0.0,4.988390936095465,-0.12689268324922565,0.006982020897660313,0.0,-1.3905449598981154,-0.16619557386509753
Phoenix,2024-12-07,4,False,0.0,4.497726321271796,0.27586436486314103,0.023775929740550095,0.0,0.12835018018387068,0.47012952179490264
Phoenix,2024-12-07,8,False,0.0,4.062603770871297,0.13613381220497922,0.01991545986298926,0.0,-1.1584671152802768,-0.001485235692335607
Phoenix,2024-12-07,13,False,0.0,5.745319456631297,-0.2570018345361684,0.002393492651012963,0.0,-1.0848335516605743,-0.18064925854124736
Phoenix,2024-12-14,4,False,0.0,4.401662473418691,0.7769395948163024,0.023509339700425347,0.0,0.01289425608552297,0.4342516919846059
Phoenix,2024-12-14,8,False,0.0,4.011882488061796,-0.497422946692746,0.007167661055462182,0.0,-1.2878031220428516,-0.16062309066026859
Phoenix,2024-12-14,13,False,0.0,6.788267890109558,-0.953895753970045,-0.0023783513418285107,0.0,-0.764563014394444,-0.1630884481568604
Phoenix,2024-12-21,4,False,0.0,2.400333724970187,-0.27517258559227775,-0.0021568206808724177,0.0,-1.3732976574730937,0.11753191160777043
Phoenix,2024-12-21,8,False,0.0,4.664375379123843,-1.4505403654985813,-5.05573490896527e-05,0.0,-1.0361568617328376,-0.18460068939386143
Phoenix,2024-12-21,13,False,0.0,8.447072081278536,-1.405802955877427,0.0001796423470663555,0.0,-0.41313608580739736,-0.11609919085732145
Phoenix,2024-12-28,4,False,0.0,2.194772558062283,-1.8421101383390504,-9.270204691103068e-05,0.0,-2.2063628589677715,-0.36781616597450295
Phoenix,2024-12-28,8,False,0.0,6.597467461750862,-1.2411629216591966,0.0006098557712852504,0.0,-0.4078808306214725,-0.1389126817044617
Phoenix,2024-12-28,13,False,0.0,10.813867220265951,-1.154425055988337,0.0005007798117239171,0.0,-0.047069476622332296,-0.07741428861117527
Phoenix,2025-01-04,4,False,0.0,4.679533397600546,-0.685705648252843,-0.0020940043314947587,0.0,-0.2378073153631457,-0.21651886891551797
Phoenix,2025-01-04,8,False,0.0,9.284294157993909,-0.5839524393865803,-0.0010044482337341343,0.0,0.18897975144719004,-0.08662758099257584
Phoenix,2025-01-04,13,False,0.0,13.354970853286543,-0.5963481770989836,-0.0006669521469206963,0.0,0.2687432910917178,-0.05298665899643851
Phoenix,2025-01-11,4,False,0.0,7.182543275675752,0.10788527168798556,0.0011939841674463159,0.0,0.5720966962644147,-0.142336524088855
Phoenix,2025-01-11,8,False,0.0,11.129668482004002,0.11870234577608962,0.0007377712496108302,0.0,0.5706569613498663,-0.0736631896501927
Phoenix,2025-01-11,13,False,0.0,14.818683979387021,0.13149617489523757,0.0005311068027092913,0.0,0.5186662416944497,-0.04886014493909774
Phoenix,2025-01-18,4,False,0.0,7.6087234203157355,0.7117352332010968,0.01783011742192875,0.0,0.559500449154688,-0.17043775736921618
Phoenix,2025-01-18,8,False,0.0,11.039879906289384,0.8412555765759521,0.011832214781823946,0.0,0.5397467930508897,-0.09467412900465444
Phoenix,2025-01-18,13,False,0.0,14.43654598824367,0.8967570728012277,0.008702820822957147,0.0,0.4863667744640635,-0.06414583155379328
Phoenix,2025-01-25,4,False,0.0,6.304594499197461,0.6434530741522623,0.023643412889935767,0.0,0.4944581761168779,-0.27680363405256503
Phoenix,2025-01-25,8,False,0.0,9.457145025691368,0.4436616350485789,0.015231517209634449,0.0,0.46532286319213034,-0.1491688335036736
Phoenix,2025-01-25,13,False,0.0,12.6979008423172,0.280144030947473,0.010938097368974553,0.0,0.42142590033454064,-0.09866437634744707
Phoenix,2025-02-01,4,False,0.0,4.977093460331864,0.4424712521971276,0.03737227176917546,0.0,0.4058972521349551,-0.43050193041769114
Phoenix,2025-02-01,8,False,0.0,7.9677511198535615,0.32114136543805405,0.02261003624053004,0.0,0.3831529790720004,-0.2180324595303782
Phoenix,2025-02-01,13,False,0.0,11.115784487839758,0.2111814559638332,0.015652420606672823,0.0,0.34690690634444343,-0.13904892170275907
Riverside,2023-02-04,4,False,0.0,4.625336336424916,0.6629906779617178,0.43140179968840775,0.0,-0.873994197808238,-0.778876356342719
Riverside,2023-02-04,8,False,0.0,8.316321860120063,0.693988302155279,0.27076228533634583,0.0,-0.6658910626914019,-0.38673870703075774
Riverside,2023-02-04,13,False,0.0,12.874604940921241,0.7356054654144786,0.1880160079599139,0.0,-0.4902564217779519,-0.24807329051948734
Riverside,2023-02-11,4,False,0.0,4.961700340343525,0.8433001363474164,0.44380021573370654,0.0,-1.0712300693833114,-0.7860068325759346
Riverside,2023-02-11,8,False,0.0,8.43477054811597,0.9300010199809784,0.2784442335622713,0.0,-0.7603445760767575,-0.41161194428607417
Riverside,2023-02-11,13,False,0.0,12.809543416705079,0.9383498548972636,0.19304059923529415,0.0,-0.5645707939602727,-0.26832444518127785
Riverside,2023-02-18,4,False,0.0,4.739173763468039,0.8867925450086935,0.5480284728330699,0.0,-1.4476209163133449,-0.8979876926986783
Riverside,2023-02-18,8,False,0.0,8.117368923216526,0.7805249658443848,0.3702540265290134,0.0,-0.9071860165920009,-0.466928723034586
Riverside,2023-02-18,13,False,0.0,12.116530682600308,0.6694981881713208,0.26783128860387906,0.0,-0.6965584840892798,-0.3075127749953268
Riverside,2023-02-25,4,False,0.0,4.530111247469786,0.8836406113585775,0.569369986232269,0.0,-1.7347859423576826,-1.0149869242329501
Riverside,2023-02-25,8,False,0.0,7.850832630530996,0.8003059559380884,0.3704184779028171,0.0,-1.0082235680720264,-0.5218936001184773
Riverside,2023-02-25,13,False,0.0,11.323633157602742,0.6578180894078026,0.2736291498500345,0.0,-0.8213793954879074,-0.35218864045799836
Riverside,2023-03-04,4,False,0.0,3.9658794783303946,0.6516893210832885,0.6158405626956658,0.0,-1.9873114334655835,-1.249317873198791
Riverside,2023-03-04,8,False,0.0,7.372971553586348,0.6367188836557905,0.39138527695492664,0.0,-1.0762973573910215,-0.6002176607342677
Riverside,2023-03-04,13,False,0.0,10.157031371815009,0.4161499034481563,0.3052530679080363,0.0,-0.9395802308659418,-0.4186989115599695
Riverside,2023-03-11,4,False,0.0,3.758741337070745,0.8237721851817488,0.6232952072895371,0.0,-2.185352444150435,-1.402083009998226
Riverside,2023-03-11,8,False,0.0,7.170781028127705,0.8414189465562163,0.3991045458370297,0.0,-1.1836889602221663,-0.6557748175777427
Riverside,2023-03-11,13,False,0.0,9.187717700980777,0.5683177540652362,0.33556567387172176,0.0,-1.1288496960322947,-0.4853552365067926
Riverside,2023-03-18,4,False,0.0,3.8787718782022584,0.9522291585842257,0.5774180947083121,0.0,-1.9033851986427184,-1.4378436537467683
Riverside,2023-03-18,8,False,0.0,7.009433222205631,0.9372173671083701,0.42505294099411706,0.0,-1.1711242663145294,-0.7048538032802643
Riverside,2023-03-18,13,False,0.0,8.270388788278831,0.5978172793406802,0.394878989662492,0.0,-1.242889652839156,-0.5600713378725282
Riverside,2023-03-25,4,False,0.0,3.920148106272878,0.9463949318210209,0.5418663138214709,0.0,-1.7537683896204421,-1.5026516299780295
Riverside,2023-03-25,8,False,0.0,6.588618670004329,0.8428855256365437,0.4317680867365786,0.0,-1.2555243054877288,-0.7846670738168819
Riverside,2023-03-25,13,False,0.0,7.1630580033649025,0.34746679064233676,0.433773811976095,0.0,-1.4622004227927774,-0.6708326978410422
Riverside,2023-04-01,4,False,0.0,4.39819629562233,0.7285999333854842,0.566289322247239,0.0,-1.729898993371743,-1.3991866043964278
Riverside,2023-04-01,8,False,0.0,6.298648885460956,0.802082876690635,0.46309374326372676,0.0,-1.485611242737411,-0.8463235466122065
Riverside,2023-04-01,13,False,0.0,6.2946745665387525,0.39304705411385654,0.48582114184312264,0.0,-1.8439051108471056,-0.7829214956536565
Riverside,2023-04-08,4,False,0.0,4.233567854925259,0.9163329509603536,0.5954288515108639,0.0,-1.9399569400453305,-1.5273313762894687
Riverside,2023-04-08,8,False,0.0,5.236814564006904,0.4607276093758308,0.5285225457083501,0.0,-1.9182918901767727,-1.055401788646095
Riverside,2023-04-08,13,False,0.0,4.8183920944241825,-0.5570893375197727,0.5893970503567518,0.0,-2.5527660202698925,-1.058310702183317
Riverside,2023-04-15,4,False,0.0,3.2905861976636688,0.40638895464454616,0.6503802261431869,0.0,-2.6462518587484096,-2.065366310856839
Riverside,2023-04-15,8,False,0.0,3.4977429227489525,-0.6947830437876032,0.6981620604409362,0.0,-3.0424489137997206,-1.6433319993012763
Riverside,2023-04-15,13,False,0.0,2.7712688791120113,-3.2254287027626605,0.6157430268108336,0.0,-4.553940804952153,-1.910703408449125
Riverside,2023-04-22,4,False,0.0,2.5271049113497446,0.469810796922258,0.81902619625992,0.0,-3.4354729463895817,-2.778982097939084
Riverside,2023-04-22,8,False,0.0,2.0700032653927227,-1.3244938226720024,0.59691953874236,0.0,-5.090878556249467,-2.8477791901202294
Riverside,2023-04-22,13,False,0.0,1.6099908778967627,-4.882037034836443,-0.1068508493187077,0.0,-7.316316881212089,-3.028092010389136
Riverside,2023-04-29,4,False,0.0,1.2027884110784326,-1.2588907353109269,-0.26798270034834637,0.0,-6.595583634411209,-6.000647878210047
Riverside,2023-04-29,8,False,0.0,0.8764590722098182,-6.492303731576267,-1.6261370817620269,0.0,-10.518667214474593,-6.360440031199307
Riverside,2023-04-29,13,False,0.0,1.6197926303605201,-6.088147761874368,-1.163527621109361,0.0,-5.491901907555882,-1.9043992935231735
Riverside,2023-05-06,4,False,0.0,0.3909282441850903,-5.300185254044762,-5.825667198529561,0.0,-17.74943067121112,-17.778922638898734
Riverside,2023-05-06,8,False,0.0,1.090646281639745,-3.872635563735442,-2.2593203208410113,0.0,-6.47873991856877,-3.8118102312473265
Riverside,2023-05-06,13,False,0.0,2.465837267880884,-2.685399800332356,-1.0163173345864225,0.0,-2.3642243345389304,-0.31778560589849403
Riverside,2023-05-13,4,False,0.0,0.8016125013209165,-1.0745324214499297,-3.284107803456828,0.0,-7.12959721473009,-7.1776867531596
Riverside,2023-05-13,8,False,0.0,1.631204658938408,-0.9817606740649552,-1.6158881776209104,0.0,-3.313563405423536,-1.778652533348736
Riverside,2023-05-13,13,False,0.0,3.3150982758430105,-0.7397094898261718,-0.7843421612415653,0.0,-1.0636975728658893,0.29618138793772997
Riverside,2023-05-20,4,False,0.0,1.3964035439091262,-0.18605564974469235,-2.0218191237951455,0.0,-1.9420451654589428,-3.203965527988279
Riverside,2023-05-20,8,False,0.0,2.212663316636364,-0.2090927592027716,-1.2653998216096465,0.0,-1.0336397626431597,-0.8079111612428751
Riverside,2023-05-20,13,False,0.0,4.04700550084279,-0.17296607489317406,-0.6788678235710834,0.0,-0.00324337999241453,0.5266830431719689
Riverside,2023-05-27,4,False,0.0,1.340068514387064,0.8645874948493926,-1.9841837815279204,0.0,-0.9213098371903861,-3.3425583322250034
Riverside,2023-05-27,8,False,0.0,2.3079161659115632,0.868850740387378,-1.1407945389519334,0.0,-0.16841783026808765,-0.6665427326509243
Riverside,2023-05-27,13,False,0.0,4.19393304313868,0.773429209680198,-0.6156581152523191,0.0,0.4923682550033234,0.6095376672292834
Riverside,2023-06-03,4,False,0.0,1.1188454426437633,0.588438475724383,-2.2420526756153953,0.0,-0.47872257511888194,-4.2826247993956725
Riverside,2023-06-03,8,False,0.0,2.2978253932464248,0.775080930837847,-1.0786724482497227,0.0,0.3368450204000536,-0.5954041950788198
Riverside,2023-06-03,13,False,0.0,4.217834455226012,0.854347136816836,-0.5760995048667958,0.0,0.6846779924465496,0.6769445694157867
Riverside,2023-06-10,4,False,0.0,0.8259177345580906,0.17134686748706351,-2.7552035318233936,0.0,0.4186772204445196,-6.366790016249048
Riverside,2023-06-10,8,False,0.0,2.3966418356344272,0.7535419148221754,-0.9344453604921399,0.0,0.8058516975871022,-0.40168097433014816
Riverside,2023-06-10,13,False,0.0,4.246209935860271,0.8252971481975113,-0.5174242734725703,0.0,0.6977695764224447,0.7035193619620218
Riverside,2023-06-17,4,False,0.0,0.8765725911489206,0.6673708950152109,-2.464039339112423,0.0,0.3033108904776969,-5.745137927625105
Riverside,2023-06-17,8,False,0.0,2.7159099246351808,0.593925927854358,-0.7805229420164264,0.0,0.7698081671427103,-0.05953903311606257
Riverside,2023-06-17,13,False,0.0,4.473427889122187,0.595552333142563,-0.4653106219353478,0.0,0.6496257392145421,0.6939024870539388
Riverside,2023-06-24,4,False,0.0,1.4958751389977143,0.23268783010939897,-1.3771831329231898,0.0,0.7380898777384086,-2.468826460234736
Riverside,2023-06-24,8,False,0.0,3.356672668682413,0.18192616559429997,-0.6021372626720898,0.0,0.7413469374986121,0.33579477658866363
Riverside,2023-06-24,13,False,0.0,5.0296867549705,0.18481165500095076,-0.3948931083781049,0.0,0.5870567559366895,0.6828580971433864
Riverside,2023-07-01,4,False,0.0,1.850647304062817,0.5673832202619356,-1.060430485354673,0.0,0.7313742158764013,-1.534364076401726
Riverside,2023-07-01,8,False,0.0,3.6567826785676294,0.5531981813616966,-0.5267935121097271,0.0,0.6784506014567997,0.4505645496798102
Riverside,2023-07-01,13,False,0.0,5.256177392788359,0.5985575362827151,-0.36041205826721767,0.0,0.5470339300111864,0.670146451964142
Riverside,2023-07-08,4,False,0.0,2.745767009114406,0.1805924395340901,-0.665129412180385,0.0,0.7146699156573599,-0.37684715289884574
Riverside,2023-07-08,8,False,0.0,4.283354265406279,0.204280484377812,-0.41962832745330303,0.0,0.5728178002923527,0.4853828288095383
Riverside,2023-07-08,13,False,0.0,5.807564257164662,0.22960390713163104,-0.30456733712991024,0.0,0.4703508838075279,0.6663734544181068
Riverside,2023-07-15,4,False,0.0,2.7048255298957997,0.9508673273947007,-0.6160716943009845,0.0,0.7612190910508922,-0.3797991406895247
Riverside,2023-07-15,8,False,0.0,3.968913847414507,0.806932294120568,-0.41439965028900083,0.0,0.5601737181924817,0.4020624748945645
Riverside,2023-07-15,13,False,0.0,5.521779106146344,0.7137825751124063,-0.2930433622542781,0.0,0.45294753674982546,0.6861383387731577
Riverside,2023-07-22,4,False,0.0,2.2448121263747534,0.5890610824942286,-0.7036972200322433,0.0,0.7512016270992721,-0.6634661587585517
Riverside,2023-07-22,8,False,0.0,3.3619998562458955,0.32838954591584335,-0.464489887982273,0.0,0.5491154146153533,0.2886509843080268
Riverside,2023-07-22,13,False,0.0,5.0257348812788125,0.3022823360230179,-0.305374231683718,0.0,0.44256322912262824,0.7284947175021623
Riverside,2023-07-29,4,False,0.0,2.1845964340549173,0.8565195420179397,-0.703361710571579,0.0,0.6912230756209741,-0.7788566610842231
Riverside,2023-07-29,8,False,0.0,3.2483536718425436,0.8439972263934509,-0.467883519118222,0.0,0.49106630046448674,0.2645145376987377
Riverside,2023-07-29,13,False,0.0,5.06462473736526,0.88328194227218,-0.2944580905131997,0.0,0.3866792004387608,0.7857426070342168
Riverside,2023-08-05,4,False,0.0,1.4994722913428509,-0.0876389648333693,-0.9644212513395314,0.0,0.4798403069035331,-1.7414500301459133
Riverside,2023-08-05,8,False,0.0,2.5778668414843753,-0.15304201848640675,-0.5548349543907332,0.0,0.35746772446751907,0.0795397811429519
Riverside,2023-08-05,13,False,0.0,4.677318993096414,0.2124275209309049,-0.2992029823707305,0.0,0.28586012222863155,0.8852317384385884
Riverside,2023-08-12,4,False,0.0,1.207777836957129,0.4615863019627853,-1.1397017912546747,0.0,0.35274081786738554,-2.5330237480215922
Riverside,2023-08-12,8,False,0.0,2.442395023640534,0.654524851064462,-0.5565456030814915,0.0,0.3448146337188218,0.0808327793490825
Riverside,2023-08-12,13,False,0.0,4.8263688885430085,0.7866637166683934,-0.2747588302596269,0.0,0.26600125837725497,0.845468714948002
Riverside,2023-08-19,4,True,0.8,1.227822177960839,0.9222208907775375,-1.1805352708986279,-4.02225092505168,0.36416482412832085,-2.3715314027211916
Riverside,2023-08-19,8,True,0.8,2.620516298798943,0.8057800170981053,-0.5453312852306058,-1.8580209507918868,0.32819138343334164,0.2398368712589436
Riverside,2023-08-19,13,True,0.8,5.238049127470065,0.6101668795443218,-0.2654875971225119,-0.9045538574234326,0.2375426397862901,0.7591341765770501
Riverside,2023-08-26,4,False,0.0,1.4139176452247275,0.7745570527443091,-0.9380176831247595,0.0,0.36320650552224254,-1.718451500670977
Riverside,2023-08-26,8,False,0.0,2.9666035398314037,0.6498691132664767,-0.44002895369358996,0.0,0.31912085953360403,0.47565020089011867
Riverside,2023-08-26,13,False,0.0,5.620865432794034,0.5130670260898594,-0.2258875700924743,0.0,0.22815026881097433,0.6926729266569738
Riverside,2023-09-02,4,False,0.0,1.3775430642464634,0.8599916099016344,-0.8570934018871539,0.0,0.15763815827081007,-1.7234730310666118
Riverside,2023-09-02,8,False,0.0,3.2533329125979558,0.7818084089638954,-0.35601231764837227,0.0,0.20154687083881828,0.6461561129750382
Riverside,2023-09-02,13,False,0.0,5.733980654460683,0.6956231988776904,-0.19681421545349376,0.0,0.14696997146727253,0.6415112946527961
Riverside,2023-09-09,4,False,0.0,1.8845751959940384,0.3405926902109284,-0.6428379983559864,0.0,0.11139012429109563,-0.6871411608201579
Riverside,2023-09-09,8,False,0.0,4.067260778391337,0.27508029232118214,-0.29123431776299524,0.0,0.1416163526436588,0.8321030442460272
Riverside,2023-09-09,13,False,0.0,6.10477121901013,0.2779332248657269,-0.18991175790662052,0.0,0.08163366651593318,0.5641996305297918
Riverside,2023-09-16,4,False,0.0,2.0035632458015407,0.8746407533396179,-0.5566562979868721,0.0,0.002960129809401413,-0.5054446282926879
Riverside,2023-09-16,8,False,0.0,4.499254559998378,0.6790670862409106,-0.241571721752325,0.0,0.06689080046743545,0.8457325068690004
Riverside,2023-09-16,13,False,0.0,5.885260634111966,0.7077048859809758,-0.18200019016682822,0.0,-0.027979367853290693,0.4941585131281848
Riverside,2023-09-23,4,False,0.0,2.0574976198561226,0.8390212781770509,-0.48827182945704517,0.0,-0.1721750426105162,-0.28671807501134605
Riverside,2023-09-23,8,False,0.0,4.720486527804785,0.7656604739456683,-0.20703443364623508,0.0,-0.014128740456587296,0.7796667212118746
Riverside,2023-09-23,13,False,0.0,5.310457629301057,0.6212909682493479,-0.18289417922743123,0.0,-0.2024866779380472,0.40039745856891906
Riverside,2023-09-30,4,False,0.0,2.8235094388463415,0.4194381255890668,-0.326872217322564,0.0,-0.15698834847647225,0.32255323183629436
Riverside,2023-09-30,8,False,0.0,5.216983476937406,0.3957919413289218,-0.17255085162763462,0.0,-0.044949915522800366,0.6408414840548166
Riverside,2023-09-30,13,False,0.0,4.87825325947486,0.39552591321122565,-0.1851916987312543,0.0,-0.38912208907068546,0.20796437201043327
Riverside,2023-10-07,4,False,0.0,3.283526753100157,0.7101385155236937,-0.24372015581873696,0.0,-0.2799685012005051,0.6071279039436871
Riverside,2023-10-07,8,False,0.0,5.06005056280178,0.7577612904213972,-0.15524788563326108,0.0,-0.18514237821710022,0.5660549545928244
Riverside,2023-10-07,13,False,0.0,4.267377851363274,0.008239541202910483,-0.13707309994034023,0.0,-0.5479061599998065,-0.05310885687199951
Riverside,2023-10-14,4,False,0.0,3.786734547664964,0.6282880920598684,-0.17919800655521034,0.0,-0.323794841808567,0.678445374390505
Riverside,2023-10-14,8,False,0.0,4.626949979494901,0.6593066880333494,-0.14537641280686353,0.0,-0.3573246984427896,0.42259566438426044
Riverside,2023-10-14,13,False,0.0,4.060947844044672,-0.4355783016384127,-0.08646413041265144,0.0,-0.5800490722165452,-0.29554859643234477
Riverside,2023-10-21,4,False,0.0,3.68490621425429,0.8981582369523506,-0.19418794436189235,0.0,-0.41822571199214886,0.6175415168725613
Riverside,2023-10-21,8,False,0.0,3.4116742768232586,0.07867836201960687,-0.21033494316695767,0.0,-0.771934228677331,0.12262923815719107
Riverside,2023-10-21,13,False,0.0,3.910638899852424,-1.5880730657994682,-0.06563961039336186,0.0,-0.49490557248908584,-0.5340023563489407
Riverside,2023-10-28,4,False,0.0,2.751259979002618,0.5118819345626513,-0.24753877692895365,0.0,-0.7889827727131233,0.27995254068064857
Riverside,2023-10-28,8,False,0.0,2.046066236678048,-1.9273041086452194,-0.21186117976648688,0.0,-1.7382249448889837,-0.716744170363095
Riverside,2023-10-28,13,False,0.0,4.2478482060491585,-2.385416158845014,0.005537531993089595,0.0,-0.21830256078858978,-0.620649504012402
Riverside,2023-11-04,4,False,0.0,1.2510819564104332,-1.2797617677264768,-0.4764463239993868,0.0,-2.522321286120183,-1.1360423552930587
Riverside,2023-11-04,8,False,0.0,2.192749122876937,-2.911399655962858,-0.000573146435137728,0.0,-1.21205721697233,-1.1534536609681365
Riverside,2023-11-04,13,False,0.0,5.202087673456339,-2.239648481275956,0.0489507422603056,0.0,0.15955727768633798,-0.5451998734635763
Riverside,2023-11-11,4,False,0.0,0.8115434349892665,-3.497990387309608,0.01868298897370868,0.0,-3.674259927210998,-3.82618507943042
Riverside,2023-11-11,8,False,0.0,3.744224563183033,-1.5524981427642572,0.07991051396850768,0.0,0.006915636684156845,-0.788127227323661
Riverside,2023-11-11,13,False,0.0,6.6730995635762405,-1.4257145757428233,0.06268387195857861,0.0,0.41855550428545685,-0.42964758827406224
Riverside,2023-11-18,4,False,0.0,2.1673917994596774,-0.8119691481157061,0.2715038857626476,0.0,-0.442277644045743,-1.506548150360845
Riverside,2023-11-18,8,False,0.0,5.942728263827843,-0.5611533331673904,0.10268013936282427,0.0,0.516676869410801,-0.49628580084215
Riverside,2023-11-18,13,False,0.0,8.173098143129423,-0.6471649426705437,0.07623136972367295,0.0,0.5899216176777217,-0.3422426598059005
Riverside,2023-11-25,4,False,0.0,2.628441855298833,0.6931706484194635,0.19255300588534785,0.0,0.3456115177222795,-1.2991789902327762
Riverside,2023-11-25,8,False,0.0,6.76277474776537,0.5150558023218152,0.07785309310472144,0.0,0.7490290010983527,-0.45634347447157375
Riverside,2023-11-25,13,False,0.0,8.210096829462989,0.6663807052478441,0.06499806802628216,0.0,0.7338323423682067,-0.3520530681250047
Riverside,2023-12-02,4,False,0.0,3.720023370261312,0.48129375287306697,0.12796451510061269,0.0,0.7465289092262078,-0.9664198988721502
Riverside,2023-12-02,8,False,0.0,7.348017843462492,0.45768436684694436,0.06704963917915119,0.0,0.8027110312965926,-0.43477699033370043
Riverside,2023-12-02,13,False,0.0,8.182684299624045,0.6306633155674218,0.06067846350871664,0.0,0.7666774697484466,-0.3635763793734905
Riverside,2023-12-09,4,False,0.0,4.756146311273304,0.624004315384167,0.09873716773440044,0.0,0.5940905902025644,-0.8107590629605208
Riverside,2023-12-09,8,False,0.0,7.170896634799895,0.7068940654563943,0.06699767932366307,0.0,0.7994949588586039,-0.4657793591229742
Riverside,2023-12-09,13,False,0.0,7.500995458607554,0.5573527976854439,0.06424656923222638,0.0,0.7098617975053991,-0.41363699267024057
Riverside,2023-12-16,4,False,0.0,5.476901716430426,0.6992652907265131,0.08668254748221027,0.0,0.6129661553422063,-0.7586975445329505
Riverside,2023-12-16,8,False,0.0,6.501347636467693,0.6332908367638459,0.07373284024952587,0.0,0.7431960215087063,-0.542128029760651
Riverside,2023-12-16,13,False,0.0,6.28051480314172,0.09749240075883558,0.07616714115904544,0.0,0.6040491838005472,-0.5190061541119804
Riverside,2023-12-23,4,False,0.0,5.886227870873858,0.6342949761408905,0.08815613450718274,0.0,0.6533489388568143,-0.7485027132069235
Riverside,2023-12-23,8,False,0.0,5.721699251804512,0.4580679994368876,0.09055016395397819,0.0,0.6879994676863017,-0.6464369133648395
Riverside,2023-12-23,13,False,0.0,4.955083823379868,-0.33398405914653173,0.10380125554407227,0.0,0.43934977447726087,-0.686777807040234
Riverside,2023-12-30,4,False,0.0,3.565561982814795,-0.1898384289950068,0.1963439966686935,0.0,0.4824494100431622,-1.3546056489697866
Riverside,2023-12-30,8,False,0.0,2.9223193445335,-2.764311290275574,0.23807409542308422,0.0,0.23261779645769975,-1.3900114603371323
Riverside,2023-12-30,13,False,0.0,2.241249524843643,-7.711718088544574,0.16916299871935003,0.0,-0.6303316487183399,-1.4433317803656078
Riverside,2024-01-06,4,False,0.0,1.075069037373116,-4.380139903085705,0.2290111264718353,0.0,-0.5738590321822361,-4.518021209204733
Riverside,2024-01-06,8,False,0.0,0.712814444825889,-15.179342353513789,-0.35287693500583184,0.0,-3.0161007763507017,-5.419521502151859
Riverside,2024-01-06,13,False,0.0,1.7747357129743964,-9.760160656600526,-0.24451041084676395,0.0,-1.7103251361444363,-0.5620221406345691
Riverside,2024-01-13,4,False,0.0,1.2776407529577458,-2.974685830897782,-0.6130239263570099,0.0,-0.9584922436448808,-2.225745329462825
Riverside,2024-01-13,8,False,0.0,1.7755721446526207,-3.865273494405213,-0.45230576418674295,0.0,-1.005096708217454,-0.6818537595143879
Riverside,2024-01-13,13,False,0.0,3.293307404420445,-3.1744689100155483,-0.24278879309636836,0.0,-0.7305002225121004,0.6036424598812067
Riverside,2024-01-20,4,False,0.0,1.774844268906139,-0.1342341444830133,-0.4454172154298417,0.0,-0.7218945384763973,-1.1446127100812582
Riverside,2024-01-20,8,False,0.0,2.4074080244288947,-0.17635529669755545,-0.32626589132850126,0.0,-0.7198856866835868,-0.1582562595167445
Riverside,2024-01-20,13,False,0.0,4.04134961783797,-0.15937633711249388,-0.19110068037204586,0.0,-0.6059325728756959,0.7709926821215063
Riverside,2024-01-27,4,False,0.0,0.8029804045004795,-1.5957554558299067,-1.0435950043920483,0.0,-3.9410644731343707,-4.703705974923073
Riverside,2024-01-27,8,False,0.0,1.7717678218091881,-0.8867405551703673,-0.4683470973132302,0.0,-1.8933630849714227,-0.576963942940617
Riverside,2024-01-27,13,False,0.0,3.623387679440737,-0.1349806599559107,-0.22469591041757409,0.0,-1.110689280711806,0.8413246148452628
Riverside,2024-02-03,4,False,0.0,0.29171823233165356,-9.007510487021875,-1.0275541369790324,0.0,-9.9822865673319,-17.080794202845134
Riverside,2024-02-03,8,False,0.0,1.4283316425496069,-1.4885205849395788,-0.3893005267593299,0.0,-2.435842721571679,-1.1054446442060248
Riverside,2024-02-03,13,False,0.0,3.542631896041447,-0.04925291628152628,-0.18083788469626083,0.0,-1.203047256079167,0.8579148394265367
Riverside,2024-02-10,4,False,0.0,0.5319643031533018,-1.3094948084885116,-1.6356253085079575,0.0,-5.091191125685974,-7.597210019296586
Riverside,2024-02-10,8,False,0.0,2.066535861780836,-0.6372130777404144,-0.4311519412716802,0.0,-1.5120964112661723,-0.03653395496427958
Riverside,2024-02-10,13,False,0.0,4.63122907494881,-0.4321606094923167,-0.1900900468244786,0.0,-0.801207490757629,0.7877312836036756
Riverside,2024-02-17,4,False,0.0,1.262940069643688,-0.23188349814120057,-0.7627007468644649,0.0,-1.3336694362978507,-1.9596141759988157
Riverside,2024-02-17,8,False,0.0,2.843813127968898,-0.18149593085343585,-0.3332929518491021,0.0,-0.8099502331802966,0.5149784475713757
Riverside,2024-02-17,13,False,0.0,5.786929541299321,-0.13260664289438884,-0.15882530068489653,0.0,-0.43617735109012057,0.6355141194062227
Riverside,2024-02-24,4,False,0.0,2.017176451309033,0.11509384633744935,-0.45780560933940695,0.0,-0.3772446001204359,-0.45043906607178363
Riverside,2024-02-24,8,False,0.0,3.6183052326852088,0.1130155599304552,-0.2510524172258386,0.0,-0.4336615056298181,0.6510437126917845
Riverside,2024-02-24,13,False,0.0,6.894983126711485,0.08767253606351766,-0.12726674138990712,0.0,-0.18405820606800027,0.5229744480047203
Riverside,2024-03-02,4,False,0.0,2.4724360995776884,0.4192681206121337,-0.35049545634532175,0.0,-0.5616462203693973,-0.06808220602410708
Riverside,2024-03-02,8,False,0.0,4.228438774937217,0.4301586589137336,-0.20125033527672498,0.0,-0.5272312329777766,0.7479209208503658
Riverside,2024-03-02,13,False,0.0,7.770435337285263,0.34454373395760785,-0.10546416050795737,0.0,-0.16192691883552524,0.4508121821281357
Riverside,2024-03-09,4,False,0.0,2.0518395039506467,0.5923168981072042,-0.4104186421078002,0.0,-0.8964034878425644,-0.37419128266849255
Riverside,2024-03-09,8,False,0.0,4.228184511830585,0.7761648184858616,-0.19474125797161412,0.0,-0.6124118488125965,0.8837325337198633
Riverside,2024-03-09,13,False,0.0,7.983484095413219,0.7905035269164581,-0.09909403271168604,0.0,-0.11137347777527307,0.4167200147226844
Riverside,2024-03-16,4,False,0.0,1.7362744985665042,0.5127683442552727,-0.42488580822988853,0.0,-1.8820429569864685,-0.6269707843077328
Riverside,2024-03-16,8,False,0.0,4.428301632300716,0.781272665961902,-0.16202778498803316,0.0,-0.8025418702973142,0.8187803300491936
Riverside,2024-03-16,13,False,0.0,8.34384770156624,0.7104743830647371,-0.08246936291150919,0.0,-0.1431554446030956,0.3798213186508961
Riverside,2024-03-23,4,False,0.0,1.8900380905257939,0.8203890753918903,-0.3829429783140774,0.0,-2.0545760567557947,-0.2869998679751262
Riverside,2024-03-23,8,False,0.0,5.026224201892797,0.6102422486779409,-0.13939699365660307,0.0,-0.6860145198016621,0.6922751183188419
Riverside,2024-03-23,13,False,0.0,8.993727238636074,0.5159549289909906,-0.07464885934260423,0.0,-0.07836186795817413,0.33872938171052236
Riverside,2024-03-30,4,False,0.0,2.5733955745308927,0.505292298613035,-0.26514409754706514,0.0,-1.4661316150147736,0.35710366926973525
Riverside,2024-03-30,8,False,0.0,6.029523310895378,0.36924053212955155,-0.10914890879651318,0.0,-0.4090573103889328,0.5569263458466154
Riverside,2024-03-30,13,False,0.0,9.90898434117245,0.33037838241444806,-0.06367416929765612,0.0,0.039793906111608046,0.2978247016657385
Riverside,2024-04-06,4,False,0.0,3.520451167476646,0.44747860872441314,-0.17001471549963965,0.0,-1.059058128956127,0.7552525400950961
Riverside,2024-04-06,8,False,0.0,7.027000830719804,0.383883138738327,-0.08207982270646097,0.0,-0.2134631834080869,0.4595399122373164
Riverside,2024-04-06,13,False,0.0,10.71843003437169,0.3713862532402251,-0.05167496781189729,0.0,0.12064202873964613,0.26607875385734936
Riverside,2024-04-13,4,False,0.0,4.33156979900537,0.5353678012250551,-0.11889573596202929,0.0,-0.6586641399124977,0.7679435997801548
Riverside,2024-04-13,8,False,0.0,7.823813041451344,0.5076411044354032,-0.06342248048806143,0.0,0.02130882297061154,0.3923457672786367
Riverside,2024-04-13,13,False,0.0,11.236220699321251,0.5241112242316921,-0.042526385598637084,0.0,0.23875286843247612,0.24277151972827304
Riverside,2024-04-20,4,False,0.0,4.66554591819354,0.779312092237264,-0.10862206321523393,0.0,-0.4754603345043873,0.7439206013593003
Riverside,2024-04-20,8,False,0.0,8.085452371694329,0.7710062580444305,-0.060429717323673415,0.0,0.1325838296900258,0.35347971024105596
Riverside,2024-04-20,13,False,0.0,11.201151605913223,0.8293386866789422,-0.042142014289125784,0.0,0.2950382747907906,0.22811026776878285
Riverside,2024-04-27,4,False,0.0,4.866726604133764,0.8536987252486035,-0.09767462108732383,0.0,-0.3444231448397628,0.6690438352065318
Riverside,2024-04-27,8,False,0.0,8.06489934121079,0.8864391213882411,-0.05695982536073285,0.0,0.1779722070696611,0.3263838050433664
Riverside,2024-04-27,13,False,0.0,10.868539402996849,0.9041480982377456,-0.04097755893800015,0.0,0.31041117246076055,0.2177792237506584
Riverside,2024-05-04,4,False,0.0,4.442347578059781,0.8039082979478505,-0.10534412585475628,0.0,-0.17577052401625948,0.6545202517652811
Riverside,2024-05-04,8,False,0.0,7.472291808445373,0.7725054477073687,-0.0606422587483586,0.0,0.24338559829036288,0.3158112437311401
Riverside,2024-05-04,13,False,0.0,9.980794728234537,0.6168474054263711,-0.044170003967848315,0.0,0.3506381934416357,0.2137972533774788
Riverside,2024-05-11,4,False,0.0,4.57867170220128,0.8801342231826308,-0.08362317618581172,0.0,0.14328117726560208,0.5759691203148729
Riverside,2024-05-11,8,False,0.0,7.269612866949967,0.930195700649057,-0.05118367856679629,0.0,0.34034636879763713,0.296400298667868
Riverside,2024-05-11,13,False,0.0,9.478179611138254,0.8336375324276464,-0.038322078037886564,0.0,0.40836663152359365,0.2065211261237464
Riverside,2024-05-18,4,False,0.0,4.51326228733653,0.953496425331073,-0.08098166571750687,0.0,0.32602599463248716,0.5234113613134586
Riverside,2024-05-18,8,False,0.0,6.848425320893674,0.873093369914079,-0.05206354061241547,0.0,0.4048436749640387,0.28347287241684493
Riverside,2024-05-18,13,False,0.0,8.741284658664064,0.6809080219379411,-0.03996072053415656,0.0,0.451268513344636,0.20277362336592586
Riverside,2024-05-25,4,False,0.0,3.911798167072599,0.7130233881003631,-0.07951652292288514,0.0,0.44610194846190665,0.5261315639097877
Riverside,2024-05-25,8,False,0.0,5.9854190813270165,0.5270876288962303,-0.05084689111491225,0.0,0.4550623968707883,0.2836819452290713
Riverside,2024-05-25,13,False,0.0,7.58451584696413,0.2269959693479353,-0.03944397126491572,0.0,0.4902838498946209,0.20540045661024686
Riverside,2024-06-01,4,False,0.0,3.7210922758904155,0.9140515509810373,-0.06590672805843978,0.0,0.5277168483690567,0.4909634814226632
Riverside,2024-06-01,8,False,0.0,5.454222264300075,0.7444668570421812,-0.04415484287839111,0.0,0.5154222305768219,0.27781231190834965
Riverside,2024-06-01,13,False,0.0,6.790072738286988,0.4702701304700053,-0.03496687163601209,0.0,0.5379469471121526,0.2054906273804341
Riverside,2024-06-08,4,False,0.0,3.0003918381238988,0.5166488423424782,-0.04834122674363761,0.0,0.15145702701537966,0.5234246579708794
Riverside,2024-06-08,8,False,0.0,4.542562958303009,0.2719295375438623,-0.03142204724096853,0.0,0.2998455549647169,0.28743239644454543
Riverside,2024-06-08,13,False,0.0,5.644978375132347,-0.13547578735763088,-0.024993576035012177,0.0,0.365789909395023,0.21372055464067785
Riverside,2024-06-15,4,False,0.0,2.552134243329788,0.6448484548437599,-0.03851911178418321,0.0,0.38994317782597343,0.5382469944092381
Riverside,2024-06-15,8,False,0.0,3.880915529875085,0.4233193982551827,-0.024985202994800115,0.0,0.4856717093797178,0.29532350299225996
Riverside,2024-06-15,13,False,0.0,4.83525869138817,0.053566211617045556,-0.019854721702468936,0.0,0.5093387600228798,0.21926893566878236
Riverside,2024-06-22,4,False,0.0,2.3653000375315854,0.8434116486408529,-0.027120028898525828,0.0,0.39973145041484204,0.5180984915094711
Riverside,2024-06-22,8,False,0.0,3.4180203075709628,0.6114769780739833,-0.01856494449448065,0.0,0.5281377314572154,0.30056816882768045
Riverside,2024-06-22,13,False,0.0,4.332504637748917,0.3253595617015581,-0.014507666328130053,0.0,0.5327092683853054,0.2189997181643788
Riverside,2024-06-29,4,False,0.0,1.788812646872689,0.2865080385396458,-0.03613322856709389,0.0,0.5181143662962002,0.5919571167147465
Riverside,2024-06-29,8,False,0.0,2.668296197622102,-0.045574008270172994,-0.02400661633690704,0.0,0.6169390015112781,0.3335802320792344
Riverside,2024-06-29,13,False,0.0,3.655388381477183,-0.2908546926739197,-0.01734620867227399,0.0,0.5856535828031656,0.22411778852878073
Riverside,2024-07-06,4,False,0.0,1.8079829650544186,0.8926259684269429,-0.04009718911425897,0.0,0.4515975277602433,0.5389505789076012
Riverside,2024-07-06,8,False,0.0,2.4375142903503524,0.737406040956899,-0.029550699667568292,0.0,0.5275961514100664,0.3372874701697205
Riverside,2024-07-06,13,False,0.0,3.608034815929548,0.7457031170414479,-0.019724327125848706,0.0,0.500154037177769,0.20851606537113265
Riverside,2024-07-13,4,False,0.0,1.4445766191399898,0.5116581377185683,-0.05495386215495501,0.0,0.46211847579051046,0.5971091330313851
Riverside,2024-07-13,8,False,0.0,1.9322892393394395,0.009062123649397291,-0.04088012128519969,0.0,0.48656567348242186,0.3770850190340289
Riverside,2024-07-13,13,False,0.0,3.3684441722606713,0.26325333343869517,-0.023107230237920717,0.0,0.4450894594074789,0.1966845944263117
Riverside,2024-07-20,4,False,0.0,0.9617608695835291,-0.06563850260990889,-0.040434351621540854,0.0,0.5723432292929498,0.6040119438535745
Riverside,2024-07-20,8,False,0.0,1.481961196966835,-0.3958939536784638,-0.02610319104785197,0.0,0.47349915921203134,0.43359557445419816
Riverside,2024-07-20,13,False,0.0,3.2115577659904595,0.32652456867527124,-0.011833751324260344,0.0,0.399173248024949,0.18092888824899633
Riverside,2024-07-27,4,False,0.0,0.9239042605502673,0.7851495482764551,-0.03864723691533101,0.0,-0.2749499983959396,0.591111793066834
Riverside,2024-07-27,8,False,0.0,1.5669391416384788,0.8220374250535997,-0.02263942518989781,0.0,-0.021772984438278353,0.3896008364633361
Riverside,2024-07-27,13,False,0.0,3.5490703737997182,0.597018366321985,-0.00979418588038028,0.0,0.16691370135463635,0.15495729048932916
Riverside,2024-08-03,4,False,0.0,0.3934676576082986,-2.400443524251671,-0.08853975744827847,0.0,-2.741628969285905,0.23692808672263455
Riverside,2024-08-03,8,False,0.0,1.3489353788795937,-0.2768040058498289,-0.02557821172896335,0.0,-0.510118582072808,0.3971683075913106
Riverside,2024-08-03,13,False,0.0,3.518925347941668,0.6641694710911628,-0.009589404211400643,0.0,0.0139298802129173,0.13703031310839064
Riverside,2024-08-10,4,False,0.0,0.4168407083538733,0.7520960721249144,-0.12886710871267537,0.0,-2.713817052118015,0.4949954528594118
Riverside,2024-08-10,8,False,0.0,1.7831719562565167,0.4215288869351831,-0.02971111761765277,0.0,-0.31990572839218023,0.2914937296209582
Riverside,2024-08-10,13,False,0.0,3.997874683091513,0.3008160493422932,-0.012953227128571054,0.0,0.06750210245705102,0.11728698698112106
Riverside,2024-08-17,4,False,0.0,0.7493355370803951,0.14896764775797378,-0.13494749639228232,0.0,-1.444902480815852,0.842931580099401
Riverside,2024-08-17,8,False,0.0,2.4899335929017523,0.07863236496440684,-0.03989968121908971,0.0,-0.16975407614267857,0.2089849948361625
Riverside,2024-08-17,13,False,0.0,4.638884170281213,0.0637327172942943,-0.020944284748933395,0.0,0.11035290589874003,0.10159352682499911
Riverside,2024-08-24,4,False,0.0,1.0352121525956313,0.5734503451251968,-0.06714251161800266,0.0,-0.1600049365483438,0.5841270039002032
Riverside,2024-08-24,8,False,0.0,3.074875207429749,0.3574758203686679,-0.0221388532072877,0.0,0.14636764608547548,0.161478009646996
Riverside,2024-08-24,13,False,0.0,5.064747009364891,0.3333087646024948,-0.013164852634380164,0.0,0.2634616276431295,0.08925686423069579
Riverside,2024-08-31,4,False,0.0,1.6598682087194399,0.2382469072891663,-0.04824554897094169,0.0,0.060522735656251325,0.35579264139361466
Riverside,2024-08-31,8,False,0.0,3.8419447702939675,0.17968846566808094,-0.0203814288600217,0.0,0.18779884115169,0.1261575888782689
Riverside,2024-08-31,13,False,0.0,5.516788395824904,0.1907710463022777,-0.013946601577529139,0.0,0.24847955336166017,0.08061771979276933
Riverside,2024-09-07,4,True,0.7,2.3195557753656484,0.40250863466978604,-0.04515869069194989,-2.105585156908679,0.1487030889072528,0.2349423158487507
Riverside,2024-09-07,8,True,0.7,4.4000102641266565,0.3713476193682911,-0.023299290253596006,-1.0863609855106615,0.23095797081642144,0.1020596636567308
Riverside,2024-09-07,13,True,0.7,5.671641588357749,0.44220096931116526,-0.017834955650999573,-0.8315789788733401,0.2231712323800037,0.0732742618369312
Riverside,2024-09-14,4,True,0.6,2.762601829976642,0.6211788986913664,-0.04000811093043066,0.0,0.180788379163216,0.16520029593180519
Riverside,2024-09-14,8,True,0.6,4.611499815248106,0.6538827983447285,-0.023511851816445217,0.0,0.2789290538387589,0.08197802241299612
Riverside,2024-09-14,13,True,0.6,5.3592726043190835,0.6865321887621867,-0.020072674048853267,0.0,0.1822766108182211,0.06596629839122448
Riverside,2024-09-21,4,True,0.6,2.998387676746011,0.7567023502982311,-0.035316599901268564,0.0,0.1661803427003139,0.1128980424498851
Riverside,2024-09-21,8,True,0.6,4.532718788643033,0.8610618839576276,-0.022992357050060752,0.0,0.3190585625591853,0.0622084013666947
Riverside,2024-09-21,13,True,0.6,4.602795600147128,0.483537780301873,-0.022625681810507947,0.0,0.09645020107922064,0.05804506311408175
Riverside,2024-09-28,4,True,0.7,2.9781128833862294,0.9231372101307308,-0.05093991027125666,-1.6289155400700635,0.22725246347351136,0.06571182945068388
Riverside,2024-09-28,8,True,0.7,4.141167019088813,0.7666469071898012,-0.036194201869359954,-1.1573891192874814,0.3516930593839943,0.03959021001897389
Riverside,2024-09-28,13,True,0.7,3.6017159167482444,-0.23942519219024283,-0.03517049315185106,-1.286404514922224,-0.02385490405522206,0.025005534741877167
Riverside,2024-10-05,4,True,0.7,2.423853126481309,0.5649997881527595,-0.04841423381425303,-2.0128312604313865,0.29268977554569076,0.005880243902768534
Riverside,2024-10-05,8,True,0.7,3.1873878214483007,0.05218179311914828,-0.03652857481999905,-1.5186826580544786,0.31121599571489944,0.0037713052320597074
Riverside,2024-10-05,13,True,0.7,2.900051374111584,-1.8658333918741974,-0.021127152749758737,-1.260598836948819,0.04508204468145793,-0.00036164331554155993
Riverside,2024-10-12,4,True,0.7,1.9831892412868228,0.6008303261484794,-0.05109921554813224,-2.4711915715898467,0.5533008868399014,-0.06371880184469192
Riverside,2024-10-12,8,True,0.7,2.274469938476213,-0.1926477980585508,-0.0444227721742565,-2.1483143920335848,0.27528718840629995,-0.04724652007832475
Riverside,2024-10-12,13,True,0.7,2.8608253161154695,-1.8338970244803146,-0.012866048399921892,-0.8635885452082641,0.24865904650179305,0.012359818196056915
Riverside,2024-10-19,4,False,0.0,1.4976514658988367,0.33442338258100823,-0.07045536004754926,0.0,0.873398277587304,-0.16718777086578118
Riverside,2024-10-19,8,False,0.0,1.3813131478701164,-1.433643052699027,-0.05709185186603083,0.0,0.15613137726879167,-0.05659129484784109
Riverside,2024-10-19,13,False,0.0,3.225686087565713,-1.7944190627044798,-0.0014833214275447038,0.0,0.4384767052121272,0.04469779769800741
Riverside,2024-10-26,4,False,0.0,0.9560716435060559,-0.27903267992561687,-0.08165606476648346,0.0,0.22679410720625992,-0.37267951259571297
Riverside,2024-10-26,8,False,0.0,1.2809120166874768,-2.274972385481055,-0.014595860787412152,0.0,-0.40902230392002914,0.08875887536299665
Riverside,2024-10-26,13,False,0.0,3.7641710518127995,-1.5441343738827262,0.005620589801122011,0.0,0.2896394667922919,0.07080085471122533
Riverside,2024-11-02,4,False,0.0,0.550590868830819,0.05520905221681849,-0.18318010766490467,0.0,-2.9813897224636348,-0.7296820997583855
Riverside,2024-11-02,8,False,0.0,1.9765368980037668,-0.7268512745656281,0.0010141568010599844,0.0,-0.5623892129592147,0.12869998090185775
Riverside,2024-11-02,13,False,0.0,4.3141498458882745,-0.6605070124862702,0.010055574508690768,0.0,0.07234101566021389,0.073934093828949
Riverside,2024-11-09,4,False,0.0,0.5859218489449166,-1.0731790272567907,0.0011343775762572283,0.0,-4.619536604037617,0.3374809224772475
Riverside,2024-11-09,8,False,0.0,3.180901025557295,-0.5549577606397638,0.018965450708413045,0.0,-0.0642627886139564,0.11980779462593383
Riverside,2024-11-09,13,False,0.0,4.896423337269937,-0.6119407439323348,0.017173397651308764,0.0,-0.05801922227400946,0.07624116978756756
Riverside,2024-11-16,4,False,0.0,1.341135713427886,-0.6368473576403202,0.03125689478223781,0.0,-1.7405733776731491,0.34018605557532766
Riverside,2024-11-16,8,False,0.0,4.685298127459062,-0.3628633051700392,0.01388654028375258,0.0,0.2641730650600539,0.09253464182888405
Riverside,2024-11-16,13,False,0.0,5.478315613861649,-0.4881576608930691,0.013427663900100306,0.0,-0.052375347137545436,0.0737548303924761
Riverside,2024-11-23,4,False,0.0,2.7187217961196595,-0.12486581496570226,0.025849204510897894,0.0,0.4346354735313366,0.18337664006427146
Riverside,2024-11-23,8,False,0.0,6.062170518459857,-0.10511575825536279,0.011970015351490337,0.0,0.6589432836547744,0.07320617340596813
Riverside,2024-11-23,13,False,0.0,5.838186204549672,-0.16727510370431053,0.012403001356539933,0.0,0.1987093339084398,0.06921687425340872
Riverside,2024-11-30,4,False,0.0,3.4966486124320286,0.6164905421909956,0.009499040088415733,0.0,0.6991079211852655,0.10554743218813334
Riverside,2024-11-30,8,False,0.0,6.126622802168711,0.6528054519180249,0.005559152987688165,0.0,0.6527142116369209,0.05265882961244517
Riverside,2024-11-30,13,False,0.0,5.051610465526003,0.2801443809511047,0.006673878332797978,0.0,0.02542308886469047,0.05760921919196871
Riverside,2024-12-07,4,False,0.0,4.563774072895018,0.47758286654008475,0.004452025378510416,0.0,0.6798731271728706,0.05174546804964486
Riverside,2024-12-07,8,False,0.0,5.866525374555018,0.5871542671446847,0.0035065353704646363,0.0,0.5555610194576571,0.03431691722749164
Riverside,2024-12-07,13,False,0.0,4.276398255298205,-0.05817810296618764,0.004039094285588574,0.0,-0.3320421370908526,0.01926951401113175
Riverside,2024-12-14,4,False,0.0,4.870393024423494,0.7946641672118459,0.004172346649477743,0.0,0.7074198043926964,0.0009280922160278537
Riverside,2024-12-14,8,False,0.0,4.572953476451004,0.2765870637408915,0.004431125880097309,0.0,0.2518870638724736,0.0008230814445954193
Riverside,2024-12-14,13,False,0.0,3.4903292412264317,-1.4782159781603132,0.0023290370722781617,0.0,-0.91132607419136,-0.00026601079745147693
Riverside,2024-12-21,4,False,0.0,3.9577758544862216,0.6618629047562403,-0.017733378405423883,0.0,0.4146992652175796,-0.07820690755030602
Riverside,2024-12-21,8,False,0.0,2.6552025390074863,-1.6008836566944118,-0.013388420054415873,0.0,-0.8541579373853716,-0.022134809983286985
Riverside,2024-12-21,13,False,0.0,3.3921170421806273,-3.1797702544977673,0.0008558597025770665,0.0,-1.4240893332192854,0.049780509053528044
Riverside,2024-12-28,4,False,0.0,2.1358479938870008,-0.40713904285921076,-0.03268290783383132,0.0,-0.24511064272731065,-0.2857074191093538
Riverside,2024-12-28,8,False,0.0,2.280900382408634,-2.9889408752212026,-0.0006834595737186255,0.0,-1.254465465571168,0.15180737419074541
Riverside,2024-12-28,13,False,0.0,4.376674399092029,-2.752869631738269,0.0053226775716300745,0.0,-0.8914369293891664,0.09355272266083403
Riverside,2025-01-04,4,False,0.0,1.3333718649009467,-2.937286552603122,-0.00041300053869619546,0.0,-1.0570449142293699,0.4067688552816374
Riverside,2025-01-04,8,False,0.0,3.3462297608200435,-2.3642966328220387,0.005758131873250916,0.0,-0.7259114376856988,0.20516709965532376
Riverside,2025-01-04,13,False,0.0,6.212639063321325,-1.9585519040587744,0.004189285976784363,0.0,-0.4528461472165817,0.10233665914093737
Riverside,2025-01-11,4,False,0.0,2.7832448414303377,-0.9435210849340088,0.014836545527467049,0.0,-0.44640653757395654,0.37035438753691097
Riverside,2025-01-11,8,False,0.0,5.094051902156953,-0.8996852065199314,0.007913582814311981,0.0,-0.34621172861545935,0.16624858356109629
Riverside,2025-01-11,13,False,0.0,8.170192101284721,-0.8339960120068399,0.004774132771837358,0.0,-0.22590927421698836,0.09203616549410487
Riverside,2025-01-18,4,False,0.0,3.73229867924897,0.26632472829436526,0.03268436541145969,0.0,-0.35486493686784226,0.26160332328406166
Riverside,2025-01-18,8,False,0.0,5.964877391120626,0.29073878366290684,0.019976730953214283,0.0,-0.27482578542185765,0.13427551249256697
Riverside,2025-01-18,13,False,0.0,9.074258171073211,0.2837462192970057,0.012697305482210597,0.0,-0.17343797658975002,0.07823724543537935
Riverside,2025-01-25,4,False,0.0,3.328302159608471,0.8122422085943728,0.033334114653208013,0.0,-0.9354263656878694,0.22782943562078872
Riverside,2025-01-25,8,False,0.0,5.638123716045399,0.7792135606468614,0.01920765258966084,0.0,-0.5782694618357611,0.10997796962821194
Riverside,2025-01-25,13,False,0.0,8.850258768213656,0.8472435162117429,0.011819845411070173,0.0,-0.3267971928083373,0.06198389638496671
Riverside,2025-02-01,4,False,0.0,2.843940408256,0.6252180081891056,0.042486485653992156,0.0,-0.9116919364532365,0.1916158730804639
Riverside,2025-02-01,8,False,0.0,5.2940867996017005,0.7169231288146779,0.022247819229664456,0.0,-0.49926571899035843,0.083968708022222
Riverside,2025-02-01,13,False,0.0,8.64781328559478,0.8380401113763802,0.013137540016841087,0.0,-0.23184026884539155,0.045379039908785
San Francisco,2023-02-04,4,False,0.0,1.4540303466982083,-2.628595131190538,-2.152087176303955,0.0,-6.466916358207452,-3.21216967712407
San Francisco,2023-02-04,8,False,0.0,2.3024086325785578,-3.1852426557419893,-1.347398051679137,0.0,-8.172818246633877,-1.690644181566073
San Francisco,2023-02-04,13,False,0.0,4.577797413736316,-1.9117934146205235,-0.6618923028228572,0.0,-4.366617109053353,-0.7605830576495727
San Francisco,2023-02-11,4,False,0.0,0.262699557777406,-11.913316058919623,-10.39124575670782,0.0,-47.61384463107298,-18.043089918488693
San Francisco,2023-02-11,8,False,0.0,1.4591391044897775,-2.2912688954548193,-1.8960000973865268,0.0,-13.147959307241663,-2.7246321135913414
San Francisco,2023-02-11,13,False,0.0,4.407574680593278,-0.09287360552689505,-0.6146254093875243,0.0,-4.135485831598509,-0.79976168650519
San Francisco,2023-02-18,4,False,0.0,0.48220499125833355,-2.1478474451877436,-5.042915235025901,0.0,-30.3313017138007,-8.707738323171915
San Francisco,2023-02-18,8,False,0.0,1.7924001204373357,0.48772945458701933,-1.539054535351796,0.0,-9.677954648798131,-2.1366080278168202
San Francisco,2023-02-18,13,False,0.0,5.458630813538423,0.43661460555446197,-0.5099500129227772,0.0,-2.681968383756157,-0.634942317102404
San Francisco,2023-02-25,4,False,0.0,0.9424718533576517,-1.2555122216505583,-2.98092665158517,0.0,-14.921083641294068,-5.036856439950191
San Francisco,2023-02-25,8,False,0.0,2.775281266103792,-0.8006051819915803,-1.0133343345786918,0.0,-4.672589742076221,-1.431127331440095
San Francisco,2023-02-25,13,False,0.0,7.289414466363089,-0.4473081302203237,-0.3705330253578045,0.0,-1.1551052862090576,-0.468744815529089
San Francisco,2023-03-04,4,False,0.0,2.029980001491518,-0.2814831121445025,-1.3556843213806875,0.0,-4.399755669558553,-2.3633156311389283
San Francisco,2023-03-04,8,False,0.0,3.998633624940532,-0.2502618020512275,-0.6744083469978164,0.0,-1.603475590239087,-0.9882816930476517
San Francisco,2023-03-04,13,False,0.0,9.037304476242536,-0.15877948866453573,-0.28273628235843007,0.0,-0.09641451176963245,-0.37034695492489944
San Francisco,2023-03-11,4,False,0.0,2.3992592269367363,0.5314056383181978,-1.0550326058484911,0.0,-1.8531225157491193,-2.0255681324478503
San Francisco,2023-03-11,8,False,0.0,4.922611446098946,0.44890848513741355,-0.5009237567456757,0.0,-0.17254536983953606,-0.8012862361093618
San Francisco,2023-03-11,13,False,0.0,10.114445846206245,0.31313751301184967,-0.23048238974726565,0.0,0.45959246450829794,-0.33129061144929817
San Francisco,2023-03-18,4,False,0.0,2.7076713292363173,0.5708820064501864,-0.9125233451812729,0.0,0.5402333540124404,-1.8225785621298805
San Francisco,2023-03-18,8,False,0.0,6.074393755656221,0.4343569020914405,-0.3926832696454483,0.0,0.8206087552095864,-0.6463186485726313
San Francisco,2023-03-18,13,False,0.0,11.030945569569722,0.34521303252645585,-0.2048271702907103,0.0,0.8303387836707421,-0.30630458268298355
San Francisco,2023-03-25,4,False,0.0,2.3468250496391754,0.5494584624828043,-0.9279746776531725,0.0,-0.04892415091096747,-2.1670175290512312
San Francisco,2023-03-25,8,False,0.0,6.724118099605518,0.6735402944483528,-0.3093602457327529,0.0,0.6175523811191019,-0.5909135533114185
San Francisco,2023-03-25,13,False,0.0,11.147353748935673,0.6847934331608037,-0.1777579594726577,0.0,0.7265617236694422,-0.3131153365265966
San Francisco,2023-04-01,4,False,0.0,2.160741528318487,0.44850296977389026,-0.8883742904991891,0.0,0.6363514515082935,-2.408772677861665
San Francisco,2023-04-01,8,False,0.0,7.526719337248684,0.5806916834720783,-0.24104392547497677,0.0,0.8454901772417209,-0.5333855373579395
San Francisco,2023-04-01,13,False,0.0,11.199182086767312,0.6730494619930856,-0.1555665813851601,0.0,0.7225052524670665,-0.32212156263448133
San Francisco,2023-04-08,4,False,0.0,4.04304315806037,0.09894350949681163,-0.4293200601304612,0.0,0.8387581036030642,-1.260281284223637
San Francisco,2023-04-08,8,False,0.0,9.495965850394876,0.0700121344613639,-0.17240183589296199,0.0,0.895772156763375,-0.4166492090925371
San Francisco,2023-04-08,13,False,0.0,12.255569965178742,0.08199829824978744,-0.12950875727571276,0.0,0.6589294689783094,-0.2959302860981179
San Francisco,2023-04-15,4,False,0.0,5.922736816578358,0.3270688338743738,-0.2610700102562158,0.0,0.7689326068170079,-0.852257010443936
San Francisco,2023-04-15,8,False,0.0,10.808819296395654,0.3014341918693433,-0.1356245789650934,0.0,0.8252598397420421,-0.3692505246614377
San Francisco,2023-04-15,13,False,0.0,12.638474722264363,0.3955199207782827,-0.11361097578305057,0.0,0.5363361027491257,-0.2941496972918103
San Francisco,2023-04-22,4,False,0.0,7.314707393507311,0.5456612839251935,-0.19373178017725046,0.0,0.8881474851067164,-0.6984334000625665
San Francisco,2023-04-22,8,False,0.0,11.064390078572439,0.6193652110612944,-0.12289528215813972,0.0,0.775172207196157,-0.3749244604615902
San Francisco,2023-04-22,13,False,0.0,12.101946556415678,0.6818169624184198,-0.11104807346710466,0.0,0.46833529792020956,-0.32219095900473693
San Francisco,2023-04-29,4,False,0.0,8.570485332738645,0.5354853231541028,-0.14338550928220428,0.0,0.7207772601181623,-0.6096191206624939
San Francisco,2023-04-29,8,False,0.0,10.794448808444507,0.7104101001866082,-0.11107483448234712,0.0,0.6956595098507521,-0.4038197433741675
San Francisco,2023-04-29,13,False,0.0,11.228834355487658,0.5595824783803427,-0.10625796936467191,0.0,0.43084636186469505,-0.36560824096106126
San Francisco,2023-05-06,4,False,0.0,7.360596301818943,0.8179552984640288,-0.13151731493019825,0.0,0.7475351052629803,-0.7666020892294001
San Francisco,2023-05-06,8,False,0.0,8.432568787950846,0.15863663238961967,-0.11347006931988823,0.0,0.4656565380575328,-0.5662934806620765
San Francisco,2023-05-06,13,False,0.0,8.529832350643819,-0.838598987436594,-0.11205704392423121,0.0,0.12365066972158578,-0.5257423348780408
San Francisco,2023-05-13,4,False,0.0,5.53029043580659,0.4656066154420958,-0.1319352538251619,0.0,0.5717116499203257,-1.1005764442070465
San Francisco,2023-05-13,8,False,0.0,5.592041979104096,-0.7407262653632984,-0.1303930361729131,0.0,-0.08209847651463775,-0.9317200310667013
San Francisco,2023-05-13,13,False,0.0,5.604133094406132,-2.2526096201957966,-0.13009504478333578,0.0,-0.5530622178857443,-0.8679792629546499
San Francisco,2023-05-20,4,False,0.0,2.8782326710186488,-0.8993641354321278,-0.18016032953513328,0.0,-0.1432146924661959,-2.280195474241124
San Francisco,2023-05-20,8,False,0.0,2.3427698124458107,-4.471140231269127,-0.2225580320894911,0.0,-1.95354705684671,-2.4099067462692445
San Francisco,2023-05-20,13,False,0.0,2.516813794411625,-7.320416264208557,-0.2067983738403374,0.0,-2.582893403007007,-2.0794151103494554
San Francisco,2023-05-27,4,False,0.0,0.3556892142975906,-16.04583029460837,-0.8382618806309428,0.0,-12.179189356929855,-19.40073275586995
San Francisco,2023-05-27,8,False,0.0,0.7277740684460122,-15.464241146706222,-0.07529890267659045,0.0,-10.321833964820632,-6.668562243342252
San Francisco,2023-05-27,13,False,0.0,0.9272837859013947,-18.001336389040546,-0.1237257510043015,0.0,-9.52319359643882,-5.122632522938093
San Francisco,2023-06-03,4,False,0.0,0.2923931477874767,-2.2455418425957157,0.042920813666224134,0.0,-10.723452779007236,-22.611233317430635
San Francisco,2023-06-03,8,False,0.0,0.9003227045576868,-1.5622520658537606,0.18118547718671985,0.0,-5.422552065238895,-4.78235222896946
San Francisco,2023-06-03,13,False,0.0,1.1082097565981803,-1.0101691576229328,-0.01512715866081682,0.0,-4.938602598473209,-4.020437414245592
San Francisco,2023-06-10,4,False,0.0,0.972764441902943,-0.9684768457705111,0.30074648290185113,0.0,-1.719602581012683,-5.3188532297917
San Francisco,2023-06-10,8,False,0.0,1.2591752235437919,-1.2258382146552265,0.17547285086729103,0.0,-2.186852763287986,-2.936204989732137
San Francisco,2023-06-10,13,False,0.0,1.5229181878000704,-0.6851742678078965,0.022222552895318715,0.0,-1.7842552784541685,-2.791579267855052
San Francisco,2023-06-17,4,False,0.0,1.0737677338681277,0.7191908318217786,0.28173024078778786,0.0,-0.8383743048256269,-4.6243807047126735
San Francisco,2023-06-17,8,False,0.0,1.0011303857561022,-0.3132540410326152,0.15247355266637797,0.0,-1.7742039744458813,-4.333696245926598
San Francisco,2023-06-17,13,False,0.0,2.1156794850578517,-0.8519769115273901,-0.00788909483887279,0.0,-0.20116836658615078,-2.1771602143495588
San Francisco,2023-06-24,4,False,0.0,1.0402469530733756,0.6415913521275284,0.14651746148667233,0.0,-0.23230500914003316,-4.834000966485026
San Francisco,2023-06-24,8,False,0.0,0.9581821290048989,-0.9318171677689884,-0.013761695566772314,0.0,-0.6691466957693917,-5.086854042174545
San Francisco,2023-06-24,13,False,0.0,2.996392006948888,-0.7089770279791814,-0.03863979842624743,0.0,0.3992225437443404,-1.612006680407113
San Francisco,2023-07-01,4,False,0.0,1.1525821412811978,-0.15406003156800674,0.24234246821909478,0.0,0.1878663990722388,-4.2439640973734285
San Francisco,2023-07-01,8,False,0.0,1.3257506282442426,0.10266764449195709,0.002761368963900779,0.0,0.2615807282586453,-3.878024713816351
San Francisco,2023-07-01,13,False,0.0,4.090147145421978,0.08664889889075089,-0.023205055918988027,0.0,0.5211453173673419,-1.1989983860718323
San Francisco,2023-07-08,4,False,0.0,1.0084415686933341,-2.7269996543999127,-0.07501866349098729,0.0,0.5367949454565157,-6.452062146438303
San Francisco,2023-07-08,8,False,0.0,2.0536299922240318,-2.558682101904427,-0.09478449246007181,0.0,0.6829349612561509,-2.723123275375185
San Francisco,2023-07-08,13,False,0.0,6.000220176016362,-1.2974834543548912,-0.03815666452301136,0.0,0.5988129412698088,-0.8111221209466521
San Francisco,2023-07-15,4,False,0.0,1.7111199800186432,-0.6136069640629733,-0.2060273822146368,0.0,0.5167663025332625,-3.9351647900414575
San Francisco,2023-07-15,8,False,0.0,3.212109833383818,-0.575914649690918,-0.10807659571506356,0.0,0.7097639533152047,-1.7365315078876922
San Francisco,2023-07-15,13,False,0.0,7.7354779358267765,-0.3457038075494907,-0.042780770793091616,0.0,0.6277252467603291,-0.6162205091826254
San Francisco,2023-07-22,4,False,0.0,2.0622175578697686,0.30989578614962066,-0.17508747188415974,0.0,0.590852794316172,-3.278028058375689
San Francisco,2023-07-22,8,False,0.0,4.188016037469162,0.2656410968216786,-0.08434333761764123,0.0,0.6744388114357143,-1.3151860825706474
San Francisco,2023-07-22,13,False,0.0,8.926424897992428,0.17981598113871322,-0.037614398001424965,0.0,0.6231216069744954,-0.527808183509112
San Francisco,2023-07-29,4,False,0.0,1.7990864971815734,0.37370408265753696,-0.16325076021783747,0.0,0.5814987642220224,-3.8034171841838473
San Francisco,2023-07-29,8,False,0.0,4.544066282738471,0.6623734632288014,-0.06282753214858405,0.0,0.5082159892730937,-1.2131599403834135
San Francisco,2023-07-29,13,False,0.0,9.298662179311089,0.6074874216316526,-0.029173259247021965,0.0,0.5360639351565506,-0.5109030817472677
San Francisco,2023-08-05,4,False,0.0,1.0458683477364135,-2.2643115774603273,0.002190608373814573,0.0,0.20131415338386138,-6.291030630594724
San Francisco,2023-08-05,8,False,0.0,4.874895928333496,0.45120100514265826,-0.020277649472290937,0.0,0.42335591503513803,-1.1107868945769739
San Francisco,2023-08-05,13,False,0.0,9.189368406542865,0.7478985261818965,-0.014312974472484585,0.0,0.48300855782395224,-0.5229619184355798
San Francisco,2023-08-12,4,False,0.0,2.4649101893677132,-0.6404198425655283,-0.09194479762445873,0.0,0.397787776922917,-2.771482770444241
San Francisco,2023-08-12,8,False,0.0,7.261428197013589,-0.3637421013755828,-0.029676025062944866,0.0,0.4406455140989035,-0.7326617300690483
San Francisco,2023-08-12,13,False,0.0,10.831421198877072,-0.3626904638377273,-0.019129066344909296,0.0,0.4376516918246256,-0.440968029906446
San Francisco,2023-08-19,4,False,0.0,3.9755569758972222,0.23561653860554232,-0.05142185552769307,0.0,0.548745438947156,-1.6889817217989602
San Francisco,2023-08-19,8,False,0.0,8.928341091377028,0.1754713384454566,-0.02171582849988818,0.0,0.5468862531342638,-0.5876625243151128
San Francisco,2023-08-19,13,False,0.0,11.46451764739551,0.20724002625841964,-0.016440896660780746,0.0,0.4653051065285436,-0.4212939961933233
San Francisco,2023-08-26,4,False,0.0,4.193594514497565,0.7216026986952212,-0.033164229372692366,0.0,0.5143743621982854,-1.6183217510825125
San Francisco,2023-08-26,8,False,0.0,9.049129482988079,0.749883006535744,-0.014590220553196476,0.0,0.653669113126442,-0.5924104856923307
San Francisco,2023-08-26,13,False,0.0,10.245713977994757,0.6235588008785596,-0.012716710016045907,0.0,0.5081401613136954,-0.4968531981002007
San Francisco,2023-09-02,4,False,0.0,7.183378168343718,2.863121784102418e-08,-0.021196951816147225,0.0,0.7138536770994797,-0.9131162708936458
San Francisco,2023-09-02,8,False,0.0,10.92908308824615,3.045078345031982e-08,-0.013369912981715082,0.0,0.7090525577926858,-0.4856687937542541
San Francisco,2023-09-02,13,False,0.0,10.297865216586674,5.036387984436175e-08,-0.014289991181888118,0.0,0.49253532800849953,-0.5077350484601795
San Francisco,2023-09-09,4,False,0.0,7.51239650906794,0.8182244170212655,-0.0035432213636339416,0.0,0.8422147060304508,-0.8938788404705929
San Francisco,2023-09-09,8,False,0.0,10.007869329565754,0.7779258830145279,-0.0025879517192077817,0.0,0.7761618117520622,-0.5563346195572765
San Francisco,2023-09-09,13,False,0.0,8.868925811871026,-0.322096954075876,-0.0019587758193702065,0.0,0.5280567643304319,-0.442682748023421
San Francisco,2023-09-16,4,False,0.0,6.811069159367812,0.8797646415676279,0.011553153040902875,0.0,0.907784675007513,-1.0294663913676003
San Francisco,2023-09-16,8,False,0.0,8.064821400090993,0.35880189270620866,0.009625835982418729,0.0,0.7582276188474908,-0.735253187216913
San Francisco,2023-09-16,13,False,0.0,8.673281949222602,-1.3745004435940666,0.004397903794560176,0.0,0.5857104194685797,-0.04929051974555154
San Francisco,2023-09-23,4,False,0.0,6.147269030041853,0.7745691586679906,0.023453968517207047,0.0,0.8229505827275686,-1.1864324896222
San Francisco,2023-09-23,8,False,0.0,5.993650821737023,0.035627185734598554,0.024094470798176282,0.0,0.5229185132967962,-1.0501509069959991
San Francisco,2023-09-23,13,False,0.0,10.67983805739794,-1.2259075726084503,0.0017832266900731364,0.0,0.6277823070020782,0.2723557633067185
San Francisco,2023-09-30,4,False,0.0,3.0845373689824167,-1.1564052938371643,0.08635402238027656,0.0,0.7558205142040804,-2.53438373770865
San Francisco,2023-09-30,8,False,0.0,3.084319026807466,-4.467279609908426,0.04180596629900968,0.0,0.09919371211266015,-1.657378092251566
San Francisco,2023-09-30,13,False,0.0,14.82036791848442,-2.131559603736522,-0.0041749152426051594,0.0,0.776474185699651,0.4159499517130717
San Francisco,2023-10-07,4,False,0.0,0.9972507701959016,-3.777271162716838,0.31136551842597904,0.0,-0.08190399408204851,-8.169691168641544
San Francisco,2023-10-07,8,False,0.0,4.041503463254788,-2.489193521173028,-0.00313637252983745,0.0,0.23040049516136818,-0.1079886191650461
San Francisco,2023-10-07,13,False,0.0,21.47211494266755,-0.9848795163113495,-0.00875434323314983,0.0,0.7222524950796726,0.39407190421439475
San Francisco,2023-10-14,4,False,0.0,0.5713301312963062,-2.4791242225405057,0.11615941802727381,0.0,-2.8188598796553186,-13.415831735057672
San Francisco,2023-10-14,8,False,0.0,7.197342562270036,-0.4921739577683404,-0.019004068063811497,0.0,0.46245033179662953,0.7267661090969249
San Francisco,2023-10-14,13,False,0.0,28.72703629999402,-0.260634636597618,-0.009454398311584455,0.0,0.7781983608183178,0.3443561403632901
San Francisco,2023-10-21,4,False,0.0,1.6376444675266038,-0.5868420554450455,-0.1786313934615864,0.0,-0.6288701934936816,-3.2348864055780844
San Francisco,2023-10-21,8,False,0.0,11.968404829877574,-0.1703993375749706,-0.028388888549088387,0.0,0.7093507125012735,0.6778105956233405
San Francisco,2023-10-21,13,False,0.0,35.83996285794691,-0.11535038677370912,-0.011743958764347084,0.0,0.8299355668669931,0.3005694688619853
San Francisco,2023-10-28,4,False,0.0,4.2363569520938045,-0.03623326464993126,-0.07990859256165983,0.0,0.5315486441949364,-0.09910137930969665
San Francisco,2023-10-28,8,False,0.0,18.084043755949967,-0.018206939632084307,-0.021206181355051035,0.0,0.8951499471887838,0.5138640657393823
San Francisco,2023-10-28,13,False,0.0,42.101818351905365,-0.015375063727336435,-0.010961388875192268,0.0,0.8690531513712658,0.2655938682139216
San Francisco,2023-11-04,4,False,0.0,8.049548913736963,0.10656888408575549,-0.03953775963410888,0.0,0.7867714713000921,0.821879972599874
San Francisco,2023-11-04,8,False,0.0,25.715632189976866,0.0738670962922523,-0.014399676011003226,0.0,0.9466438592631095,0.39150925673515913
San Francisco,2023-11-04,13,False,0.0,47.12292015413964,0.07519373864189727,-0.009196207955122437,0.0,0.8812659695533355,0.23918763627149986
San Francisco,2023-11-11,4,False,0.0,12.34254629721516,0.3413507733574985,-0.022276131290033252,0.0,0.9360691696879586,0.7853769867303194
San Francisco,2023-11-11,8,False,0.0,33.58882265302549,0.28474704099139503,-0.009733647438677329,0.0,0.7901386696874251,0.31993507510310915
San Francisco,2023-11-11,13,False,0.0,50.018410940971194,0.3334819054775955,-0.007340319120182182,0.0,0.8741031759039293,0.2207583229861052
San Francisco,2023-11-18,4,False,0.0,17.00032321871613,0.4937282898043168,-0.011117894543530404,0.0,0.9467223752709353,0.5877797482314313
San Francisco,2023-11-18,8,False,0.0,40.10164525969537,0.4767216271015279,-0.005643827245663813,0.0,0.7831153971173355,0.2757270461308131
San Francisco,2023-11-18,13,False,0.0,50.41865320913828,0.6189694817631468,-0.004819512628540412,0.0,0.8627822421831898,0.2083480007404721
San Francisco,2023-11-25,4,False,0.0,19.638845555006867,0.8611567395362653,0.0016103212025041502,0.0,0.9096602127393817,0.5027266837290516
San Francisco,2023-11-25,8,False,0.0,41.677942315703746,0.8804777720083613,0.0008985706386536174,0.0,0.7810996877036963,0.25318453825948894
San Francisco,2023-11-25,13,False,0.0,46.146406406909804,0.6176556452248549,0.0008371562166752389,0.0,0.8395578889230787,0.20509358907093345
San Francisco,2023-12-02,4,False,0.0,23.02968604576483,0.8387216598295854,0.010527496560539307,0.0,0.8177744899223939,0.42283706812589916
San Francisco,2023-12-02,8,False,0.0,40.44373629038506,0.8358384235726619,0.006843122502900201,0.0,0.742006662431071,0.23816517892935096
San Francisco,2023-12-02,13,False,0.0,40.318608795515665,0.40167011054045576,0.006858244151844883,0.0,0.7964201386419918,0.20697433186172343
San Francisco,2023-12-09,4,False,0.0,25.50080816769694,0.953427806152384,0.01953048909033961,0.0,0.34154838593239156,0.36515533692810764
San Francisco,2023-12-09,8,False,0.0,35.33903038000131,0.6403076007267411,0.01519808861325056,0.0,0.6994723908318721,0.23518132095792765
San Francisco,2023-12-09,13,False,0.0,31.924990288898442,-0.1592160533190985,0.016398980068139335,0.0,0.7273516017889703,0.21898008264827729
San Francisco,2023-12-16,4,False,0.0,24.827502082177933,0.8349672196382382,0.033492028527457696,0.0,0.23814077060432126,0.33536362230567296
San Francisco,2023-12-16,8,False,0.0,27.12689408559321,0.09583001686085357,0.031217747557286457,0.0,0.5989883426393354,0.25169678370570736
San Francisco,2023-12-16,13,False,0.0,21.24124827663335,-1.3801229662376016,0.03802196549940973,0.0,0.5719265641434019,0.14365359762044405
San Francisco,2023-12-23,4,False,0.0,21.557545747836997,0.7166668713833652,0.048454693306497765,0.0,0.1662697800297852,0.3268305988573881
San Francisco,2023-12-23,8,False,0.0,18.43301899447582,-0.49172754122623963,0.05521150324657109,0.0,0.42872015800789587,0.26969925365437974
San Francisco,2023-12-23,13,False,0.0,13.68056864740918,-2.801813404233111,0.042415516890417226,0.0,0.31455531595276887,-0.030130562155290308
San Francisco,2023-12-30,4,False,0.0,12.194969187026361,-0.4708865292416451,0.09311264533398345,0.0,-0.3194076735678206,0.3787271736058401
San Francisco,2023-12-30,8,False,0.0,7.265127754334777,-4.999945769526496,0.09063958540829709,0.0,-0.4521502574378684,-0.15593670875980092
San Francisco,2023-12-30,13,False,0.0,10.09448700016898,-5.44411993521819,0.0072206846203733965,0.0,0.02161331714581738,-0.23816091396469807
San Francisco,2024-01-06,4,False,0.0,3.4753316347449257,-5.705042917544044,0.011947643979057454,0.0,0.09200318674875407,-0.7029447367314785
San Francisco,2024-01-06,8,False,0.0,6.911380723737396,-5.532021318782697,-0.07448692283639069,0.0,0.4378938308349648,-0.40334663148740835
San Francisco,2024-01-06,13,False,0.0,13.982107568104862,-3.6744084262457184,-0.04720971689351661,0.0,0.5993547924376204,-0.16807471104068683
San Francisco,2024-01-13,4,False,0.0,6.462736936994657,-1.7000972110839077,-0.17856075377215896,0.0,0.43670547457278286,-0.4785520787674953
San Francisco,2024-01-13,8,False,0.0,11.881032562921884,-1.538123777297565,-0.09150251778858332,0.0,0.6462156172561621,-0.20228542192812338
San Francisco,2024-01-13,13,False,0.0,19.32556338219969,-1.2993329601497225,-0.05150170522347164,0.0,0.6713037993592632,-0.10076449841550206
San Francisco,2024-01-20,4,False,0.0,8.858949428714157,0.17491869861551745,-0.11812724960322551,0.0,0.5465262384690601,-0.35477372674674124
San Francisco,2024-01-20,8,False,0.0,14.545249086588438,0.1751335619762322,-0.06745798028886973,0.0,0.6739525928181743,-0.16482282042320118
San Francisco,2024-01-20,13,False,0.0,21.643190939278465,0.16232471060177434,-0.04156939802108983,0.0,0.6475137258164927,-0.09036719712108132
San Francisco,2024-01-27,4,False,0.0,7.928429519601907,0.790685804616228,-0.11150918064854642,0.0,0.34287736581563,-0.4540387125297094
San Francisco,2024-01-27,8,False,0.0,14.339972798587588,0.8738806741967264,-0.05735907300260212,0.0,0.5890312156812139,-0.18803144326382792
San Francisco,2024-01-27,13,False,0.0,21.3771265769939,0.8827439111000175,-0.035316025898439296,0.0,0.5589933436347856,-0.10334638444634558
San Francisco,2024-02-03,4,False,0.0,5.6222856248493125,-0.05751356117739026,-0.1309068976528469,0.0,0.1845437882755211,-0.7405897145624727
San Francisco,2024-02-03,8,False,0.0,12.881977058288507,0.5567207444186745,-0.05273894888167341,0.0,0.5400504771977269,-0.24061466406272447
San Francisco,2024-02-03,13,False,0.0,20.211083486237175,0.7311392110688015,-0.030786403124703154,0.0,0.4998047415896052,-0.12519494873306747
San Francisco,2024-02-10,4,False,0.0,6.863435074420776,0.6641946592807482,-0.08188695220506714,0.0,0.11515032464300612,-0.623190480736856
San Francisco,2024-02-10,8,False,0.0,14.147453543412519,0.5283115966250741,-0.03661937481033006,0.0,0.44241024255296435,-0.227009428978165
San Francisco,2024-02-10,13,False,0.0,21.57438701955393,0.47788378115950825,-0.02193590099971221,0.0,0.43107699190878324,-0.12072529459148962
San Francisco,2024-02-17,4,False,0.0,9.163060411874545,0.43199248545356506,-0.05176462572124607,0.0,0.30793618453219407,-0.4708914169417511
San Francisco,2024-02-17,8,False,0.0,15.804252672441269,0.4086451875848891,-0.027818091159372393,0.0,0.42423876775538405,-0.20852229782771103
San Francisco,2024-02-17,13,False,0.0,23.266073007892878,0.37955931929106723,-0.017221678294444542,0.0,0.4254260859184481,-0.11403880130817257
San Francisco,2024-02-24,4,False,0.0,10.71411214741245,0.5911925488207121,-0.035950894867814887,0.0,0.5736383014783459,-0.4192678382366706
San Francisco,2024-02-24,8,False,0.0,16.604342319143665,0.6295395977807979,-0.021667301725429855,0.0,0.49395165496111726,-0.2092470450115509
San Francisco,2024-02-24,13,False,0.0,24.05872325869022,0.5928346654333743,-0.013617217966204631,0.0,0.4810054543169834,-0.11595025551711924
San Francisco,2024-03-02,4,False,0.0,11.218506118290117,0.7169610137428283,-0.026481752528101143,0.0,0.7548556766780237,-0.4292885259403132
San Francisco,2024-03-02,8,False,0.0,16.88640411931639,0.7848838409853398,-0.016470022685799002,0.0,0.5663882129617971,-0.2190618002081337
San Francisco,2024-03-02,13,False,0.0,24.140957845632258,0.752046322911295,-0.010515069814449385,0.0,0.5439670991252902,-0.12387169372791318
San Francisco,2024-03-09,4,False,0.0,9.846505560189753,0.8239883619918307,-0.014642163261888719,0.0,0.5996009414987025,-0.5417835759229259
San Francisco,2024-03-09,8,False,0.0,15.895255014465215,0.8303836584052681,-0.008461703604190074,0.0,0.45025119203383424,-0.2538258674482303
San Francisco,2024-03-09,13,False,0.0,22.91912206687955,0.8843025473015064,-0.005378404792746316,0.0,0.48459666692997194,-0.14415580889983115
San Francisco,2024-03-16,4,False,0.0,7.70142106700249,0.4312991079773364,-0.00680980628216088,0.0,0.05237821190886216,-0.7626990145948009
San Francisco,2024-03-16,8,False,0.0,14.501160626776901,0.6561181937652951,-0.0033501794322359224,0.0,0.20788860043682156,-0.3022426185757805
San Francisco,2024-03-16,13,False,0.0,21.23876744856344,0.7191524642525295,-0.0021071420118858875,0.0,0.3510736837217203,-0.1717262977662095
San Francisco,2024-03-23,4,False,0.0,6.508628012374629,0.5130949540023367,0.011801157278247043,0.0,-0.2491695914242149,-0.9563735933842792
San Francisco,2024-03-23,8,False,0.0,14.00785986992226,0.8545225777987472,0.005043470504952463,0.0,0.1744784313982961,-0.32954590732179345
San Francisco,2024-03-23,13,False,0.0,20.300587108215527,0.9003152562858675,0.0032254405402882824,0.0,0.3503410384191108,-0.19243375082958125
San Francisco,2024-03-30,4,False,0.0,8.095308123126593,0.586447327354256,0.015236022935246729,0.0,0.07692508473330484,-0.7684983550545537
San Francisco,2024-03-30,8,False,0.0,15.44440109414883,0.4944652078131845,0.007347483442347147,0.0,0.3445877023881385,-0.3016905894501569
San Francisco,2024-03-30,13,False,0.0,21.07046855394525,0.5185456542647454,0.005027275078240301,0.0,0.47050957768130786,-0.18987068691522513
San Francisco,2024-04-06,4,False,0.0,9.682165374529268,0.6064110754831775,0.011158324638402606,0.0,0.27974238877515634,-0.6463170707338333
San Francisco,2024-04-06,8,False,0.0,16.328737388234448,0.586504161151303,0.006129452589416773,0.0,0.4665795554448412,-0.2927236912184461
San Francisco,2024-04-06,13,False,0.0,21.169480409224008,0.6565187082912118,0.0044543276793260755,0.0,0.5646130451060496,-0.19707167022653782
San Francisco,2024-04-13,4,False,0.0,10.944090213781735,0.6300474951709006,0.008962265477074682,0.0,0.5763448673782523,-0.5831156602471566
San Francisco,2024-04-13,8,False,0.0,16.683807948707422,0.6843802778075052,0.0055000793404021975,0.0,0.6602407185013164,-0.29741891980852286
San Francisco,2024-04-13,13,False,0.0,20.634559786016037,0.783406640897391,0.004236146248443262,0.0,0.7268476128882917,-0.21364893539784235
San Francisco,2024-04-20,4,False,0.0,11.35037137590245,0.7692974777226351,0.012232975584574257,0.0,0.6276192281465746,-0.5839848479482397
San Francisco,2024-04-20,8,False,0.0,16.010023753217016,0.8744427052860546,0.008216762650297471,0.0,0.7100169336634349,-0.3280637186784354
San Francisco,2024-04-20,13,False,0.0,19.107486711247265,0.7426061342472439,0.0066308625050451875,0.0,0.7882634736648719,-0.2480540565592786
San Francisco,2024-04-27,4,False,0.0,9.793152528017163,0.7824365474531789,0.029601112813708808,0.0,0.6900866034244026,-0.724944875201077
San Francisco,2024-04-27,8,False,0.0,13.712199503886504,0.5188624337471157,0.020222429348282445,0.0,0.7777787510597798,-0.41486992270743284
San Francisco,2024-04-27,13,False,0.0,15.965831620382279,0.06987377299654074,0.01691435389811735,0.0,0.8324038296295068,-0.3269726135799538
San Francisco,2024-05-04,4,False,0.0,7.845459463034915,0.5659754416350147,0.06013606644611036,0.0,0.8617749726249342,-0.9654615821340617
San Francisco,2024-05-04,8,False,0.0,11.32655799021903,0.29759851798674686,0.040080421080650463,0.0,0.9073769276198128,-0.5386668885776751
San Francisco,2024-05-04,13,False,0.0,12.844807480755488,-0.30422547693058033,0.034737801475029584,0.0,0.8362516658799644,-0.441213392625766
San Francisco,2024-05-11,4,False,0.0,6.658339761453383,0.7052066997113011,0.06940389528127577,0.0,0.9434066308689583,-1.1869098748993792
San Francisco,2024-05-11,8,False,0.0,9.43281818171229,0.4192131301226296,0.04753392401980072,0.0,0.9447204058629309,-0.6844418544156008
San Francisco,2024-05-11,13,False,0.0,10.483698937932791,-0.19289714843403605,0.042272882706515524,0.0,0.7698890593307374,-0.5736844593350976
San Francisco,2024-05-18,4,False,0.0,4.926240636545246,0.2579978590716884,0.11835193083416673,0.0,0.9470422356457047,-1.6771824219367915
San Francisco,2024-05-18,8,False,0.0,7.058894335213347,-0.13159837617328662,0.08074236327378603,0.0,0.8760315888312362,-0.969733567222709
San Francisco,2024-05-18,13,False,0.0,7.81750762493726,-0.9759837288557704,0.07231201036833701,0.0,0.6370767109931323,-0.8157073479702801
San Francisco,2024-05-25,4,False,0.0,4.307670947980494,0.6849855802973324,0.13967803220681174,0.0,0.8141680565658663,-1.958281259304754
San Francisco,2024-05-25,8,False,0.0,5.529112902131383,0.1766392825223123,0.10743258845094006,0.0,0.7246222960799251,-1.2873238064440309
San Francisco,2024-05-25,13,False,0.0,6.0997166051260265,-0.556983504702026,0.09679451526268801,0.0,0.5020816526143645,-1.0855866756024342
San Francisco,2024-06-01,4,False,0.0,4.28707269743003,0.9409612900609343,0.14228469783181574,0.0,0.833909408948031,-1.9895556045355889
San Francisco,2024-06-01,8,False,0.0,4.405939159931995,0.2792969955251896,0.13827410623735203,0.0,0.49516093213120604,-1.6627502669591019
San Francisco,2024-06-01,13,False,0.0,4.8231784273202924,-0.3863167793280655,0.1257610961423571,0.0,0.28356131355438474,-1.4123042178910383
San Francisco,2024-06-08,4,False,0.0,2.995975556469356,0.3044852422399603,0.16647643655899635,0.0,0.5482899628017295,-2.945063381812277
San Francisco,2024-06-08,8,False,0.0,2.8451876200978083,-1.227391501976602,0.1755717716945041,0.0,0.09437406985224317,-2.649943017819632
San Francisco,2024-06-08,13,False,0.0,3.0542118136022083,-2.6644595409402347,0.16320410484712145,0.0,-0.06449037061685536,-2.302823104154944
San Francisco,2024-06-15,4,False,0.0,2.1638833141970104,0.19775417104303794,0.21603637226619155,0.0,0.09177147718503709,-4.175085068429431
San Francisco,2024-06-15,8,False,0.0,2.0383575343685143,-0.7988422872308125,0.22963453501454634,0.0,-0.24710263462433568,-3.7547279145345973
San Francisco,2024-06-15,13,False,0.0,2.257164419449321,-1.706717891406548,0.20691084100718327,0.0,-0.18045873754114172,-3.155921071644408
San Francisco,2024-06-22,4,False,0.0,0.8090150241678399,-5.373352496861885,-0.29522110070082275,0.0,-1.0690451179839409,-10.464249814170609
San Francisco,2024-06-22,8,False,0.0,0.7794560922877388,-10.570585422700514,-0.061246095564442715,0.0,-2.4844593908650494,-9.19236743482863
San Francisco,2024-06-22,13,False,0.0,1.2041134054554001,-10.039477187525058,0.017776078066346956,0.0,-1.3664615892102896,-5.593199814998619
San Francisco,2024-06-29,4,False,0.0,2.1992890498350244,-1.6814221060196992,-0.2826707549437031,0.0,0.09846608775823384,-2.435635108746715
San Francisco,2024-06-29,8,False,0.0,1.569847068517828,-4.199033553011485,-0.3935707082038593,0.0,-0.6581065987484607,-3.4846503202944294
San Francisco,2024-06-29,13,False,0.0,2.205932600984252,-3.6362564253717773,-0.15456631750396865,0.0,-0.2048405142925913,-2.5814216234743568
San Francisco,2024-07-06,4,False,0.0,0.8275633312379244,-3.3555339838949205,-0.3798602137782887,0.0,-0.6001130069839642,-9.7686747568141
San Francisco,2024-07-06,8,False,0.0,0.6781601663337709,-9.473451852196037,-0.20047879295370685,0.0,-1.0086746865063096,-10.682529771826365
San Francisco,2024-07-06,13,False,0.0,2.6600296335374587,-3.8535537918073324,0.04797993427790126,0.0,0.5760458335731491,-2.51721681608636
San Francisco,2024-07-13,4,False,0.0,0.9052599360006269,-1.3454934615204537,-0.0065125977410946945,0.0,-0.1002252317090051,-9.790447675158475
San Francisco,2024-07-13,8,False,0.0,0.850493125084053,-3.0217493592074867,0.22599381411698327,0.0,-0.008589883246516772,-9.01007080890899
San Francisco,2024-07-13,13,False,0.0,3.821114913656261,-1.0267540191634614,0.09088667765085434,0.0,0.8295454185647172,-1.7686632687832669
San Francisco,2024-07-20,4,False,0.0,1.208669896881329,-0.36147448908202673,0.23245041748618778,0.0,0.7286439669967057,-7.4842269342127565
San Francisco,2024-07-20,8,False,0.0,1.406073049750609,-0.6297910618395182,0.26106685859048795,0.0,0.7790990309016697,-5.462086777730691
San Francisco,2024-07-20,13,False,0.0,4.861715986398939,-0.2745935633206005,0.08728516631617811,0.0,0.8849376415013858,-1.3797172524552233
San Francisco,2024-07-27,4,False,0.0,1.5994078935721825,-0.24170252033617579,0.3723147678545795,0.0,0.4395587856628038,-5.700404875094982
San Francisco,2024-07-27,8,False,0.0,2.3403413654525704,-0.29298448997191384,0.24196155009259523,0.0,0.5472423542661076,-3.2409973400783887
San Francisco,2024-07-27,13,False,0.0,5.818268463696485,-0.173628416130855,0.09534379502683266,0.0,0.7633107305714478,-1.144362089678216
San Francisco,2024-08-03,4,False,0.0,0.6352801562889274,-7.37572832955118,-1.0093549310830516,0.0,0.5807212456148243,-12.868209283138953
San Francisco,2024-08-03,8,False,0.0,2.2284338414680027,-1.9857180732197395,-0.07608117385967073,0.0,0.7784457312457429,-3.0996405410856314
San Francisco,2024-08-03,13,False,0.0,5.005887946872309,-0.521885212189974,0.024677960739670213,0.0,0.8617463230146944,-1.2791208205595508
San Francisco,2024-08-10,4,False,0.0,0.7556871752721264,-0.11407793940314281,-0.9302297471696552,0.0,-0.09413682237802412,-10.447784197187026
San Francisco,2024-08-10,8,False,0.0,3.5146916234202434,0.01721802129739991,-0.0069769033361846144,0.0,0.6691305293972929,-1.9198272567947958
San Francisco,2024-08-10,13,False,0.0,5.3220367425490815,0.03204357997887408,0.043444100686906295,0.0,0.7950138830173952,-1.2336597763961246
San Francisco,2024-08-17,4,False,0.0,0.8897620879406941,-0.9208127058810227,-0.3178896311815371,0.0,-0.8081504215396258,-9.772238082569567
San Francisco,2024-08-17,8,False,0.0,4.913729071384347,-0.40317665934351044,0.03374191955525552,0.0,0.6033218306972981,-1.4239163059327766
San Francisco,2024-08-17,13,False,0.0,5.612975076131711,-0.5937662362946778,0.06130067332396749,0.0,0.7053958816824928,-1.217048175008844
San Francisco,2024-08-24,4,False,0.0,2.2291406273897887,-0.10405081770906288,0.04825743408621108,0.0,0.341580766644743,-3.851088943993078
San Francisco,2024-08-24,8,False,0.0,6.314432298341342,-0.07388086453726572,0.05118257265648429,0.0,0.7097481296638692,-1.1199084554986665
San Francisco,2024-08-24,13,False,0.0,5.962531990593764,-0.0889154782473367,0.05453534180942066,0.0,0.7571525932363077,-1.0905670450048968
San Francisco,2024-08-31,4,False,0.0,4.952039916509328,-0.360933898290172,0.11936528661406187,0.0,0.9347381439845772,-1.7343119678357324
San Francisco,2024-08-31,8,False,0.0,8.129780787169755,-0.38086486551803667,0.0702773373510428,0.0,0.9625936017515454,-0.8663873449226875
San Francisco,2024-08-31,13,False,0.0,7.2064543263550815,-0.4421900852423173,0.05352537502623511,0.0,0.9054194820854985,-0.7320293462077954
San Francisco,2024-09-07,4,False,0.0,6.658543170675693,0.3438793477599994,0.09926719340467582,0.0,0.7508527223949405,-1.2730971317561584
San Francisco,2024-09-07,8,False,0.0,8.116949671500874,0.49979042893812864,0.08015911974988854,0.0,0.7733169513225684,-0.8868136459472291
San Francisco,2024-09-07,13,False,0.0,8.016893041269306,-0.13807353190930782,0.04048061959311422,0.0,0.7117755255856963,-0.3135674120287828
San Francisco,2024-09-14,4,False,0.0,6.666620363040947,0.8017874568998905,0.10158827066807063,0.0,0.8747306112239708,-1.2971418051216963
San Francisco,2024-09-14,8,False,0.0,6.237588982576204,0.21842736796372286,0.10907477154824574,0.0,0.7879501307282006,-1.2134990847204614
San Francisco,2024-09-14,13,False,0.0,9.486941598706892,-1.1100283284107877,0.010394531928854422,0.0,0.8292917838583966,0.22465396127946458
San Francisco,2024-09-21,4,False,0.0,5.323352208641505,0.6106830436134322,0.1419102383128683,0.0,0.9036556093404234,-1.691039405558186
San Francisco,2024-09-21,8,False,0.0,4.106006565310293,-1.471919422279309,0.0891850926714789,0.0,0.812798327949349,-1.6835400008045158
San Francisco,2024-09-21,13,False,0.0,12.712540429887758,-1.522719696488346,-0.012807285108304978,0.0,0.9454574386748048,0.47580892084962256
San Francisco,2024-09-28,4,False,0.0,2.0581412164551964,-2.271810308498102,0.4879682575095067,0.0,0.7738043683471183,-4.642251039119908
San Francisco,2024-09-28,8,False,0.0,4.4242110976418925,-3.3592821672477386,-0.010752462082744607,0.0,0.7186096854440035,-0.4591663451486345
San Francisco,2024-09-28,13,False,0.0,18.580944632999024,-1.660116402580698,-0.03167332019080149,0.0,0.9290165705379609,0.5160515439013865
San Francisco,2024-10-05,4,False,0.0,1.3965179505059508,-4.090593436692059,-0.6178687042135009,0.0,0.014192866425121298,-5.330631480097606
San Francisco,2024-10-05,8,False,0.0,7.9260754630117685,-1.458748481982144,-0.129626239533974,0.0,0.7571263144613924,0.7827321255022259
San Francisco,2024-10-05,13,False,0.0,26.506298316114417,-0.8547552134421263,-0.04746300633468725,0.0,0.8102721705846005,0.43616591297951646
San Francisco,2024-10-12,4,False,0.0,3.3750685152191715,-0.2958701723129036,-0.32160479543311316,0.0,0.7271960080433006,-1.0642739696068881
San Francisco,2024-10-12,8,False,0.0,12.407557037425432,-0.16327855060861207,-0.09512584510656219,0.0,0.9077448612528847,0.8173168515586366
San Francisco,2024-10-12,13,False,0.0,34.05856921488753,-0.11779579961988484,-0.04132924574356567,0.0,0.870770573759888,0.36765230069321153
San Francisco,2024-10-19,4,False,0.0,5.501730608509948,0.23917064211787697,-0.21014741517161828,0.0,0.7021354354865026,0.07447618203892903
San Francisco,2024-10-19,8,False,0.0,17.217045702508493,0.15947303553170133,-0.07460980919113869,0.0,0.9128696784839438,0.6226261166584295
San Francisco,2024-10-19,13,False,0.0,40.31829482727212,0.13425966730438876,-0.03813958229713532,0.0,0.8773140777107888,0.324033432550925
San Francisco,2024-10-26,4,False,0.0,7.8810050931629485,0.42843989130770754,-0.14521260777948397,0.0,0.7810914105192277,0.5562566464032971
San Francisco,2024-10-26,8,False,0.0,22.43720331440759,0.3225578645992344,-0.05788761097162709,0.0,0.9358719589621591,0.5037243302534264
San Francisco,2024-10-26,13,False,0.0,44.58396001723629,0.31048502212659157,-0.034401899580426276,0.0,0.875450348846878,0.2953587875986128
San Francisco,2024-11-02,4,False,0.0,10.30958088308134,0.6552733610558447,-0.11619901100317565,0.0,0.9694065686787072,0.793441771380798
San Francisco,2024-11-02,8,False,0.0,27.272833374554583,0.5406127543385099,-0.05067988967781267,0.0,0.9704616368611053,0.43118899107269726
San Francisco,2024-11-02,13,False,0.0,45.93470392674182,0.5827000946641245,-0.03450228571571179,0.0,0.8688613458564157,0.27801298884031445
San Francisco,2024-11-09,4,False,0.0,13.36261133662867,0.6231066014622519,-0.09036631866955402,0.0,0.9813807127055544,0.8186777830333017
San Francisco,2024-11-09,8,False,0.0,32.62796234664363,0.5655116503604605,-0.04329853781997084,0.0,0.8215800551052662,0.3742234399480484
San Francisco,2024-11-09,13,False,0.0,45.66355785593986,0.6636027027579754,-0.03397889511167129,0.0,0.8397558134081288,0.26574456083023446
San Francisco,2024-11-16,4,False,0.0,16.649314746440297,0.6678083112314376,-0.06778978343992659,0.0,0.9756571121854545,0.6928017240579047
San Francisco,2024-11-16,8,False,0.0,37.09268937908847,0.6655997384483265,-0.03576056662930904,0.0,0.8394922122083743,0.33432097967865126
San Francisco,2024-11-16,13,False,0.0,43.42818555834787,0.6907837793618964,-0.03195517775606738,0.0,0.8027747283489836,0.25996489677376855
San Francisco,2024-11-23,4,False,0.0,19.498988304858877,0.7933323286950168,-0.050159919435854405,0.0,0.9611977246683321,0.5935607189768484
San Francisco,2024-11-23,8,False,0.0,38.5285445812337,0.8585135459858264,-0.02942804071195737,0.0,0.8241577968485839,0.3118588504393207
San Francisco,2024-11-23,13,False,0.0,38.626739210430486,0.5473129554638905,-0.029374037229841665,0.0,0.7380060131441415,0.2645556055266476
San Francisco,2024-11-30,4,False,0.0,20.41496450226435,0.9303211255596733,-0.0344202716282922,0.0,0.9570369676651325,0.551480492899529
San Francisco,2024-11-30,8,False,0.0,35.08845902436505,0.7212629843856408,-0.02246655132800779,0.0,0.7793347099549864,0.3109793976739623
San Francisco,2024-11-30,13,False,0.0,30.541986735572873,-0.08669603324599184,-0.024942236575668852,0.0,0.6107302639797627,0.24425967708784502
San Francisco,2024-12-07,4,False,0.0,22.06201397670221,0.9811215383372094,-0.022588572247932648,0.0,0.4899523422047176,0.497734149943855
San Francisco,2024-12-07,8,False,0.0,29.694384690837545,0.6011741793672318,-0.017832007904249547,0.0,0.6810155991504419,0.32376147172457936
San Francisco,2024-12-07,13,False,0.0,22.221301478772347,-0.5771330918755488,-0.019629277844265047,0.0,0.37611706525706134,0.12111869568091527
San Francisco,2024-12-14,4,False,0.0,21.871054954731743,0.8847569094061366,-0.013750192195816524,0.0,0.43940307079620666,0.4724393070599008
San Francisco,2024-12-14,8,False,0.0,21.81615069381867,0.05951915906763394,-0.013778586819872762,0.0,0.48903358161355637,0.2865793299976781
San Francisco,2024-12-14,13,False,0.0,15.86874386912956,-1.8405788653962416,-0.010840791057072696,0.0,0.05145935283161729,-0.07583451516057638
San Francisco,2024-12-21,4,False,0.0,17.94381373042806,0.5732470746595753,-0.002755691825277351,0.0,0.2759336941341861,0.5093194780685836
San Francisco,2024-12-21,8,False,0.0,12.447792376099773,-1.3912888282778781,-0.002945281082099349,0.0,-0.03764480213037835,-0.008753894153031627
San Francisco,2024-12-21,13,False,0.0,13.247120315775074,-3.0472417294292518,-0.0006626948062420368,0.0,-0.23696364840227657,-0.2599513676991514
San Francisco,2024-12-28,4,False,0.0,11.05011702310423,-0.013935051110168795,0.007394411845001447,0.0,-0.39932770839589415,0.30617578374033017
San Francisco,2024-12-28,8,False,0.0,8.826118073427052,-2.737230570254761,0.0007357859531772482,0.0,-0.6061782385456511,-0.4195759874614313
San Francisco,2024-12-28,13,False,0.0,14.920960772246705,-2.6756668639445373,-0.0011608385450401215,0.0,-0.10489864150885309,-0.2653878705592301
San Francisco,2025-01-04,4,False,0.0,4.732379423704865,-3.615545982155899,0.0017175679462035909,0.0,0.45322355262775593,-0.8278365707386532
San Francisco,2025-01-04,8,False,0.0,11.380700318717452,-2.82028671481711,-0.0058283997803108,0.0,0.3539325784182884,-0.3723882673731518
San Francisco,2025-01-04,13,False,0.0,20.091633137724784,-2.1574888268757593,-0.004200743885725666,0.0,0.4377722439681241,-0.17286149554449137
San Francisco,2025-01-11,4,False,0.0,9.247106116418328,-1.2193490107623735,-0.024398173146749302,0.0,0.5437855876683462,-0.5639730509848009
San Francisco,2025-01-11,8,False,0.0,17.39940461620297,-1.0300351015045521,-0.011801887165441505,0.0,0.4937162325989437,-0.22172190255190194
San Francisco,2025-01-11,13,False,0.0,26.0671915251686,-0.9190152931883486,-0.007050917433895076,0.0,0.5080744503805585,-0.11653216292448176
San Francisco,2025-01-18,4,False,0.0,13.27547882163441,0.1483632202110139,-0.01688928770785969,0.0,0.5319541210668366,-0.38460682387999934
San Francisco,2025-01-18,8,False,0.0,20.874932774914406,0.1501041276250249,-0.009799606202260058,0.0,0.5297542959268005,-0.18053225330643308
San Francisco,2025-01-18,13,False,0.0,28.904664855369422,0.14577565533444858,-0.006359057985077188,0.0,0.5152650622495738,-0.10349150679433716
San Francisco,2025-01-25,4,False,0.0,13.017666896829057,0.8711155144599887,-0.010133551336735103,0.0,0.2062821442298598,-0.4256585566499582
San Francisco,2025-01-25,8,False,0.0,20.629744544275436,0.8714468034847753,-0.005834823209816875,0.0,0.3782175741872238,-0.19695900787181064
San Francisco,2025-01-25,13,False,0.0,28.373308939012247,0.8576381600911513,-0.0038285002129903045,0.0,0.3976295773327707,-0.11466366507205472
San Francisco,2025-02-01,4,False,0.0,10.656456296276225,0.5762903463271645,-0.002047502166791837,0.0,0.13545086465321332,-0.5780792545435243
San Francisco,2025-02-01,8,False,0.0,18.64912417587516,0.7139435931753939,-0.0010653143967418455,0.0,0.38266469095579125,-0.24165203985260453
San Francisco,2025-02-01,13,False,0.0,26.373377678038203,0.7629534431989227,-0.0006817782262842353,0.0,0.3952103026224971,-0.13766440392063628
Seattle,2023-02-04,4,False,0.0,9.926822188068765,0.840992908993001,0.48560001673895026,0.0,-0.19181824397825742,-0.5002342758650449
Seattle,2023-02-04,8,False,0.0,11.932382207164924,0.5926739286130053,0.43295272606588286,0.0,-0.6757727869231889,-0.35514614687372115
Seattle,2023-02-04,13,False,0.0,10.726973958975426,-0.2410235723873373,0.4636870371659083,0.0,-1.7707624053420066,-0.35655584420421116
Seattle,2023-02-11,4,False,0.0,8.426302416258846,0.6869633020582275,0.5643394516413933,0.0,-0.4144950373760181,-0.6735488329460302
Seattle,2023-02-11,8,False,0.0,8.526731067048003,-0.3177179198957871,0.5864379683884605,0.0,-1.4991305434912432,-0.5569949349343626
Seattle,2023-02-11,13,False,0.0,6.823772767777172,-2.4337045566325326,0.4813742619438194,0.0,-3.4394697378297545,-0.5138521269344702
Seattle,2023-02-18,4,False,0.0,5.717174179901401,0.11485395027772727,0.8509802491000373,0.0,-1.225656743271951,-1.1022167732544679
Seattle,2023-02-18,8,False,0.0,4.658360745165887,-2.0912475012167855,0.61410425120625,0.0,-3.7852750728680045,-1.1237590178314076
Seattle,2023-02-18,13,False,0.0,4.829473012388188,-4.578169161713662,-0.06305214014758609,0.0,-5.3458954828262115,-0.1769510603644282
Seattle,2023-02-25,4,False,0.0,1.966822729607521,-3.0529479960793964,-1.032862585161924,0.0,-4.988977751028038,-3.467679045710134
Seattle,2023-02-25,8,False,0.0,1.5723108252342115,-9.880079219860113,-2.4844320952134904,0.0,-11.79053956101525,-2.845876051762566
Seattle,2023-02-25,13,False,0.0,5.240333180030862,-4.60956979277486,-0.8403921814610691,0.0,-4.25729311166153,0.49309655296070687
Seattle,2023-03-04,4,False,0.0,1.1228858110950812,-4.453136042782279,-4.895835216298192,0.0,-10.060910643844068,-4.514999806994473
Seattle,2023-03-04,8,False,0.0,2.644506494699373,-3.4617562207294776,-2.0952088242283957,0.0,-6.356762131265605,-0.25796674046297396
Seattle,2023-03-04,13,False,0.0,7.710313927673582,-1.714377149251812,-0.6869216085204546,0.0,-2.356656320045927,0.6261641859469356
Seattle,2023-03-11,4,False,0.0,2.1951529533076153,-0.6215110702028512,-2.517766665905763,0.0,-5.064014838288969,-1.2203634692466725
Seattle,2023-03-11,8,False,0.0,4.349773680760974,-0.546669992863525,-1.2426225434414162,0.0,-3.330941645116874,0.5416607445187525
Seattle,2023-03-11,13,False,0.0,9.959928044033637,-0.3389354052144937,-0.5108572015206281,0.0,-1.4614916825779747,0.48537530123611294
Seattle,2023-03-18,4,False,0.0,2.358071113835459,0.6056821571420752,-2.3951754836583516,0.0,-4.129889140654124,-1.0034923679103072
Seattle,2023-03-18,8,False,0.0,5.431376481694003,0.45071308288555767,-1.0071520617323122,0.0,-2.0288445412794682,0.8281335603960525
Seattle,2023-03-18,13,False,0.0,11.31673523519854,0.30616174313155764,-0.45329236406163154,0.0,-0.8752905108190485,0.41114560374401554
Seattle,2023-03-25,4,False,0.0,2.057858740870472,0.5142501237452646,-2.5096628789734066,0.0,-4.035830945361099,-1.4069847853458692
Seattle,2023-03-25,8,False,0.0,6.239668974592165,0.6175707302631973,-0.7923534149749059,0.0,-1.3510514194254846,0.8205972390407384
Seattle,2023-03-25,13,False,0.0,12.219254057104688,0.514424184647648,-0.3788051936295811,0.0,-0.5093154027320079,0.36189635099237105
Seattle,2023-04-01,4,False,0.0,1.5371036345288362,-0.37172386248504874,-3.0323226057617925,0.0,-6.258380137832856,-2.1845262111109953
Seattle,2023-04-01,8,False,0.0,6.906026035156472,0.5674809970251602,-0.6389930152251675,0.0,-1.2011028634384338,0.6870511573674237
Seattle,2023-04-01,13,False,0.0,12.853970151162434,0.5654758141642497,-0.3215454408528917,0.0,-0.4206931221516994,0.324251033924862
Seattle,2023-04-08,4,False,0.0,3.4145425857652336,-0.019957695986004165,-1.199732168655912,0.0,-2.0656805479225397,0.17212334329095647
Seattle,2023-04-08,8,False,0.0,9.22442139420599,-0.012196017834154027,-0.4173832225992853,0.0,-0.548004562107306,0.5203812434743822
Seattle,2023-04-08,13,False,0.0,14.782669474589577,-0.01090739053062495,-0.24450072736522954,0.0,-0.13477475413046291,0.2781469901267799
Seattle,2023-04-15,4,False,0.0,5.7133902427333805,0.13868429474496846,-0.6268975315080445,0.0,-0.8755510072454071,0.8664732950048284
Seattle,2023-04-15,8,False,0.0,11.523077033899881,0.11361076289850103,-0.2916768583208418,0.0,-0.24686316164371713,0.40083708811829377
Seattle,2023-04-15,13,False,0.0,16.447938503379287,0.11536195137890903,-0.19296836830821884,0.0,0.005934308217891315,0.24414680350822515
Seattle,2023-04-22,4,False,0.0,7.17588062890494,0.5500627415130437,-0.4766803451317496,0.0,-0.5607836866664349,0.7718876799199735
Seattle,2023-04-22,8,False,0.0,12.570579830155658,0.5230229968076123,-0.2562972230809337,0.0,-0.07731380838154656,0.34395974283830544
Seattle,2023-04-22,13,False,0.0,16.929321059612885,0.5683790711813492,-0.18082140174823946,0.0,0.10495049502893672,0.22456564150339065
Seattle,2023-04-29,4,False,0.0,8.843100330616322,0.4452400318768741,-0.3479707552745539,0.0,-0.15048938637900644,0.5809764111255701
Seattle,2023-04-29,8,False,0.0,13.695726806063075,0.4820352003604398,-0.2127183557298904,0.0,0.1277275033385613,0.2948243574503353
Seattle,2023-04-29,13,False,0.0,17.42643310689188,0.5595284807866592,-0.1599522279423511,0.0,0.2488911050506195,0.20572272083366439
Seattle,2023-05-06,4,False,0.0,8.190447776810238,0.9265631001730122,-0.34478438992813065,0.0,-0.12764394363450737,0.5519305735941216
Seattle,2023-05-06,8,False,0.0,12.706522910705559,0.8511058619202205,-0.2113111629456519,0.0,0.17047363766589518,0.2809977914814501
Seattle,2023-05-06,13,False,0.0,16.07624117155164,0.6573067368265413,-0.16057124902716136,0.0,0.2899947325568146,0.19786140036431465
Seattle,2023-05-13,4,False,0.0,7.614127747569202,0.8827506864603514,-0.3451830010246748,0.0,-0.03575148823560892,0.5151643882618135
Seattle,2023-05-13,8,False,0.0,11.366606250972781,0.7435564980385034,-0.22183525049288821,0.0,0.25996096534033886,0.2774933590971058
Seattle,2023-05-13,13,False,0.0,14.662970743020804,0.5623282151649184,-0.1655691990334871,0.0,0.3759450161981641,0.19076050587145343
Seattle,2023-05-20,4,False,0.0,6.239476957294112,0.5476780709453295,-0.4139959952170964,0.0,0.524755469703944,0.5326419877136627
Seattle,2023-05-20,8,False,0.0,9.415099177884517,0.33816461660029606,-0.2650667283693453,0.0,0.6049711078140377,0.287472305648657
Seattle,2023-05-20,13,False,0.0,12.73263466019469,0.18064102067386645,-0.18882430303165165,0.0,0.6722952611146986,0.1879001159124517
Seattle,2023-05-27,4,False,0.0,6.036270149980287,0.9411956350824593,-0.38356383928911675,0.0,0.5165639937894296,0.4797085438721407
Seattle,2023-05-27,8,False,0.0,8.486132167368597,0.7147202551693701,-0.26571935979205685,0.0,0.6052889081599266,0.2813630643569873
Seattle,2023-05-27,13,False,0.0,11.750335213882114,0.6328079471229853,-0.18505843524448462,0.0,0.702524126882685,0.17961406679807812
Seattle,2023-06-03,4,False,0.0,6.1287194320216205,0.8132445321655658,-0.34257107395311426,0.0,0.6602535895723429,0.4182630235988618
Seattle,2023-06-03,8,False,0.0,8.045636599958232,0.7706181613988343,-0.25562281684140586,0.0,0.6906499814269047,0.2634952104253827
Seattle,2023-06-03,13,False,0.0,11.043116812899386,0.7577927897713431,-0.1801671375980387,0.0,0.7913927029276744,0.1708741462271246
Seattle,2023-06-10,4,False,0.0,4.006300639182639,-0.013269854475722376,-0.44624073692761157,0.0,0.5626247137504197,0.5241313013760518
Seattle,2023-06-10,8,False,0.0,6.316358971246724,-0.2200027224212957,-0.27622754224502044,0.0,0.6101206039620846,0.2707579767950321
Seattle,2023-06-10,13,False,0.0,8.95827720591978,-0.3481338109276284,-0.1892718347068656,0.0,0.7738563066957268,0.17198738687983484
Seattle,2023-06-17,4,False,0.0,3.3492117665956194,0.5613618199466832,-0.492843217666054,0.0,0.37809691615214047,0.5525260900800202
Seattle,2023-06-17,8,False,0.0,6.075280405199732,0.7645337422902381,-0.2640338278241947,0.0,0.5988862783102098,0.24554398495018293
Seattle,2023-06-17,13,False,0.0,8.351020872890281,0.6774934820703984,-0.18742782046569606,0.0,0.7895058604584663,0.162416160735117
Seattle,2023-06-24,4,False,0.0,1.6222498891657413,-1.8761465527170973,-0.9222620549707519,0.0,0.4448804391741158,0.7286745376728629
Seattle,2023-06-24,8,False,0.0,4.769521884095227,-0.26521895172571663,-0.3036521263711307,0.0,0.787005677133288,0.2487945925531969
Seattle,2023-06-24,13,False,0.0,6.839118984307337,-0.39701756739859406,-0.2071613035953228,0.0,0.8433485748887611,0.15856105932294406
Seattle,2023-07-01,4,False,0.0,1.891578488670234,0.2168187413274003,-0.5233292788897017,0.0,0.22677636027418024,0.545494189072153
Seattle,2023-07-01,8,False,0.0,4.88757600594826,0.7748865955363555,-0.23499302019382196,0.0,0.7505703645048476,0.21016320312626646
Seattle,2023-07-01,13,False,0.0,6.766495805415475,0.7718712637985206,-0.17723294580682292,0.0,0.8060657906726679,0.1398961550765574
Seattle,2023-07-08,4,False,0.0,4.181215982931335,-0.46235775619307473,-0.31411731860964665,0.0,0.5094445225925397,0.32416877126278076
Seattle,2023-07-08,8,False,0.0,6.552345680338094,-0.5161198821851858,-0.19548589694232743,0.0,0.7972196072540708,0.17110029346396916
Seattle,2023-07-08,13,False,0.0,8.426936671016344,-0.6090458605967122,-0.14895045719998867,0.0,0.8062815831976309,0.12109865695419875
Seattle,2023-07-15,4,False,0.0,4.885337913767975,0.5724658498782158,-0.23212895357021934,0.0,0.7920993228495662,0.24039784454103774
Seattle,2023-07-15,8,False,0.0,6.43123519365168,0.7420517974255663,-0.173465438087415,0.0,0.8481284727813276,0.15312376030219232
Seattle,2023-07-15,13,False,0.0,8.221271498526486,0.8426745076758009,-0.13310044247929143,0.0,0.7563013168839313,0.10880681012632831
Seattle,2023-07-22,4,False,0.0,4.799031670486194,0.8282156088914634,-0.2133135236487822,0.0,0.7721600182500216,0.19483657953164812
Seattle,2023-07-22,8,False,0.0,5.749995518039796,0.6095369903089689,-0.17625624487776026,0.0,0.8270545511609977,0.1369646185323029
Seattle,2023-07-22,13,False,0.0,7.340073087769775,0.44138230388858224,-0.13574448958664953,0.0,0.7019122585124395,0.09777390893596627
Seattle,2023-07-29,4,False,0.0,3.7624722108866004,0.5043505696624493,-0.2531747953255732,0.0,0.7645853511350532,0.16653067225027374
Seattle,2023-07-29,8,False,0.0,4.4178741552104315,-0.20030690659206818,-0.21414732571098782,0.0,0.7652532673748829,0.1193028650177318
Seattle,2023-07-29,13,False,0.0,5.697576067353408,-0.588255395044212,-0.16382570075900027,0.0,0.5567208251576078,0.08498751277045702
Seattle,2023-08-05,4,False,0.0,1.4315705387577975,-2.608603913614819,-0.5860528367949731,0.0,0.47179217857801914,0.1791481111992569
Seattle,2023-08-05,8,False,0.0,2.519870704828352,-2.630561257666429,-0.3292680008332718,0.0,0.5758137960830554,0.0845431640914216
Seattle,2023-08-05,13,False,0.0,3.302274932329447,-3.4561900070688383,-0.2492382636181456,0.0,0.17608345986096685,0.06013248430288609
Seattle,2023-08-12,4,False,0.0,0.5949924215397098,-2.185429183823463,-1.318830489028882,0.0,0.2606810684078831,0.19591733746898066
Seattle,2023-08-12,8,False,0.0,2.1982614397731277,0.012007474264685958,-0.3512039430624405,0.0,0.4309984154608252,0.0436521865299766
Seattle,2023-08-12,13,False,0.0,2.3554597796473433,-0.9284763071795976,-0.30039335711858817,0.0,-0.36269884830810417,0.022221631459717228
Seattle,2023-08-19,4,False,0.0,0.5615356659567037,-0.35466885821586325,-1.3042801525779901,0.0,0.3479562212706949,0.06264648363860292
Seattle,2023-08-19,8,False,0.0,2.2827480120326946,0.6237309828166687,-0.3378811699727271,0.0,0.3256961088036042,0.016678806165087545
Seattle,2023-08-19,13,False,0.0,2.2700093185167596,-0.07475137106138008,-0.23447670146937716,0.0,-0.6790965584250042,0.0033995056108386823
Seattle,2023-08-26,4,False,0.0,1.023607280805968,0.1964063624012915,-0.22200134569757846,0.0,0.2801646195837528,-0.012218800362275184
Seattle,2023-08-26,8,False,0.0,2.355547034848034,0.5811490386076161,-0.2014842565197552,0.0,0.06677821394162231,-0.006344043484017403
Seattle,2023-08-26,13,False,0.0,2.798068184753538,-0.32279365958295214,-0.08016035027954937,0.0,-0.6409608258155013,0.0006060756705176251
Seattle,2023-09-02,4,False,0.0,2.3647755755245132,-0.7227796641241551,-0.28029101158129177,0.0,0.4851073693447251,0.03309997587036273
Seattle,2023-09-02,8,False,0.0,3.0901033483781735,-0.9913162934986848,-0.21290590115366403,0.0,0.06815669951395509,0.0215367955711514
Seattle,2023-09-02,13,False,0.0,4.105911493685413,-0.35279699178477353,-0.05680425498277164,0.0,-0.29829335481774555,-0.005743718585013324
Seattle,2023-09-09,4,False,0.0,3.17784686372643,0.28070971266624456,-0.22052464954676698,0.0,0.534787253235544,0.009212019359688184
Seattle,2023-09-09,8,False,0.0,2.852561637675731,0.3594299023292449,-0.2464970269943041,0.0,-0.1512099265102853,0.008877844723069517
Seattle,2023-09-09,13,False,0.0,5.635105749596921,-0.1971978259168028,-0.022402940878449407,0.0,0.010103934928301084,-0.0025770760975010187
Seattle,2023-09-16,4,False,0.0,2.652696456991154,0.7298608901873678,-0.23601856362711282,0.0,0.4470163660128653,-0.05142539212600328
Seattle,2023-09-16,8,False,0.0,1.9927282559925756,-1.1857392123281265,-0.20430959501650525,0.0,-0.7991828394924947,0.0074489274030680175
Seattle,2023-09-16,13,False,0.0,7.880190686139556,-0.9694259043704467,0.005027107803532993,0.0,0.28969433539295664,0.01318824945301178
Seattle,2023-09-23,4,False,0.0,1.5701105256886567,-0.17591100781835367,-0.33809281866351704,0.0,0.2784692316061609,-0.1964338227830711
Seattle,2023-09-23,8,False,0.0,2.290990030061344,-1.9033477667258931,-0.011977341566436595,0.0,-0.5220815588241945,0.085637032280236
Seattle,2023-09-23,13,False,0.0,11.392455038819877,-0.8297132466666322,0.021450903190636805,0.0,0.5370691017309355,0.02506055348793823
Seattle,2023-09-30,4,False,0.0,1.0908723911121605,-4.142067043159113,0.17551614380633873,0.0,-0.23642804154340147,0.49146432035322407
Seattle,2023-09-30,8,False,0.0,4.497097321729478,-1.9681209555645034,0.07379837223037577,0.0,0.19415787342569046,0.11426726005486831
Seattle,2023-09-30,13,False,0.0,17.135092317226132,-0.9594784862012333,0.025413662244531898,0.0,0.6928077789374673,0.034687540775514836
Seattle,2023-10-07,4,False,0.0,2.2864263148748445,-0.4809008580884562,0.1581916851590941,0.0,0.18995389004573116,0.2783915867952764
Seattle,2023-10-07,8,False,0.0,7.402556029182422,-0.28737945990501146,0.05130453676884994,0.0,0.48619612668474477,0.07985981852065882
Seattle,2023-10-07,13,False,0.0,23.21992180255375,-0.17379219625860287,0.01876476080546874,0.0,0.6956748054841828,0.030163361493415475
Seattle,2023-10-14,4,False,0.0,2.7703190752660327,0.7529182977413562,0.11317588044624871,0.0,0.24988527038997144,0.18885390182278772
Seattle,2023-10-14,8,False,0.0,9.85903514520843,0.41974801862793576,0.033995179206954274,0.0,0.6412278323123897,0.050751198149869836
Seattle,2023-10-14,13,False,0.0,28.610308648556526,0.2807927111413101,0.013714159834392836,0.0,0.7521282970954191,0.02119623017173833
Seattle,2023-10-21,4,False,0.0,3.659002923856517,0.635991395485506,0.10729542020585858,0.0,0.5454456119045531,0.1084797669826838
Seattle,2023-10-21,8,False,0.0,13.144138031957201,0.3611313328098421,0.03260144586875258,0.0,0.8137281138560268,0.0297970845733061
Seattle,2023-10-21,13,False,0.0,34.04675396696975,0.2730354313954001,0.01491136852557573,0.0,0.8115839529439428,0.013995862635858947
Seattle,2023-10-28,4,False,0.0,5.484417213997903,0.4948010224066831,0.08199864163602111,0.0,0.85854164206734,0.04567864822961609
Seattle,2023-10-28,8,False,0.0,17.231862038648448,0.32812568652848195,0.02900429340218813,0.0,0.9076851186194032,0.014656259038314912
Seattle,2023-10-28,13,False,0.0,38.93909498857961,0.281788310588601,0.015212039612851114,0.0,0.8535337304171335,0.007748439087547521
Seattle,2023-11-04,4,False,0.0,8.29086310208654,0.38044102614850706,0.05483091174328392,0.0,0.8897576298472641,0.00889524913650852
Seattle,2023-11-04,8,False,0.0,22.62432011103136,0.29726401069134556,0.022752780231821812,0.0,0.9646974911962805,0.003369922381835866
Seattle,2023-11-04,13,False,0.0,43.23154685741935,0.2927753263335091,0.013908212051728874,0.0,0.8873823352452775,0.002016690524564546
Seattle,2023-11-11,4,False,0.0,11.158475700281183,0.5293600882486841,0.04580972588051713,0.0,0.8051583035207744,-0.02415885881073354
Seattle,2023-11-11,8,False,0.0,28.075325685046547,0.45832100174827517,0.020977834183648958,0.0,0.7518710887339546,-0.010163054282454898
Seattle,2023-11-11,13,False,0.0,45.752418341852184,0.5060206053761386,0.01464946272591594,0.0,0.8814379366338994,-0.006715997073938773
Seattle,2023-11-18,4,False,0.0,14.416870058033576,0.567139941561372,0.04558716508534688,0.0,0.7308598423113574,-0.05308219331397401
Seattle,2023-11-18,8,False,0.0,33.25580570490349,0.5420334861111569,0.02301665308550238,0.0,0.7373303387777095,-0.02463161063686914
Seattle,2023-11-18,13,False,0.0,46.78812205584536,0.6591939852333035,0.01802099668413748,0.0,0.8618307360823776,-0.017724798431950406
Seattle,2023-11-25,4,False,0.0,15.719060906399534,0.9564064026534087,0.04528349058334269,0.0,0.7700159928358827,-0.10757717574221926
Seattle,2023-11-25,8,False,0.0,34.93727661426348,0.9336708807681691,0.023757704957585002,0.0,0.7541983537125603,-0.05132429219868828
Seattle,2023-11-25,13,False,0.0,43.988996110187536,0.7109827215894825,0.020134777984248342,0.0,0.8531280190648158,-0.03922406571073145
Seattle,2023-12-02,4,False,0.0,18.08439190804285,0.888120133643803,0.046604668503907765,0.0,0.7124441909139645,-0.15301966479117346
Seattle,2023-12-02,8,False,0.0,35.006950958009725,0.8911389933544733,0.02752597295274406,0.0,0.7330840039379807,-0.0797990070547836
Seattle,2023-12-02,13,False,0.0,40.18971895763735,0.5875768599861664,0.02489671407467764,0.0,0.812396254481218,-0.06460853501531783
Seattle,2023-12-09,4,False,0.0,20.56461243800695,0.8902928843455289,0.048181423802077794,0.0,0.20494109259252324,-0.19796864667321334
Seattle,2023-12-09,8,False,0.0,33.001272181849494,0.8009568281468955,0.03312115075743005,0.0,0.7125572121588701,-0.11620235422458625
Seattle,2023-12-09,13,False,0.0,34.883111849877544,0.32911671704080236,0.03177771463701762,0.0,0.7817295612047035,-0.09969347832860609
Seattle,2023-12-16,4,False,0.0,21.626451721693883,0.9482389616574691,0.05274608034724537,0.0,0.31257970276314284,-0.26023248291811596
Seattle,2023-12-16,8,False,0.0,28.538219584134183,0.5444483385926921,0.04224281292125398,0.0,0.6657822589398665,-0.17342326154411847
Seattle,2023-12-16,13,False,0.0,27.582978609692514,-0.24854051744243355,0.04338094412423299,0.0,0.7184975460419762,-0.15923618940168072
Seattle,2023-12-23,4,False,0.0,21.19018576378536,0.8647647464118411,0.06300224370628693,0.0,0.3307028775040002,-0.33502478381909717
Seattle,2023-12-23,8,False,0.0,23.197581890430353,0.2818833963760634,0.05850362763483474,0.0,0.5728808742575318,-0.2568031554563237
Seattle,2023-12-23,13,False,0.0,19.781641525391127,-0.9042841640461128,0.06670390543768279,0.0,0.5784357649604019,-0.26114948881613564
Seattle,2023-12-30,4,False,0.0,14.636792353026056,0.08776570692173735,0.11047772246392917,0.0,0.10021679920724869,-0.5977400671077029
Seattle,2023-12-30,8,False,0.0,13.768079226459601,-1.5849596005007824,0.1165584243826665,0.0,0.3655552856686721,-0.524150487592999
Seattle,2023-12-30,13,False,0.0,10.420810066204217,-4.66081989193965,0.09525525461568052,0.0,0.18969333871428196,-0.42332066309959604
Seattle,2024-01-06,4,True,0.8,6.965027039061765,-1.2886485796656153,0.24542189602315367,0.767872302858071,-0.4061502656516274,-1.430159720590471
Seattle,2024-01-06,8,True,0.8,4.777494237084007,-6.370013646216428,0.2668544981935693,0.5650112676750618,-0.5658787868567889,-1.7090537644137243
Seattle,2024-01-06,13,True,0.8,7.064902436685651,-7.074134002093134,0.03338046643326009,-0.007884114638265105,0.2937978735613965,0.19551593773260645
Seattle,2024-01-13,4,True,0.8,1.4447060295263658,-9.75760547280493,-0.2863174775292081,-2.365516332622914,-4.795406089491636,-6.514027764200424
Seattle,2024-01-13,8,True,0.8,3.363591061586895,-7.845111965665282,-0.3095753790820459,-1.2120010659313647,-0.5833605197421636,-0.8245299645443123
Seattle,2024-01-13,13,True,0.8,9.40233142158248,-4.010937577719117,-0.12648846983071782,-0.4323586291611967,0.47305290768137687,0.704657183057843
Seattle,2024-01-20,4,True,0.8,3.289246186214633,-1.6658676111229962,-0.520079983745604,-1.4701051295446392,-0.22128205503439569,-1.3141151798015303
Seattle,2024-01-20,8,True,0.8,6.59292974211345,-1.421640751588439,-0.25060691693631054,-0.7083881818217572,0.26139199243075584,0.5575924472571114
Seattle,2024-01-20,13,True,0.8,13.173666846372214,-0.9931603948464112,-0.1165833511830403,-0.3295450468201959,0.5239212120099572,0.5429867211166147
Seattle,2024-01-27,4,True,0.8,3.0662008233240647,0.8721155594295686,-0.5586536669475874,-1.580682492146586,-0.025444910579762725,-1.4858277593105567
Seattle,2024-01-27,8,True,0.8,7.540716449485707,0.6849153144926421,-0.21667356474148258,-0.6130669689669885,0.16062042099001783,0.8100057567492986
Seattle,2024-01-27,13,True,0.8,14.476844827034533,0.5108990661145019,-0.10439454613735277,-0.29537912506065145,0.4070390999531831,0.4666576141481352
Seattle,2024-02-03,4,False,0.0,2.804284924223531,0.6227551136375233,-0.5932393094851776,0.0,-1.090346331284898,-1.6405477739927954
Seattle,2024-02-03,8,False,0.0,8.381451700850873,0.633864113628016,-0.18709797975292153,0.0,-0.018718436271577543,0.9203805469476396
Seattle,2024-02-03,13,False,0.0,15.835760848316783,0.5124520862185488,-0.09096903883122698,0.0,0.3066642481362509,0.3991482059573417
Seattle,2024-02-10,4,False,0.0,3.463483864993191,0.6627071052501287,-0.481863185984134,0.0,-0.9312245228264524,-0.824646743861462
Seattle,2024-02-10,8,False,0.0,9.829855081545741,0.44083025425303335,-0.1585845766973295,0.0,0.1454631107873593,0.7550074355704618
Seattle,2024-02-10,13,False,0.0,17.830728784602016,0.3412820244256676,-0.07966831571449529,0.0,0.3958335344535263,0.3320329057324458
Seattle,2024-02-17,4,False,0.0,5.345617968273145,0.334213977641008,-0.29986461768824935,0.0,-0.31877367491466835,0.2541622622259926
Seattle,2024-02-17,8,False,0.0,11.902957633127055,0.24502911509239922,-0.1253397599729018,0.0,0.3127313652523166,0.5964413960230923
Seattle,2024-02-17,13,False,0.0,20.45325294967544,0.1911536565268075,-0.06586314326923559,0.0,0.493225616908999,0.27159961909718
Seattle,2024-02-24,4,False,0.0,7.966106077744615,0.26191101696886376,-0.18715165366164133,0.0,0.2976340541090755,0.7757960859225845
Seattle,2024-02-24,8,False,0.0,14.167764315673196,0.2417023105470245,-0.09813887111170927,0.0,0.5381709967179045,0.47704153403630745
Seattle,2024-02-24,13,False,0.0,23.109131294542998,0.1961504862284531,-0.053899297442637994,0.0,0.6292166018435222,0.22526017683867505
Seattle,2024-03-02,4,False,0.0,9.183424337821746,0.6014546247766815,-0.14865677024931312,0.0,0.5879854572730385,0.7379257468435922
Seattle,2024-03-02,8,False,0.0,15.415050013852651,0.5859451444950577,-0.0824845067270834,0.0,0.6540087817127322,0.40457471759131236
Seattle,2024-03-02,13,False,0.0,24.578588323600272,0.4835035699942244,-0.04612771526919324,0.0,0.7174114368647853,0.19441686412827952
Seattle,2024-03-09,4,False,0.0,9.626145789167238,0.7553277580513393,-0.1306463239266824,0.0,0.7542991150086973,0.6965132430107712
Seattle,2024-03-09,8,False,0.0,16.285582355148666,0.7214350366908835,-0.0715325640180029,0.0,0.7177354872682181,0.3454278090673155
Seattle,2024-03-09,13,False,0.0,25.48678426175298,0.6062738980763321,-0.04068413516992564,0.0,0.7757639575169761,0.16966824613868192
Seattle,2024-03-16,4,False,0.0,8.877000018812119,0.8844064031276738,-0.12488602580621233,0.0,0.818078384934752,0.6994286145680914
Seattle,2024-03-16,8,False,0.0,16.4856880115364,0.8492350988691815,-0.06163194704599695,0.0,0.7433375501091151,0.2994669858839909
Seattle,2024-03-16,13,False,0.0,25.60024610258663,0.7531383876482683,-0.03535732622828802,0.0,0.7984439104701191,0.1498379231518162
Seattle,2024-03-23,4,False,0.0,7.383026694827604,0.518589774740703,-0.13500765904045453,0.0,0.5112532316371592,0.8018473687066255
Seattle,2024-03-23,8,False,0.0,16.310372066693304,0.7932801373715318,-0.05522173280683296,0.0,0.6345856321755425,0.25885504684976623
Seattle,2024-03-23,13,False,0.0,25.2250575753447,0.8002197814106776,-0.03190260762520025,0.0,0.7183935934043679,0.13207615500006575
Seattle,2024-03-30,4,False,0.0,8.629913748041632,0.7086476346201709,-0.10379656736769216,0.0,0.2454807772306591,0.6136725911520402
Seattle,2024-03-30,8,False,0.0,18.112129147488464,0.5206894733039737,-0.044323646713261056,0.0,0.5618450325181642,0.20748362635789086
Seattle,2024-03-30,13,False,0.0,26.56712632296836,0.47785410384448435,-0.02709763288814626,0.0,0.6462156670689034,0.11298288102582621
Seattle,2024-04-06,4,False,0.0,10.3229081359798,0.6503155385755153,-0.07571598756399167,0.0,0.19750864048969619,0.4477136903662151
Seattle,2024-04-06,8,False,0.0,19.66931680205955,0.5290709632373094,-0.03559592827058089,0.0,0.5644858508286597,0.16869741738784128
Seattle,2024-04-06,13,False,0.0,27.564849251993927,0.5136195676983022,-0.022903501586831965,0.0,0.6180151353646315,0.09741275634920987
Seattle,2024-04-13,4,False,0.0,12.73234504463553,0.5084924669066869,-0.053115036242281866,0.0,0.2795313788247592,0.3133463330060293
Seattle,2024-04-13,8,False,0.0,21.376180184207065,0.47534246084085885,-0.02850339646983957,0.0,0.5900028878868144,0.13636586024146002
Seattle,2024-04-13,13,False,0.0,28.537156855386897,0.49062620830662507,-0.01940627422441854,0.0,0.6095783767978817,0.08390509664453139
Seattle,2024-04-20,4,False,0.0,14.627256972643462,0.5872221792264813,-0.040485172517514156,0.0,0.46531715110134586,0.22404142356946632
Seattle,2024-04-20,8,False,0.0,22.125792688317404,0.6211187930618235,-0.02441374758073045,0.0,0.6498962467222935,0.11080901330577264
Seattle,2024-04-20,13,False,0.0,28.618675307005592,0.6692122341433073,-0.017301140214737165,0.0,0.6381966969283757,0.07123209679903697
Seattle,2024-04-27,4,False,0.0,14.395083981632489,0.8749774162718277,-0.032461211447303295,0.0,0.6362415667803523,0.16839789677316908
Seattle,2024-04-27,8,False,0.0,21.086974709418715,0.9412869266319551,-0.020427472619721776,0.0,0.7204221019975512,0.08711855378442057
Seattle,2024-04-27,13,False,0.0,26.983970899663394,0.8885362628041622,-0.014770410715477356,0.0,0.6811402603759438,0.057437085805641
Seattle,2024-05-04,4,False,0.0,13.010960084414142,0.914402784350876,-0.026269409112412045,0.0,0.7668817000917652,0.12098749367397554
Seattle,2024-05-04,8,False,0.0,19.38136253528892,0.8327253215226453,-0.01634354486834999,0.0,0.7378265771416959,0.06158035754307578
Seattle,2024-05-04,13,False,0.0,24.715458454190134,0.6972311136784799,-0.01196829403638433,0.0,0.6951610997652371,0.041324926148408325
Seattle,2024-05-11,4,False,0.0,11.433855152495267,0.8107274592626845,-0.01965914221065712,0.0,0.8006367498766797,0.06870480263785017
Seattle,2024-05-11,8,False,0.0,17.36060173106062,0.7319749066841766,-0.012081250287930612,0.0,0.6807439750784368,0.034652324911944477
Seattle,2024-05-11,13,False,0.0,22.351507327806694,0.587662031885904,-0.008816896098184257,0.0,0.6638302149551683,0.023175691868592696
Seattle,2024-05-18,4,False,0.0,8.923539324318556,0.42773957116919703,-0.011569515058790891,0.0,0.4837431822737631,-0.0008149454170791604
Seattle,2024-05-18,8,False,0.0,14.611447890461578,0.4118413259751812,-0.006624491517633224,0.0,0.44983060189105983,-0.00038565749685637307
Seattle,2024-05-18,13,False,0.0,19.375249250731667,0.2660562449344146,-0.004717014804194175,0.0,0.5133720457434985,-0.00025297977256677484
Seattle,2024-05-25,4,False,0.0,8.464696788333912,0.9178624654197549,-0.003233950718230849,0.0,0.5552620663611363,-0.059201040945777494
Seattle,2024-05-25,8,False,0.0,13.593160949919117,0.8643693367271117,-0.0019010075326924003,0.0,0.47388885945493564,-0.028969693821452314
Seattle,2024-05-25,13,False,0.0,17.93650201330618,0.7490356432609554,-0.0013682594405917126,0.0,0.554226859421753,-0.019194948704819526
Seattle,2024-06-01,4,False,0.0,9.167330956601921,0.7600469735445653,0.004837206743493638,0.0,0.4821350952319787,-0.09302757505772807
Seattle,2024-06-01,8,False,0.0,13.26150883308301,0.886065677684011,0.0031931138876988285,0.0,0.46642661423156695,-0.0515838999280438
Seattle,2024-06-01,13,False,0.0,17.044534110083674,0.8659397553530234,0.0023760488005512004,0.0,0.5617022715364821,-0.0354950528339808
Seattle,2024-06-08,4,False,0.0,8.18109923959133,0.8668276933636441,0.011976137062345016,0.0,0.005776470659651811,-0.16261126717938001
Seattle,2024-06-08,8,False,0.0,11.958536150595215,0.6855160388748909,0.007856073961868493,0.0,0.23770548918325096,-0.08913565242359689
Seattle,2024-06-08,13,False,0.0,15.016727398117286,0.4379198283399943,0.006038853356255314,0.0,0.3936712584314923,-0.0639137312759217
Seattle,2024-06-15,4,False,0.0,7.675486241782734,0.8414195996029812,0.018645259490070565,0.0,0.03224220162217306,-0.2209381860525359
Seattle,2024-06-15,8,False,0.0,11.282261222469558,0.8353078071451334,0.012189099257795988,0.0,0.329176702029062,-0.11996031499535631
Seattle,2024-06-15,13,False,0.0,13.59561601676171,0.5926265432203262,0.00985131460087263,0.0,0.46402639237002385,-0.09099600242373662
Seattle,2024-06-22,4,False,0.0,5.862927072102295,0.35196042017875195,0.0352143857865066,0.0,-0.46496678681291415,-0.3714255982527852
Seattle,2024-06-22,8,False,0.0,9.289331613382354,0.242579114710761,0.021416466577517945,0.0,0.13371045412887472,-0.18803263021760253
Seattle,2024-06-22,13,False,0.0,11.086939183868997,-0.2399162549515701,0.017588459994543393,0.0,0.30669290872276667,-0.14521487833164093
Seattle,2024-06-29,4,False,0.0,3.182600792981837,-1.1848467474164632,0.1002573655016673,0.0,-0.47701228341492286,-0.8445862116301983
Seattle,2024-06-29,8,False,0.0,6.5792275779419525,-0.6489384148344195,0.04679652317417038,0.0,0.38083703681518,-0.3305022098148891
Seattle,2024-06-29,13,False,0.0,8.150806714155594,-1.2731920347204646,0.03713810969031872,0.0,0.521319464306488,-0.2462199832848797
Seattle,2024-07-06,4,False,0.0,4.8361486815074395,0.2362999533048834,0.06674784265647116,0.0,0.4750448668411572,-0.5513097642714533
Seattle,2024-07-06,8,False,0.0,7.27289042063683,0.27477136388331524,0.04324785241259943,0.0,0.7191433978013274,-0.30334615792719144
Seattle,2024-07-06,13,False,0.0,8.716561163498358,0.3505287719723059,0.03552316708394676,0.0,0.741960116878217,-0.23246854168183684
Seattle,2024-07-13,4,False,0.0,5.485681671689195,0.6435679881403953,0.06343693280162466,0.0,0.30792320430233866,-0.5091481972162102
Seattle,2024-07-13,8,False,0.0,6.789406583622698,0.7186710790614028,0.050548541379941136,0.0,0.5118415682388084,-0.347395545224914
Seattle,2024-07-13,13,False,0.0,8.162091949811218,0.6430581471391092,0.041428162586064854,0.0,0.5163151324852406,-0.2642504061606632
Seattle,2024-07-20,4,False,0.0,4.716301709162077,0.7693867705836434,0.079673600463254,0.0,0.48043416653240034,-0.6506303533124675
Seattle,2024-07-20,8,False,0.0,5.259080457811361,0.0456101483443605,0.07104363895720711,0.0,0.5987968845750927,-0.49639573776024304
Seattle,2024-07-20,13,False,0.0,6.461985955752958,-0.4237407706675813,0.057084677665114714,0.0,0.5169107622019757,-0.3701998155542612
Seattle,2024-07-27,4,False,0.0,4.327873313161991,0.7272925310926155,0.09595582186427487,0.0,0.23086376967191558,-0.7531719099839049
Seattle,2024-07-27,8,False,0.0,4.402369394950245,0.23120417838724105,0.09425862253268602,0.0,0.26070806879906605,-0.629104715460461
Seattle,2024-07-27,13,False,0.0,5.19873545683092,-0.15950546700248358,0.0791547265618413,0.0,0.15152749984517,-0.4929044207542277
Seattle,2024-08-03,4,False,0.0,1.3156316860880999,-4.078854077307831,0.36623630390528505,0.0,-0.7285473851926296,-2.8163052627679646
Seattle,2024-08-03,8,False,0.0,1.7400102119242575,-6.201147164782039,0.2694999016149898,0.0,-0.4648289648724737,-1.7862386730080844
Seattle,2024-08-03,13,False,0.0,2.235754385377714,-8.14638914622215,0.1720388487385296,0.0,-0.6604268446487576,-1.1248393446771625
Seattle,2024-08-10,4,False,0.0,0.4728373847284143,-7.446492391670949,-0.8902401562172164,0.0,-1.350370956143664,-6.465807675725604
Seattle,2024-08-10,8,False,0.0,1.2009244206490097,-3.6704730793063503,-0.07222436702444823,0.0,-0.6254436811592436,-2.3352964283915987
Seattle,2024-08-10,13,False,0.0,2.1108438780483194,-3.9421600499692095,-0.047392232019302094,0.0,-0.369859882147765,-0.39240070238466207
Seattle,2024-08-17,4,False,0.0,0.4972019053031374,-0.387550256301171,-0.9677547354070797,0.0,0.11500518686253669,-5.850337351622235
Seattle,2024-08-17,8,False,0.0,1.520910806917445,0.10747390198911788,-0.0004040656101633733,0.0,-0.1803249536480227,-1.83311709131871
Seattle,2024-08-17,13,False,0.0,3.1583084136147828,-0.04916375925358252,-0.03956867206161507,0.0,0.2768632665830796,0.11224322161602274
Seattle,2024-08-24,4,False,0.0,0.7515728930303942,-0.018867576981485223,-0.31989461051856605,0.0,0.3265240132225484,-3.9442343037001066
Seattle,2024-08-24,8,False,0.0,1.6598716150462292,0.047996986708529144,0.06661273527905864,0.0,-0.22581788139997094,-1.8185620877600166
Seattle,2024-08-24,13,False,0.0,4.689142384161381,-0.016801330079388332,-0.02805107103269666,0.0,0.5750941182688634,0.28136692695124077
Seattle,2024-08-31,4,False,0.0,1.5756395180975804,-1.1422778882695837,0.14234745748107758,0.0,-0.019636830825089158,-2.2249981204794085
Seattle,2024-08-31,8,False,0.0,2.0561945341229992,-1.6339942262171627,0.10799682488956963,0.0,-0.5071999241459269,-1.4674332275242423
Seattle,2024-08-31,13,False,0.0,6.670696250558087,0.16339460694621022,-0.009972792877475767,0.0,0.6183561705148226,0.27972527769724853
Seattle,2024-09-07,4,False,0.0,2.9029395910791247,-0.2643475674971698,0.15509023591893445,0.0,0.17694102562071423,-1.2271109847350519
Seattle,2024-09-07,8,False,0.0,2.606278988525588,-0.28839728313223056,0.08431721978528817,0.0,-0.3021685020727114,-0.896464640918855
Seattle,2024-09-07,13,False,0.0,9.325851338483936,0.12559889271365887,-0.008461365641832197,0.0,0.7381227573959573,0.2642220024915708
Seattle,2024-09-14,4,False,0.0,2.6379933277543475,0.7130333971774756,0.1710623593572489,0.0,0.3974536477403131,-1.3946423312134137
Seattle,2024-09-14,8,False,0.0,3.194977444723289,-0.6459988724088452,0.03163205286810733,0.0,0.43244851378047555,0.031450896893596925
Seattle,2024-09-14,13,False,0.0,13.072891496392883,-0.5133808916442788,-0.01281660652513339,0.0,0.8688954093674685,0.24915374683388747
Seattle,2024-09-21,4,False,0.0,1.6215830483279927,-0.07015685509647307,0.20609973291941408,0.0,0.20306391252659517,-2.372702218608724
Seattle,2024-09-21,8,False,0.0,4.807549270392449,-0.8093009685000538,-0.019169756932112092,0.0,0.7491774168220424,0.48131430358557226
Seattle,2024-09-21,13,False,0.0,18.092170026429834,-0.4900787983248476,-0.0173582854810721,0.0,0.8922932772492996,0.2169076412837696
Seattle,2024-09-28,4,False,0.0,1.6740259812912037,-2.5620311578453294,-0.165467547476573,0.0,0.2551685894487302,-0.7446381916762734
Seattle,2024-09-28,8,False,0.0,8.257318275993486,-1.1028432043954455,-0.05404880772672338,0.0,0.8334384130553976,0.46215540719771686
Seattle,2024-09-28,13,False,0.0,25.267237333839276,-0.7000574113855815,-0.02331170178865527,0.0,0.9147477627150921,0.18565987571979814
Seattle,2024-10-05,4,False,0.0,4.187471478483676,-0.5393960239912601,-0.1343291970017011,0.0,0.8893810840638191,0.8675193790155337
Seattle,2024-10-05,8,False,0.0,13.118217999580656,-0.3480410996183605,-0.04655480302264614,0.0,0.8439395406526995,0.32585878079336106
Seattle,2024-10-05,13,False,0.0,33.21415453951158,-0.26760380566265396,-0.021653791619830276,0.0,0.808746798571276,0.15594114766676126
Seattle,2024-10-12,4,False,0.0,6.090246807415272,0.42998683207543675,-0.08969635646661067,0.0,0.5586952781361212,0.717303253817549
Seattle,2024-10-12,8,False,0.0,17.079261250067077,0.31637101412764,-0.03529759589887638,0.0,0.7375825850677814,0.25503137009288257
Seattle,2024-10-12,13,False,0.0,39.522286535794564,0.26898648749822895,-0.01817756714821539,0.0,0.7873546421582891,0.1346174709858433
Seattle,2024-10-19,4,False,0.0,8.213044254130146,0.526902240538724,-0.06404335550786455,0.0,0.6185033300800364,0.5218263423284388
Seattle,2024-10-19,8,False,0.0,21.322632993468524,0.4270657339250741,-0.027656653056006952,0.0,0.7824855704148114,0.20471020174610988
Seattle,2024-10-19,13,False,0.0,44.915240659418906,0.3973309783011798,-0.01568263222610211,0.0,0.827043833530485,0.11750302854160688
Seattle,2024-10-26,4,False,0.0,10.364912393359527,0.6370700966478025,-0.046909864058118256,0.0,0.7135050929923378,0.3954492165181185
Seattle,2024-10-26,8,False,0.0,25.64445249416829,0.5521851381073705,-0.021584832061663173,0.0,0.83862585285677,0.16615667316857707
Seattle,2024-10-26,13,False,0.0,48.524665332789674,0.5591324440054609,-0.013484499168844755,0.0,0.8570659506533801,0.10270894627623917
Seattle,2024-11-02,4,False,0.0,12.72991527137362,0.7179128665536352,-0.03322713461928317,0.0,0.7744266093021537,0.29890156023638714
Seattle,2024-11-02,8,False,0.0,29.780742581618775,0.6663335062086375,-0.016351362835003158,0.0,0.8845181044056181,0.13442911201681207
Seattle,2024-11-02,13,False,0.0,50.089691592219296,0.7306431082849555,-0.011242987582052777,0.0,0.8717595792771154,0.08883914645078694
Seattle,2024-11-09,4,False,0.0,14.732804109269326,0.823398996841395,-0.02172603543047469,0.0,0.8047046050639018,0.2260512063363843
Seattle,2024-11-09,8,False,0.0,33.34514011959133,0.7982776125073314,-0.011156370668569782,0.0,0.7514926596679488,0.10620076872007322
Seattle,2024-11-09,13,False,0.0,49.56861684223258,0.8317234212975315,-0.00841805902827919,0.0,0.8765645785680569,0.07469974816793434
Seattle,2024-11-16,4,False,0.0,16.850945236238836,0.8390380322450892,-0.012235246329122207,0.0,0.8710276677925365,0.16178305565510032
Seattle,2024-11-16,8,False,0.0,36.13279789326132,0.858696442934066,-0.006647616135573964,0.0,0.803602509692795,0.08002239030819747
Seattle,2024-11-16,13,False,0.0,47.5074949885404,0.7770113082881878,-0.0054784374972023375,0.0,0.8695053249704545,0.0598968616902289
Seattle,2024-11-23,4,False,0.0,18.92229520437026,0.8804884536210995,-0.0037830261049123237,0.0,0.9260513969501033,0.10305074127521274
Seattle,2024-11-23,8,False,0.0,37.06429481059772,0.9180489364270465,-0.002225965677648656,0.0,0.816797766555406,0.054323244979580076
Seattle,2024-11-23,13,False,0.0,43.74202014308955,0.6298617009835461,-0.001978038667490578,0.0,0.8423758356069686,0.04315176831295553
Seattle,2024-11-30,4,False,0.0,19.410711322680896,0.8766993974093896,0.0027216507515711585,0.0,0.9443676020354665,0.04223882344725893
Seattle,2024-11-30,8,False,0.0,34.27163070228558,0.6835798320550661,0.0017333252122360143,0.0,0.7827960062961157,0.023467445978988866
Seattle,2024-11-30,13,False,0.0,37.13086932654879,0.11882000658494307,0.0016339195608729984,0.0,0.7864875166415936,0.019685282569937734
Seattle,2024-12-07,4,False,0.0,20.81161412290523,0.9708906775757282,0.007716136908777482,0.0,0.47845462360077873,-0.015076021578787291
Seattle,2024-12-07,8,False,0.0,30.718475462268774,0.6883539158207026,0.005656324527549161,0.0,0.7347227281358313,-0.00934936532570152
Seattle,2024-12-07,13,False,0.0,30.580553512325714,0.023842059623319756,0.0056758402840759725,0.0,0.694626318874664,-0.008358743273829017
Seattle,2024-12-14,4,False,0.0,20.472349314067824,0.8770875384564263,0.013111094629756681,0.0,0.4502183612383338,-0.08178008665335845
Seattle,2024-12-14,8,False,0.0,24.995647259856508,0.3043794005685194,0.011141656325306948,0.0,0.6460951607915876,-0.05749966295279596
Seattle,2024-12-14,13,False,0.0,22.39817756777929,-0.8008111085952552,0.012175351939958556,0.0,0.5113940701294126,-0.05604187500517965
Seattle,2024-12-21,4,False,0.0,17.327507129268046,0.5991481085247718,0.014882177987458167,0.0,0.275573689988336,-0.18098110968785552
Seattle,2024-12-21,8,False,0.0,17.497326724231296,-0.45647313451569915,0.014759070986821166,0.0,0.44285278017391705,-0.14741702808535706
Seattle,2024-12-21,13,False,0.0,13.472039858931673,-2.6395712151726998,0.016002311104616362,0.0,0.08925246375938067,-0.12865190670060822
Seattle,2024-12-28,4,False,0.0,11.927958497205205,0.15429495576831898,0.027262014219490593,0.0,-0.15031401586036774,-0.3692989417078776
Seattle,2024-12-28,8,False,0.0,9.586508148627798,-1.9809351774582935,0.033211012789063576,0.0,-0.08853448154986943,-0.37193058931265943
Seattle,2024-12-28,13,False,0.0,8.544438232322074,-4.9204290262607415,0.015982880158572632,0.0,-0.5198685139970098,0.016359200799408224
Seattle,2025-01-04,4,False,0.0,4.397684135218155,-2.517290634111924,0.08979184132322504,0.0,-0.8485510362374766,-1.24231237710273
Seattle,2025-01-04,8,False,0.0,3.270171817077273,-9.09837151667826,0.032698506909931924,0.0,-0.6109565201500895,-0.7275341942074329
Seattle,2025-01-04,13,False,0.0,8.34537339744583,-5.407189977885895,-0.006676866720103369,0.0,0.3529654121503961,0.329725393970037
Seattle,2025-01-11,4,False,0.0,2.372991899550683,-4.907815784843973,-0.08373305525176145,0.0,-0.8700266730905735,-0.8310547379539641
Seattle,2025-01-11,8,False,0.0,5.557176375798935,-3.731702510667712,-0.052133044047884436,0.0,0.23743685180380214,0.8482981599914853
Seattle,2025-01-11,13,False,0.0,12.751597091862054,-2.2589136982070976,-0.023511774841602495,0.0,0.47596142863855395,0.30713874440934374
Seattle,2025-01-18,4,False,0.0,4.722545006892159,-0.6430739451452858,-0.06741225591699607,0.0,0.4491517262058018,0.47530447174929336
Seattle,2025-01-18,8,False,0.0,8.629597743928754,-0.5967600613918291,-0.035378531577458405,0.0,0.36799414621777415,0.5653740341313828
Seattle,2025-01-18,13,False,0.0,16.405151346105416,-0.42706477050141634,-0.01702644943249676,0.0,0.4385156340905234,0.236351657115343
Seattle,2025-01-25,4,False,0.0,4.595800043604297,0.927015737538094,-0.0703611551725325,0.0,0.258315558610429,0.4625441635119618
Seattle,2025-01-25,8,False,0.0,9.396038535127623,0.7760581808577576,-0.0326835324697794,0.0,0.399854318143829,0.48140057206849585
Seattle,2025-01-25,13,False,0.0,17.742626104463373,0.5568414626273264,-0.01571388359476389,0.0,0.4621827606887975,0.2006136393797392
Seattle,2025-02-01,4,False,0.0,3.5948775470847285,0.2800101710478353,-0.08662061974551727,0.0,-0.3693551229537082,0.41840949752133527
Seattle,2025-02-01,8,False,0.0,9.743425186688631,0.7257239468154999,-0.029920749693368665,0.0,0.2090593393306962,0.41965719378797117
Seattle,2025-02-01,13,False,0.0,18.66759276726273,0.6223934106198996,-0.01407280227743879,0.0,0.3730956492058042,0.1709050393050866
Washington DC,2023-02-04,4,False,0.0,7.645349442105902,0.8606227939509394,0.4118393299542994,0.0,-0.02502472123233579,-1.7726107294053781
Washington DC,2023-02-04,8,False,0.0,7.304740744041618,0.09827934380175962,0.42967886266236,0.0,-0.7872320451846238,-1.538375182098083
Washington DC,2023-02-04,13,False,0.0,5.487899331369083,-1.8096966856944334,0.3331798328079132,0.0,-2.6652577099158417,-1.7055452608001644
Washington DC,2023-02-11,4,False,0.0,5.2679600336244805,0.17636397211941435,0.5951586116528016,0.0,-0.582105856057126,-2.6688529828479677
Washington DC,2023-02-11,8,False,0.0,3.687288116497263,-2.569067558898911,0.5104235627197409,0.0,-2.6455818256701726,-3.1341891779562268
Washington DC,2023-02-11,13,False,0.0,4.007205198542628,-5.107392455968286,0.016081462097321086,0.0,-3.902072082044807,-1.6816973883640034
Washington DC,2023-02-18,4,False,0.0,2.3182611013032597,-1.4543759156534888,0.3986559001910134,0.0,-2.7383070426136213,-6.185057121241566
Washington DC,2023-02-18,8,False,0.0,2.2274857981057195,-5.2327448472042155,-0.5895680703105333,0.0,-5.284298548869001,-4.319586650254034
Washington DC,2023-02-18,13,False,0.0,4.8289153941072955,-3.981291880053355,-0.43035690986572117,0.0,-2.9579672490812747,-0.43940766823462907
Washington DC,2023-02-25,4,False,0.0,1.4406081882211061,-4.312917005093313,-2.221491545258002,0.0,-4.962325679674205,-8.216254566659892
Washington DC,2023-02-25,8,False,0.0,3.6662575998221882,-3.049235982083764,-0.8885505964687108,0.0,-2.8382935432890424,-1.266411108407285
Washington DC,2023-02-25,13,False,0.0,7.028821692819774,-2.3708795285859035,-0.45404780488593066,0.0,-1.5928993140968575,0.4808737086477253
Washington DC,2023-03-04,4,False,0.0,3.0560046088166475,-0.44281885185837866,-1.0678940249499256,0.0,-1.6960462564384469,-2.6562064162031644
Washington DC,2023-03-04,8,False,0.0,5.311290647745733,-0.444600579711697,-0.6001493997980916,0.0,-1.6490045229363561,-0.22308394119039354
Washington DC,2023-03-04,13,False,0.0,8.517172350355708,-0.4119178638686185,-0.3615808248529595,0.0,-1.03841278327307,0.6368159504502562
Washington DC,2023-03-11,4,False,0.0,3.307880750644611,0.5903424791781131,-0.9052113860973963,0.0,-1.5337936171685111,-2.229207074792266
Washington DC,2023-03-11,8,False,0.0,6.029451408566825,0.5596840281080349,-0.4826393601798675,0.0,-1.21745174988666,0.018678150598776644
Washington DC,2023-03-11,13,False,0.0,8.774847680415823,0.5766374211143754,-0.3219465567406301,0.0,-0.8444003521625345,0.5930638811703614
Washington DC,2023-03-18,4,False,0.0,3.1231051842357727,0.7735592124486471,-0.9261814219520523,0.0,-1.6666914046842738,-2.3585492900740004
Washington DC,2023-03-18,8,False,0.0,6.223683655657458,0.8240348378029866,-0.44989185017990474,0.0,-0.9217305249032632,0.12980220201129045
Washington DC,2023-03-18,13,False,0.0,8.409199057237487,0.8312981334108052,-0.32520685429353446,0.0,-0.7283216284289973,0.5063931492851588
Washington DC,2023-03-25,4,False,0.0,2.6198311866847646,0.3351803228508573,-0.9699274572996432,0.0,-2.1999003681128717,-2.9904581689076806
Washington DC,2023-03-25,8,False,0.0,5.831149263396958,0.7146827025038378,-0.42140060050399897,0.0,-0.853369136524257,0.14567187800631498
Washington DC,2023-03-25,13,False,0.0,7.488676538055607,0.46841737949511864,-0.3223531066912739,0.0,-0.8166831833276131,0.3956218208094049
Washington DC,2023-04-01,4,False,0.0,2.535484444673636,0.45073246696571645,-0.8000613570181645,0.0,-2.9385207812588177,-3.057992895879214
Washington DC,2023-04-01,8,False,0.0,5.631244219335846,0.8029218755747608,-0.3665655912745194,0.0,-0.9235803334708239,0.1637442008562695
Washington DC,2023-04-01,13,False,0.0,6.781188135721296,0.5140159459481113,-0.3065656746939771,0.0,-1.0774486001651602,0.2627653109695347
Washington DC,2023-04-08,4,False,0.0,4.768238052473501,-0.2161718646232047,-0.43146097227407676,0.0,-0.5780400833093187,-0.5834631416596168
Washington DC,2023-04-08,8,False,0.0,7.083440671463352,-0.2546847041933453,-0.2833782319747915,0.0,-0.1630007603271737,0.32261033712208076
Washington DC,2023-04-08,13,False,0.0,7.7416156106136365,-0.3616438934282329,-0.2574493909542266,0.0,-0.5091403616546408,0.2438265773327759
Washington DC,2023-04-15,4,False,0.0,5.056100204167497,0.7707934465174335,-0.36071412857150786,0.0,-0.16844476074041803,-0.41877565917894577
Washington DC,2023-04-15,8,False,0.0,6.4874536815905826,0.7367829362472322,-0.27689006426641893,0.0,-0.0668637790842812,0.14376090286005228
Washington DC,2023-04-15,13,False,0.0,6.76674489098613,0.2929310079263673,-0.26466883329054447,0.0,-0.5615273389677351,0.08654974837317131
Washington DC,2023-04-22,4,False,0.0,4.152437719974062,0.6105155726793765,-0.4061382704811558,0.0,-0.3693334719311465,-0.7322785187458138
Washington DC,2023-04-22,8,False,0.0,4.763433831767035,-0.1731645313932173,-0.35178681821259117,0.0,-0.5350120383484513,-0.3113157272106388
Washington DC,2023-04-22,13,False,0.0,4.9628564348860165,-1.2416530224664775,-0.336943927061536,0.0,-1.1921627646119495,-0.2759688786050245
Washington DC,2023-04-29,4,False,0.0,4.072022273872714,0.7197416066309938,-0.3742047226454215,0.0,0.310887757874201,-0.9055218728496199
Washington DC,2023-04-29,8,False,0.0,4.012047989158965,0.35830150969038776,-0.3800359897235954,0.0,-0.42858418502824014,-0.764766454620406
Washington DC,2023-04-29,13,False,0.0,4.240334825596852,-0.1672437139018892,-0.35872082368953606,0.0,-1.032804794101096,-0.5371514191897959
Washington DC,2023-05-06,4,False,0.0,1.4091574661715571,-3.236317181968845,-0.9278906065319223,0.0,-2.3454349692997623,-5.556701078392351
Washington DC,2023-05-06,8,False,0.0,1.1782738683805134,-9.312589070859245,-1.1123101894125336,0.0,-5.952484068278813,-5.9225623207883755
Washington DC,2023-05-06,13,False,0.0,1.6807143415368566,-10.216318784682878,-0.7731346006583564,0.0,-4.994405085681179,-3.2225554435196244
Washington DC,2023-05-13,4,False,0.0,0.3738154293361652,-5.270545236774156,-3.1697103596091356,0.0,-13.360155813541198,-26.002163529856244
Washington DC,2023-05-13,8,False,0.0,0.4264503723678365,-10.662007323215988,-1.6669541937074088,0.0,-20.941465826641736,-20.268550495047286
Washington DC,2023-05-13,13,False,0.0,1.1627955623943127,-4.729289411590328,-0.7565446521865613,0.0,-7.670050995779327,-5.367675201503303
Washington DC,2023-05-20,4,False,0.0,0.49087649443104714,-2.9882538707287982,-0.34888995537393064,0.0,-8.620237651846274,-21.156424563796083
Washington DC,2023-05-20,8,False,0.0,0.7233451292241805,-3.6718338967389945,0.21081196750002007,0.0,-10.883150282570366,-12.229072909444765
Washington DC,2023-05-20,13,False,0.0,1.3314830441962995,-1.7138582541632426,-0.25128704582871464,0.0,-5.242743408872149,-4.7302668929079665
Washington DC,2023-05-27,4,False,0.0,0.7087286157936196,-0.052072129219262075,0.4687942848337585,0.0,-7.126423653972925,-14.623869763105398
Washington DC,2023-05-27,8,False,0.0,0.8469187322840952,-0.043953117382397044,0.2649476615607369,0.0,-8.89988177695445,-10.088594660896149
Washington DC,2023-05-27,13,False,0.0,1.4732682426829662,0.025480981433890326,-0.17903196772543106,0.0,-3.9916432874169763,-4.066205697586336
Washington DC,2023-06-03,4,False,0.0,0.29925543808170163,-2.3641865490172043,-1.6392276273030206,0.0,-17.78666634036684,-34.5571030953395
Washington DC,2023-06-03,8,False,0.0,0.8088608840030663,-2.0071757964716714,-0.574128636467798,0.0,-7.304972917682781,-9.55511207714443
Washington DC,2023-06-03,13,False,0.0,1.552842950675264,-1.9709879324717612,-0.4333644715881977,0.0,-2.4720059174102795,-3.440012601669406
Washington DC,2023-06-10,4,False,0.0,0.6863502622708196,-0.37780604296322884,0.306849047046154,0.0,-7.5975237193062615,-15.149825411383528
Washington DC,2023-06-10,8,False,0.0,1.316153550344041,0.052364981080688655,-0.24173378716911564,0.0,-2.932322719726638,-5.0996810748928505
Washington DC,2023-06-10,13,False,0.0,1.6607616449801785,0.28215297232455094,-0.3404623968063192,0.0,-1.2429294354736915,-3.1130559613320177
Washington DC,2023-06-17,4,False,0.0,0.44405986593847163,-3.1923183544220484,-1.494739234919546,0.0,-16.501714131339853,-22.21515301904397
Washington DC,2023-06-17,8,False,0.0,1.9174535964060349,-1.5074516964580083,-0.4213098776714599,0.0,-1.977736978459431,-2.568293826844288
Washington DC,2023-06-17,13,False,0.0,2.396255749183529,-1.9312256996960344,-0.3606154161489108,0.0,-0.7277611295699375,-1.4018724315051014
Washington DC,2023-06-24,4,False,0.0,0.7511114251735382,0.08138703305053052,-0.6296344010979646,0.0,-7.0123239337310554,-12.2572566333068
Washington DC,2023-06-24,8,False,0.0,2.1008337063770757,0.3895713149357676,-0.324595921785479,0.0,-0.7002377898733252,-2.1668805976429066
Washington DC,2023-06-24,13,False,0.0,2.7389092352667457,0.48384488364944767,-0.27792365725492063,0.0,0.08682160314961473,-0.9405524103581657
Washington DC,2023-07-01,4,False,0.0,1.3310700267028335,0.13855059649837165,-0.3165840843658212,0.0,-1.7361241394511282,-5.9809503168638845
Washington DC,2023-07-01,8,False,0.0,2.2807672556296383,0.28465549603001106,-0.27606191895050247,0.0,0.05780731420629681,-1.838817993790729
Washington DC,2023-07-01,13,False,0.0,3.3208287776766916,0.3336119565678358,-0.21195963474782986,0.0,0.39116091241157946,-0.48215479209406276
Washington DC,2023-07-08,4,False,0.0,3.127193276221025,-0.8252138010957037,-0.27197103785872256,0.0,0.3877125740754034,-1.2180290321040492
Washington DC,2023-07-08,8,False,0.0,3.3809445118129777,-1.3767027076830782,-0.25089975882753524,0.0,0.49968983045147286,-0.744063348552713
Washington DC,2023-07-08,13,False,0.0,5.13235268446072,-1.3686022710980135,-0.16228453564901968,0.0,0.6332119192735289,0.18931641413250533
Washington DC,2023-07-15,4,False,0.0,2.9474236175358848,0.7834124947419365,-0.2677427018022751,0.0,0.5950885660882267,-1.3727055988845707
Washington DC,2023-07-15,8,False,0.0,2.555872937388741,-0.05919544950991895,-0.3100056019744162,0.0,0.524291827981586,-1.6740438020996642
Washington DC,2023-07-15,13,False,0.0,4.964079072416581,0.5029199097346216,-0.15566903340456317,0.0,0.7048221836289956,0.23982318049943074
Washington DC,2023-07-22,4,False,0.0,1.7537041433215803,-0.13461944840300366,-0.4277686342531901,0.0,0.6764910178439592,-3.5004109285115774
Washington DC,2023-07-22,8,False,0.0,1.4804992883680856,-2.5641386929510617,-0.5081162440028038,0.0,0.44807406145637185,-3.9030367550719474
Washington DC,2023-07-22,13,False,0.0,4.3230579704206376,-0.31758581278025555,-0.1689916735295558,0.0,0.7900615525049017,0.18330740903336828
Washington DC,2023-07-29,4,False,0.0,0.6775461751481437,-2.580202562938027,-0.8330890399567927,0.0,-0.6793755056844772,-12.333453859234744
Washington DC,2023-07-29,8,False,0.0,1.418508922391627,-1.976045189110181,-0.19386914921178278,0.0,0.30613908632961373,-4.167748826010917
Washington DC,2023-07-29,13,False,0.0,4.356539723246834,0.2037642438641507,-0.0925558305987273,0.0,0.7433946113198991,0.25652890897298486
Washington DC,2023-08-05,4,False,0.0,1.5633731155721837,-2.3957714848131038,0.36340320016744965,0.0,-0.1754496357056432,-5.9671473120385885
Washington DC,2023-08-05,8,False,0.0,2.2467600471989027,-1.8566637897837377,0.0655654980863074,0.0,0.23604938405655507,-2.330750076782744
Washington DC,2023-08-05,13,False,0.0,4.658703974890854,-0.3647748601096663,-0.02442834520996562,0.0,0.5640273707042482,0.2700759660779093
Washington DC,2023-08-12,4,False,0.0,1.4405295387332877,0.776948488116346,0.4063977280057136,0.0,-0.22206892608873363,-6.519130395053228
Washington DC,2023-08-12,8,False,0.0,3.11278583370601,-0.3547551673585716,0.005771144278607143,0.0,0.4227678885637667,-0.8694282118564434
Washington DC,2023-08-12,13,False,0.0,5.486203622304675,-0.5014499782676427,-0.03468799703658276,0.0,0.529067754806039,0.5546011951012413
Washington DC,2023-08-19,4,False,0.0,1.1537469640915656,-0.8033431939219506,0.13619109949695574,0.0,-0.4084762921155365,-7.108200167932429
Washington DC,2023-08-19,8,False,0.0,4.201381683188181,-0.7151358924069471,-0.0491019165386688,0.0,0.5316392095960738,0.08651831223438544
Washington DC,2023-08-19,13,False,0.0,6.453297017942984,-0.7853972516719447,-0.05259989843758528,0.0,0.5137353104990787,0.6210310275855808
Washington DC,2023-08-26,4,False,0.0,2.155133514465804,-0.1470220759463423,-0.011820682462838183,0.0,0.2713150525619349,-2.581535008552062
Washington DC,2023-08-26,8,False,0.0,5.507032472102599,-0.19088559716994236,-0.05268856179519754,0.0,0.6147937210936054,0.5971159395436834
Washington DC,2023-08-26,13,False,0.0,7.060496150511421,-0.25565346661313093,-0.055286449286989336,0.0,0.48620232275849584,0.48453751104276277
Washington DC,2023-09-02,4,False,0.0,4.322592944063286,-0.4992393267316946,-0.14102081658631405,0.0,0.5447363236945144,-0.08585577424779856
Washington DC,2023-09-02,8,False,0.0,7.450643472276816,-0.5009481675433378,-0.07914031778476449,0.0,0.7674669340586262,0.6430936551275621
Washington DC,2023-09-02,13,False,0.0,7.966289725452816,-0.7329597439191549,-0.07360528553698042,0.0,0.4937769782985084,0.32592417627768944
Washington DC,2023-09-09,4,False,0.0,6.368574477071709,0.13650021452485928,-0.08519907938693283,0.0,0.6600758475985917,0.4597664605051671
Washington DC,2023-09-09,8,False,0.0,8.557440662090356,0.17800466788182634,-0.06192413873725866,0.0,0.7126851106431978,0.5867546732523506
Washington DC,2023-09-09,13,False,0.0,7.6402782752940785,0.2000910017056533,-0.06453993754009213,0.0,0.40538938079938347,0.0835673420293378
Washington DC,2023-09-16,4,False,0.0,5.108404538862757,0.5871098814893398,-0.08456224049943883,0.0,0.16314315309734284,0.2708022293506478
Washington DC,2023-09-16,8,False,0.0,6.682502150129569,0.09143512506251372,-0.06357084626025511,0.0,0.37817063563129416,0.4860200304193053
Washington DC,2023-09-16,13,False,0.0,5.839481122940659,-1.8953860979452837,-0.04941847420592227,0.0,0.12222488890841932,-0.35381500703320357
Washington DC,2023-09-23,4,False,0.0,4.442750249555668,0.7182766668535825,-0.08182227274691423,0.0,0.42754823766147565,-0.0027579301301812187
Washington DC,2023-09-23,8,False,0.0,5.262583369128087,0.22472748320942826,-0.06848293199120414,0.0,0.20751018198772742,0.2710552411262792
Washington DC,2023-09-23,13,False,0.0,5.9712610322536595,-1.4558104073195586,-0.020698894920137878,0.0,0.02664184783227863,-0.6342644938586361
Washington DC,2023-09-30,4,False,0.0,2.8068770687279736,-0.29251664862147897,-0.09716392696546583,0.0,0.6386208525415964,-0.8351660753510453
Washington DC,2023-09-30,8,False,0.0,2.8274793368447586,-2.239639525383081,-0.07162511765200974,0.0,-0.6883091457725197,-0.7035541098998401
Washington DC,2023-09-30,13,False,0.0,7.456075239072776,-2.269933945965042,-8.890418250095955e-05,0.0,0.12304227128138379,-0.6940122162675417
Washington DC,2023-10-07,4,False,0.0,1.2377824392337977,-2.2573934757613237,-0.17854951868429136,0.0,-1.3454052421048517,-3.6736753915522877
Washington DC,2023-10-07,8,False,0.0,2.1171886426465836,-3.8487743977227,-0.050609524118581106,0.0,-1.376026761093509,-2.1703781317620616
Washington DC,2023-10-07,13,False,0.0,10.48439087629201,-1.5605079463357359,0.0038795733672930544,0.0,0.34026911915536606,-0.5918968828601663
Washington DC,2023-10-14,4,False,0.0,1.54648978177594,0.08302471338563788,-0.15061571017711506,0.0,-1.5901976228857184,-2.528709968621971
Washington DC,2023-10-14,8,False,0.0,3.4691793927857333,-0.028688043289522236,-0.014683174100125651,0.0,-0.6088254487224598,-1.4978882449535433
Washington DC,2023-10-14,13,False,0.0,13.953461619774526,-0.02530760157506773,0.0062785937803034875,0.0,0.5133876393758376,-0.48349454960969696
Washington DC,2023-10-21,4,False,0.0,0.9162525516939355,-0.7247373747490671,-0.10356101269118168,0.0,-4.2218151166286955,-5.982371862121442
Washington DC,2023-10-21,8,False,0.0,5.626367202004248,-0.5910871259359667,0.0105230391320974,0.0,-0.00545099037348562,-1.07511227094964
Washington DC,2023-10-21,13,False,0.0,18.124574351430727,-0.38241095631281286,0.007676475243181047,0.0,0.6486923349807274,-0.3951150238947998
Washington DC,2023-10-28,4,False,0.0,1.9369626181622486,-1.0881164779168158,0.03835922058749197,0.0,-1.3261644191949147,-3.465715474286835
Washington DC,2023-10-28,8,False,0.0,8.958486911455172,-0.5041033585907109,0.013407395034796932,0.0,0.43711735824303855,-0.7313517900774342
Washington DC,2023-10-28,13,False,0.0,22.62926405074362,-0.3701400687506464,0.00677984346214322,0.0,0.7501362645281069,-0.32607629163725016
Washington DC,2023-11-04,4,False,0.0,4.527701536186068,-0.2691100282215304,0.03116497877009139,0.0,0.9728310490810032,-1.5611691695227443
Washington DC,2023-11-04,8,False,0.0,13.625816186084405,-0.18072472427779784,0.011257130872542653,0.0,0.9560007317407287,-0.5049489432650001
Washington DC,2023-11-04,13,False,0.0,26.91796663748064,-0.1635806465258025,0.006364936574609681,0.0,0.8863982532649339,-0.2773732044459023
Washington DC,2023-11-11,4,False,0.0,6.899950866174094,0.29920086970803916,0.023784555644971728,0.0,0.9514777752878638,-1.0745331535506764
Washington DC,2023-11-11,8,False,0.0,17.96316557273575,0.23683444424785727,0.010081544703302803,0.0,0.7854782799446504,-0.41075994886127876
Washington DC,2023-11-11,13,False,0.0,29.74061259508242,0.24856006878164416,0.006697142950777613,0.0,0.8955731850538662,-0.2589867295304793
Washington DC,2023-11-18,4,False,0.0,9.4935642776303,0.41030958142852636,0.023671867686563486,0.0,0.9280514025471354,-0.8345174590079274
Washington DC,2023-11-18,8,False,0.0,21.972550224429632,0.3693941695296711,0.011393439877441014,0.0,0.7978576215017252,-0.36263154788700724
Washington DC,2023-11-18,13,False,0.0,31.497612469495856,0.4336605153054198,0.00856867081706758,0.0,0.9011664845135102,-0.2537735049014509
Washington DC,2023-11-25,4,False,0.0,10.146785083082548,0.9545853356995248,0.035167659181084,0.0,0.9086297296960569,-0.8694398894084634
Washington DC,2023-11-25,8,False,0.0,23.11321516881748,0.8917939514886727,0.017256169936464283,0.0,0.7962870867743347,-0.382227269341725
Washington DC,2023-11-25,13,False,0.0,29.98658203044623,0.7708406168198261,0.01404338027091434,0.0,0.8902104573239377,-0.28529199329439114
Washington DC,2023-12-02,4,False,0.0,12.175628734754595,0.8102535483306965,0.03691945192809076,0.0,0.9509665249628826,-0.8150024836903724
Washington DC,2023-12-02,8,False,0.0,23.68324978689518,0.8411518379284706,0.020927517902693316,0.0,0.7960758178752991,-0.40404410965805027
Washington DC,2023-12-02,13,False,0.0,28.06572417713643,0.7025032905791786,0.018285413538550066,0.0,0.8697289742183557,-0.3212873678351904
Washington DC,2023-12-09,4,False,0.0,14.548062996637862,0.7591725519446851,0.03934030432393831,0.0,0.4687692076330343,-0.7674183052742864
Washington DC,2023-12-09,8,False,0.0,23.16962359870905,0.819899648467271,0.026560715755000408,0.0,0.7671150849890724,-0.4421847181828209
Washington DC,2023-12-09,13,False,0.0,25.14628388600456,0.526531152146494,0.024865619428142027,0.0,0.8220063510482226,-0.374955453413814
Washington DC,2023-12-16,4,False,0.0,15.645162635796103,0.8805567544652765,0.04724127926641153,0.0,0.3818178007164422,-0.7979969643191771
Washington DC,2023-12-16,8,False,0.0,21.001377437088287,0.6726153631854069,0.0368227987604588,0.0,0.7119567920765422,-0.5236973799857758
Washington DC,2023-12-16,13,False,0.0,20.538256143112534,0.021255479215290474,0.03750900974288485,0.0,0.7487944684670571,-0.48022681414259183
Washington DC,2023-12-23,4,False,0.0,15.728366235802138,0.8306183519069914,0.05450368801202565,0.0,0.31336430595030895,-0.8655916716425243
Washington DC,2023-12-23,8,False,0.0,18.046372128302167,0.46790455081824955,0.04845431039757653,0.0,0.646320573534994,-0.6460985564470516
Washington DC,2023-12-23,13,False,0.0,15.342956332146846,-0.5443480774976344,0.055686729265716606,0.0,0.6227633590062034,-0.6643602969607132
Washington DC,2023-12-30,4,False,0.0,10.181409753261923,-0.1608188762720104,0.09159495624075509,0.0,0.14815345017980985,-1.466721650444423
Washington DC,2023-12-30,8,False,0.0,10.55471053816916,-1.7446051299414376,0.0886547634358883,0.0,0.5386151818707654,-1.1944425485591084
Washington DC,2023-12-30,13,False,0.0,8.086113952493726,-5.298450789017308,0.06482585844487565,0.0,0.2608465514117816,-1.134300918079766
Washington DC,2024-01-06,4,False,0.0,4.875141507795848,-1.363028676253442,0.2070110841545516,0.0,0.8967617550621835,-3.23882168657307
Washington DC,2024-01-06,8,False,0.0,4.110904141173257,-5.08319003514119,0.2127376179969228,0.0,0.6877206366375819,-3.2056555821086556
Washington DC,2024-01-06,13,False,0.0,5.9312283314280245,-6.209034772124484,0.03385458998595359,0.0,0.5326213395641604,-0.7373735822516945
Washington DC,2024-01-13,4,False,0.0,1.2662560369180837,-5.828244096933658,0.6962767179004157,0.0,0.7332578885443103,-12.884814389394531
Washington DC,2024-01-13,8,False,0.0,2.068454391875794,-7.673364914676071,0.06002869811034295,0.0,0.12147199138215081,-5.138741386330519
Washington DC,2024-01-13,13,False,0.0,7.003741907324736,-3.398960247436859,-0.03590284755920403,0.0,0.5525974645573987,0.27139969505743544
Washington DC,2024-01-20,4,False,0.0,0.6683171059464021,-6.2909838410325065,-1.4834346703475085,0.0,0.21942772157481305,-22.61058877345442
Washington DC,2024-01-20,8,False,0.0,3.7044021341538613,-1.945048545667727,-0.2594487107782262,0.0,0.31801300051613124,-1.5442148042675239
Washington DC,2024-01-20,13,False,0.0,9.46358570931652,-1.0814409507982932,-0.09548403850727416,0.0,0.6370016488505661,0.8200170015062581
Washington DC,2024-01-27,4,False,0.0,0.8348043761971788,0.3208274612347505,-1.0132383256110242,0.0,-0.4752435911090249,-17.43917578926131
Washington DC,2024-01-27,8,False,0.0,5.133033962053353,0.27705613792116013,-0.1635645260530092,0.0,0.3156344764446678,-0.4659838977134445
Washington DC,2024-01-27,13,False,0.0,11.108051609600743,0.21117272895688788,-0.07178618860241404,0.0,0.6276602950889583,0.9025769783643961
Washington DC,2024-02-03,4,False,0.0,1.6008053557683464,0.3107771266143112,-0.3376069072272452,0.0,-1.2922730304702315,-8.027492710031714
Washington DC,2024-02-03,8,False,0.0,6.696953946073476,0.24808996790781657,-0.09752807155513987,0.0,0.17868768276471336,0.1572566510729413
Washington DC,2024-02-03,13,False,0.0,12.95555435865515,0.20280400424457212,-0.05087896163396022,0.0,0.5351339959872441,0.7723832584196983
Washington DC,2024-02-10,4,False,0.0,3.856013889454117,-0.38987749561973706,-0.20005187617490994,0.0,-0.5720200516455627,-1.9761925006813623
Washington DC,2024-02-10,8,False,0.0,9.375362176000998,-0.2660820821336194,-0.07755634333323114,0.0,0.2423183256858139,0.7253216061784533
Washington DC,2024-02-10,13,False,0.0,15.783958427308024,-0.2219835412268718,-0.0428092865777423,0.0,0.5186552353083472,0.625297132695019
Washington DC,2024-02-17,4,False,0.0,5.806994444833465,0.27383711175350656,-0.1217705200590451,0.0,0.13097961369864253,-0.5293038832540156
Washington DC,2024-02-17,8,False,0.0,11.270964829114394,0.23449787084082907,-0.05909892498733216,0.0,0.5298055975103433,0.7393146382897272
Washington DC,2024-02-17,13,False,0.0,17.72653206271562,0.20880837544241992,-0.034842630863987534,0.0,0.6645089660276297,0.533489625240225
Washington DC,2024-02-24,4,False,0.0,7.435210521464453,0.49263935946243786,-0.08576697965056401,0.0,0.623221524072692,0.10618972888974088
Washington DC,2024-02-24,8,False,0.0,12.455351134195292,0.49229983325289817,-0.048421829927331794,0.0,0.8072019737773225,0.7423917964038506
Washington DC,2024-02-24,13,False,0.0,18.933477284630946,0.45267679367068336,-0.029497059894456612,0.0,0.8202032030254365,0.4754078693748579
Washington DC,2024-03-02,4,False,0.0,8.075763798876638,0.6764804555812822,-0.06954608301559406,0.0,0.7843663543973427,0.2817758953677195
Washington DC,2024-03-02,8,False,0.0,13.142552293513186,0.6930590323440324,-0.04037881807288324,0.0,0.9039794834947296,0.7488888646423226
Washington DC,2024-03-02,13,False,0.0,19.430610757585555,0.6576120469344322,-0.025334356196789365,0.0,0.8677249805319062,0.4386782593966154
Washington DC,2024-03-09,4,False,0.0,7.692362988739321,0.9096450817315402,-0.05883181360443235,0.0,0.8381846493295972,0.22870241366315747
Washington DC,2024-03-09,8,False,0.0,13.075212256229381,0.9251558342198078,-0.03259336977478977,0.0,0.9147914108083544,0.7285827188617655
Washington DC,2024-03-09,13,False,0.0,19.1335055888815,0.9075639575870753,-0.020720891742984637,0.0,0.8637470566265237,0.41775439490375144
Washington DC,2024-03-16,4,False,0.0,7.007188936629809,0.7900644751065454,-0.054895980690864654,0.0,0.9134711986326768,0.1812141151931399
Washington DC,2024-03-16,8,False,0.0,12.664003728255635,0.9091977955898389,-0.028527075302806182,0.0,0.9110480242060734,0.6976269923006153
Washington DC,2024-03-16,13,False,0.0,18.49945809194785,0.9436268407504862,-0.018223697137542016,0.0,0.8441946791741899,0.40417595978628407
Washington DC,2024-03-23,4,False,0.0,5.482899604392425,0.27620819012571496,-0.04857154723626733,0.0,0.9391718760103598,0.06210223644865731
Washington DC,2024-03-23,8,False,0.0,11.69194453096293,0.6748896069472468,-0.02128116590370044,0.0,0.8863489485126737,0.6935014542258358
Washington DC,2024-03-23,13,False,0.0,17.276726457332966,0.7169724799007138,-0.013491122847707926,0.0,0.8086693784423148,0.4014268627787482
Washington DC,2024-03-30,4,False,0.0,7.34382961014364,0.415420891596576,-0.029672376114602494,0.0,0.7777391176444135,0.5454411991665848
Washington DC,2024-03-30,8,False,0.0,13.301553978656644,0.377739385352456,-0.015328847479373575,0.0,0.7427254786304112,0.5792530955366585
Washington DC,2024-03-30,13,False,0.0,18.3985573997441,0.3937129515763004,-0.010430728358627794,0.0,0.6934192443709406,0.361386596162071
Washington DC,2024-04-06,4,False,0.0,8.330241139722816,0.6921240702874472,-0.023986731759773283,0.0,0.5702606724133079,0.722087737343915
Washington DC,2024-04-06,8,False,0.0,13.715775322182827,0.6996787647896973,-0.013712404046992033,0.0,0.6067999842468748,0.5274638568667691
Washington DC,2024-04-06,13,False,0.0,18.29060001258462,0.7633461355700274,-0.009737481191046227,0.0,0.5797880861666176,0.34496061744940076
Washington DC,2024-04-13,4,False,0.0,8.382720158904577,0.8653379202933542,-0.020900855865598755,0.0,0.35064667775658165,0.7195958704596637
Washington DC,2024-04-13,8,False,0.0,13.353487954803633,0.9268438125061121,-0.012408749325373725,0.0,0.4657104336441231,0.5021392753667461
Washington DC,2024-04-13,13,False,0.0,17.326808951247376,0.8708632289189453,-0.009124682453844235,0.0,0.458792576329243,0.34204428439817713
Washington DC,2024-04-20,4,False,0.0,9.137309877689265,0.6767790245121041,-0.014695556244503916,0.0,0.26074938715794316,0.6981581012729876
Washington DC,2024-04-20,8,False,0.0,13.358745483658424,0.7841572685721023,-0.009584685095403334,0.0,0.3706142737828281,0.4692727749852543
Washington DC,2024-04-20,13,False,0.0,16.708568089885446,0.8277341683279991,-0.0073668171049889875,0.0,0.3811016523972246,0.3352842189893771
Washington DC,2024-04-27,4,False,0.0,7.639187409894271,0.644847742308881,-0.00034144020134929676,0.0,0.08748082154367987,0.6961643965675075
Washington DC,2024-04-27,8,False,0.0,11.433356213727658,0.4556840506151115,-0.0002187613155026913,0.0,0.24502029569813866,0.4950322611619711
Washington DC,2024-04-27,13,False,0.0,14.198245882135843,0.1323359854089624,-0.00017066149545708065,0.0,0.284659128145059,0.3607551901819085
Washington DC,2024-05-04,4,False,0.0,6.254790979333524,0.5870512652049326,0.020945795297551695,0.0,0.10908993439996728,0.6736374838185761
Washington DC,2024-05-04,8,False,0.0,9.893414756666022,0.47292569607866186,0.01272831426851262,0.0,0.23520717449333195,0.5193201470747153
Washington DC,2024-05-04,13,False,0.0,12.10646469539735,0.10830197891273241,0.010146124045771532,0.0,0.27884468059646794,0.3880184942550462
Washington DC,2024-05-11,4,False,0.0,6.2835139010801315,0.8760995169222845,0.019221760114337183,0.0,0.20490390639269118,0.66435844472185
Washington DC,2024-05-11,8,False,0.0,9.301492251548504,0.8946118452251373,0.012566873688936386,0.0,0.22946056597249564,0.5182471682064935
Washington DC,2024-05-11,13,False,0.0,11.143432706962438,0.6590981200529133,0.010276619426689226,0.0,0.2728136786096971,0.3964614533182155
Washington DC,2024-05-18,4,False,0.0,4.778286140531273,0.30630627879735595,0.04641362679408323,0.0,0.33823143300964653,0.6568806510727778
Washington DC,2024-05-18,8,False,0.0,7.30288177118452,0.06914729447619128,0.029563348870262685,0.0,0.31604128807587617,0.5618051123919688
Washington DC,2024-05-18,13,False,0.0,8.879941683945265,-0.4245175711741629,0.023899319792072937,0.0,0.34700322226218183,0.4552858812118262
Washington DC,2024-05-25,4,False,0.0,4.406525669336697,0.8162106889260089,0.05606764682229881,0.0,0.45353864059756843,0.658666266992497
Washington DC,2024-05-25,8,False,0.0,6.275293920540339,0.5358453796010695,0.03860116412725034,0.0,0.41028364158922315,0.5796007698251637
Washington DC,2024-05-25,13,False,0.0,7.5609996260211965,0.13796490122628313,0.031597768355047795,0.0,0.4184594769644253,0.4897151161468286
Washington DC,2024-06-01,4,False,0.0,4.853534728026075,0.6956103682509571,0.05620714008739114,0.0,-0.06061185489655996,0.7046110193800056
Washington DC,2024-06-01,8,False,0.0,5.82239586631577,0.7119753552027499,0.04637702423996348,0.0,0.031067805134468385,0.5500554463925023
Washington DC,2024-06-01,13,False,0.0,6.792835445962181,0.5027639132212203,0.039341885800986964,0.0,0.08576211060473538,0.4813728764550701
Washington DC,2024-06-08,4,False,0.0,3.402609550803267,0.24034708301045793,0.06344777873154972,0.0,-0.2534557686565968,0.4730633150044753
Washington DC,2024-06-08,8,False,0.0,4.217366630680538,-0.5304028586513452,0.05075847439100112,0.0,-0.019878289137718053,0.5661451256665608
Washington DC,2024-06-08,13,False,0.0,4.845607119120634,-1.4043166359303565,0.04388779773126095,0.0,0.021760739307508326,0.48641499679126055
Washington DC,2024-06-15,4,False,0.0,2.726824213890294,0.4729881933390856,0.07502910418318653,0.0,-0.4325581328399035,-0.03293984139132511
Washington DC,2024-06-15,8,False,0.0,3.5473025849187962,0.20846602351345822,0.0571886639152841,0.0,-0.11920885637329226,0.5517692243436203
Washington DC,2024-06-15,13,False,0.0,4.011830909555024,-0.3569091468752714,0.050323274868739554,0.0,-0.08877506482097486,0.49413364713130015
Washington DC,2024-06-22,4,False,0.0,1.1277683982358189,-2.3610901890408527,0.19031352277600133,0.0,-3.971007896321118,-1.8706186142792625
Washington DC,2024-06-22,8,False,0.0,1.9305238899085808,-2.528927853917609,0.11027419790751503,0.0,-1.9995220061700842,0.14956009097768053
Washington DC,2024-06-22,13,False,0.0,2.5904091055983955,-3.2010293068817104,0.08162977397099369,0.0,-1.3584001081528987,0.5074489768461974
Washington DC,2024-06-29,4,False,0.0,0.5945752594087638,-7.145278012233131,-0.5810492038939568,0.0,-8.354847521530942,-5.896554068675387
Washington DC,2024-06-29,8,False,0.0,0.956948595220828,-6.516229541361792,-0.003434354986276311,0.0,-5.326506530316953,-1.69569251586688
Washington DC,2024-06-29,13,False,0.0,1.8763791112837231,-4.3476546585540135,0.05007892486795662,0.0,-2.3182546750054343,0.24919312358875667
Washington DC,2024-07-06,4,False,0.0,1.157516650487897,-2.3607637440560074,0.1985430669856526,0.0,-4.570966843650006,-1.1194456052113506
Washington DC,2024-07-06,8,False,0.0,1.610470545312485,-3.0444679807478074,0.17834214170609153,0.0,-3.3294336413920353,-0.07533489470689902
Washington DC,2024-07-06,13,False,0.0,3.36255023861906,-2.202496733852408,0.09032988471482462,0.0,-1.0932573306901578,0.6245490951326205
Washington DC,2024-07-13,4,False,0.0,1.7229967378743865,0.16408181770158492,0.2200373142177776,0.0,-2.849805407274215,-0.15470655126615807
Washington DC,2024-07-13,8,False,0.0,1.7067831526369763,0.299111848103665,0.22216420476868914,0.0,-3.1194115188493043,-0.2714154850527697
Washington DC,2024-07-13,13,False,0.0,3.9940306957277336,0.19129888241839899,0.09272903148787714,0.0,-0.7356292577390424,0.5882467033287204
Washington DC,2024-07-20,4,False,0.0,1.2509689580107464,0.3840362026095855,0.18223369500595177,0.0,-3.7167215570995715,-0.7490450496998864
Washington DC,2024-07-20,8,False,0.0,1.3079858881519957,-0.7081094035480184,0.2157096806606178,0.0,-3.8096605965568893,-0.6450020241648349
Washington DC,2024-07-20,13,False,0.0,3.8837121032997772,0.55766604570698,0.07657844416412285,0.0,-0.520452258484353,0.5689080947922299
Washington DC,2024-07-27,4,False,0.0,1.3983206440341238,0.202008672073133,0.2705323572140481,0.0,-2.879174928530915,-0.856427820520536
Washington DC,2024-07-27,8,False,0.0,1.8599931165865804,0.2230220489096012,0.1801417745670425,0.0,-1.9840213923061194,0.06509564249424282
Washington DC,2024-07-27,13,False,0.0,4.414399285265591,0.1581905082155871,0.07729419645075697,0.0,-0.13170127287749556,0.5214755033657914
Washington DC,2024-08-03,4,False,0.0,0.664867223987897,-5.833248210298026,-0.4548911073890278,0.0,-5.201784704363471,-4.624476873968042
Washington DC,2024-08-03,8,False,0.0,1.87743584695863,-2.158843786536238,-0.027607829027969544,0.0,-1.1419671916391079,0.15567269512199755
Washington DC,2024-08-03,13,False,0.0,3.848069237007053,-0.8735979308338044,0.03109914538917191,0.0,0.054061579047913644,0.5239648054084631
Washington DC,2024-08-10,4,False,0.0,1.0572800704716865,-0.5912338687465168,-0.4387121007265038,0.0,-2.2079077717894577,-2.98014395347396
Washington DC,2024-08-10,8,False,0.0,2.806809872895024,0.1547194084761757,-0.004589887640449319,0.0,-0.10920685963553378,0.49100278234324124
Washington DC,2024-08-10,13,False,0.0,4.169135981818443,0.29922006535038215,0.03775321193393488,0.0,0.30171673585730485,0.47882831158166805
Washington DC,2024-08-17,4,False,0.0,0.8056135922206319,-1.3536714388645161,-0.2808892707661341,0.0,-3.0740740451148394,-2.8209756523495644
Washington DC,2024-08-17,8,False,0.0,3.7612214935411497,-0.7181931125077707,0.02515074542592033,0.0,0.29748250826593414,0.5829406574925696
Washington DC,2024-08-17,13,False,0.0,4.793268838720433,-0.93620314162931,0.045580911122677814,0.0,0.4237097986449663,0.4326233607238167
Washington DC,2024-08-24,4,False,0.0,1.8405693374861212,-0.04621651502019963,-0.003938158341828313,0.0,-0.408152142737064,-0.001802719463072755
Washington DC,2024-08-24,8,False,0.0,4.710839658934375,-0.06678388359755805,0.037860741928096964,0.0,0.6061895324550928,0.5135227293961937
Washington DC,2024-08-24,13,False,0.0,5.070033372632798,-0.10967235287040289,0.04983697710974622,0.0,0.5074684535107221,0.34437724698222516
Washington DC,2024-08-31,4,False,0.0,4.018531172265984,-0.4917133808227001,0.09697368572832354,0.0,0.4526239455142933,0.7860268023749519
Washington DC,2024-08-31,8,False,0.0,6.243668587709748,-0.5556837124308054,0.06096697047469957,0.0,0.752948074723895,0.42075143904058776
Washington DC,2024-08-31,13,False,0.0,5.6975322274277165,-0.9659611408433741,0.059638763546029705,0.0,0.5258015133254202,0.19959849059920542
Washington DC,2024-09-07,4,False,0.0,5.5643963124554485,0.23799882324430044,0.07894033655472188,0.0,0.7739901314134602,0.5413574596533375
Washington DC,2024-09-07,8,False,0.0,6.582281862699141,0.3596053240723982,0.06601369559146464,0.0,0.8415230484865946,0.3883268645128741
Washington DC,2024-09-07,13,False,0.0,5.563898896947807,0.20606891646112513,0.0532249839252833,0.0,0.5710002317210879,0.04592143949122551
Washington DC,2024-09-14,4,False,0.0,4.953981200784707,0.8247412170728688,0.09433082043479046,0.0,0.8768166173976404,0.5428358555746349
Washington DC,2024-09-14,8,False,0.0,5.0045885663722505,0.0611018202185607,0.09332721031374036,0.0,0.806577551313851,0.3780874836518272
Washington DC,2024-09-14,13,False,0.0,5.050398126963462,-1.7508267112461513,0.04750403157046745,0.0,0.5963316081841078,-0.1279274303630582
Washington DC,2024-09-21,4,False,0.0,3.404517261181434,0.23619513350241894,0.15603777091012683,0.0,0.8669629184247598,0.4311545349218304
Washington DC,2024-09-21,8,False,0.0,2.735414932276366,-1.9265097344268085,0.19555097507356256,0.0,0.5651463796708762,0.11765862948907713
Washington DC,2024-09-21,13,False,0.0,5.64853205426701,-2.595690881802934,0.016968761995969417,0.0,0.5660900467086338,-0.23757573241424046
Washington DC,2024-09-28,4,False,0.0,0.9004432286312579,-5.324763376378379,0.6380069998931944,0.0,-1.42063163160186,-0.8256537552300665
Washington DC,2024-09-28,8,False,0.0,1.337404895215918,-8.383096007020574,-0.057466871791022056,0.0,-0.3081229147243203,-1.0151186549015776
Washington DC,2024-09-28,13,False,0.0,8.024386282409516,-2.5384693596217374,-0.04661007889096003,0.0,0.7155199347249238,-0.21444496309948202
Washington DC,2024-10-05,4,False,0.0,0.8465581415178789,-4.0668499346168066,-0.8556055358817731,0.0,-2.4604318177258286,-2.1057182037779016
Washington DC,2024-10-05,8,False,0.0,3.0282326875155934,-2.114329562469266,-0.24436348108442862,0.0,0.2856555521005444,-0.521321146121535
Washington DC,2024-10-05,13,False,0.0,12.044839732060186,-0.938361598612981,-0.06681287039621475,0.0,0.7022825020226254,-0.14309942200761383
Washington DC,2024-10-12,4,False,0.0,1.0607510204461723,0.6677939982706214,-0.6804492042266075,0.0,-1.024186316791471,-1.7215145593035666
Washington DC,2024-10-12,8,False,0.0,4.438157389722378,0.3036388974740254,-0.16806727123630094,0.0,0.5422209582328055,-0.37218320041718855
Washington DC,2024-10-12,13,False,0.0,15.238477159349499,0.1590273799510329,-0.05401104618558872,0.0,0.7763776249121277,-0.12037043514167811
Washington DC,2024-10-19,4,False,0.0,1.2342267096273494,0.7327416226169556,-0.610761137163087,0.0,-0.10531908306044957,-1.5409021112111674
Washington DC,2024-10-19,8,False,0.0,6.27094636105498,0.34639089073074436,-0.12618868886056478,0.0,0.6244757831758418,-0.28169129208695987
Washington DC,2024-10-19,13,False,0.0,18.367261825892708,0.22358876305030706,-0.047987281782470914,0.0,0.7915141062650211,-0.10721496065323777
Washington DC,2024-10-26,4,False,0.0,2.321886888240645,0.09306830350981432,-0.327218769561318,0.0,-0.09159983074541223,-0.8337474052545348
Washington DC,2024-10-26,8,False,0.0,9.281860203629028,0.04610810987285885,-0.08742261276481988,0.0,0.6383188726965867,-0.1989053884219072
Washington DC,2024-10-26,13,False,0.0,21.811758240119914,0.03528023160820537,-0.041467634559142263,0.0,0.7769050363023409,-0.09305662400863701
Washington DC,2024-11-02,4,False,0.0,3.644511672760795,0.47852656142061156,-0.22275037098610917,0.0,0.7190077269939112,-0.5711075432347692
Washington DC,2024-11-02,8,False,0.0,12.431065074226924,0.28311259222671903,-0.07084177867295183,0.0,0.9143286052072607,-0.16278906607714028
Washington DC,2024-11-02,13,False,0.0,24.334211522584212,0.2551168732262621,-0.04002071447491695,0.0,0.8671150118768103,-0.08883185112570602
Washington DC,2024-11-09,4,False,0.0,5.71190031754066,0.3553567751616875,-0.14773153109606674,0.0,0.8924201991347203,-0.3958434217352145
Washington DC,2024-11-09,8,False,0.0,16.218255632671294,0.2564161111146931,-0.05720054276573738,0.0,0.7876200042091343,-0.13762614666875517
Washington DC,2024-11-09,13,False,0.0,26.512788971523143,0.268743736707182,-0.03808982289946128,0.0,0.8713753485085408,-0.08647688778195706
Washington DC,2024-11-16,4,False,0.0,8.495510911422926,0.34691956423512826,-0.0968738609887001,0.0,0.9671782075334666,-0.29618538631852576
Washington DC,2024-11-16,8,False,0.0,20.15187077690392,0.3016272050241171,-0.04522718000910464,0.0,0.8286174610308981,-0.12387209154468559
Washington DC,2024-11-16,13,False,0.0,28.116713619806426,0.3582729919280043,-0.034564125582460914,0.0,0.8669615251223386,-0.08749575992347336
Washington DC,2024-11-23,4,False,0.0,11.03406278010015,0.5484810794945745,-0.06825358906559753,0.0,0.9088378676554609,-0.2694212333393424
Washington DC,2024-11-23,8,False,0.0,22.76649244889748,0.5450206216397775,-0.03657534531869966,0.0,0.8188419078616808,-0.1282112769877366
Washington DC,2024-11-23,13,False,0.0,27.99569630127125,0.6905731167046478,-0.03101050270359451,0.0,0.8447511487671423,-0.09894467846481048
Washington DC,2024-11-30,4,False,0.0,12.242803250570446,0.9003777163146365,-0.04814619193761516,0.0,0.9456819039340346,-0.306199986138459
Washington DC,2024-11-30,8,False,0.0,22.517101681196667,0.8980303873914927,-0.02857383508238276,0.0,0.8136498941374226,-0.15847784499467088
Washington DC,2024-11-30,13,False,0.0,25.172029287842147,0.5593956920320904,-0.026113998395326687,0.0,0.8019785420364515,-0.13081239033059977
Washington DC,2024-12-07,4,False,0.0,13.778391248973595,0.8290121528758058,-0.033522299570434066,0.0,0.4709874535213592,-0.3328232396237125
Washington DC,2024-12-07,8,False,0.0,21.362823115708547,0.8189630479765464,-0.023062137255588144,0.0,0.7698829612450202,-0.19549433020225027
Washington DC,2024-12-07,13,False,0.0,21.5872349578498,0.34988249637771185,-0.022864593805475453,0.0,0.72813650655516,-0.17414454689864267
Washington DC,2024-12-14,4,False,0.0,14.031555956909472,0.9577314559519722,-0.023610537184988623,0.0,0.42786549479699587,-0.3986956441623821
Washington DC,2024-12-14,8,False,0.0,18.23732658977506,0.5354387581388593,-0.01883562678361561,0.0,0.7133109193387687,-0.2666880466578412
Washington DC,2024-12-14,13,False,0.0,16.10872156958017,-0.4565675200042594,-0.02094066256363747,0.0,0.573616493999164,-0.26454204278447935
Washington DC,2024-12-21,4,False,0.0,12.826040005803518,0.8053895907116158,-0.012578145175949462,0.0,0.4160776446616389,-0.5154754853641408
Washington DC,2024-12-21,8,False,0.0,13.941634996314454,0.023967434965496026,-0.011686072772266076,0.0,0.5946927795595454,-0.39824688470296565
Washington DC,2024-12-21,13,False,0.0,11.357190259937289,-1.6685069485953687,-0.010146099240751605,0.0,0.2721388516831861,-0.2545086539009678
Washington DC,2024-12-28,4,False,0.0,9.495726178666322,0.35946453835783077,-0.007433214705953928,0.0,0.12781561935839847,-0.7904112912759265
Washington DC,2024-12-28,8,False,0.0,8.573025482688825,-1.207096180423747,-0.008163859413491625,0.0,0.2531319971295618,-0.7234893929993389
Washington DC,2024-12-28,13,False,0.0,8.764365805234114,-3.1566147955449324,-0.003473501402716961,0.0,-0.08421436782045388,-0.01779605193606759
Washington DC,2025-01-04,4,False,0.0,4.799256538415913,-0.9583005626368937,-0.0005095303640187954,0.0,0.7859579834078396,-1.7131746590187649
Washington DC,2025-01-04,8,False,0.0,3.276164939456758,-5.741080782226828,-0.0005575060883820093,0.0,-0.04916791373657836,-1.8774880188753817
Washington DC,2025-01-04,13,False,0.0,8.77596437223762,-3.450461750630085,-4.3786377289745104e-05,0.0,0.11117458289679383,0.2817621100621923
Washington DC,2025-01-11,4,False,0.0,1.2078125227181964,-7.4562587276652526,0.0006411425098754586,0.0,-0.7986499525845214,-6.3401001594077915
Washington DC,2025-01-11,8,False,0.0,3.441157941092872,-5.009612222997575,-0.008674653522314557,0.0,-0.32416473673162316,-0.237167880629237
Washington DC,2025-01-11,13,False,0.0,11.905993483525162,-1.9862937561862428,-0.003086962096148671,0.0,0.20204157071210405,0.433183521463269
Washington DC,2025-01-18,4,False,0.0,2.7053042745949516,-1.717332699458403,-0.03268986341731672,0.0,-0.032386629029056646,-1.2613821970240253
Washington DC,2025-01-18,8,False,0.0,6.798103288574593,-1.1524452138792154,-0.012461693123585693,0.0,0.19537325904245373,0.8220604009259325
Washington DC,2025-01-18,13,False,0.0,15.977850960280152,-0.6510417846154959,-0.0047798633413844716,0.0,0.3276656691508961,0.3335578210880136
Washington DC,2025-01-25,4,False,0.0,2.8332592013706686,0.8756656279106544,-0.014926883795367107,0.0,-0.2135891627307669,-1.032465557240834
Washington DC,2025-01-25,8,False,0.0,8.617868405325702,0.4715881853475892,-0.004615292712200958,0.0,0.23854339770822286,0.7481824131306618
Washington DC,2025-01-25,13,False,0.0,18.098797346461932,0.2970475350919789,-0.001969601588610148,0.0,0.34204950087428576,0.2751731844328261
Washington DC,2025-02-01,4,False,0.0,3.0460522346497343,0.8213008044280039,0.004334459091430376,0.0,-0.5650915255567304,-0.6967084992895849
Washington DC,2025-02-01,8,False,0.0,10.653933677952345,0.430449000652559,0.0011420160433514015,0.0,0.19777974883174088,0.5595330830388194
Washington DC,2025-02-01,13,False,0.0,20.185405289314513,0.31048987581345633,0.0005384577058473727,0.0,0.3248218072575071,0.22948199845406303
