date,state,claims_count,fed_funds,cpi
2013-01-05,Arizona,4649.0,0.16,231.249
2013-01-12,Arizona,6184.0,0.16,231.249
2013-01-19,Arizona,6479.0,0.16,231.221
2013-01-26,Arizona,4914.0,0.16,231.221
2013-02-02,Arizona,5095.0,0.16,231.221
2013-02-09,Arizona,4967.0,0.14,231.221
2013-02-16,Arizona,4602.0,0.14,231.221
2013-02-23,Arizona,4287.0,0.14,231.679
2013-03-02,Arizona,4395.0,0.14,231.679
2013-03-09,Arizona,4379.0,0.14,231.679
2013-03-16,Arizona,4250.0,0.15,231.679
2013-03-23,Arizona,4514.0,0.15,232.937
2013-03-30,Arizona,4768.0,0.15,232.937
2013-04-06,Arizona,5926.0,0.15,232.937
2013-04-13,Arizona,7222.0,0.14,232.937
2013-04-20,Arizona,6772.0,0.14,232.282
2013-04-27,Arizona,5427.0,0.14,232.282
2013-05-04,Arizona,5048.0,0.14,232.282
2013-05-11,Arizona,4937.0,0.15,232.282
2013-05-18,Arizona,4814.0,0.15,231.797
2013-05-25,Arizona,5253.0,0.15,231.797
2013-06-01,Arizona,5365.0,0.15,231.797
2013-06-08,Arizona,5991.0,0.11,231.797
2013-06-15,Arizona,5240.0,0.11,231.797
2013-06-22,Arizona,5400.0,0.11,231.893
2013-06-29,Arizona,5289.0,0.11,231.893
2013-07-06,Arizona,5114.0,0.11,231.893
2013-07-13,Arizona,6877.0,0.09,231.893
2013-07-20,Arizona,5404.0,0.09,232.445
2013-07-27,Arizona,4969.0,0.09,232.445
2013-08-03,Arizona,4803.0,0.09,232.445
2013-08-10,Arizona,4912.0,0.09,232.445
2013-08-17,Arizona,4972.0,0.09,232.9
2013-08-24,Arizona,4671.0,0.09,232.9
2013-08-31,Arizona,4492.0,0.09,232.9
2013-09-07,Arizona,4059.0,0.08,232.9
2013-09-14,Arizona,4265.0,0.08,232.9
2013-09-21,Arizona,4336.0,0.08,233.456
2013-09-28,Arizona,4595.0,0.08,233.456
2013-10-05,Arizona,6062.0,0.08,233.456
2013-10-12,Arizona,6079.0,0.08,233.456
2013-10-19,Arizona,4804.0,0.08,233.544
2013-10-26,Arizona,4576.0,0.08,233.544
2013-11-02,Arizona,4556.0,0.08,233.544
2013-11-09,Arizona,4877.0,0.09,233.544
2013-11-16,Arizona,4350.0,0.09,233.544
2013-11-23,Arizona,4654.0,0.09,233.669
2013-11-30,Arizona,3311.0,0.09,233.669
2013-12-07,Arizona,4837.0,0.09,233.669
2013-12-14,Arizona,4376.0,0.08,233.669
2013-12-21,Arizona,4258.0,0.08,234.1
2013-12-28,Arizona,3078.0,0.08,234.1
2014-01-04,Arizona,4189.0,0.08,234.1
2014-01-11,Arizona,6359.0,0.09,234.1
2014-01-18,Arizona,5398.0,0.09,234.719
2014-01-25,Arizona,4799.0,0.09,234.719
2014-02-01,Arizona,4782.0,0.09,234.719
2014-02-08,Arizona,4973.0,0.07,234.719
2014-02-15,Arizona,4299.0,0.07,234.719
2014-02-22,Arizona,4098.0,0.07,235.288
2014-03-01,Arizona,4414.0,0.07,235.288
2014-03-08,Arizona,4709.0,0.07,235.288
2014-03-15,Arizona,4437.0,0.07,235.288
2014-03-22,Arizona,4645.0,0.07,235.547
2014-03-29,Arizona,5081.0,0.07,235.547
2014-04-05,Arizona,6321.0,0.07,235.547
2014-04-12,Arizona,7736.0,0.08,235.547
2014-04-19,Arizona,6531.0,0.08,236.028
2014-04-26,Arizona,5592.0,0.08,236.028
2014-05-03,Arizona,5025.0,0.08,236.028
2014-05-10,Arizona,4853.0,0.09,236.028
2014-05-17,Arizona,5042.0,0.09,236.028
2014-05-24,Arizona,5301.0,0.09,236.468
2014-05-31,Arizona,5469.0,0.09,236.468
2014-06-07,Arizona,6100.0,0.09,236.468
2014-06-14,Arizona,5255.0,0.09,236.468
2014-06-21,Arizona,4960.0,0.09,236.918
2014-06-28,Arizona,5176.0,0.09,236.918
2014-07-05,Arizona,5131.0,0.09,236.918
2014-07-12,Arizona,7668.0,0.1,236.918
2014-07-19,Arizona,5395.0,0.1,237.231
2014-07-26,Arizona,4992.0,0.1,237.231
2014-08-02,Arizona,4744.0,0.1,237.231
2014-08-09,Arizona,4787.0,0.09,237.231
2014-08-16,Arizona,4381.0,0.09,237.231
2014-08-23,Arizona,4296.0,0.09,237.498
2014-08-30,Arizona,4221.0,0.09,237.498
2014-09-06,Arizona,3741.0,0.09,237.498
2014-09-13,Arizona,4183.0,0.09,237.498
2014-09-20,Arizona,4384.0,0.09,237.46
2014-09-27,Arizona,4395.0,0.09,237.46
2014-10-04,Arizona,4455.0,0.09,237.46
2014-10-11,Arizona,4781.0,0.09,237.46
2014-10-18,Arizona,4299.0,0.09,237.477
2014-10-25,Arizona,4298.0,0.09,237.477
2014-11-01,Arizona,4029.0,0.09,237.477
2014-11-08,Arizona,4494.0,0.09,237.477
2014-11-15,Arizona,3947.0,0.09,237.477
2014-11-22,Arizona,4427.0,0.09,237.43
2014-11-29,Arizona,3007.0,0.09,237.43
2014-12-06,Arizona,4486.0,0.09,237.43
2014-12-13,Arizona,3926.0,0.09,237.43
2014-12-20,Arizona,3942.0,0.09,236.983
2014-12-27,Arizona,2672.0,0.09,236.983
2015-01-03,Arizona,3372.0,0.09,236.983
2015-01-10,Arizona,5537.0,0.12,236.983
2015-01-17,Arizona,4579.0,0.12,236.252
2015-01-24,Arizona,3949.0,0.12,236.252
2015-01-31,Arizona,4067.0,0.12,236.252
2015-02-07,Arizona,3926.0,0.11,236.252
2015-02-14,Arizona,3652.0,0.11,236.252
2015-02-21,Arizona,3521.0,0.11,234.747
2015-02-28,Arizona,3724.0,0.11,234.747
2015-03-07,Arizona,3994.0,0.11,234.747
2015-03-14,Arizona,3605.0,0.11,234.747
2015-03-21,Arizona,3902.0,0.11,235.342
2015-03-28,Arizona,4064.0,0.11,235.342
2015-04-04,Arizona,5107.0,0.11,235.342
2015-04-11,Arizona,7110.0,0.11,235.342
2015-04-18,Arizona,5897.0,0.11,235.976
2015-04-25,Arizona,4848.0,0.11,235.976
2015-05-02,Arizona,4563.0,0.11,235.976
2015-05-09,Arizona,4499.0,0.12,235.976
2015-05-16,Arizona,4466.0,0.12,235.976
2015-05-23,Arizona,4409.0,0.12,236.222
2015-05-30,Arizona,4649.0,0.12,236.222
2015-06-06,Arizona,5169.0,0.12,236.222
2015-06-13,Arizona,4361.0,0.12,236.222
2015-06-20,Arizona,4278.0,0.12,237.001
2015-06-27,Arizona,4400.0,0.12,237.001
2015-07-04,Arizona,4426.0,0.12,237.001
2015-07-11,Arizona,7317.0,0.13,237.001
2015-07-18,Arizona,5109.0,0.13,237.657
2015-07-25,Arizona,4466.0,0.13,237.657
2015-08-01,Arizona,4385.0,0.13,237.657
2015-08-08,Arizona,4367.0,0.13,237.657
2015-08-15,Arizona,4147.0,0.13,237.657
2015-08-22,Arizona,3863.0,0.13,238.034
2015-08-29,Arizona,3797.0,0.13,238.034
2015-09-05,Arizona,3972.0,0.13,238.034
2015-09-12,Arizona,3277.0,0.14,238.034
2015-09-19,Arizona,3742.0,0.14,238.033
2015-09-26,Arizona,3439.0,0.14,238.033
2015-10-03,Arizona,4161.0,0.14,238.033
2015-10-10,Arizona,4347.0,0.14,238.033
2015-10-17,Arizona,3753.0,0.14,238.033
2015-10-24,Arizona,3867.0,0.14,237.498
2015-10-31,Arizona,3702.0,0.14,237.498
2015-11-07,Arizona,4235.0,0.12,237.498
2015-11-14,Arizona,3674.0,0.12,237.498
2015-11-21,Arizona,4073.0,0.12,237.733
2015-11-28,Arizona,2581.0,0.12,237.733
2015-12-05,Arizona,3930.0,0.12,237.733
2015-12-12,Arizona,4008.0,0.12,237.733
2015-12-19,Arizona,3845.0,0.12,238.017
2015-12-26,Arizona,2583.0,0.12,238.017
2016-01-02,Arizona,3031.0,0.12,238.017
2016-01-09,Arizona,5595.0,0.24,238.017
2016-01-16,Arizona,4671.0,0.24,238.017
2016-01-23,Arizona,4214.0,0.24,237.761
2016-01-30,Arizona,4348.0,0.24,237.761
2016-02-06,Arizona,4268.0,0.24,237.761
2016-02-13,Arizona,3579.0,0.34,237.761
2016-02-20,Arizona,3332.0,0.34,237.652
2016-02-27,Arizona,3641.0,0.34,237.652
2016-03-05,Arizona,3914.0,0.34,237.652
2016-03-12,Arizona,3767.0,0.38,237.652
2016-03-19,Arizona,3658.0,0.38,237.336
2016-03-26,Arizona,3978.0,0.38,237.336
2016-04-02,Arizona,4507.0,0.38,237.336
2016-04-09,Arizona,7003.0,0.36,237.336
2016-04-16,Arizona,5828.0,0.36,237.336
2016-04-23,Arizona,6083.0,0.36,238.08
2016-04-30,Arizona,4751.0,0.36,238.08
2016-05-07,Arizona,4572.0,0.36,238.08
2016-05-14,Arizona,4401.0,0.37,238.08
2016-05-21,Arizona,4400.0,0.37,238.992
2016-05-28,Arizona,5042.0,0.37,238.992
2016-06-04,Arizona,4862.0,0.37,238.992
2016-06-11,Arizona,4758.0,0.37,238.992
2016-06-18,Arizona,4459.0,0.37,239.557
2016-06-25,Arizona,4663.0,0.37,239.557
2016-07-02,Arizona,5398.0,0.37,239.557
2016-07-09,Arizona,6453.0,0.38,239.557
2016-07-16,Arizona,5408.0,0.38,239.557
2016-07-23,Arizona,4820.0,0.38,240.222
2016-07-30,Arizona,4404.0,0.38,240.222
2016-08-06,Arizona,4428.0,0.38,240.222
2016-08-13,Arizona,4194.0,0.39,240.222
2016-08-20,Arizona,4091.0,0.39,240.101
2016-08-27,Arizona,3970.0,0.39,240.101
2016-09-03,Arizona,4010.0,0.39,240.101
2016-09-10,Arizona,3588.0,0.4,240.101
2016-09-17,Arizona,4056.0,0.4,240.545
2016-09-24,Arizona,3945.0,0.4,240.545
2016-10-01,Arizona,3987.0,0.4,240.545
2016-10-08,Arizona,4659.0,0.4,240.545
2016-10-15,Arizona,4022.0,0.4,240.545
2016-10-22,Arizona,4063.0,0.4,241.176
2016-10-29,Arizona,3942.0,0.4,241.176
2016-11-05,Arizona,4184.0,0.4,241.176
2016-11-12,Arizona,3374.0,0.4,241.176
2016-11-19,Arizona,4291.0,0.4,241.741
2016-11-26,Arizona,2657.0,0.4,241.741
2016-12-03,Arizona,4258.0,0.4,241.741
2016-12-10,Arizona,4050.0,0.41,241.741
2016-12-17,Arizona,3730.0,0.41,241.741
2016-12-24,Arizona,3311.0,0.41,242.026
2016-12-31,Arizona,3154.0,0.41,242.026
2017-01-07,Arizona,4551.0,0.54,242.026
2017-01-14,Arizona,4677.0,0.54,242.026
2017-01-21,Arizona,3944.0,0.54,242.637
2017-01-28,Arizona,4205.0,0.54,242.637
2017-02-04,Arizona,4300.0,0.54,242.637
2017-02-11,Arizona,4003.0,0.65,242.637
2017-02-18,Arizona,3718.0,0.65,243.618
2017-02-25,Arizona,3397.0,0.65,243.618
2017-03-04,Arizona,3808.0,0.65,243.618
2017-03-11,Arizona,3746.0,0.66,243.618
2017-03-18,Arizona,3906.0,0.66,243.618
2017-03-25,Arizona,3986.0,0.66,244.006
2017-04-01,Arizona,4393.0,0.66,244.006
2017-04-08,Arizona,6757.0,0.79,244.006
2017-04-15,Arizona,5285.0,0.79,244.006
2017-04-22,Arizona,6013.0,0.79,243.892
2017-04-29,Arizona,4767.0,0.79,243.892
2017-05-06,Arizona,4519.0,0.79,243.892
2017-05-13,Arizona,4167.0,0.9,243.892
2017-05-20,Arizona,4153.0,0.9,244.193
2017-05-27,Arizona,4379.0,0.9,244.193
2017-06-03,Arizona,4754.0,0.9,244.193
2017-06-10,Arizona,4779.0,0.91,244.193
2017-06-17,Arizona,4734.0,0.91,244.004
2017-06-24,Arizona,4433.0,0.91,244.004
2017-07-01,Arizona,5040.0,0.91,244.004
2017-07-08,Arizona,6141.0,1.04,244.004
2017-07-15,Arizona,5101.0,1.04,244.004
2017-07-22,Arizona,4931.0,1.04,244.163
2017-07-29,Arizona,4283.0,1.04,244.163
2017-08-05,Arizona,4507.0,1.04,244.163
2017-08-12,Arizona,4230.0,1.15,244.163
2017-08-19,Arizona,3985.0,1.15,244.243
2017-08-26,Arizona,3772.0,1.15,244.243
2017-09-02,Arizona,3949.0,1.15,244.243
2017-09-09,Arizona,3411.0,1.16,244.243
2017-09-16,Arizona,3800.0,1.16,244.243
2017-09-23,Arizona,3696.0,1.16,245.183
2017-09-30,Arizona,3717.0,1.16,245.183
2017-10-07,Arizona,4411.0,1.16,245.183
2017-10-14,Arizona,3822.0,1.15,245.183
2017-10-21,Arizona,4084.0,1.15,246.435
2017-10-28,Arizona,3760.0,1.15,246.435
2017-11-04,Arizona,4159.0,1.15,246.435
2017-11-11,Arizona,3259.0,1.15,246.435
2017-11-18,Arizona,4217.0,1.15,246.626
2017-11-25,Arizona,2675.0,1.15,246.626
2017-12-02,Arizona,4047.0,1.15,246.626
2017-12-09,Arizona,3886.0,1.16,246.626
2017-12-16,Arizona,3619.0,1.16,246.626
2017-12-23,Arizona,3299.0,1.16,247.284
2017-12-30,Arizona,2787.0,1.16,247.284
2018-01-06,Arizona,3626.0,1.16,247.284
2018-01-13,Arizona,4671.0,1.3,247.284
2018-01-20,Arizona,3614.0,1.3,247.805
2018-01-27,Arizona,4154.0,1.3,247.805
2018-02-03,Arizona,4071.0,1.3,247.805
2018-02-10,Arizona,3935.0,1.41,247.805
2018-02-17,Arizona,3454.0,1.41,248.859
2018-02-24,Arizona,3270.0,1.41,248.859
2018-03-03,Arizona,3641.0,1.41,248.859
2018-03-10,Arizona,3856.0,1.42,248.859
2018-03-17,Arizona,3688.0,1.42,248.859
2018-03-24,Arizona,3927.0,1.42,249.529
2018-03-31,Arizona,3869.0,1.42,249.529
2018-04-07,Arizona,6215.0,1.51,249.529
2018-04-14,Arizona,5935.0,1.51,249.529
2018-04-21,Arizona,5981.0,1.51,249.577
2018-04-28,Arizona,4510.0,1.51,249.577
2018-05-05,Arizona,4660.0,1.51,249.577
2018-05-12,Arizona,4148.0,1.69,249.577
2018-05-19,Arizona,4409.0,1.69,250.227
2018-05-26,Arizona,4443.0,1.69,250.227
2018-06-02,Arizona,4300.0,1.69,250.227
2018-06-09,Arizona,4650.0,1.7,250.227
2018-06-16,Arizona,4298.0,1.7,250.227
2018-06-23,Arizona,4318.0,1.7,250.792
2018-06-30,Arizona,4586.0,1.7,250.792
2018-07-07,Arizona,5669.0,1.7,250.792
2018-07-14,Arizona,5041.0,1.82,250.792
2018-07-21,Arizona,4300.0,1.82,251.018
2018-07-28,Arizona,4120.0,1.82,251.018
2018-08-04,Arizona,3795.0,1.82,251.018
2018-08-11,Arizona,3828.0,1.91,251.018
2018-08-18,Arizona,3676.0,1.91,251.214
2018-08-25,Arizona,3465.0,1.91,251.214
2018-09-01,Arizona,3532.0,1.91,251.214
2018-09-08,Arizona,3115.0,1.91,251.214
2018-09-15,Arizona,3359.0,1.91,251.214
2018-09-22,Arizona,3275.0,1.91,251.663
2018-09-29,Arizona,3291.0,1.91,251.663
2018-10-06,Arizona,3784.0,1.91,251.663
2018-10-13,Arizona,3653.0,1.95,251.663
2018-10-20,Arizona,3584.0,1.95,252.182
2018-10-27,Arizona,3443.0,1.95,252.182
2018-11-03,Arizona,3431.0,1.95,252.182
2018-11-10,Arizona,3618.0,2.19,252.182
2018-11-17,Arizona,3224.0,2.19,252.772
2018-11-24,Arizona,2346.0,2.19,252.772
2018-12-01,Arizona,3585.0,2.19,252.772
2018-12-08,Arizona,3521.0,2.2,252.772
2018-12-15,Arizona,3380.0,2.2,252.772
2018-12-22,Arizona,3224.0,2.2,252.594
2018-12-29,Arizona,2254.0,2.2,252.594
2019-01-05,Arizona,3086.0,2.2,252.594
2019-01-12,Arizona,4711.0,2.27,252.594
2019-01-19,Arizona,4210.0,2.27,252.767
2019-01-26,Arizona,3681.0,2.27,252.767
2019-02-02,Arizona,3536.0,2.27,252.767
2019-02-09,Arizona,3310.0,2.4,252.767
2019-02-16,Arizona,3224.0,2.4,252.767
2019-02-23,Arizona,2905.0,2.4,252.561
2019-03-02,Arizona,3276.0,2.4,252.561
2019-03-09,Arizona,3403.0,2.4,252.561
2019-03-16,Arizona,3388.0,2.4,252.561
2019-03-23,Arizona,3402.0,2.4,253.319
2019-03-30,Arizona,3740.0,2.4,253.319
2019-04-06,Arizona,5029.0,2.4,253.319
2019-04-13,Arizona,5848.0,2.41,253.319
2019-04-20,Arizona,5330.0,2.41,254.277
2019-04-27,Arizona,5303.0,2.41,254.277
2019-05-04,Arizona,4635.0,2.41,254.277
2019-05-11,Arizona,4264.0,2.42,254.277
2019-05-18,Arizona,4280.0,2.42,255.233
2019-05-25,Arizona,4129.0,2.42,255.233
2019-06-01,Arizona,4078.0,2.42,255.233
2019-06-08,Arizona,4670.0,2.39,255.233
2019-06-15,Arizona,4219.0,2.39,255.233
2019-06-22,Arizona,4177.0,2.39,255.296
2019-06-29,Arizona,4208.0,2.39,255.296
2019-07-06,Arizona,4412.0,2.39,255.296
2019-07-13,Arizona,5723.0,2.38,255.296
2019-07-20,Arizona,4549.0,2.38,255.213
2019-07-27,Arizona,4019.0,2.38,255.213
2019-08-03,Arizona,3908.0,2.38,255.213
2019-08-10,Arizona,3857.0,2.4,255.213
2019-08-17,Arizona,3514.0,2.4,255.802
2019-08-24,Arizona,3535.0,2.4,255.802
2019-08-31,Arizona,3622.0,2.4,255.802
2019-09-07,Arizona,3336.0,2.13,255.802
2019-09-14,Arizona,3643.0,2.13,255.802
2019-09-21,Arizona,3681.0,2.13,256.036
2019-09-28,Arizona,3757.0,2.13,256.036
2019-10-05,Arizona,3775.0,2.13,256.036
2019-10-12,Arizona,3916.0,2.04,256.036
2019-10-19,Arizona,3510.0,2.04,256.43
2019-10-26,Arizona,3880.0,2.04,256.43
2019-11-02,Arizona,3966.0,2.04,256.43
2019-11-09,Arizona,3952.0,1.83,256.43
2019-11-16,Arizona,3701.0,1.83,256.43
2019-11-23,Arizona,3730.0,1.83,257.155
2019-11-30,Arizona,2527.0,1.83,257.155
2019-12-07,Arizona,4113.0,1.83,257.155
2019-12-14,Arizona,3296.0,1.55,257.155
2019-12-21,Arizona,3294.0,1.55,257.879
2019-12-28,Arizona,2155.0,1.55,257.879
2020-01-04,Arizona,3132.0,1.55,257.879
2020-01-11,Arizona,4654.0,1.55,257.879
2020-01-18,Arizona,4152.0,1.55,258.63
2020-01-25,Arizona,3475.0,1.55,258.63
2020-02-01,Arizona,3807.0,1.55,258.63
2020-02-08,Arizona,3636.0,1.55,258.63
2020-02-15,Arizona,3538.0,1.55,258.63
2020-02-22,Arizona,3151.0,1.55,259.127
2020-02-29,Arizona,3086.0,1.55,259.127
2020-03-07,Arizona,3357.0,1.55,259.127
2020-03-14,Arizona,3844.0,1.58,259.127
2020-03-21,Arizona,29348.0,1.58,259.25
2020-03-28,Arizona,88940.0,1.58,259.25
2020-04-04,Arizona,132428.0,1.58,259.25
2020-04-11,Arizona,98531.0,0.65,259.25
2020-04-18,Arizona,72457.0,0.65,258.076
2020-04-25,Arizona,52581.0,0.65,258.076
2020-05-02,Arizona,43023.0,0.65,258.076
2020-05-09,Arizona,31570.0,0.05,258.076
2020-05-16,Arizona,31957.0,0.05,258.076
2020-05-23,Arizona,26868.0,0.05,256.032
2020-05-30,Arizona,22012.0,0.05,256.032
2020-06-06,Arizona,24367.0,0.05,256.032
2020-06-13,Arizona,22419.0,0.05,256.032
2020-06-20,Arizona,25886.0,0.05,255.802
2020-06-27,Arizona,26328.0,0.05,255.802
2020-07-04,Arizona,25774.0,0.05,255.802
2020-07-11,Arizona,28695.0,0.08,255.802
2020-07-18,Arizona,21441.0,0.08,257.042
2020-07-25,Arizona,19063.0,0.08,257.042
2020-08-01,Arizona,15561.0,0.08,257.042
2020-08-08,Arizona,11655.0,0.09,257.042
2020-08-15,Arizona,12775.0,0.09,257.042
2020-08-22,Arizona,12487.0,0.09,258.352
2020-08-29,Arizona,11705.0,0.09,258.352
2020-09-05,Arizona,11343.0,0.09,258.352
2020-09-12,Arizona,10015.0,0.1,258.352
2020-09-19,Arizona,9065.0,0.1,259.316
2020-09-26,Arizona,8208.0,0.1,259.316
2020-10-03,Arizona,7966.0,0.1,259.316
2020-10-10,Arizona,7925.0,0.09,259.316
2020-10-17,Arizona,7053.0,0.09,259.316
2020-10-24,Arizona,6813.0,0.09,259.997
2020-10-31,Arizona,6389.0,0.09,259.997
2020-11-07,Arizona,6410.0,0.09,259.997
2020-11-14,Arizona,6285.0,0.09,259.997
2020-11-21,Arizona,7154.0,0.09,260.319
2020-11-28,Arizona,5569.0,0.09,260.319
2020-12-05,Arizona,7362.0,0.09,260.319
2020-12-12,Arizona,6921.0,0.09,260.319
2020-12-19,Arizona,7032.0,0.09,260.911
2020-12-26,Arizona,6569.0,0.09,260.911
2021-01-02,Arizona,7992.0,0.09,260.911
2021-01-09,Arizona,12309.0,0.09,260.911
2021-01-16,Arizona,12006.0,0.09,260.911
2021-01-23,Arizona,13034.0,0.09,262.045
2021-01-30,Arizona,15148.0,0.09,262.045
2021-02-06,Arizona,7670.0,0.09,262.045
2021-02-13,Arizona,3903.0,0.09,262.045
2021-02-20,Arizona,4108.0,0.09,262.687
2021-02-27,Arizona,4091.0,0.09,262.687
2021-03-06,Arizona,4244.0,0.09,262.687
2021-03-13,Arizona,5220.0,0.08,262.687
2021-03-20,Arizona,4822.0,0.08,263.579
2021-03-27,Arizona,5373.0,0.08,263.579
2021-04-03,Arizona,5177.0,0.08,263.579
2021-04-10,Arizona,6202.0,0.07,263.579
2021-04-17,Arizona,6308.0,0.07,264.961
2021-04-24,Arizona,7673.0,0.07,264.961
2021-05-01,Arizona,7267.0,0.07,264.961
2021-05-08,Arizona,5959.0,0.07,264.961
2021-05-15,Arizona,5378.0,0.07,264.961
2021-05-22,Arizona,4818.0,0.07,266.614
2021-05-29,Arizona,4375.0,0.07,266.614
2021-06-05,Arizona,3997.0,0.07,266.614
2021-06-12,Arizona,3952.0,0.06,266.614
2021-06-19,Arizona,3554.0,0.06,268.383
2021-06-26,Arizona,3656.0,0.06,268.383
2021-07-03,Arizona,3804.0,0.06,268.383
2021-07-10,Arizona,3829.0,0.08,268.383
2021-07-17,Arizona,3578.0,0.08,268.383
2021-07-24,Arizona,3301.0,0.08,270.654
2021-07-31,Arizona,3153.0,0.08,270.654
2021-08-07,Arizona,3172.0,0.1,270.654
2021-08-14,Arizona,2871.0,0.1,270.654
2021-08-21,Arizona,3019.0,0.1,271.903
2021-08-28,Arizona,2957.0,0.1,271.903
2021-09-04,Arizona,2759.0,0.1,271.903
2021-09-11,Arizona,6498.0,0.09,271.903
2021-09-18,Arizona,8280.0,0.09,272.676
2021-09-25,Arizona,4039.0,0.09,272.676
2021-10-02,Arizona,3276.0,0.09,272.676
2021-10-09,Arizona,3799.0,0.08,272.676
2021-10-16,Arizona,3005.0,0.08,272.676
2021-10-23,Arizona,2845.0,0.08,273.91
2021-10-30,Arizona,2714.0,0.08,273.91
2021-11-06,Arizona,2748.0,0.08,273.91
2021-11-13,Arizona,2588.0,0.08,273.91
2021-11-20,Arizona,2757.0,0.08,276.55
2021-11-27,Arizona,1956.0,0.08,276.55
2021-12-04,Arizona,2697.0,0.08,276.55
2021-12-11,Arizona,2493.0,0.08,276.55
2021-12-18,Arizona,2506.0,0.08,278.919
2021-12-25,Arizona,1850.0,0.08,278.919
2022-01-01,Arizona,2141.0,0.08,278.919
2022-01-08,Arizona,3317.0,0.08,278.919
2022-01-15,Arizona,3068.0,0.08,278.919
2022-01-22,Arizona,2672.0,0.08,280.845
2022-01-29,Arizona,2765.0,0.08,280.845
2022-02-05,Arizona,2889.0,0.08,280.845
2022-02-12,Arizona,2498.0,0.08,280.845
2022-02-19,Arizona,2521.0,0.08,282.543
2022-02-26,Arizona,2214.0,0.08,282.543
2022-03-05,Arizona,2508.0,0.08,282.543
2022-03-12,Arizona,2658.0,0.08,282.543
2022-03-19,Arizona,2358.0,0.08,282.543
2022-03-26,Arizona,2671.0,0.08,284.5
2022-04-02,Arizona,2786.0,0.08,284.5
2022-04-09,Arizona,4193.0,0.2,284.5
2022-04-16,Arizona,3888.0,0.2,284.5
2022-04-23,Arizona,3728.0,0.2,287.674
2022-04-30,Arizona,3494.0,0.2,287.674
2022-05-07,Arizona,3391.0,0.2,287.674
2022-05-14,Arizona,3113.0,0.33,287.674
2022-05-21,Arizona,3201.0,0.33,288.561
2022-05-28,Arizona,3266.0,0.33,288.561
2022-06-04,Arizona,3396.0,0.33,288.561
2022-06-11,Arizona,3455.0,0.77,288.561
2022-06-18,Arizona,3354.0,0.77,291.298
2022-06-25,Arizona,3071.0,0.77,291.298
2022-07-02,Arizona,2570.0,0.77,291.298
2022-07-09,Arizona,5017.0,1.21,291.298
2022-07-16,Arizona,4218.0,1.21,291.298
2022-07-23,Arizona,3548.0,1.21,294.957
2022-07-30,Arizona,3180.0,1.21,294.957
2022-08-06,Arizona,3266.0,1.21,294.957
2022-08-13,Arizona,3094.0,1.68,294.957
2022-08-20,Arizona,2907.0,1.68,294.913
2022-08-27,Arizona,2835.0,1.68,294.913
2022-09-03,Arizona,2905.0,1.68,294.913
2022-09-10,Arizona,2532.0,2.33,294.913
2022-09-17,Arizona,2638.0,2.33,295.097
2022-09-24,Arizona,2673.0,2.33,295.097
2022-10-01,Arizona,2711.0,2.33,295.097
2022-10-08,Arizona,3243.0,2.56,295.097
2022-10-15,Arizona,2823.0,2.56,295.097
2022-10-22,Arizona,2899.0,2.56,296.349
2022-10-29,Arizona,2816.0,2.56,296.349
2022-11-05,Arizona,3082.0,2.56,296.349
2022-11-12,Arizona,2390.0,3.08,296.349
2022-11-19,Arizona,3383.0,3.08,298.007
2022-11-26,Arizona,2136.0,3.08,298.007
2022-12-03,Arizona,2941.0,3.08,298.007
2022-12-10,Arizona,2968.0,3.78,298.007
2022-12-17,Arizona,2786.0,3.78,298.007
2022-12-24,Arizona,2424.0,3.78,298.786
2022-12-31,Arizona,2142.0,3.78,298.786
2023-01-07,Arizona,3371.0,4.1,298.786
2023-01-14,Arizona,3432.0,4.1,298.786
2023-01-21,Arizona,3126.0,4.1,298.832
2023-01-28,Arizona,3096.0,4.1,298.832
2023-02-04,Arizona,3352.0,4.1,298.832
2023-02-11,Arizona,3357.0,4.33,298.832
2023-02-18,Arizona,2990.0,4.33,300.42
2023-02-25,Arizona,2790.0,4.33,300.42
2023-03-04,Arizona,3121.0,4.33,300.42
2023-03-11,Arizona,2942.0,4.57,300.42
2023-03-18,Arizona,3007.0,4.57,300.42
2023-03-25,Arizona,3062.0,4.57,301.45
2023-04-01,Arizona,2975.0,4.57,301.45
2023-04-08,Arizona,4342.0,4.65,301.45
2023-04-15,Arizona,4201.0,4.65,301.45
2023-04-22,Arizona,4684.0,4.65,301.821
2023-04-29,Arizona,4716.0,4.65,301.821
2023-05-06,Arizona,4640.0,4.65,301.821
2023-05-13,Arizona,3982.0,4.83,301.821
2023-05-20,Arizona,4005.0,4.83,302.845
2023-05-27,Arizona,4076.0,4.83,302.845
2023-06-03,Arizona,4002.0,4.83,302.845
2023-06-10,Arizona,4281.0,5.06,302.845
2023-06-17,Arizona,3972.0,5.06,303.334
2023-06-24,Arizona,3645.0,5.06,303.334
2023-07-01,Arizona,3665.0,5.06,303.334
2023-07-08,Arizona,4783.0,5.08,303.334
2023-07-15,Arizona,4801.0,5.08,303.334
2023-07-22,Arizona,4306.0,5.08,304.014
2023-07-29,Arizona,3933.0,5.08,304.014
2023-08-05,Arizona,3863.0,5.08,304.014
2023-08-12,Arizona,3691.0,5.12,304.014
2023-08-19,Arizona,3627.0,5.12,304.609
2023-08-26,Arizona,3504.0,5.12,304.609
2023-09-02,Arizona,3377.0,5.12,304.609
2023-09-09,Arizona,3034.0,5.33,304.609
2023-09-16,Arizona,3255.0,5.33,304.609
2023-09-23,Arizona,3221.0,5.33,306.082
2023-09-30,Arizona,3168.0,5.33,306.082
2023-10-07,Arizona,3679.0,5.33,306.082
2023-10-14,Arizona,3254.0,5.33,306.082
2023-10-21,Arizona,3366.0,5.33,307.276
2023-10-28,Arizona,3283.0,5.33,307.276
2023-11-04,Arizona,3449.0,5.33,307.276
2023-11-11,Arizona,2990.0,5.33,307.276
2023-11-18,Arizona,3898.0,5.33,307.696
2023-11-25,Arizona,2464.0,5.33,307.696
2023-12-02,Arizona,3287.0,5.33,307.696
2023-12-09,Arizona,3546.0,5.33,307.696
2023-12-16,Arizona,3264.0,5.33,307.696
2023-12-23,Arizona,3025.0,5.33,308.148
2023-12-30,Arizona,2298.0,5.33,308.148
2024-01-06,Arizona,3248.0,5.33,308.148
2024-01-13,Arizona,4089.0,5.33,308.148
2024-01-20,Arizona,3476.0,5.33,308.741
2024-01-27,Arizona,3779.0,5.33,308.741
2024-02-03,Arizona,3726.0,5.33,308.741
2024-02-10,Arizona,3479.0,5.33,308.741
2024-02-17,Arizona,3263.0,5.33,309.698
2024-02-24,Arizona,3071.0,5.33,309.698
2024-03-02,Arizona,3259.0,5.33,309.698
2024-03-09,Arizona,3386.0,5.33,309.698
2024-03-16,Arizona,3330.0,5.33,309.698
2024-03-23,Arizona,3361.0,5.33,310.967
2024-03-30,Arizona,3471.0,5.33,310.967
2024-04-06,Arizona,4273.0,5.33,310.967
2024-04-13,Arizona,4717.0,5.33,310.967
2024-04-20,Arizona,4826.0,5.33,312.345
2024-04-27,Arizona,4656.0,5.33,312.345
2024-05-04,Arizona,4679.0,5.33,312.345
2024-05-11,Arizona,4288.0,5.33,312.345
2024-05-18,Arizona,3918.0,5.33,313.023
2024-05-25,Arizona,4219.0,5.33,313.023
2024-06-01,Arizona,4127.0,5.33,313.023
2024-06-08,Arizona,4604.0,5.33,313.023
2024-06-15,Arizona,4167.0,5.33,313.023
2024-06-22,Arizona,4055.0,5.33,313.175
2024-06-29,Arizona,4341.0,5.33,313.175
2024-07-06,Arizona,4423.0,5.33,313.175
2024-07-13,Arizona,5198.0,5.33,313.175
2024-07-20,Arizona,4384.0,5.33,313.044
2024-07-27,Arizona,3889.0,5.33,313.044
2024-08-03,Arizona,4014.0,5.33,313.044
2024-08-10,Arizona,4212.0,5.33,313.044
2024-08-17,Arizona,3947.0,5.33,313.569
2024-08-24,Arizona,3846.0,5.33,313.569
2024-08-31,Arizona,3767.0,5.33,313.569
2024-09-07,Arizona,3445.0,5.33,313.569
2024-09-14,Arizona,3682.0,5.33,313.569
2024-09-21,Arizona,3629.0,5.33,314.062
2024-09-28,Arizona,3675.0,5.33,314.062
2024-10-05,Arizona,3752.0,5.33,314.062
2024-10-12,Arizona,3465.0,5.13,314.062
2024-10-19,Arizona,3058.0,5.13,314.732
2024-10-26,Arizona,3004.0,5.13,314.732
2024-11-02,Arizona,2820.0,5.13,314.732
2024-11-09,Arizona,3158.0,4.83,314.732
2024-11-16,Arizona,2820.0,4.83,314.732
2024-11-23,Arizona,3075.0,4.83,315.631
2024-11-30,Arizona,1983.0,4.83,315.631
2024-12-07,Arizona,3095.0,4.83,315.631
2024-12-14,Arizona,2840.0,4.64,315.631
2024-12-21,Arizona,2646.0,4.64,316.528
2024-12-28,Arizona,1770.0,4.64,316.528
2025-01-04,Arizona,2398.0,4.64,316.528
2025-01-11,Arizona,3584.0,4.48,316.528
2025-01-18,Arizona,3219.0,4.48,317.604
2025-01-25,Arizona,3057.0,4.48,317.604
2025-02-01,Arizona,3245.0,4.48,317.604
2025-02-08,Arizona,3073.0,4.33,317.604
2025-02-15,Arizona,2884.0,4.33,317.604
2025-02-22,Arizona,2803.0,4.33,318.961
2025-03-01,Arizona,3137.0,4.33,318.961
2025-03-08,Arizona,3594.0,4.33,318.961
2025-03-15,Arizona,3737.0,4.33,318.961
2025-03-22,Arizona,3777.0,4.33,319.679
2025-03-29,Arizona,3258.0,4.33,319.679
2025-04-05,Arizona,3801.0,4.33,319.679
2025-04-12,Arizona,4439.0,4.33,319.679
2025-04-19,Arizona,4889.0,4.33,319.785
2025-04-26,Arizona,4666.0,4.33,319.785
2025-05-03,Arizona,3846.0,4.33,319.785
2025-05-10,Arizona,3575.0,4.33,319.785
2025-05-17,Arizona,3687.0,4.33,319.785
2025-05-24,Arizona,3809.0,4.33,320.302
2025-05-31,Arizona,3689.0,4.33,320.302
2025-06-07,Arizona,4134.0,4.33,320.302
2025-06-14,Arizona,3797.0,4.33,320.302
2025-06-21,Arizona,3473.0,4.33,320.62
2025-06-28,Arizona,3310.0,4.33,320.62
2025-07-05,Arizona,3486.0,4.33,320.62
2025-07-12,Arizona,4679.0,4.33,320.62
2025-07-19,Arizona,3722.0,4.33,321.435
2025-07-26,Arizona,3514.0,4.33,321.435
2025-08-02,Arizona,3523.0,4.33,321.435
2025-08-09,Arizona,3578.0,4.33,321.435
2025-08-16,Arizona,3329.0,4.33,321.435
2025-08-23,Arizona,3309.0,4.33,322.169
2025-08-30,Arizona,2980.0,4.33,322.169
2025-09-06,Arizona,2980.0,4.33,322.169
2025-09-13,Arizona,3792.0,4.33,322.169
2025-09-20,Arizona,2614.0,4.33,323.291
2025-09-27,Arizona,2463.0,4.33,323.291
2025-10-04,Arizona,2783.0,4.33,323.291
2025-10-11,Arizona,2864.0,4.22,323.291
2025-10-18,Arizona,2612.0,4.22,324.245
2025-10-25,Arizona,2627.0,4.22,324.245
2025-11-01,Arizona,2354.0,4.22,324.245
2025-11-08,Arizona,2838.0,4.09,324.245
2025-11-15,Arizona,2418.0,4.09,324.245
2025-11-22,Arizona,2368.0,4.09,324.245
2025-11-29,Arizona,1709.0,4.09,324.245
2025-12-06,Arizona,2614.0,4.09,324.245
2025-12-13,Arizona,2328.0,3.88,324.245
2025-12-20,Arizona,2326.0,3.88,325.063
2025-12-27,Arizona,1528.0,3.88,325.063
2026-01-03,Arizona,1957.0,3.88,325.063
2026-01-10,Arizona,2869.0,3.72,325.063
2026-01-17,Arizona,2802.0,3.72,326.031
2026-01-24,Arizona,2531.0,3.72,326.031
2026-01-31,Arizona,2500.0,3.72,326.031
2026-02-07,Arizona,2684.0,3.64,326.031
2026-02-14,Arizona,2501.0,3.64,326.031
2026-02-21,Arizona,2386.0,3.64,326.588
2026-02-28,Arizona,2344.0,3.64,326.588
2026-03-07,Arizona,2572.0,3.64,326.588
2026-03-14,Arizona,2479.0,3.64,326.588
2026-03-21,Arizona,2526.0,3.64,327.46
2026-03-28,Arizona,2654.0,3.64,327.46
2026-04-04,Arizona,2967.0,3.64,327.46
2026-04-11,Arizona,4020.0,3.64,327.46
2026-04-18,Arizona,4115.0,3.64,330.293
2026-04-25,Arizona,3652.0,3.64,330.293
2026-05-02,Arizona,3050.0,3.64,330.293
2026-05-09,Arizona,3094.0,3.64,330.293
2026-05-16,Arizona,3054.0,3.64,330.293
2026-05-23,Arizona,3029.0,3.64,332.407
2026-05-30,Arizona,2831.0,3.64,332.407
2026-06-06,Arizona,3281.0,3.64,332.407
2026-06-13,Arizona,3065.0,3.63,332.407
2026-06-20,Arizona,2883.0,3.63,333.979
2026-06-27,Arizona,2744.0,3.63,333.979
2026-07-04,Arizona,2089.0,3.63,333.979
2026-07-11,Arizona,3410.0,3.63,333.979
2026-07-18,Arizona,3177.0,3.63,332.568
2026-07-25,Arizona,3059.0,3.63,332.568
2026-08-01,Arizona,2804.0,3.63,332.568
2026-08-08,Arizona,2854.0,3.63,332.568
2026-08-15,Arizona,2712.0,3.63,332.568
2026-08-22,Arizona,2566.0,3.63,332.813
2013-01-05,California,62036.0,0.16,231.249
2013-01-12,California,72268.0,0.16,231.249
2013-01-19,California,68650.0,0.16,231.221
2013-01-26,California,48236.0,0.16,231.221
2013-02-02,California,60020.0,0.16,231.221
2013-02-09,California,55190.0,0.14,231.221
2013-02-16,California,81873.0,0.14,231.221
2013-02-23,California,41521.0,0.14,231.679
2013-03-02,California,53241.0,0.14,231.679
2013-03-09,California,47052.0,0.14,231.679
2013-03-16,California,50059.0,0.15,231.679
2013-03-23,California,58771.0,0.15,232.937
2013-03-30,California,56110.0,0.15,232.937
2013-04-06,California,43217.0,0.15,232.937
2013-04-13,California,67520.0,0.14,232.937
2013-04-20,California,50839.0,0.14,232.282
2013-04-27,California,47118.0,0.14,232.282
2013-05-04,California,47193.0,0.14,232.282
2013-05-11,California,62253.0,0.15,232.282
2013-05-18,California,45919.0,0.15,231.797
2013-05-25,California,54541.0,0.15,231.797
2013-06-01,California,45745.0,0.15,231.797
2013-06-08,California,44536.0,0.11,231.797
2013-06-15,California,59877.0,0.11,231.797
2013-06-22,California,66058.0,0.11,231.893
2013-06-29,California,56735.0,0.11,231.893
2013-07-06,California,52470.0,0.11,231.893
2013-07-13,California,59269.0,0.09,231.893
2013-07-20,California,66992.0,0.09,232.445
2013-07-27,California,45513.0,0.09,232.445
2013-08-03,California,49228.0,0.09,232.445
2013-08-10,California,45123.0,0.09,232.445
2013-08-17,California,50990.0,0.09,232.9
2013-08-24,California,48446.0,0.09,232.9
2013-08-31,California,43458.0,0.09,232.9
2013-09-07,California,18046.0,0.08,232.9
2013-09-14,California,40657.0,0.08,232.9
2013-09-21,California,36903.0,0.08,233.456
2013-09-28,California,37948.0,0.08,233.456
2013-10-05,California,71602.0,0.08,233.456
2013-10-12,California,83383.0,0.08,233.456
2013-10-19,California,70350.0,0.08,233.544
2013-10-26,California,65890.0,0.08,233.544
2013-11-02,California,63422.0,0.08,233.544
2013-11-09,California,68159.0,0.09,233.544
2013-11-16,California,63515.0,0.09,233.544
2013-11-23,California,71841.0,0.09,233.669
2013-11-30,California,51921.0,0.09,233.669
2013-12-07,California,73797.0,0.09,233.669
2013-12-14,California,78419.0,0.08,233.669
2013-12-21,California,72990.0,0.08,234.1
2013-12-28,California,58355.0,0.08,234.1
2014-01-04,California,54871.0,0.08,234.1
2014-01-11,California,63190.0,0.09,234.1
2014-01-18,California,74898.0,0.09,234.719
2014-01-25,California,72535.0,0.09,234.719
2014-02-01,California,62904.0,0.09,234.719
2014-02-08,California,64049.0,0.07,234.719
2014-02-15,California,69881.0,0.07,234.719
2014-02-22,California,64908.0,0.07,235.288
2014-03-01,California,59143.0,0.07,235.288
2014-03-08,California,57881.0,0.07,235.288
2014-03-15,California,61070.0,0.07,235.288
2014-03-22,California,52345.0,0.07,235.547
2014-03-29,California,69971.0,0.07,235.547
2014-04-05,California,56079.0,0.07,235.547
2014-04-12,California,65292.0,0.08,235.547
2014-04-19,California,62405.0,0.08,236.028
2014-04-26,California,61168.0,0.08,236.028
2014-05-03,California,57455.0,0.08,236.028
2014-05-10,California,49804.0,0.09,236.028
2014-05-17,California,54281.0,0.09,236.028
2014-05-24,California,53111.0,0.09,236.468
2014-05-31,California,51167.0,0.09,236.468
2014-06-07,California,61102.0,0.09,236.468
2014-06-14,California,61772.0,0.09,236.468
2014-06-21,California,62327.0,0.09,236.918
2014-06-28,California,55033.0,0.09,236.918
2014-07-05,California,51025.0,0.09,236.918
2014-07-12,California,62151.0,0.1,236.918
2014-07-19,California,55929.0,0.1,237.231
2014-07-26,California,54180.0,0.1,237.231
2014-08-02,California,44936.0,0.1,237.231
2014-08-09,California,55043.0,0.09,237.231
2014-08-16,California,46272.0,0.09,237.231
2014-08-23,California,47139.0,0.09,237.498
2014-08-30,California,48702.0,0.09,237.498
2014-09-06,California,37734.0,0.09,237.498
2014-09-13,California,43003.0,0.09,237.498
2014-09-20,California,51833.0,0.09,237.46
2014-09-27,California,44118.0,0.09,237.46
2014-10-04,California,45943.0,0.09,237.46
2014-10-11,California,46671.0,0.09,237.46
2014-10-18,California,49425.0,0.09,237.477
2014-10-25,California,52364.0,0.09,237.477
2014-11-01,California,48514.0,0.09,237.477
2014-11-08,California,58026.0,0.09,237.477
2014-11-15,California,40438.0,0.09,237.477
2014-11-22,California,59611.0,0.09,237.43
2014-11-29,California,45792.0,0.09,237.43
2014-12-06,California,51843.0,0.09,237.43
2014-12-13,California,63637.0,0.09,237.43
2014-12-20,California,47498.0,0.09,236.983
2014-12-27,California,54045.0,0.09,236.983
2015-01-03,California,40784.0,0.09,236.983
2015-01-10,California,66906.0,0.12,236.983
2015-01-17,California,62191.0,0.12,236.252
2015-01-24,California,40605.0,0.12,236.252
2015-01-31,California,58673.0,0.12,236.252
2015-02-07,California,61006.0,0.11,236.252
2015-02-14,California,46871.0,0.11,236.252
2015-02-21,California,43039.0,0.11,234.747
2015-02-28,California,47589.0,0.11,234.747
2015-03-07,California,45764.0,0.11,234.747
2015-03-14,California,46784.0,0.11,234.747
2015-03-21,California,44249.0,0.11,235.342
2015-03-28,California,43250.0,0.11,235.342
2015-04-04,California,39603.0,0.11,235.342
2015-04-11,California,50178.0,0.11,235.342
2015-04-18,California,51521.0,0.11,235.976
2015-04-25,California,47303.0,0.11,235.976
2015-05-02,California,45550.0,0.11,235.976
2015-05-09,California,45289.0,0.12,235.976
2015-05-16,California,42759.0,0.12,235.976
2015-05-23,California,42678.0,0.12,236.222
2015-05-30,California,34787.0,0.12,236.222
2015-06-06,California,45704.0,0.12,236.222
2015-06-13,California,43112.0,0.12,236.222
2015-06-20,California,45297.0,0.12,237.001
2015-06-27,California,48227.0,0.12,237.001
2015-07-04,California,53941.0,0.12,237.001
2015-07-11,California,46942.0,0.13,237.001
2015-07-18,California,48890.0,0.13,237.657
2015-07-25,California,45028.0,0.13,237.657
2015-08-01,California,41871.0,0.13,237.657
2015-08-08,California,44369.0,0.13,237.657
2015-08-15,California,44200.0,0.13,237.657
2015-08-22,California,42898.0,0.13,238.034
2015-08-29,California,41597.0,0.13,238.034
2015-09-05,California,42125.0,0.13,238.034
2015-09-12,California,36839.0,0.14,238.034
2015-09-19,California,40564.0,0.14,238.033
2015-09-26,California,40180.0,0.14,238.033
2015-10-03,California,42531.0,0.14,238.033
2015-10-10,California,44298.0,0.14,238.033
2015-10-17,California,43592.0,0.14,238.033
2015-10-24,California,45861.0,0.14,237.498
2015-10-31,California,48011.0,0.14,237.498
2015-11-07,California,47675.0,0.12,237.498
2015-11-14,California,45851.0,0.12,237.498
2015-11-21,California,53792.0,0.12,237.733
2015-11-28,California,33484.0,0.12,237.733
2015-12-05,California,55971.0,0.12,237.733
2015-12-12,California,55903.0,0.12,237.733
2015-12-19,California,53000.0,0.12,238.017
2015-12-26,California,43100.0,0.12,238.017
2016-01-02,California,40909.0,0.12,238.017
2016-01-09,California,58280.0,0.24,238.017
2016-01-16,California,74705.0,0.24,238.017
2016-01-23,California,53436.0,0.24,237.761
2016-01-30,California,50563.0,0.24,237.761
2016-02-06,California,49006.0,0.24,237.761
2016-02-13,California,47599.0,0.34,237.761
2016-02-20,California,42084.0,0.34,237.652
2016-02-27,California,46430.0,0.34,237.652
2016-03-05,California,45142.0,0.34,237.652
2016-03-12,California,46501.0,0.38,237.652
2016-03-19,California,44151.0,0.38,237.336
2016-03-26,California,43613.0,0.38,237.336
2016-04-02,California,36495.0,0.38,237.336
2016-04-09,California,49058.0,0.36,237.336
2016-04-16,California,50147.0,0.36,237.336
2016-04-23,California,46601.0,0.36,238.08
2016-04-30,California,42674.0,0.36,238.08
2016-05-07,California,41853.0,0.36,238.08
2016-05-14,California,43498.0,0.37,238.08
2016-05-21,California,40546.0,0.37,238.992
2016-05-28,California,44373.0,0.37,238.992
2016-06-04,California,35335.0,0.37,238.992
2016-06-11,California,54097.0,0.37,238.992
2016-06-18,California,44571.0,0.37,239.557
2016-06-25,California,49734.0,0.37,239.557
2016-07-02,California,45915.0,0.37,239.557
2016-07-09,California,39137.0,0.38,239.557
2016-07-16,California,44078.0,0.38,239.557
2016-07-23,California,42549.0,0.38,240.222
2016-07-30,California,43036.0,0.38,240.222
2016-08-06,California,43415.0,0.38,240.222
2016-08-13,California,41738.0,0.39,240.222
2016-08-20,California,38776.0,0.39,240.101
2016-08-27,California,40404.0,0.39,240.101
2016-09-03,California,40240.0,0.39,240.101
2016-09-10,California,35613.0,0.4,240.101
2016-09-17,California,38765.0,0.4,240.545
2016-09-24,California,38021.0,0.4,240.545
2016-10-01,California,38281.0,0.4,240.545
2016-10-08,California,43422.0,0.4,240.545
2016-10-15,California,46010.0,0.4,240.545
2016-10-22,California,44406.0,0.4,241.176
2016-10-29,California,46393.0,0.4,241.176
2016-11-05,California,47345.0,0.4,241.176
2016-11-12,California,39455.0,0.4,241.176
2016-11-19,California,53669.0,0.4,241.741
2016-11-26,California,42330.0,0.4,241.741
2016-12-03,California,53810.0,0.4,241.741
2016-12-10,California,50637.0,0.41,241.741
2016-12-17,California,50254.0,0.41,241.741
2016-12-24,California,52811.0,0.41,242.026
2016-12-31,California,37975.0,0.41,242.026
2017-01-07,California,43975.0,0.54,242.026
2017-01-14,California,60959.0,0.54,242.026
2017-01-21,California,61914.0,0.54,242.637
2017-01-28,California,53825.0,0.54,242.637
2017-02-04,California,45464.0,0.54,242.637
2017-02-11,California,49677.0,0.65,242.637
2017-02-18,California,48928.0,0.65,243.618
2017-02-25,California,43328.0,0.65,243.618
2017-03-04,California,45208.0,0.65,243.618
2017-03-11,California,45766.0,0.66,243.618
2017-03-18,California,41002.0,0.66,243.618
2017-03-25,California,42605.0,0.66,244.006
2017-04-01,California,35367.0,0.66,244.006
2017-04-08,California,43753.0,0.79,244.006
2017-04-15,California,47139.0,0.79,244.006
2017-04-22,California,45118.0,0.79,243.892
2017-04-29,California,43906.0,0.79,243.892
2017-05-06,California,43076.0,0.79,243.892
2017-05-13,California,37564.0,0.9,243.892
2017-05-20,California,38020.0,0.9,244.193
2017-05-27,California,42833.0,0.9,244.193
2017-06-03,California,34520.0,0.9,244.193
2017-06-10,California,40929.0,0.91,244.193
2017-06-17,California,42543.0,0.91,244.004
2017-06-24,California,46687.0,0.91,244.004
2017-07-01,California,46015.0,0.91,244.004
2017-07-08,California,37798.0,1.04,244.004
2017-07-15,California,44660.0,1.04,244.004
2017-07-22,California,44966.0,1.04,244.163
2017-07-29,California,42475.0,1.04,244.163
2017-08-05,California,39523.0,1.04,244.163
2017-08-12,California,37072.0,1.15,244.163
2017-08-19,California,37843.0,1.15,244.243
2017-08-26,California,38819.0,1.15,244.243
2017-09-02,California,37777.0,1.15,244.243
2017-09-09,California,30402.0,1.16,244.243
2017-09-16,California,39899.0,1.16,244.243
2017-09-23,California,39371.0,1.16,245.183
2017-09-30,California,37388.0,1.16,245.183
2017-10-07,California,41888.0,1.16,245.183
2017-10-14,California,40977.0,1.15,245.183
2017-10-21,California,41871.0,1.15,246.435
2017-10-28,California,43283.0,1.15,246.435
2017-11-04,California,43653.0,1.15,246.435
2017-11-11,California,44894.0,1.15,246.435
2017-11-18,California,50994.0,1.15,246.626
2017-11-25,California,35936.0,1.15,246.626
2017-12-02,California,54267.0,1.15,246.626
2017-12-09,California,47792.0,1.16,246.626
2017-12-16,California,47721.0,1.16,246.626
2017-12-23,California,45239.0,1.16,247.284
2017-12-30,California,35363.0,1.16,247.284
2018-01-06,California,47290.0,1.16,247.284
2018-01-13,California,58962.0,1.3,247.284
2018-01-20,California,51749.0,1.3,247.805
2018-01-27,California,49062.0,1.3,247.805
2018-02-03,California,43687.0,1.3,247.805
2018-02-10,California,41154.0,1.41,247.805
2018-02-17,California,40230.0,1.41,248.859
2018-02-24,California,31072.0,1.41,248.859
2018-03-03,California,42718.0,1.41,248.859
2018-03-10,California,44552.0,1.42,248.859
2018-03-17,California,42127.0,1.42,248.859
2018-03-24,California,39173.0,1.42,249.529
2018-03-31,California,39130.0,1.42,249.529
2018-04-07,California,41072.0,1.51,249.529
2018-04-14,California,45026.0,1.51,249.529
2018-04-21,California,40673.0,1.51,249.577
2018-04-28,California,39940.0,1.51,249.577
2018-05-05,California,39065.0,1.51,249.577
2018-05-12,California,39382.0,1.69,249.577
2018-05-19,California,41544.0,1.69,250.227
2018-05-26,California,37545.0,1.69,250.227
2018-06-02,California,35607.0,1.69,250.227
2018-06-09,California,40198.0,1.7,250.227
2018-06-16,California,41417.0,1.7,250.227
2018-06-23,California,46837.0,1.7,250.792
2018-06-30,California,40433.0,1.7,250.792
2018-07-07,California,35046.0,1.7,250.792
2018-07-14,California,41391.0,1.82,250.792
2018-07-21,California,39610.0,1.82,251.018
2018-07-28,California,36564.0,1.82,251.018
2018-08-04,California,37852.0,1.82,251.018
2018-08-11,California,36609.0,1.91,251.018
2018-08-18,California,37154.0,1.91,251.214
2018-08-25,California,35722.0,1.91,251.214
2018-09-01,California,35413.0,1.91,251.214
2018-09-08,California,31348.0,1.91,251.214
2018-09-15,California,33418.0,1.91,251.214
2018-09-22,California,34363.0,1.91,251.663
2018-09-29,California,33403.0,1.91,251.663
2018-10-06,California,38015.0,1.91,251.663
2018-10-13,California,40612.0,1.95,251.663
2018-10-20,California,39783.0,1.95,252.182
2018-10-27,California,38096.0,1.95,252.182
2018-11-03,California,40888.0,1.95,252.182
2018-11-10,California,45094.0,2.19,252.182
2018-11-17,California,38233.0,2.19,252.772
2018-11-24,California,33988.0,2.19,252.772
2018-12-01,California,55049.0,2.19,252.772
2018-12-08,California,47395.0,2.2,252.772
2018-12-15,California,47515.0,2.2,252.772
2018-12-22,California,48469.0,2.2,252.594
2018-12-29,California,38362.0,2.2,252.594
2019-01-05,California,38536.0,2.2,252.594
2019-01-12,California,53519.0,2.27,252.594
2019-01-19,California,48844.0,2.27,252.767
2019-01-26,California,56886.0,2.27,252.767
2019-02-02,California,48904.0,2.27,252.767
2019-02-09,California,44850.0,2.4,252.767
2019-02-16,California,43516.0,2.4,252.767
2019-02-23,California,34449.0,2.4,252.561
2019-03-02,California,41085.0,2.4,252.561
2019-03-09,California,40896.0,2.4,252.561
2019-03-16,California,41128.0,2.4,252.561
2019-03-23,California,39832.0,2.4,253.319
2019-03-30,California,38528.0,2.4,253.319
2019-04-06,California,36227.0,2.4,253.319
2019-04-13,California,39429.0,2.41,253.319
2019-04-20,California,43900.0,2.41,254.277
2019-04-27,California,40312.0,2.41,254.277
2019-05-04,California,38392.0,2.41,254.277
2019-05-11,California,39618.0,2.42,254.277
2019-05-18,California,37428.0,2.42,255.233
2019-05-25,California,38275.0,2.42,255.233
2019-06-01,California,34781.0,2.42,255.233
2019-06-08,California,41288.0,2.39,255.233
2019-06-15,California,38753.0,2.39,255.233
2019-06-22,California,44396.0,2.39,255.296
2019-06-29,California,42404.0,2.39,255.296
2019-07-06,California,35194.0,2.39,255.296
2019-07-13,California,39061.0,2.38,255.296
2019-07-20,California,39341.0,2.38,255.213
2019-07-27,California,38438.0,2.38,255.213
2019-08-03,California,36041.0,2.38,255.213
2019-08-10,California,41404.0,2.4,255.213
2019-08-17,California,35430.0,2.4,255.802
2019-08-24,California,34596.0,2.4,255.802
2019-08-31,California,34358.0,2.4,255.802
2019-09-07,California,30771.0,2.13,255.802
2019-09-14,California,34650.0,2.13,255.802
2019-09-21,California,35161.0,2.13,256.036
2019-09-28,California,33226.0,2.13,256.036
2019-10-05,California,33326.0,2.13,256.036
2019-10-12,California,40182.0,2.04,256.036
2019-10-19,California,39191.0,2.04,256.43
2019-10-26,California,41081.0,2.04,256.43
2019-11-02,California,39332.0,2.04,256.43
2019-11-09,California,45816.0,1.83,256.43
2019-11-16,California,40749.0,1.83,256.43
2019-11-23,California,49133.0,1.83,257.155
2019-11-30,California,36457.0,1.83,257.155
2019-12-07,California,48434.0,1.83,257.155
2019-12-14,California,47521.0,1.55,257.155
2019-12-21,California,49943.0,1.55,257.879
2019-12-28,California,34301.0,1.55,257.879
2020-01-04,California,36720.0,1.55,257.879
2020-01-11,California,51993.0,1.55,257.879
2020-01-18,California,64858.0,1.55,258.63
2020-01-25,California,45596.0,1.55,258.63
2020-02-01,California,43458.0,1.55,258.63
2020-02-08,California,40392.0,1.55,258.63
2020-02-15,California,43445.0,1.55,258.63
2020-02-22,California,34979.0,1.55,259.127
2020-02-29,California,41678.0,1.55,259.127
2020-03-07,California,43385.0,1.55,259.127
2020-03-14,California,57606.0,1.58,259.127
2020-03-21,California,186333.0,1.58,259.25
2020-03-28,California,1058325.0,1.58,259.25
2020-04-04,California,918814.0,1.58,259.25
2020-04-11,California,655472.0,0.65,259.25
2020-04-18,California,528360.0,0.65,258.076
2020-04-25,California,325343.0,0.65,258.076
2020-05-02,California,316257.0,0.65,258.076
2020-05-09,California,212667.0,0.05,258.076
2020-05-16,California,244431.0,0.05,258.076
2020-05-23,California,203262.0,0.05,256.032
2020-05-30,California,228634.0,0.05,256.032
2020-06-06,California,255836.0,0.05,256.032
2020-06-13,California,241424.0,0.05,256.032
2020-06-20,California,284494.0,0.05,255.802
2020-06-27,California,277362.0,0.05,255.802
2020-07-04,California,264791.0,0.05,255.802
2020-07-11,California,284914.0,0.08,255.802
2020-07-18,California,289594.0,0.08,257.042
2020-07-25,California,244653.0,0.08,257.042
2020-08-01,California,222043.0,0.08,257.042
2020-08-08,California,202509.0,0.09,257.042
2020-08-15,California,190354.0,0.09,257.042
2020-08-22,California,196916.0,0.09,258.352
2020-08-29,California,219563.0,0.09,258.352
2020-09-05,California,243404.0,0.09,258.352
2020-09-12,California,226004.0,0.1,258.352
2020-09-19,California,226179.0,0.1,259.316
2020-09-26,California,171220.0,0.1,259.316
2020-10-03,California,148213.0,0.1,259.316
2020-10-10,California,176083.0,0.09,259.316
2020-10-17,California,159876.0,0.09,259.316
2020-10-24,California,152176.0,0.09,259.997
2020-10-31,California,152480.0,0.09,259.997
2020-11-07,California,157773.0,0.09,259.997
2020-11-14,California,158825.0,0.09,259.997
2020-11-21,California,168186.0,0.09,260.319
2020-11-28,California,130383.0,0.09,260.319
2020-12-05,California,178724.0,0.09,260.319
2020-12-12,California,204388.0,0.09,260.319
2020-12-19,California,158661.0,0.09,260.911
2020-12-26,California,168732.0,0.09,260.911
2021-01-02,California,160989.0,0.09,260.911
2021-01-09,California,182625.0,0.09,260.911
2021-01-16,California,117242.0,0.09,260.911
2021-01-23,California,58226.0,0.09,262.045
2021-01-30,California,109251.0,0.09,262.045
2021-02-06,California,137939.0,0.09,262.045
2021-02-13,California,139603.0,0.09,262.045
2021-02-20,California,90465.0,0.09,262.687
2021-02-27,California,88978.0,0.09,262.687
2021-03-06,California,106771.0,0.09,262.687
2021-03-13,California,109327.0,0.08,262.687
2021-03-20,California,95996.0,0.08,263.579
2021-03-27,California,106404.0,0.08,263.579
2021-04-03,California,81373.0,0.08,263.579
2021-04-10,California,69458.0,0.07,263.579
2021-04-17,California,72875.0,0.07,264.961
2021-04-24,California,78606.0,0.07,264.961
2021-05-01,California,70760.0,0.07,264.961
2021-05-08,California,69927.0,0.07,264.961
2021-05-15,California,70282.0,0.07,264.961
2021-05-22,California,71055.0,0.07,266.614
2021-05-29,California,72003.0,0.07,266.614
2021-06-05,California,52883.0,0.07,266.614
2021-06-12,California,68014.0,0.06,266.614
2021-06-19,California,63902.0,0.06,268.383
2021-06-26,California,56259.0,0.06,268.383
2021-07-03,California,58847.0,0.06,268.383
2021-07-10,California,56925.0,0.08,268.383
2021-07-17,California,56481.0,0.08,268.383
2021-07-24,California,64491.0,0.08,270.654
2021-07-31,California,62209.0,0.08,270.654
2021-08-07,California,65476.0,0.1,270.654
2021-08-14,California,64714.0,0.1,270.654
2021-08-21,California,63346.0,0.1,271.903
2021-08-28,California,56337.0,0.1,271.903
2021-09-04,California,57546.0,0.1,271.903
2021-09-11,California,51596.0,0.09,271.903
2021-09-18,California,68814.0,0.09,272.676
2021-09-25,California,78721.0,0.09,272.676
2021-10-02,California,63988.0,0.09,272.676
2021-10-09,California,63137.0,0.08,272.676
2021-10-16,California,72885.0,0.08,272.676
2021-10-23,California,59747.0,0.08,273.91
2021-10-30,California,59255.0,0.08,273.91
2021-11-06,California,55033.0,0.08,273.91
2021-11-13,California,59723.0,0.08,273.91
2021-11-20,California,52490.0,0.08,276.55
2021-11-27,California,46877.0,0.08,276.55
2021-12-04,California,55364.0,0.08,276.55
2021-12-11,California,55938.0,0.08,276.55
2021-12-18,California,56171.0,0.08,278.919
2021-12-25,California,48851.0,0.08,278.919
2022-01-01,California,50174.0,0.08,278.919
2022-01-08,California,61469.0,0.08,278.919
2022-01-15,California,62274.0,0.08,278.919
2022-01-22,California,54196.0,0.08,280.845
2022-01-29,California,51601.0,0.08,280.845
2022-02-05,California,47354.0,0.08,280.845
2022-02-12,California,45736.0,0.08,280.845
2022-02-19,California,43554.0,0.08,282.543
2022-02-26,California,38142.0,0.08,282.543
2022-03-05,California,43612.0,0.08,282.543
2022-03-12,California,44886.0,0.08,282.543
2022-03-19,California,39055.0,0.08,282.543
2022-03-26,California,42311.0,0.08,284.5
2022-04-02,California,43393.0,0.08,284.5
2022-04-09,California,46608.0,0.2,284.5
2022-04-16,California,46300.0,0.2,284.5
2022-04-23,California,43440.0,0.2,287.674
2022-04-30,California,40624.0,0.2,287.674
2022-05-07,California,43670.0,0.2,287.674
2022-05-14,California,45638.0,0.33,287.674
2022-05-21,California,39519.0,0.33,288.561
2022-05-28,California,41430.0,0.33,288.561
2022-06-04,California,41233.0,0.33,288.561
2022-06-11,California,45184.0,0.77,288.561
2022-06-18,California,43995.0,0.77,291.298
2022-06-25,California,41491.0,0.77,291.298
2022-07-02,California,44314.0,0.77,291.298
2022-07-09,California,40513.0,1.21,291.298
2022-07-16,California,43194.0,1.21,291.298
2022-07-23,California,40072.0,1.21,294.957
2022-07-30,California,39677.0,1.21,294.957
2022-08-06,California,42436.0,1.21,294.957
2022-08-13,California,39251.0,1.68,294.957
2022-08-20,California,37121.0,1.68,294.913
2022-08-27,California,36319.0,1.68,294.913
2022-09-03,California,36558.0,1.68,294.913
2022-09-10,California,33494.0,2.33,294.913
2022-09-17,California,34624.0,2.33,295.097
2022-09-24,California,34359.0,2.33,295.097
2022-10-01,California,35612.0,2.33,295.097
2022-10-08,California,40608.0,2.56,295.097
2022-10-15,California,37791.0,2.56,295.097
2022-10-22,California,38081.0,2.56,296.349
2022-10-29,California,40070.0,2.56,296.349
2022-11-05,California,43483.0,2.56,296.349
2022-11-12,California,43267.0,3.08,296.349
2022-11-19,California,47690.0,3.08,298.007
2022-11-26,California,36495.0,3.08,298.007
2022-12-03,California,51801.0,3.08,298.007
2022-12-10,California,46971.0,3.78,298.007
2022-12-17,California,44703.0,3.78,298.007
2022-12-24,California,41460.0,3.78,298.786
2022-12-31,California,42383.0,3.78,298.786
2023-01-07,California,59830.0,4.1,298.786
2023-01-14,California,63697.0,4.1,298.786
2023-01-21,California,48115.0,4.1,298.832
2023-01-28,California,45564.0,4.1,298.832
2023-02-04,California,52384.0,4.1,298.832
2023-02-11,California,48087.0,4.33,298.832
2023-02-18,California,43381.0,4.33,300.42
2023-02-25,California,40537.0,4.33,300.42
2023-03-04,California,50455.0,4.33,300.42
2023-03-11,California,47643.0,4.57,300.42
2023-03-18,California,44830.0,4.57,300.42
2023-03-25,California,46783.0,4.57,301.45
2023-04-01,California,39950.0,4.57,301.45
2023-04-08,California,50590.0,4.65,301.45
2023-04-15,California,46134.0,4.65,301.45
2023-04-22,California,42380.0,4.65,301.821
2023-04-29,California,43095.0,4.65,301.821
2023-05-06,California,45092.0,4.65,301.821
2023-05-13,California,44823.0,4.83,301.821
2023-05-20,California,44348.0,4.83,302.845
2023-05-27,California,43577.0,4.83,302.845
2023-06-03,California,47680.0,4.83,302.845
2023-06-10,California,48068.0,5.06,302.845
2023-06-17,California,54347.0,5.06,303.334
2023-06-24,California,43391.0,5.06,303.334
2023-07-01,California,44719.0,5.06,303.334
2023-07-08,California,45162.0,5.08,303.334
2023-07-15,California,49037.0,5.08,303.334
2023-07-22,California,43727.0,5.08,304.014
2023-07-29,California,40619.0,5.08,304.014
2023-08-05,California,42982.0,5.08,304.014
2023-08-12,California,39023.0,5.12,304.014
2023-08-19,California,37940.0,5.12,304.609
2023-08-26,California,37862.0,5.12,304.609
2023-09-02,California,38418.0,5.12,304.609
2023-09-09,California,36538.0,5.33,304.609
2023-09-16,California,35040.0,5.33,304.609
2023-09-23,California,37752.0,5.33,306.082
2023-09-30,California,38954.0,5.33,306.082
2023-10-07,California,42803.0,5.33,306.082
2023-10-14,California,40753.0,5.33,306.082
2023-10-21,California,40579.0,5.33,307.276
2023-10-28,California,41421.0,5.33,307.276
2023-11-04,California,44331.0,5.33,307.276
2023-11-11,California,44350.0,5.33,307.276
2023-11-18,California,51701.0,5.33,307.696
2023-11-25,California,37478.0,5.33,307.696
2023-12-02,California,50956.0,5.33,307.696
2023-12-09,California,47338.0,5.33,307.696
2023-12-16,California,43504.0,5.33,307.696
2023-12-23,California,48415.0,5.33,308.148
2023-12-30,California,40353.0,5.33,308.148
2024-01-06,California,49807.0,5.33,308.148
2024-01-13,California,51756.0,5.33,308.148
2024-01-20,California,47124.0,5.33,308.741
2024-01-27,California,52139.0,5.33,308.741
2024-02-03,California,47827.0,5.33,308.741
2024-02-10,California,49880.0,5.33,308.741
2024-02-17,California,40900.0,5.33,309.698
2024-02-24,California,41211.0,5.33,309.698
2024-03-02,California,46760.0,5.33,309.698
2024-03-09,California,47222.0,5.33,309.698
2024-03-16,California,41428.0,5.33,309.698
2024-03-23,California,40890.0,5.33,310.967
2024-03-30,California,43037.0,5.33,310.967
2024-04-06,California,42406.0,5.33,310.967
2024-04-13,California,44811.0,5.33,310.967
2024-04-20,California,45027.0,5.33,312.345
2024-04-27,California,39944.0,5.33,312.345
2024-05-04,California,43539.0,5.33,312.345
2024-05-11,California,42350.0,5.33,312.345
2024-05-18,California,39890.0,5.33,313.023
2024-05-25,California,38825.0,5.33,313.023
2024-06-01,California,40799.0,5.33,313.023
2024-06-08,California,50592.0,5.33,313.023
2024-06-15,California,46294.0,5.33,313.023
2024-06-22,California,45068.0,5.33,313.175
2024-06-29,California,46546.0,5.33,313.175
2024-07-06,California,40874.0,5.33,313.175
2024-07-13,California,47158.0,5.33,313.175
2024-07-20,California,41832.0,5.33,313.044
2024-07-27,California,40787.0,5.33,313.044
2024-08-03,California,41481.0,5.33,313.044
2024-08-10,California,38896.0,5.33,313.044
2024-08-17,California,39875.0,5.33,313.569
2024-08-24,California,38910.0,5.33,313.569
2024-08-31,California,38077.0,5.33,313.569
2024-09-07,California,36707.0,5.33,313.569
2024-09-14,California,37815.0,5.33,313.569
2024-09-21,California,37950.0,5.33,314.062
2024-09-28,California,38588.0,5.33,314.062
2024-10-05,California,42656.0,5.33,314.062
2024-10-12,California,42742.0,5.13,314.062
2024-10-19,California,40730.0,5.13,314.732
2024-10-26,California,38854.0,5.13,314.732
2024-11-02,California,42679.0,5.13,314.732
2024-11-09,California,48585.0,4.83,314.732
2024-11-16,California,43497.0,4.83,314.732
2024-11-23,California,48070.0,4.83,315.631
2024-11-30,California,37957.0,4.83,315.631
2024-12-07,California,52368.0,4.83,315.631
2024-12-14,California,47089.0,4.64,315.631
2024-12-21,California,48883.0,4.64,316.528
2024-12-28,California,39620.0,4.64,316.528
2025-01-04,California,41513.0,4.64,316.528
2025-01-11,California,54244.0,4.48,316.528
2025-01-18,California,59969.0,4.48,317.604
2025-01-25,California,45966.0,4.48,317.604
2025-02-01,California,49384.0,4.48,317.604
2025-02-08,California,50545.0,4.33,317.604
2025-02-15,California,45015.0,4.33,317.604
2025-02-22,California,42358.0,4.33,318.961
2025-03-01,California,42062.0,4.33,318.961
2025-03-08,California,46342.0,4.33,318.961
2025-03-15,California,42717.0,4.33,318.961
2025-03-22,California,40891.0,4.33,319.679
2025-03-29,California,41226.0,4.33,319.679
2025-04-05,California,46636.0,4.33,319.679
2025-04-12,California,43340.0,4.33,319.679
2025-04-19,California,42114.0,4.33,319.785
2025-04-26,California,41488.0,4.33,319.785
2025-05-03,California,42675.0,4.33,319.785
2025-05-10,California,40814.0,4.33,319.785
2025-05-17,California,40128.0,4.33,319.785
2025-05-24,California,41169.0,4.33,320.302
2025-05-31,California,40196.0,4.33,320.302
2025-06-07,California,49126.0,4.33,320.302
2025-06-14,California,47193.0,4.33,320.302
2025-06-21,California,46498.0,4.33,320.62
2025-06-28,California,43676.0,4.33,320.62
2025-07-05,California,45119.0,4.33,320.62
2025-07-12,California,46380.0,4.33,320.62
2025-07-19,California,41762.0,4.33,321.435
2025-07-26,California,40588.0,4.33,321.435
2025-08-02,California,39664.0,4.33,321.435
2025-08-09,California,40405.0,4.33,321.435
2025-08-16,California,38115.0,4.33,321.435
2025-08-23,California,37834.0,4.33,322.169
2025-08-30,California,38816.0,4.33,322.169
2025-09-06,California,37114.0,4.33,322.169
2025-09-13,California,35975.0,4.33,322.169
2025-09-20,California,37413.0,4.33,323.291
2025-09-27,California,37670.0,4.33,323.291
2025-10-04,California,41254.0,4.33,323.291
2025-10-11,California,43219.0,4.22,323.291
2025-10-18,California,43065.0,4.22,324.245
2025-10-25,California,40731.0,4.22,324.245
2025-11-01,California,41048.0,4.22,324.245
2025-11-08,California,47776.0,4.09,324.245
2025-11-15,California,45489.0,4.09,324.245
2025-11-22,California,53386.0,4.09,324.245
2025-11-29,California,33542.0,4.09,324.245
2025-12-06,California,47800.0,4.09,324.245
2025-12-13,California,46981.0,3.88,324.245
2025-12-20,California,47248.0,3.88,325.063
2025-12-27,California,40734.0,3.88,325.063
2026-01-03,California,45034.0,3.88,325.063
2026-01-10,California,50227.0,3.72,325.063
2026-01-17,California,55731.0,3.72,326.031
2026-01-24,California,43200.0,3.72,326.031
2026-01-31,California,43944.0,3.72,326.031
2026-02-07,California,45306.0,3.64,326.031
2026-02-14,California,42920.0,3.64,326.031
2026-02-21,California,42563.0,3.64,326.588
2026-02-28,California,41759.0,3.64,326.588
2026-03-07,California,42670.0,3.64,326.588
2026-03-14,California,38273.0,3.64,326.588
2026-03-21,California,37819.0,3.64,327.46
2026-03-28,California,38010.0,3.64,327.46
2026-04-04,California,40140.0,3.64,327.46
2026-04-11,California,40874.0,3.64,327.46
2026-04-18,California,42464.0,3.64,330.293
2026-04-25,California,37787.0,3.64,330.293
2026-05-02,California,39931.0,3.64,330.293
2026-05-09,California,38699.0,3.64,330.293
2026-05-16,California,37301.0,3.64,330.293
2026-05-23,California,36146.0,3.64,332.407
2026-05-30,California,39678.0,3.64,332.407
2026-06-06,California,44773.0,3.64,332.407
2026-06-13,California,43768.0,3.63,332.407
2026-06-20,California,43796.0,3.63,333.979
2026-06-27,California,37638.0,3.63,333.979
2026-07-04,California,45716.0,3.63,333.979
2026-07-11,California,43405.0,3.63,333.979
2026-07-18,California,39163.0,3.63,332.568
2026-07-25,California,37850.0,3.63,332.568
2026-08-01,California,36877.0,3.63,332.568
2026-08-08,California,37722.0,3.63,332.568
2026-08-15,California,36290.0,3.63,332.568
2026-08-22,California,35241.0,3.63,332.813
2013-01-05,Colorado,4314.0,0.16,231.249
2013-01-12,Colorado,6076.0,0.16,231.249
2013-01-19,Colorado,5197.0,0.16,231.221
2013-01-26,Colorado,3809.0,0.16,231.221
2013-02-02,Colorado,3912.0,0.16,231.221
2013-02-09,Colorado,3746.0,0.14,231.221
2013-02-16,Colorado,3198.0,0.14,231.221
2013-02-23,Colorado,2874.0,0.14,231.679
2013-03-02,Colorado,3251.0,0.14,231.679
2013-03-09,Colorado,3199.0,0.14,231.679
2013-03-16,Colorado,2790.0,0.15,231.679
2013-03-23,Colorado,2758.0,0.15,232.937
2013-03-30,Colorado,2361.0,0.15,232.937
2013-04-06,Colorado,3504.0,0.15,232.937
2013-04-13,Colorado,3854.0,0.14,232.937
2013-04-20,Colorado,4023.0,0.14,232.282
2013-04-27,Colorado,3516.0,0.14,232.282
2013-05-04,Colorado,3303.0,0.14,232.282
2013-05-11,Colorado,3054.0,0.15,232.282
2013-05-18,Colorado,2871.0,0.15,231.797
2013-05-25,Colorado,3301.0,0.15,231.797
2013-06-01,Colorado,2760.0,0.15,231.797
2013-06-08,Colorado,3398.0,0.11,231.797
2013-06-15,Colorado,2728.0,0.11,231.797
2013-06-22,Colorado,2563.0,0.11,231.893
2013-06-29,Colorado,2515.0,0.11,231.893
2013-07-06,Colorado,2783.0,0.11,231.893
2013-07-13,Colorado,3329.0,0.09,231.893
2013-07-20,Colorado,2885.0,0.09,232.445
2013-07-27,Colorado,2800.0,0.09,232.445
2013-08-03,Colorado,2765.0,0.09,232.445
2013-08-10,Colorado,2638.0,0.09,232.445
2013-08-17,Colorado,2604.0,0.09,232.9
2013-08-24,Colorado,2668.0,0.09,232.9
2013-08-31,Colorado,2577.0,0.09,232.9
2013-09-07,Colorado,2364.0,0.08,232.9
2013-09-14,Colorado,2903.0,0.08,232.9
2013-09-21,Colorado,3207.0,0.08,233.456
2013-09-28,Colorado,2878.0,0.08,233.456
2013-10-05,Colorado,3841.0,0.08,233.456
2013-10-12,Colorado,3682.0,0.08,233.456
2013-10-19,Colorado,3216.0,0.08,233.544
2013-10-26,Colorado,3740.0,0.08,233.544
2013-11-02,Colorado,3566.0,0.08,233.544
2013-11-09,Colorado,3871.0,0.09,233.544
2013-11-16,Colorado,3039.0,0.09,233.544
2013-11-23,Colorado,3762.0,0.09,233.669
2013-11-30,Colorado,2919.0,0.09,233.669
2013-12-07,Colorado,4748.0,0.09,233.669
2013-12-14,Colorado,4194.0,0.08,233.669
2013-12-21,Colorado,3403.0,0.08,234.1
2013-12-28,Colorado,2683.0,0.08,234.1
2014-01-04,Colorado,3785.0,0.08,234.1
2014-01-11,Colorado,5188.0,0.09,234.1
2014-01-18,Colorado,4180.0,0.09,234.719
2014-01-25,Colorado,3399.0,0.09,234.719
2014-02-01,Colorado,3604.0,0.09,234.719
2014-02-08,Colorado,4385.0,0.07,234.719
2014-02-15,Colorado,3143.0,0.07,234.719
2014-02-22,Colorado,2810.0,0.07,235.288
2014-03-01,Colorado,2642.0,0.07,235.288
2014-03-08,Colorado,2868.0,0.07,235.288
2014-03-15,Colorado,2547.0,0.07,235.288
2014-03-22,Colorado,2445.0,0.07,235.547
2014-03-29,Colorado,2465.0,0.07,235.547
2014-04-05,Colorado,3224.0,0.07,235.547
2014-04-12,Colorado,3270.0,0.08,235.547
2014-04-19,Colorado,3011.0,0.08,236.028
2014-04-26,Colorado,3028.0,0.08,236.028
2014-05-03,Colorado,2919.0,0.08,236.028
2014-05-10,Colorado,2684.0,0.09,236.028
2014-05-17,Colorado,2675.0,0.09,236.028
2014-05-24,Colorado,2781.0,0.09,236.468
2014-05-31,Colorado,2506.0,0.09,236.468
2014-06-07,Colorado,2946.0,0.09,236.468
2014-06-14,Colorado,2485.0,0.09,236.468
2014-06-21,Colorado,2231.0,0.09,236.918
2014-06-28,Colorado,2168.0,0.09,236.918
2014-07-05,Colorado,2373.0,0.09,236.918
2014-07-12,Colorado,2916.0,0.1,236.918
2014-07-19,Colorado,2354.0,0.1,237.231
2014-07-26,Colorado,2313.0,0.1,237.231
2014-08-02,Colorado,2393.0,0.1,237.231
2014-08-09,Colorado,2500.0,0.09,237.231
2014-08-16,Colorado,2072.0,0.09,237.231
2014-08-23,Colorado,2182.0,0.09,237.498
2014-08-30,Colorado,2285.0,0.09,237.498
2014-09-06,Colorado,2091.0,0.09,237.498
2014-09-13,Colorado,2301.0,0.09,237.498
2014-09-20,Colorado,2205.0,0.09,237.46
2014-09-27,Colorado,2134.0,0.09,237.46
2014-10-04,Colorado,2923.0,0.09,237.46
2014-10-11,Colorado,2963.0,0.09,237.46
2014-10-18,Colorado,2752.0,0.09,237.477
2014-10-25,Colorado,2531.0,0.09,237.477
2014-11-01,Colorado,2699.0,0.09,237.477
2014-11-08,Colorado,3156.0,0.09,237.477
2014-11-15,Colorado,4287.0,0.09,237.477
2014-11-22,Colorado,3665.0,0.09,237.43
2014-11-29,Colorado,2533.0,0.09,237.43
2014-12-06,Colorado,2964.0,0.09,237.43
2014-12-13,Colorado,2949.0,0.09,237.43
2014-12-20,Colorado,3345.0,0.09,236.983
2014-12-27,Colorado,2236.0,0.09,236.983
2015-01-03,Colorado,3689.0,0.09,236.983
2015-01-10,Colorado,5071.0,0.12,236.983
2015-01-17,Colorado,3769.0,0.12,236.252
2015-01-24,Colorado,3115.0,0.12,236.252
2015-01-31,Colorado,3200.0,0.12,236.252
2015-02-07,Colorado,3291.0,0.11,236.252
2015-02-14,Colorado,2834.0,0.11,236.252
2015-02-21,Colorado,2763.0,0.11,234.747
2015-02-28,Colorado,3627.0,0.11,234.747
2015-03-07,Colorado,3475.0,0.11,234.747
2015-03-14,Colorado,2584.0,0.11,234.747
2015-03-21,Colorado,2441.0,0.11,235.342
2015-03-28,Colorado,2394.0,0.11,235.342
2015-04-04,Colorado,3075.0,0.11,235.342
2015-04-11,Colorado,3324.0,0.11,235.342
2015-04-18,Colorado,3200.0,0.11,235.976
2015-04-25,Colorado,2960.0,0.11,235.976
2015-05-02,Colorado,2737.0,0.11,235.976
2015-05-09,Colorado,3039.0,0.12,235.976
2015-05-16,Colorado,2600.0,0.12,235.976
2015-05-23,Colorado,2982.0,0.12,236.222
2015-05-30,Colorado,2409.0,0.12,236.222
2015-06-06,Colorado,2778.0,0.12,236.222
2015-06-13,Colorado,2336.0,0.12,236.222
2015-06-20,Colorado,2221.0,0.12,237.001
2015-06-27,Colorado,2057.0,0.12,237.001
2015-07-04,Colorado,2146.0,0.12,237.001
2015-07-11,Colorado,2897.0,0.13,237.001
2015-07-18,Colorado,2250.0,0.13,237.657
2015-07-25,Colorado,2092.0,0.13,237.657
2015-08-01,Colorado,2094.0,0.13,237.657
2015-08-08,Colorado,2242.0,0.13,237.657
2015-08-15,Colorado,2072.0,0.13,237.657
2015-08-22,Colorado,2164.0,0.13,238.034
2015-08-29,Colorado,2259.0,0.13,238.034
2015-09-05,Colorado,2575.0,0.13,238.034
2015-09-12,Colorado,2063.0,0.14,238.034
2015-09-19,Colorado,2174.0,0.14,238.033
2015-09-26,Colorado,2206.0,0.14,238.033
2015-10-03,Colorado,2834.0,0.14,238.033
2015-10-10,Colorado,3022.0,0.14,238.033
2015-10-17,Colorado,2654.0,0.14,238.033
2015-10-24,Colorado,2725.0,0.14,237.498
2015-10-31,Colorado,2637.0,0.14,237.498
2015-11-07,Colorado,3168.0,0.12,237.498
2015-11-14,Colorado,2893.0,0.12,237.498
2015-11-21,Colorado,3883.0,0.12,237.733
2015-11-28,Colorado,2616.0,0.12,237.733
2015-12-05,Colorado,3918.0,0.12,237.733
2015-12-12,Colorado,2978.0,0.12,237.733
2015-12-19,Colorado,3767.0,0.12,238.017
2015-12-26,Colorado,2495.0,0.12,238.017
2016-01-02,Colorado,2807.0,0.12,238.017
2016-01-09,Colorado,5031.0,0.24,238.017
2016-01-16,Colorado,3595.0,0.24,238.017
2016-01-23,Colorado,3131.0,0.24,237.761
2016-01-30,Colorado,3069.0,0.24,237.761
2016-02-06,Colorado,3347.0,0.24,237.761
2016-02-13,Colorado,2828.0,0.34,237.761
2016-02-20,Colorado,2548.0,0.34,237.652
2016-02-27,Colorado,2665.0,0.34,237.652
2016-03-05,Colorado,2766.0,0.34,237.652
2016-03-12,Colorado,2131.0,0.38,237.652
2016-03-19,Colorado,2463.0,0.38,237.336
2016-03-26,Colorado,2387.0,0.38,237.336
2016-04-02,Colorado,3012.0,0.38,237.336
2016-04-09,Colorado,3204.0,0.36,237.336
2016-04-16,Colorado,3206.0,0.36,237.336
2016-04-23,Colorado,2951.0,0.36,238.08
2016-04-30,Colorado,2560.0,0.36,238.08
2016-05-07,Colorado,2694.0,0.36,238.08
2016-05-14,Colorado,2275.0,0.37,238.08
2016-05-21,Colorado,2578.0,0.37,238.992
2016-05-28,Colorado,2563.0,0.37,238.992
2016-06-04,Colorado,2408.0,0.37,238.992
2016-06-11,Colorado,2711.0,0.37,238.992
2016-06-18,Colorado,2208.0,0.37,239.557
2016-06-25,Colorado,2087.0,0.37,239.557
2016-07-02,Colorado,2338.0,0.37,239.557
2016-07-09,Colorado,2254.0,0.38,239.557
2016-07-16,Colorado,2199.0,0.38,239.557
2016-07-23,Colorado,1897.0,0.38,240.222
2016-07-30,Colorado,1925.0,0.38,240.222
2016-08-06,Colorado,2257.0,0.38,240.222
2016-08-13,Colorado,2063.0,0.39,240.222
2016-08-20,Colorado,1991.0,0.39,240.101
2016-08-27,Colorado,2011.0,0.39,240.101
2016-09-03,Colorado,2072.0,0.39,240.101
2016-09-10,Colorado,1956.0,0.4,240.101
2016-09-17,Colorado,1916.0,0.4,240.545
2016-09-24,Colorado,1954.0,0.4,240.545
2016-10-01,Colorado,2209.0,0.4,240.545
2016-10-08,Colorado,2809.0,0.4,240.545
2016-10-15,Colorado,2263.0,0.4,240.545
2016-10-22,Colorado,2463.0,0.4,241.176
2016-10-29,Colorado,2349.0,0.4,241.176
2016-11-05,Colorado,2713.0,0.4,241.176
2016-11-12,Colorado,2059.0,0.4,241.176
2016-11-19,Colorado,3454.0,0.4,241.741
2016-11-26,Colorado,2703.0,0.4,241.741
2016-12-03,Colorado,3334.0,0.4,241.741
2016-12-10,Colorado,3819.0,0.41,241.741
2016-12-17,Colorado,3001.0,0.41,241.741
2016-12-24,Colorado,2853.0,0.41,242.026
2016-12-31,Colorado,2688.0,0.41,242.026
2017-01-07,Colorado,3833.0,0.54,242.026
2017-01-14,Colorado,3546.0,0.54,242.026
2017-01-21,Colorado,2863.0,0.54,242.637
2017-01-28,Colorado,2589.0,0.54,242.637
2017-02-04,Colorado,2586.0,0.54,242.637
2017-02-11,Colorado,2403.0,0.65,242.637
2017-02-18,Colorado,2130.0,0.65,243.618
2017-02-25,Colorado,2037.0,0.65,243.618
2017-03-04,Colorado,2190.0,0.65,243.618
2017-03-11,Colorado,2164.0,0.66,243.618
2017-03-18,Colorado,1813.0,0.66,243.618
2017-03-25,Colorado,1849.0,0.66,244.006
2017-04-01,Colorado,2275.0,0.66,244.006
2017-04-08,Colorado,2833.0,0.79,244.006
2017-04-15,Colorado,2238.0,0.79,244.006
2017-04-22,Colorado,2341.0,0.79,243.892
2017-04-29,Colorado,2307.0,0.79,243.892
2017-05-06,Colorado,2217.0,0.79,243.892
2017-05-13,Colorado,2009.0,0.9,243.892
2017-05-20,Colorado,2135.0,0.9,244.193
2017-05-27,Colorado,2107.0,0.9,244.193
2017-06-03,Colorado,2021.0,0.9,244.193
2017-06-10,Colorado,1915.0,0.91,244.193
2017-06-17,Colorado,1928.0,0.91,244.004
2017-06-24,Colorado,1581.0,0.91,244.004
2017-07-01,Colorado,1921.0,0.91,244.004
2017-07-08,Colorado,1829.0,1.04,244.004
2017-07-15,Colorado,1807.0,1.04,244.004
2017-07-22,Colorado,1730.0,1.04,244.163
2017-07-29,Colorado,1652.0,1.04,244.163
2017-08-05,Colorado,1923.0,1.04,244.163
2017-08-12,Colorado,1719.0,1.15,244.163
2017-08-19,Colorado,1711.0,1.15,244.243
2017-08-26,Colorado,1579.0,1.15,244.243
2017-09-02,Colorado,1700.0,1.15,244.243
2017-09-09,Colorado,1530.0,1.16,244.243
2017-09-16,Colorado,1613.0,1.16,244.243
2017-09-23,Colorado,1609.0,1.16,245.183
2017-09-30,Colorado,1891.0,1.16,245.183
2017-10-07,Colorado,2291.0,1.16,245.183
2017-10-14,Colorado,1904.0,1.15,245.183
2017-10-21,Colorado,2027.0,1.15,246.435
2017-10-28,Colorado,1936.0,1.15,246.435
2017-11-04,Colorado,2197.0,1.15,246.435
2017-11-11,Colorado,1972.0,1.15,246.435
2017-11-18,Colorado,2438.0,1.15,246.626
2017-11-25,Colorado,2073.0,1.15,246.626
2017-12-02,Colorado,2384.0,1.15,246.626
2017-12-09,Colorado,2763.0,1.16,246.626
2017-12-16,Colorado,2487.0,1.16,246.626
2017-12-23,Colorado,2887.0,1.16,247.284
2017-12-30,Colorado,2242.0,1.16,247.284
2018-01-06,Colorado,3095.0,1.16,247.284
2018-01-13,Colorado,3012.0,1.3,247.284
2018-01-20,Colorado,2565.0,1.3,247.805
2018-01-27,Colorado,2366.0,1.3,247.805
2018-02-03,Colorado,2268.0,1.3,247.805
2018-02-10,Colorado,2126.0,1.41,247.805
2018-02-17,Colorado,1870.0,1.41,248.859
2018-02-24,Colorado,2020.0,1.41,248.859
2018-03-03,Colorado,1933.0,1.41,248.859
2018-03-10,Colorado,1753.0,1.42,248.859
2018-03-17,Colorado,1572.0,1.42,248.859
2018-03-24,Colorado,1561.0,1.42,249.529
2018-03-31,Colorado,1691.0,1.42,249.529
2018-04-07,Colorado,2148.0,1.51,249.529
2018-04-14,Colorado,2191.0,1.51,249.529
2018-04-21,Colorado,2324.0,1.51,249.577
2018-04-28,Colorado,1755.0,1.51,249.577
2018-05-05,Colorado,1899.0,1.51,249.577
2018-05-12,Colorado,1776.0,1.69,249.577
2018-05-19,Colorado,1771.0,1.69,250.227
2018-05-26,Colorado,1857.0,1.69,250.227
2018-06-02,Colorado,1904.0,1.69,250.227
2018-06-09,Colorado,1926.0,1.7,250.227
2018-06-16,Colorado,1745.0,1.7,250.227
2018-06-23,Colorado,1612.0,1.7,250.792
2018-06-30,Colorado,1653.0,1.7,250.792
2018-07-07,Colorado,1764.0,1.7,250.792
2018-07-14,Colorado,1690.0,1.82,250.792
2018-07-21,Colorado,1606.0,1.82,251.018
2018-07-28,Colorado,1611.0,1.82,251.018
2018-08-04,Colorado,1560.0,1.82,251.018
2018-08-11,Colorado,1494.0,1.91,251.018
2018-08-18,Colorado,1555.0,1.91,251.214
2018-08-25,Colorado,1557.0,1.91,251.214
2018-09-01,Colorado,1529.0,1.91,251.214
2018-09-08,Colorado,1550.0,1.91,251.214
2018-09-15,Colorado,1545.0,1.91,251.214
2018-09-22,Colorado,1605.0,1.91,251.663
2018-09-29,Colorado,1514.0,1.91,251.663
2018-10-06,Colorado,1944.0,1.91,251.663
2018-10-13,Colorado,2206.0,1.95,251.663
2018-10-20,Colorado,1963.0,1.95,252.182
2018-10-27,Colorado,1873.0,1.95,252.182
2018-11-03,Colorado,1930.0,1.95,252.182
2018-11-10,Colorado,2230.0,2.19,252.182
2018-11-17,Colorado,2228.0,2.19,252.772
2018-11-24,Colorado,1883.0,2.19,252.772
2018-12-01,Colorado,2272.0,2.19,252.772
2018-12-08,Colorado,2711.0,2.2,252.772
2018-12-15,Colorado,2293.0,2.2,252.772
2018-12-22,Colorado,2430.0,2.2,252.594
2018-12-29,Colorado,2014.0,2.2,252.594
2019-01-05,Colorado,2710.0,2.2,252.594
2019-01-12,Colorado,3077.0,2.27,252.594
2019-01-19,Colorado,2701.0,2.27,252.767
2019-01-26,Colorado,2409.0,2.27,252.767
2019-02-02,Colorado,2275.0,2.27,252.767
2019-02-09,Colorado,2210.0,2.4,252.767
2019-02-16,Colorado,1813.0,2.4,252.767
2019-02-23,Colorado,1925.0,2.4,252.561
2019-03-02,Colorado,1719.0,2.4,252.561
2019-03-09,Colorado,1891.0,2.4,252.561
2019-03-16,Colorado,1506.0,2.4,252.561
2019-03-23,Colorado,1550.0,2.4,253.319
2019-03-30,Colorado,1483.0,2.4,253.319
2019-04-06,Colorado,1903.0,2.4,253.319
2019-04-13,Colorado,2037.0,2.41,253.319
2019-04-20,Colorado,1989.0,2.41,254.277
2019-04-27,Colorado,1945.0,2.41,254.277
2019-05-04,Colorado,1813.0,2.41,254.277
2019-05-11,Colorado,1765.0,2.42,254.277
2019-05-18,Colorado,1617.0,2.42,255.233
2019-05-25,Colorado,1880.0,2.42,255.233
2019-06-01,Colorado,1613.0,2.42,255.233
2019-06-08,Colorado,1978.0,2.39,255.233
2019-06-15,Colorado,1517.0,2.39,255.233
2019-06-22,Colorado,1537.0,2.39,255.296
2019-06-29,Colorado,1355.0,2.39,255.296
2019-07-06,Colorado,1450.0,2.39,255.296
2019-07-13,Colorado,1809.0,2.38,255.296
2019-07-20,Colorado,1506.0,2.38,255.213
2019-07-27,Colorado,1460.0,2.38,255.213
2019-08-03,Colorado,1512.0,2.38,255.213
2019-08-10,Colorado,1542.0,2.4,255.213
2019-08-17,Colorado,1471.0,2.4,255.802
2019-08-24,Colorado,1486.0,2.4,255.802
2019-08-31,Colorado,1510.0,2.4,255.802
2019-09-07,Colorado,1465.0,2.13,255.802
2019-09-14,Colorado,1467.0,2.13,255.802
2019-09-21,Colorado,1418.0,2.13,256.036
2019-09-28,Colorado,1429.0,2.13,256.036
2019-10-05,Colorado,1967.0,2.13,256.036
2019-10-12,Colorado,2002.0,2.04,256.036
2019-10-19,Colorado,1879.0,2.04,256.43
2019-10-26,Colorado,1849.0,2.04,256.43
2019-11-02,Colorado,3112.0,2.04,256.43
2019-11-09,Colorado,2318.0,1.83,256.43
2019-11-16,Colorado,2141.0,1.83,256.43
2019-11-23,Colorado,2302.0,1.83,257.155
2019-11-30,Colorado,1910.0,1.83,257.155
2019-12-07,Colorado,3162.0,1.83,257.155
2019-12-14,Colorado,2279.0,1.55,257.155
2019-12-21,Colorado,2360.0,1.55,257.879
2019-12-28,Colorado,1723.0,1.55,257.879
2020-01-04,Colorado,2431.0,1.55,257.879
2020-01-11,Colorado,3001.0,1.55,257.879
2020-01-18,Colorado,2522.0,1.55,258.63
2020-01-25,Colorado,2164.0,1.55,258.63
2020-02-01,Colorado,2049.0,1.55,258.63
2020-02-08,Colorado,2482.0,1.55,258.63
2020-02-15,Colorado,2209.0,1.55,258.63
2020-02-22,Colorado,1862.0,1.55,259.127
2020-02-29,Colorado,1681.0,1.55,259.127
2020-03-07,Colorado,1865.0,1.55,259.127
2020-03-14,Colorado,2321.0,1.58,259.127
2020-03-21,Colorado,19774.0,1.58,259.25
2020-03-28,Colorado,61838.0,1.58,259.25
2020-04-04,Colorado,46326.0,1.58,259.25
2020-04-11,Colorado,104572.0,0.65,259.25
2020-04-18,Colorado,67639.0,0.65,258.076
2020-04-25,Colorado,38662.0,0.65,258.076
2020-05-02,Colorado,28360.0,0.65,258.076
2020-05-09,Colorado,22732.0,0.05,258.076
2020-05-16,Colorado,18054.0,0.05,258.076
2020-05-23,Colorado,15719.0,0.05,256.032
2020-05-30,Colorado,12519.0,0.05,256.032
2020-06-06,Colorado,13098.0,0.05,256.032
2020-06-13,Colorado,10382.0,0.05,256.032
2020-06-20,Colorado,10013.0,0.05,255.802
2020-06-27,Colorado,8646.0,0.05,255.802
2020-07-04,Colorado,7928.0,0.05,255.802
2020-07-11,Colorado,10554.0,0.08,255.802
2020-07-18,Colorado,8531.0,0.08,257.042
2020-07-25,Colorado,8037.0,0.08,257.042
2020-08-01,Colorado,7167.0,0.08,257.042
2020-08-08,Colorado,6231.0,0.09,257.042
2020-08-15,Colorado,6971.0,0.09,257.042
2020-08-22,Colorado,6483.0,0.09,258.352
2020-08-29,Colorado,5863.0,0.09,258.352
2020-09-05,Colorado,6031.0,0.09,258.352
2020-09-12,Colorado,5171.0,0.1,258.352
2020-09-19,Colorado,5115.0,0.1,259.316
2020-09-26,Colorado,4862.0,0.1,259.316
2020-10-03,Colorado,5919.0,0.1,259.316
2020-10-10,Colorado,6406.0,0.09,259.316
2020-10-17,Colorado,5759.0,0.09,259.316
2020-10-24,Colorado,6071.0,0.09,259.997
2020-10-31,Colorado,7138.0,0.09,259.997
2020-11-07,Colorado,7516.0,0.09,259.997
2020-11-14,Colorado,9205.0,0.09,259.997
2020-11-21,Colorado,15266.0,0.09,260.319
2020-11-28,Colorado,17171.0,0.09,260.319
2020-12-05,Colorado,19087.0,0.09,260.319
2020-12-12,Colorado,19897.0,0.09,260.319
2020-12-19,Colorado,18165.0,0.09,260.911
2020-12-26,Colorado,16702.0,0.09,260.911
2021-01-02,Colorado,25234.0,0.09,260.911
2021-01-09,Colorado,14238.0,0.09,260.911
2021-01-16,Colorado,5794.0,0.09,260.911
2021-01-23,Colorado,4475.0,0.09,262.045
2021-01-30,Colorado,5098.0,0.09,262.045
2021-02-06,Colorado,6247.0,0.09,262.045
2021-02-13,Colorado,4950.0,0.09,262.045
2021-02-20,Colorado,5711.0,0.09,262.687
2021-02-27,Colorado,5694.0,0.09,262.687
2021-03-06,Colorado,4447.0,0.09,262.687
2021-03-13,Colorado,6263.0,0.08,262.687
2021-03-20,Colorado,4636.0,0.08,263.579
2021-03-27,Colorado,5210.0,0.08,263.579
2021-04-03,Colorado,4584.0,0.08,263.579
2021-04-10,Colorado,6737.0,0.07,263.579
2021-04-17,Colorado,5302.0,0.07,264.961
2021-04-24,Colorado,5019.0,0.07,264.961
2021-05-01,Colorado,3984.0,0.07,264.961
2021-05-08,Colorado,4174.0,0.07,264.961
2021-05-15,Colorado,4144.0,0.07,264.961
2021-05-22,Colorado,4132.0,0.07,266.614
2021-05-29,Colorado,3926.0,0.07,266.614
2021-06-05,Colorado,3815.0,0.07,266.614
2021-06-12,Colorado,3817.0,0.06,266.614
2021-06-19,Colorado,3512.0,0.06,268.383
2021-06-26,Colorado,3765.0,0.06,268.383
2021-07-03,Colorado,4554.0,0.06,268.383
2021-07-10,Colorado,5033.0,0.08,268.383
2021-07-17,Colorado,4456.0,0.08,268.383
2021-07-24,Colorado,3322.0,0.08,270.654
2021-07-31,Colorado,3785.0,0.08,270.654
2021-08-07,Colorado,3875.0,0.1,270.654
2021-08-14,Colorado,3259.0,0.1,270.654
2021-08-21,Colorado,3368.0,0.1,271.903
2021-08-28,Colorado,3233.0,0.1,271.903
2021-09-04,Colorado,2717.0,0.1,271.903
2021-09-11,Colorado,1813.0,0.09,271.903
2021-09-18,Colorado,2728.0,0.09,272.676
2021-09-25,Colorado,1967.0,0.09,272.676
2021-10-02,Colorado,2016.0,0.09,272.676
2021-10-09,Colorado,2423.0,0.08,272.676
2021-10-16,Colorado,2179.0,0.08,272.676
2021-10-23,Colorado,2032.0,0.08,273.91
2021-10-30,Colorado,1955.0,0.08,273.91
2021-11-06,Colorado,2056.0,0.08,273.91
2021-11-13,Colorado,2175.0,0.08,273.91
2021-11-20,Colorado,2083.0,0.08,276.55
2021-11-27,Colorado,1612.0,0.08,276.55
2021-12-04,Colorado,2282.0,0.08,276.55
2021-12-11,Colorado,2562.0,0.08,276.55
2021-12-18,Colorado,2163.0,0.08,278.919
2021-12-25,Colorado,1683.0,0.08,278.919
2022-01-01,Colorado,2208.0,0.08,278.919
2022-01-08,Colorado,4460.0,0.08,278.919
2022-01-15,Colorado,3701.0,0.08,278.919
2022-01-22,Colorado,3260.0,0.08,280.845
2022-01-29,Colorado,3396.0,0.08,280.845
2022-02-05,Colorado,3153.0,0.08,280.845
2022-02-12,Colorado,2901.0,0.08,280.845
2022-02-19,Colorado,2570.0,0.08,282.543
2022-02-26,Colorado,2469.0,0.08,282.543
2022-03-05,Colorado,2227.0,0.08,282.543
2022-03-12,Colorado,2073.0,0.08,282.543
2022-03-19,Colorado,1968.0,0.08,282.543
2022-03-26,Colorado,2096.0,0.08,284.5
2022-04-02,Colorado,2101.0,0.08,284.5
2022-04-09,Colorado,2604.0,0.2,284.5
2022-04-16,Colorado,2490.0,0.2,284.5
2022-04-23,Colorado,2458.0,0.2,287.674
2022-04-30,Colorado,2280.0,0.2,287.674
2022-05-07,Colorado,2419.0,0.2,287.674
2022-05-14,Colorado,2118.0,0.33,287.674
2022-05-21,Colorado,2257.0,0.33,288.561
2022-05-28,Colorado,2362.0,0.33,288.561
2022-06-04,Colorado,2339.0,0.33,288.561
2022-06-11,Colorado,2377.0,0.77,288.561
2022-06-18,Colorado,2105.0,0.77,291.298
2022-06-25,Colorado,2074.0,0.77,291.298
2022-07-02,Colorado,2289.0,0.77,291.298
2022-07-09,Colorado,2457.0,1.21,291.298
2022-07-16,Colorado,2505.0,1.21,291.298
2022-07-23,Colorado,2272.0,1.21,294.957
2022-07-30,Colorado,2261.0,1.21,294.957
2022-08-06,Colorado,2403.0,1.21,294.957
2022-08-13,Colorado,2110.0,1.68,294.957
2022-08-20,Colorado,2114.0,1.68,294.913
2022-08-27,Colorado,2056.0,1.68,294.913
2022-09-03,Colorado,2047.0,1.68,294.913
2022-09-10,Colorado,1900.0,2.33,294.913
2022-09-17,Colorado,2031.0,2.33,295.097
2022-09-24,Colorado,1929.0,2.33,295.097
2022-10-01,Colorado,2169.0,2.33,295.097
2022-10-08,Colorado,2516.0,2.56,295.097
2022-10-15,Colorado,2374.0,2.56,295.097
2022-10-22,Colorado,2685.0,2.56,296.349
2022-10-29,Colorado,2473.0,2.56,296.349
2022-11-05,Colorado,2748.0,2.56,296.349
2022-11-12,Colorado,2719.0,3.08,296.349
2022-11-19,Colorado,3404.0,3.08,298.007
2022-11-26,Colorado,2202.0,3.08,298.007
2022-12-03,Colorado,3391.0,3.08,298.007
2022-12-10,Colorado,3027.0,3.78,298.007
2022-12-17,Colorado,3096.0,3.78,298.007
2022-12-24,Colorado,2643.0,3.78,298.786
2022-12-31,Colorado,2555.0,3.78,298.786
2023-01-07,Colorado,3990.0,4.1,298.786
2023-01-14,Colorado,3709.0,4.1,298.786
2023-01-21,Colorado,3203.0,4.1,298.832
2023-01-28,Colorado,3419.0,4.1,298.832
2023-02-04,Colorado,3114.0,4.1,298.832
2023-02-11,Colorado,2701.0,4.33,298.832
2023-02-18,Colorado,2525.0,4.33,300.42
2023-02-25,Colorado,2502.0,4.33,300.42
2023-03-04,Colorado,2677.0,4.33,300.42
2023-03-11,Colorado,2507.0,4.57,300.42
2023-03-18,Colorado,2395.0,4.57,300.42
2023-03-25,Colorado,2424.0,4.57,301.45
2023-04-01,Colorado,1945.0,4.57,301.45
2023-04-08,Colorado,2490.0,4.65,301.45
2023-04-15,Colorado,1866.0,4.65,301.45
2023-04-22,Colorado,1971.0,4.65,301.821
2023-04-29,Colorado,1608.0,4.65,301.821
2023-05-06,Colorado,1397.0,4.65,301.821
2023-05-13,Colorado,1976.0,4.83,301.821
2023-05-20,Colorado,2219.0,4.83,302.845
2023-05-27,Colorado,2315.0,4.83,302.845
2023-06-03,Colorado,2401.0,4.83,302.845
2023-06-10,Colorado,2500.0,5.06,302.845
2023-06-17,Colorado,1877.0,5.06,303.334
2023-06-24,Colorado,2235.0,5.06,303.334
2023-07-01,Colorado,1726.0,5.06,303.334
2023-07-08,Colorado,2244.0,5.08,303.334
2023-07-15,Colorado,2396.0,5.08,303.334
2023-07-22,Colorado,2291.0,5.08,304.014
2023-07-29,Colorado,2222.0,5.08,304.014
2023-08-05,Colorado,2699.0,5.08,304.014
2023-08-12,Colorado,2428.0,5.12,304.014
2023-08-19,Colorado,2349.0,5.12,304.609
2023-08-26,Colorado,2243.0,5.12,304.609
2023-09-02,Colorado,2385.0,5.12,304.609
2023-09-09,Colorado,2276.0,5.33,304.609
2023-09-16,Colorado,2422.0,5.33,304.609
2023-09-23,Colorado,2359.0,5.33,306.082
2023-09-30,Colorado,1903.0,5.33,306.082
2023-10-07,Colorado,3245.0,5.33,306.082
2023-10-14,Colorado,2605.0,5.33,306.082
2023-10-21,Colorado,2734.0,5.33,307.276
2023-10-28,Colorado,2596.0,5.33,307.276
2023-11-04,Colorado,2849.0,5.33,307.276
2023-11-11,Colorado,2727.0,5.33,307.276
2023-11-18,Colorado,3109.0,5.33,307.696
2023-11-25,Colorado,2111.0,5.33,307.696
2023-12-02,Colorado,2700.0,5.33,307.696
2023-12-09,Colorado,2601.0,5.33,307.696
2023-12-16,Colorado,2118.0,5.33,307.696
2023-12-23,Colorado,1783.0,5.33,308.148
2023-12-30,Colorado,1408.0,5.33,308.148
2024-01-06,Colorado,2648.0,5.33,308.148
2024-01-13,Colorado,2715.0,5.33,308.148
2024-01-20,Colorado,2312.0,5.33,308.741
2024-01-27,Colorado,2334.0,5.33,308.741
2024-02-03,Colorado,3117.0,5.33,308.741
2024-02-10,Colorado,3166.0,5.33,308.741
2024-02-17,Colorado,2671.0,5.33,309.698
2024-02-24,Colorado,2522.0,5.33,309.698
2024-03-02,Colorado,2732.0,5.33,309.698
2024-03-09,Colorado,2608.0,5.33,309.698
2024-03-16,Colorado,2474.0,5.33,309.698
2024-03-23,Colorado,2578.0,5.33,310.967
2024-03-30,Colorado,2458.0,5.33,310.967
2024-04-06,Colorado,2977.0,5.33,310.967
2024-04-13,Colorado,2803.0,5.33,310.967
2024-04-20,Colorado,3246.0,5.33,312.345
2024-04-27,Colorado,3006.0,5.33,312.345
2024-05-04,Colorado,2988.0,5.33,312.345
2024-05-11,Colorado,2843.0,5.33,312.345
2024-05-18,Colorado,2689.0,5.33,313.023
2024-05-25,Colorado,2860.0,5.33,313.023
2024-06-01,Colorado,2718.0,5.33,313.023
2024-06-08,Colorado,3023.0,5.33,313.023
2024-06-15,Colorado,2660.0,5.33,313.023
2024-06-22,Colorado,2527.0,5.33,313.175
2024-06-29,Colorado,2582.0,5.33,313.175
2024-07-06,Colorado,2156.0,5.33,313.175
2024-07-13,Colorado,2921.0,5.33,313.175
2024-07-20,Colorado,2319.0,5.33,313.044
2024-07-27,Colorado,2725.0,5.33,313.044
2024-08-03,Colorado,2745.0,5.33,313.044
2024-08-10,Colorado,2860.0,5.33,313.044
2024-08-17,Colorado,2666.0,5.33,313.569
2024-08-24,Colorado,2531.0,5.33,313.569
2024-08-31,Colorado,2586.0,5.33,313.569
2024-09-07,Colorado,2566.0,5.33,313.569
2024-09-14,Colorado,2624.0,5.33,313.569
2024-09-21,Colorado,2553.0,5.33,314.062
2024-09-28,Colorado,2605.0,5.33,314.062
2024-10-05,Colorado,2986.0,5.33,314.062
2024-10-12,Colorado,2948.0,5.13,314.062
2024-10-19,Colorado,2912.0,5.13,314.732
2024-10-26,Colorado,3025.0,5.13,314.732
2024-11-02,Colorado,3027.0,5.13,314.732
2024-11-09,Colorado,3773.0,4.83,314.732
2024-11-16,Colorado,3396.0,4.83,314.732
2024-11-23,Colorado,3658.0,4.83,315.631
2024-11-30,Colorado,2467.0,4.83,315.631
2024-12-07,Colorado,3471.0,4.83,315.631
2024-12-14,Colorado,3640.0,4.64,315.631
2024-12-21,Colorado,3386.0,4.64,316.528
2024-12-28,Colorado,2241.0,4.64,316.528
2025-01-04,Colorado,3139.0,4.64,316.528
2025-01-11,Colorado,4255.0,4.48,316.528
2025-01-18,Colorado,3693.0,4.48,317.604
2025-01-25,Colorado,3405.0,4.48,317.604
2025-02-01,Colorado,3382.0,4.48,317.604
2025-02-08,Colorado,3387.0,4.33,317.604
2025-02-15,Colorado,3189.0,4.33,317.604
2025-02-22,Colorado,3228.0,4.33,318.961
2025-03-01,Colorado,3003.0,4.33,318.961
2025-03-08,Colorado,3162.0,4.33,318.961
2025-03-15,Colorado,2885.0,4.33,318.961
2025-03-22,Colorado,2772.0,4.33,319.679
2025-03-29,Colorado,2544.0,4.33,319.679
2025-04-05,Colorado,3356.0,4.33,319.679
2025-04-12,Colorado,3316.0,4.33,319.679
2025-04-19,Colorado,3224.0,4.33,319.785
2025-04-26,Colorado,3137.0,4.33,319.785
2025-05-03,Colorado,3096.0,4.33,319.785
2025-05-10,Colorado,3089.0,4.33,319.785
2025-05-17,Colorado,2836.0,4.33,319.785
2025-05-24,Colorado,3051.0,4.33,320.302
2025-05-31,Colorado,2778.0,4.33,320.302
2025-06-07,Colorado,3213.0,4.33,320.302
2025-06-14,Colorado,2844.0,4.33,320.302
2025-06-21,Colorado,2694.0,4.33,320.62
2025-06-28,Colorado,2567.0,4.33,320.62
2025-07-05,Colorado,2711.0,4.33,320.62
2025-07-12,Colorado,3063.0,4.33,320.62
2025-07-19,Colorado,2715.0,4.33,321.435
2025-07-26,Colorado,2561.0,4.33,321.435
2025-08-02,Colorado,2783.0,4.33,321.435
2025-08-09,Colorado,2723.0,4.33,321.435
2025-08-16,Colorado,2606.0,4.33,321.435
2025-08-23,Colorado,2687.0,4.33,322.169
2025-08-30,Colorado,2658.0,4.33,322.169
2025-09-06,Colorado,2751.0,4.33,322.169
2025-09-13,Colorado,2679.0,4.33,322.169
2025-09-20,Colorado,2686.0,4.33,323.291
2025-09-27,Colorado,2601.0,4.33,323.291
2025-10-04,Colorado,3275.0,4.33,323.291
2025-10-11,Colorado,3444.0,4.22,323.291
2025-10-18,Colorado,3579.0,4.22,324.245
2025-10-25,Colorado,3256.0,4.22,324.245
2025-11-01,Colorado,3112.0,4.22,324.245
2025-11-08,Colorado,3739.0,4.09,324.245
2025-11-15,Colorado,3314.0,4.09,324.245
2025-11-22,Colorado,3769.0,4.09,324.245
2025-11-29,Colorado,2734.0,4.09,324.245
2025-12-06,Colorado,4282.0,4.09,324.245
2025-12-13,Colorado,3451.0,3.88,324.245
2025-12-20,Colorado,3542.0,3.88,325.063
2025-12-27,Colorado,2316.0,3.88,325.063
2026-01-03,Colorado,3325.0,3.88,325.063
2026-01-10,Colorado,4539.0,3.72,325.063
2026-01-17,Colorado,3996.0,3.72,326.031
2026-01-24,Colorado,3328.0,3.72,326.031
2026-01-31,Colorado,3359.0,3.72,326.031
2026-02-07,Colorado,3611.0,3.64,326.031
2026-02-14,Colorado,3023.0,3.64,326.031
2026-02-21,Colorado,2989.0,3.64,326.588
2026-02-28,Colorado,2819.0,3.64,326.588
2026-03-07,Colorado,3135.0,3.64,326.588
2026-03-14,Colorado,2810.0,3.64,326.588
2026-03-21,Colorado,2614.0,3.64,327.46
2026-03-28,Colorado,2661.0,3.64,327.46
2026-04-04,Colorado,3468.0,3.64,327.46
2026-04-11,Colorado,3645.0,3.64,327.46
2026-04-18,Colorado,3412.0,3.64,330.293
2026-04-25,Colorado,3448.0,3.64,330.293
2026-05-02,Colorado,3177.0,3.64,330.293
2026-05-09,Colorado,3049.0,3.64,330.293
2026-05-16,Colorado,2846.0,3.64,330.293
2026-05-23,Colorado,3197.0,3.64,332.407
2026-05-30,Colorado,2844.0,3.64,332.407
2026-06-06,Colorado,3412.0,3.64,332.407
2026-06-13,Colorado,2975.0,3.63,332.407
2026-06-20,Colorado,2591.0,3.63,333.979
2026-06-27,Colorado,2712.0,3.63,333.979
2026-07-04,Colorado,3071.0,3.63,333.979
2026-07-11,Colorado,3301.0,3.63,333.979
2026-07-18,Colorado,2916.0,3.63,332.568
2026-07-25,Colorado,2728.0,3.63,332.568
2026-08-01,Colorado,2785.0,3.63,332.568
2026-08-08,Colorado,3090.0,3.63,332.568
2026-08-15,Colorado,2690.0,3.63,332.568
2026-08-22,Colorado,2794.0,3.63,332.813
2013-01-05,Florida,8928.0,0.16,231.249
2013-01-12,Florida,16242.0,0.16,231.249
2013-01-19,Florida,17399.0,0.16,231.221
2013-01-26,Florida,13829.0,0.16,231.221
2013-02-02,Florida,15879.0,0.16,231.221
2013-02-09,Florida,15583.0,0.14,231.221
2013-02-16,Florida,13141.0,0.14,231.221
2013-02-23,Florida,12263.0,0.14,231.679
2013-03-02,Florida,11537.0,0.14,231.679
2013-03-09,Florida,12339.0,0.14,231.679
2013-03-16,Florida,11602.0,0.15,231.679
2013-03-23,Florida,12010.0,0.15,232.937
2013-03-30,Florida,11355.0,0.15,232.937
2013-04-06,Florida,12635.0,0.15,232.937
2013-04-13,Florida,15264.0,0.14,232.937
2013-04-20,Florida,13608.0,0.14,232.282
2013-04-27,Florida,11645.0,0.14,232.282
2013-05-04,Florida,11361.0,0.14,232.282
2013-05-11,Florida,12784.0,0.15,232.282
2013-05-18,Florida,12997.0,0.15,231.797
2013-05-25,Florida,14054.0,0.15,231.797
2013-06-01,Florida,10875.0,0.15,231.797
2013-06-08,Florida,12621.0,0.11,231.797
2013-06-15,Florida,17407.0,0.11,231.797
2013-06-22,Florida,15349.0,0.11,231.893
2013-06-29,Florida,12079.0,0.11,231.893
2013-07-06,Florida,13765.0,0.11,231.893
2013-07-13,Florida,17085.0,0.09,231.893
2013-07-20,Florida,15190.0,0.09,232.445
2013-07-27,Florida,14085.0,0.09,232.445
2013-08-03,Florida,13731.0,0.09,232.445
2013-08-10,Florida,12850.0,0.09,232.445
2013-08-17,Florida,12875.0,0.09,232.9
2013-08-24,Florida,12409.0,0.09,232.9
2013-08-31,Florida,11465.0,0.09,232.9
2013-09-07,Florida,9657.0,0.08,232.9
2013-09-14,Florida,13603.0,0.08,232.9
2013-09-21,Florida,13292.0,0.08,233.456
2013-09-28,Florida,11943.0,0.08,233.456
2013-10-05,Florida,13336.0,0.08,233.456
2013-10-12,Florida,13699.0,0.08,233.456
2013-10-19,Florida,13215.0,0.08,233.544
2013-10-26,Florida,17692.0,0.08,233.544
2013-11-02,Florida,17274.0,0.08,233.544
2013-11-09,Florida,16380.0,0.09,233.544
2013-11-16,Florida,17925.0,0.09,233.544
2013-11-23,Florida,16967.0,0.09,233.669
2013-11-30,Florida,11628.0,0.09,233.669
2013-12-07,Florida,16331.0,0.09,233.669
2013-12-14,Florida,12956.0,0.08,233.669
2013-12-21,Florida,14372.0,0.08,234.1
2013-12-28,Florida,10878.0,0.08,234.1
2014-01-04,Florida,17201.0,0.08,234.1
2014-01-11,Florida,22233.0,0.09,234.1
2014-01-18,Florida,19656.0,0.09,234.719
2014-01-25,Florida,16652.0,0.09,234.719
2014-02-01,Florida,15129.0,0.09,234.719
2014-02-08,Florida,13544.0,0.07,234.719
2014-02-15,Florida,12646.0,0.07,234.719
2014-02-22,Florida,11779.0,0.07,235.288
2014-03-01,Florida,12417.0,0.07,235.288
2014-03-08,Florida,12832.0,0.07,235.288
2014-03-15,Florida,11901.0,0.07,235.288
2014-03-22,Florida,13599.0,0.07,235.547
2014-03-29,Florida,13694.0,0.07,235.547
2014-04-05,Florida,15318.0,0.07,235.547
2014-04-12,Florida,15382.0,0.08,235.547
2014-04-19,Florida,15005.0,0.08,236.028
2014-04-26,Florida,15857.0,0.08,236.028
2014-05-03,Florida,14899.0,0.08,236.028
2014-05-10,Florida,13669.0,0.09,236.028
2014-05-17,Florida,13005.0,0.09,236.028
2014-05-24,Florida,12318.0,0.09,236.468
2014-05-31,Florida,11521.0,0.09,236.468
2014-06-07,Florida,15571.0,0.09,236.468
2014-06-14,Florida,15245.0,0.09,236.468
2014-06-21,Florida,13904.0,0.09,236.918
2014-06-28,Florida,13890.0,0.09,236.918
2014-07-05,Florida,15611.0,0.09,236.918
2014-07-12,Florida,15454.0,0.1,236.918
2014-07-19,Florida,14138.0,0.1,237.231
2014-07-26,Florida,14077.0,0.1,237.231
2014-08-02,Florida,13498.0,0.1,237.231
2014-08-09,Florida,14734.0,0.09,237.231
2014-08-16,Florida,13272.0,0.09,237.231
2014-08-23,Florida,13139.0,0.09,237.498
2014-08-30,Florida,13096.0,0.09,237.498
2014-09-06,Florida,12546.0,0.09,237.498
2014-09-13,Florida,13323.0,0.09,237.498
2014-09-20,Florida,13154.0,0.09,237.46
2014-09-27,Florida,12637.0,0.09,237.46
2014-10-04,Florida,14380.0,0.09,237.46
2014-10-11,Florida,13599.0,0.09,237.46
2014-10-18,Florida,12155.0,0.09,237.477
2014-10-25,Florida,12170.0,0.09,237.477
2014-11-01,Florida,11612.0,0.09,237.477
2014-11-08,Florida,11878.0,0.09,237.477
2014-11-15,Florida,11367.0,0.09,237.477
2014-11-22,Florida,11640.0,0.09,237.43
2014-11-29,Florida,8446.0,0.09,237.43
2014-12-06,Florida,11985.0,0.09,237.43
2014-12-13,Florida,11106.0,0.09,237.43
2014-12-20,Florida,10121.0,0.09,236.983
2014-12-27,Florida,8261.0,0.09,236.983
2015-01-03,Florida,13599.0,0.09,236.983
2015-01-10,Florida,15003.0,0.12,236.983
2015-01-17,Florida,12730.0,0.12,236.252
2015-01-24,Florida,10768.0,0.12,236.252
2015-01-31,Florida,10515.0,0.12,236.252
2015-02-07,Florida,10569.0,0.11,236.252
2015-02-14,Florida,9480.0,0.11,236.252
2015-02-21,Florida,9363.0,0.11,234.747
2015-02-28,Florida,8898.0,0.11,234.747
2015-03-07,Florida,10491.0,0.11,234.747
2015-03-14,Florida,8832.0,0.11,234.747
2015-03-21,Florida,8982.0,0.11,235.342
2015-03-28,Florida,8662.0,0.11,235.342
2015-04-04,Florida,9269.0,0.11,235.342
2015-04-11,Florida,10374.0,0.11,235.342
2015-04-18,Florida,9294.0,0.11,235.976
2015-04-25,Florida,9141.0,0.11,235.976
2015-05-02,Florida,8416.0,0.11,235.976
2015-05-09,Florida,9503.0,0.12,235.976
2015-05-16,Florida,9216.0,0.12,235.976
2015-05-23,Florida,9712.0,0.12,236.222
2015-05-30,Florida,8480.0,0.12,236.222
2015-06-06,Florida,10982.0,0.12,236.222
2015-06-13,Florida,12045.0,0.12,236.222
2015-06-20,Florida,11357.0,0.12,237.001
2015-06-27,Florida,9731.0,0.12,237.001
2015-07-04,Florida,10824.0,0.12,237.001
2015-07-11,Florida,12746.0,0.13,237.001
2015-07-18,Florida,10818.0,0.13,237.657
2015-07-25,Florida,10010.0,0.13,237.657
2015-08-01,Florida,10350.0,0.13,237.657
2015-08-08,Florida,10168.0,0.13,237.657
2015-08-15,Florida,9222.0,0.13,237.657
2015-08-22,Florida,9192.0,0.13,238.034
2015-08-29,Florida,8712.0,0.13,238.034
2015-09-05,Florida,8569.0,0.13,238.034
2015-09-12,Florida,7252.0,0.14,238.034
2015-09-19,Florida,7817.0,0.14,238.033
2015-09-26,Florida,7712.0,0.14,238.033
2015-10-03,Florida,8209.0,0.14,238.033
2015-10-10,Florida,9649.0,0.14,238.033
2015-10-17,Florida,7848.0,0.14,238.033
2015-10-24,Florida,8053.0,0.14,237.498
2015-10-31,Florida,7820.0,0.14,237.498
2015-11-07,Florida,8683.0,0.12,237.498
2015-11-14,Florida,7670.0,0.12,237.498
2015-11-21,Florida,8284.0,0.12,237.733
2015-11-28,Florida,5386.0,0.12,237.733
2015-12-05,Florida,8233.0,0.12,237.733
2015-12-12,Florida,7895.0,0.12,237.733
2015-12-19,Florida,8341.0,0.12,238.017
2015-12-26,Florida,5867.0,0.12,238.017
2016-01-02,Florida,6816.0,0.12,238.017
2016-01-09,Florida,11056.0,0.24,238.017
2016-01-16,Florida,9775.0,0.24,238.017
2016-01-23,Florida,8225.0,0.24,237.761
2016-01-30,Florida,8069.0,0.24,237.761
2016-02-06,Florida,8488.0,0.24,237.761
2016-02-13,Florida,7062.0,0.34,237.761
2016-02-20,Florida,7318.0,0.34,237.652
2016-02-27,Florida,6923.0,0.34,237.652
2016-03-05,Florida,7376.0,0.34,237.652
2016-03-12,Florida,6524.0,0.38,237.652
2016-03-19,Florida,6866.0,0.38,237.336
2016-03-26,Florida,6951.0,0.38,237.336
2016-04-02,Florida,7235.0,0.38,237.336
2016-04-09,Florida,8729.0,0.36,237.336
2016-04-16,Florida,7376.0,0.36,237.336
2016-04-23,Florida,7312.0,0.36,238.08
2016-04-30,Florida,7360.0,0.36,238.08
2016-05-07,Florida,8263.0,0.36,238.08
2016-05-14,Florida,8049.0,0.37,238.08
2016-05-21,Florida,8071.0,0.37,238.992
2016-05-28,Florida,8315.0,0.37,238.992
2016-06-04,Florida,8259.0,0.37,238.992
2016-06-11,Florida,10028.0,0.37,238.992
2016-06-18,Florida,10155.0,0.37,239.557
2016-06-25,Florida,9048.0,0.37,239.557
2016-07-02,Florida,8914.0,0.37,239.557
2016-07-09,Florida,10314.0,0.38,239.557
2016-07-16,Florida,9365.0,0.38,239.557
2016-07-23,Florida,8482.0,0.38,240.222
2016-07-30,Florida,8224.0,0.38,240.222
2016-08-06,Florida,8542.0,0.38,240.222
2016-08-13,Florida,8082.0,0.39,240.222
2016-08-20,Florida,8047.0,0.39,240.101
2016-08-27,Florida,7823.0,0.39,240.101
2016-09-03,Florida,7501.0,0.39,240.101
2016-09-10,Florida,7493.0,0.4,240.101
2016-09-17,Florida,7603.0,0.4,240.545
2016-09-24,Florida,7255.0,0.4,240.545
2016-10-01,Florida,7275.0,0.4,240.545
2016-10-08,Florida,7323.0,0.4,240.545
2016-10-15,Florida,7999.0,0.4,240.545
2016-10-22,Florida,7549.0,0.4,241.176
2016-10-29,Florida,7538.0,0.4,241.176
2016-11-05,Florida,7676.0,0.4,241.176
2016-11-12,Florida,7229.0,0.4,241.176
2016-11-19,Florida,7695.0,0.4,241.741
2016-11-26,Florida,5366.0,0.4,241.741
2016-12-03,Florida,7564.0,0.4,241.741
2016-12-10,Florida,8130.0,0.41,241.741
2016-12-17,Florida,7322.0,0.41,241.741
2016-12-24,Florida,6179.0,0.41,242.026
2016-12-31,Florida,6170.0,0.41,242.026
2017-01-07,Florida,9011.0,0.54,242.026
2017-01-14,Florida,8729.0,0.54,242.026
2017-01-21,Florida,7392.0,0.54,242.637
2017-01-28,Florida,8133.0,0.54,242.637
2017-02-04,Florida,7822.0,0.54,242.637
2017-02-11,Florida,7506.0,0.65,242.637
2017-02-18,Florida,6881.0,0.65,243.618
2017-02-25,Florida,6323.0,0.65,243.618
2017-03-04,Florida,6354.0,0.65,243.618
2017-03-11,Florida,7180.0,0.66,243.618
2017-03-18,Florida,6802.0,0.66,243.618
2017-03-25,Florida,6692.0,0.66,244.006
2017-04-01,Florida,6981.0,0.66,244.006
2017-04-08,Florida,8564.0,0.79,244.006
2017-04-15,Florida,6839.0,0.79,244.006
2017-04-22,Florida,6886.0,0.79,243.892
2017-04-29,Florida,6952.0,0.79,243.892
2017-05-06,Florida,8028.0,0.79,243.892
2017-05-13,Florida,7660.0,0.9,243.892
2017-05-20,Florida,7686.0,0.9,244.193
2017-05-27,Florida,7586.0,0.9,244.193
2017-06-03,Florida,8140.0,0.9,244.193
2017-06-10,Florida,10538.0,0.91,244.193
2017-06-17,Florida,8938.0,0.91,244.004
2017-06-24,Florida,8299.0,0.91,244.004
2017-07-01,Florida,8350.0,0.91,244.004
2017-07-08,Florida,8904.0,1.04,244.004
2017-07-15,Florida,8849.0,1.04,244.004
2017-07-22,Florida,8406.0,1.04,244.163
2017-07-29,Florida,7481.0,1.04,244.163
2017-08-05,Florida,8084.0,1.04,244.163
2017-08-12,Florida,7905.0,1.15,244.163
2017-08-19,Florida,7615.0,1.15,244.243
2017-08-26,Florida,7178.0,1.15,244.243
2017-09-02,Florida,7062.0,1.15,244.243
2017-09-09,Florida,4773.0,1.16,244.243
2017-09-16,Florida,10052.0,1.16,244.243
2017-09-23,Florida,18477.0,1.16,245.183
2017-09-30,Florida,14902.0,1.16,245.183
2017-10-07,Florida,13861.0,1.16,245.183
2017-10-14,Florida,11314.0,1.15,245.183
2017-10-21,Florida,10112.0,1.15,246.435
2017-10-28,Florida,8849.0,1.15,246.435
2017-11-04,Florida,8596.0,1.15,246.435
2017-11-11,Florida,7610.0,1.15,246.435
2017-11-18,Florida,8423.0,1.15,246.626
2017-11-25,Florida,5255.0,1.15,246.626
2017-12-02,Florida,8024.0,1.15,246.626
2017-12-09,Florida,7593.0,1.16,246.626
2017-12-16,Florida,7332.0,1.16,246.626
2017-12-23,Florida,6971.0,1.16,247.284
2017-12-30,Florida,5443.0,1.16,247.284
2018-01-06,Florida,7974.0,1.16,247.284
2018-01-13,Florida,9001.0,1.3,247.284
2018-01-20,Florida,7315.0,1.3,247.805
2018-01-27,Florida,7627.0,1.3,247.805
2018-02-03,Florida,7632.0,1.3,247.805
2018-02-10,Florida,7159.0,1.41,247.805
2018-02-17,Florida,6699.0,1.41,248.859
2018-02-24,Florida,6008.0,1.41,248.859
2018-03-03,Florida,5969.0,1.41,248.859
2018-03-10,Florida,6892.0,1.42,248.859
2018-03-17,Florida,6478.0,1.42,248.859
2018-03-24,Florida,6318.0,1.42,249.529
2018-03-31,Florida,5677.0,1.42,249.529
2018-04-07,Florida,7595.0,1.51,249.529
2018-04-14,Florida,6524.0,1.51,249.529
2018-04-21,Florida,6381.0,1.51,249.577
2018-04-28,Florida,6302.0,1.51,249.577
2018-05-05,Florida,6695.0,1.51,249.577
2018-05-12,Florida,6977.0,1.69,249.577
2018-05-19,Florida,6840.0,1.69,250.227
2018-05-26,Florida,7080.0,1.69,250.227
2018-06-02,Florida,6996.0,1.69,250.227
2018-06-09,Florida,9538.0,1.7,250.227
2018-06-16,Florida,7761.0,1.7,250.227
2018-06-23,Florida,7370.0,1.7,250.792
2018-06-30,Florida,7280.0,1.7,250.792
2018-07-07,Florida,8360.0,1.7,250.792
2018-07-14,Florida,7939.0,1.82,250.792
2018-07-21,Florida,7519.0,1.82,251.018
2018-07-28,Florida,6705.0,1.82,251.018
2018-08-04,Florida,6880.0,1.82,251.018
2018-08-11,Florida,6830.0,1.91,251.018
2018-08-18,Florida,6463.0,1.91,251.214
2018-08-25,Florida,6519.0,1.91,251.214
2018-09-01,Florida,5851.0,1.91,251.214
2018-09-08,Florida,5764.0,1.91,251.214
2018-09-15,Florida,6108.0,1.91,251.214
2018-09-22,Florida,5901.0,1.91,251.663
2018-09-29,Florida,5707.0,1.91,251.663
2018-10-06,Florida,7066.0,1.91,251.663
2018-10-13,Florida,6685.0,1.95,251.663
2018-10-20,Florida,10672.0,1.95,252.182
2018-10-27,Florida,8987.0,1.95,252.182
2018-11-03,Florida,7771.0,1.95,252.182
2018-11-10,Florida,7784.0,2.19,252.182
2018-11-17,Florida,6898.0,2.19,252.772
2018-11-24,Florida,4817.0,2.19,252.772
2018-12-01,Florida,7126.0,2.19,252.772
2018-12-08,Florida,7072.0,2.2,252.772
2018-12-15,Florida,6993.0,2.2,252.772
2018-12-22,Florida,6531.0,2.2,252.594
2018-12-29,Florida,5216.0,2.2,252.594
2019-01-05,Florida,7343.0,2.2,252.594
2019-01-12,Florida,10113.0,2.27,252.594
2019-01-19,Florida,9152.0,2.27,252.767
2019-01-26,Florida,8226.0,2.27,252.767
2019-02-02,Florida,7510.0,2.27,252.767
2019-02-09,Florida,7049.0,2.4,252.767
2019-02-16,Florida,6185.0,2.4,252.767
2019-02-23,Florida,5685.0,2.4,252.561
2019-03-02,Florida,5675.0,2.4,252.561
2019-03-09,Florida,6204.0,2.4,252.561
2019-03-16,Florida,5801.0,2.4,252.561
2019-03-23,Florida,5353.0,2.4,253.319
2019-03-30,Florida,5304.0,2.4,253.319
2019-04-06,Florida,6402.0,2.4,253.319
2019-04-13,Florida,6345.0,2.41,253.319
2019-04-20,Florida,5911.0,2.41,254.277
2019-04-27,Florida,5900.0,2.41,254.277
2019-05-04,Florida,6262.0,2.41,254.277
2019-05-11,Florida,6402.0,2.42,254.277
2019-05-18,Florida,6354.0,2.42,255.233
2019-05-25,Florida,6104.0,2.42,255.233
2019-06-01,Florida,5971.0,2.42,255.233
2019-06-08,Florida,8581.0,2.39,255.233
2019-06-15,Florida,7509.0,2.39,255.233
2019-06-22,Florida,7025.0,2.39,255.296
2019-06-29,Florida,6845.0,2.39,255.296
2019-07-06,Florida,7150.0,2.39,255.296
2019-07-13,Florida,7710.0,2.38,255.296
2019-07-20,Florida,6919.0,2.38,255.213
2019-07-27,Florida,6491.0,2.38,255.213
2019-08-03,Florida,6437.0,2.38,255.213
2019-08-10,Florida,6509.0,2.4,255.213
2019-08-17,Florida,6009.0,2.4,255.802
2019-08-24,Florida,6305.0,2.4,255.802
2019-08-31,Florida,5646.0,2.4,255.802
2019-09-07,Florida,5013.0,2.13,255.802
2019-09-14,Florida,6543.0,2.13,255.802
2019-09-21,Florida,5972.0,2.13,256.036
2019-09-28,Florida,5388.0,2.13,256.036
2019-10-05,Florida,6072.0,2.13,256.036
2019-10-12,Florida,5982.0,2.04,256.036
2019-10-19,Florida,5451.0,2.04,256.43
2019-10-26,Florida,5402.0,2.04,256.43
2019-11-02,Florida,5484.0,2.04,256.43
2019-11-09,Florida,6028.0,1.83,256.43
2019-11-16,Florida,5252.0,1.83,256.43
2019-11-23,Florida,5662.0,1.83,257.155
2019-11-30,Florida,3817.0,1.83,257.155
2019-12-07,Florida,5681.0,1.83,257.155
2019-12-14,Florida,5375.0,1.55,257.155
2019-12-21,Florida,5337.0,1.55,257.879
2019-12-28,Florida,3807.0,1.55,257.879
2020-01-04,Florida,4618.0,1.55,257.879
2020-01-11,Florida,6862.0,1.55,257.879
2020-01-18,Florida,6088.0,1.55,258.63
2020-01-25,Florida,5206.0,1.55,258.63
2020-02-01,Florida,5457.0,1.55,258.63
2020-02-08,Florida,5605.0,1.55,258.63
2020-02-15,Florida,5229.0,1.55,258.63
2020-02-22,Florida,4861.0,1.55,259.127
2020-02-29,Florida,4853.0,1.55,259.127
2020-03-07,Florida,5325.0,1.55,259.127
2020-03-14,Florida,6463.0,1.58,259.127
2020-03-21,Florida,74313.0,1.58,259.25
2020-03-28,Florida,228484.0,1.58,259.25
2020-04-04,Florida,169885.0,1.58,259.25
2020-04-11,Florida,180419.0,0.65,259.25
2020-04-18,Florida,506670.0,0.65,258.076
2020-04-25,Florida,433103.0,0.65,258.076
2020-05-02,Florida,174860.0,0.65,258.076
2020-05-09,Florida,223082.0,0.05,258.076
2020-05-16,Florida,225404.0,0.05,258.076
2020-05-23,Florida,175411.0,0.05,256.032
2020-05-30,Florida,207707.0,0.05,256.032
2020-06-06,Florida,112161.0,0.05,256.032
2020-06-13,Florida,88148.0,0.05,256.032
2020-06-20,Florida,95683.0,0.05,255.802
2020-06-27,Florida,84370.0,0.05,255.802
2020-07-04,Florida,66941.0,0.05,255.802
2020-07-11,Florida,132831.0,0.08,255.802
2020-07-18,Florida,108976.0,0.08,257.042
2020-07-25,Florida,91462.0,0.08,257.042
2020-08-01,Florida,78286.0,0.08,257.042
2020-08-08,Florida,61584.0,0.09,257.042
2020-08-15,Florida,72774.0,0.09,257.042
2020-08-22,Florida,51647.0,0.09,258.352
2020-08-29,Florida,45590.0,0.09,258.352
2020-09-05,Florida,40256.0,0.09,258.352
2020-09-12,Florida,37265.0,0.1,258.352
2020-09-19,Florida,39028.0,0.1,259.316
2020-09-26,Florida,32373.0,0.1,259.316
2020-10-03,Florida,42306.0,0.1,259.316
2020-10-10,Florida,47904.0,0.09,259.316
2020-10-17,Florida,40070.0,0.09,259.316
2020-10-24,Florida,33542.0,0.09,259.997
2020-10-31,Florida,31625.0,0.09,259.997
2020-11-07,Florida,31403.0,0.09,259.997
2020-11-14,Florida,24358.0,0.09,259.997
2020-11-21,Florida,26931.0,0.09,260.319
2020-11-28,Florida,23063.0,0.09,260.319
2020-12-05,Florida,29142.0,0.09,260.319
2020-12-12,Florida,26018.0,0.09,260.319
2020-12-19,Florida,28609.0,0.09,260.911
2020-12-26,Florida,26533.0,0.09,260.911
2021-01-02,Florida,24697.0,0.09,260.911
2021-01-09,Florida,30583.0,0.09,260.911
2021-01-16,Florida,39226.0,0.09,260.911
2021-01-23,Florida,62818.0,0.09,262.045
2021-01-30,Florida,69140.0,0.09,262.045
2021-02-06,Florida,21710.0,0.09,262.045
2021-02-13,Florida,21564.0,0.09,262.045
2021-02-20,Florida,18630.0,0.09,262.687
2021-02-27,Florida,19020.0,0.09,262.687
2021-03-06,Florida,19281.0,0.09,262.687
2021-03-13,Florida,20340.0,0.08,262.687
2021-03-20,Florida,17349.0,0.08,263.579
2021-03-27,Florida,15716.0,0.08,263.579
2021-04-03,Florida,15025.0,0.08,263.579
2021-04-10,Florida,24402.0,0.07,263.579
2021-04-17,Florida,18838.0,0.07,264.961
2021-04-24,Florida,28017.0,0.07,264.961
2021-05-01,Florida,19765.0,0.07,264.961
2021-05-08,Florida,17555.0,0.07,264.961
2021-05-15,Florida,14561.0,0.07,264.961
2021-05-22,Florida,9882.0,0.07,266.614
2021-05-29,Florida,8257.0,0.07,266.614
2021-06-05,Florida,6552.0,0.07,266.614
2021-06-12,Florida,9896.0,0.06,266.614
2021-06-19,Florida,7667.0,0.06,268.383
2021-06-26,Florida,6917.0,0.06,268.383
2021-07-03,Florida,6739.0,0.06,268.383
2021-07-10,Florida,7457.0,0.08,268.383
2021-07-17,Florida,9970.0,0.08,268.383
2021-07-24,Florida,10110.0,0.08,270.654
2021-07-31,Florida,7718.0,0.08,270.654
2021-08-07,Florida,5905.0,0.1,270.654
2021-08-14,Florida,5432.0,0.1,270.654
2021-08-21,Florida,7977.0,0.1,271.903
2021-08-28,Florida,9700.0,0.1,271.903
2021-09-04,Florida,7218.0,0.1,271.903
2021-09-11,Florida,7761.0,0.09,271.903
2021-09-18,Florida,9316.0,0.09,272.676
2021-09-25,Florida,7713.0,0.09,272.676
2021-10-02,Florida,7054.0,0.09,272.676
2021-10-09,Florida,6215.0,0.08,272.676
2021-10-16,Florida,7481.0,0.08,272.676
2021-10-23,Florida,8788.0,0.08,273.91
2021-10-30,Florida,6502.0,0.08,273.91
2021-11-06,Florida,6217.0,0.08,273.91
2021-11-13,Florida,6116.0,0.08,273.91
2021-11-20,Florida,5831.0,0.08,276.55
2021-11-27,Florida,4136.0,0.08,276.55
2021-12-04,Florida,6212.0,0.08,276.55
2021-12-11,Florida,6033.0,0.08,276.55
2021-12-18,Florida,5160.0,0.08,278.919
2021-12-25,Florida,4244.0,0.08,278.919
2022-01-01,Florida,4299.0,0.08,278.919
2022-01-08,Florida,10103.0,0.08,278.919
2022-01-15,Florida,8593.0,0.08,278.919
2022-01-22,Florida,7346.0,0.08,280.845
2022-01-29,Florida,6680.0,0.08,280.845
2022-02-05,Florida,5925.0,0.08,280.845
2022-02-12,Florida,6044.0,0.08,280.845
2022-02-19,Florida,5510.0,0.08,282.543
2022-02-26,Florida,3328.0,0.08,282.543
2022-03-05,Florida,3830.0,0.08,282.543
2022-03-12,Florida,3910.0,0.08,282.543
2022-03-19,Florida,4866.0,0.08,282.543
2022-03-26,Florida,4701.0,0.08,284.5
2022-04-02,Florida,5167.0,0.08,284.5
2022-04-09,Florida,6619.0,0.2,284.5
2022-04-16,Florida,5668.0,0.2,284.5
2022-04-23,Florida,5240.0,0.2,287.674
2022-04-30,Florida,5221.0,0.2,287.674
2022-05-07,Florida,4475.0,0.2,287.674
2022-05-14,Florida,5104.0,0.33,287.674
2022-05-21,Florida,5218.0,0.33,288.561
2022-05-28,Florida,3698.0,0.33,288.561
2022-06-04,Florida,5796.0,0.33,288.561
2022-06-11,Florida,7035.0,0.77,288.561
2022-06-18,Florida,6500.0,0.77,291.298
2022-06-25,Florida,6318.0,0.77,291.298
2022-07-02,Florida,6155.0,0.77,291.298
2022-07-09,Florida,7267.0,1.21,291.298
2022-07-16,Florida,7858.0,1.21,291.298
2022-07-23,Florida,6901.0,1.21,294.957
2022-07-30,Florida,6140.0,1.21,294.957
2022-08-06,Florida,5998.0,1.21,294.957
2022-08-13,Florida,6074.0,1.68,294.957
2022-08-20,Florida,5809.0,1.68,294.913
2022-08-27,Florida,5366.0,1.68,294.913
2022-09-03,Florida,5472.0,1.68,294.913
2022-09-10,Florida,5215.0,2.33,294.913
2022-09-17,Florida,5833.0,2.33,295.097
2022-09-24,Florida,5472.0,2.33,295.097
2022-10-01,Florida,4269.0,2.33,295.097
2022-10-08,Florida,14934.0,2.56,295.097
2022-10-15,Florida,11341.0,2.56,295.097
2022-10-22,Florida,9337.0,2.56,296.349
2022-10-29,Florida,7803.0,2.56,296.349
2022-11-05,Florida,7412.0,2.56,296.349
2022-11-12,Florida,6110.0,3.08,296.349
2022-11-19,Florida,6534.0,3.08,298.007
2022-11-26,Florida,4109.0,3.08,298.007
2022-12-03,Florida,6393.0,3.08,298.007
2022-12-10,Florida,6035.0,3.78,298.007
2022-12-17,Florida,5669.0,3.78,298.007
2022-12-24,Florida,4579.0,3.78,298.786
2022-12-31,Florida,4238.0,3.78,298.786
2023-01-07,Florida,7447.0,4.1,298.786
2023-01-14,Florida,7121.0,4.1,298.786
2023-01-21,Florida,5557.0,4.1,298.832
2023-01-28,Florida,5866.0,4.1,298.832
2023-02-04,Florida,6434.0,4.1,298.832
2023-02-11,Florida,5887.0,4.33,298.832
2023-02-18,Florida,5353.0,4.33,300.42
2023-02-25,Florida,5293.0,4.33,300.42
2023-03-04,Florida,4865.0,4.33,300.42
2023-03-11,Florida,5461.0,4.57,300.42
2023-03-18,Florida,5078.0,4.57,300.42
2023-03-25,Florida,5129.0,4.57,301.45
2023-04-01,Florida,5096.0,4.57,301.45
2023-04-08,Florida,6278.0,4.65,301.45
2023-04-15,Florida,5535.0,4.65,301.45
2023-04-22,Florida,5093.0,4.65,301.821
2023-04-29,Florida,5610.0,4.65,301.821
2023-05-06,Florida,5897.0,4.65,301.821
2023-05-13,Florida,5869.0,4.83,301.821
2023-05-20,Florida,5879.0,4.83,302.845
2023-05-27,Florida,5765.0,4.83,302.845
2023-06-03,Florida,5376.0,4.83,302.845
2023-06-10,Florida,6921.0,5.06,302.845
2023-06-17,Florida,6463.0,5.06,303.334
2023-06-24,Florida,6109.0,5.06,303.334
2023-07-01,Florida,5930.0,5.06,303.334
2023-07-08,Florida,5431.0,5.08,303.334
2023-07-15,Florida,6474.0,5.08,303.334
2023-07-22,Florida,6126.0,5.08,304.014
2023-07-29,Florida,6659.0,5.08,304.014
2023-08-05,Florida,6249.0,5.08,304.014
2023-08-12,Florida,5754.0,5.12,304.014
2023-08-19,Florida,5711.0,5.12,304.609
2023-08-26,Florida,5393.0,5.12,304.609
2023-09-02,Florida,4812.0,5.12,304.609
2023-09-09,Florida,5595.0,5.33,304.609
2023-09-16,Florida,5898.0,5.33,304.609
2023-09-23,Florida,5413.0,5.33,306.082
2023-09-30,Florida,5418.0,5.33,306.082
2023-10-07,Florida,6790.0,5.33,306.082
2023-10-14,Florida,6021.0,5.33,306.082
2023-10-21,Florida,6052.0,5.33,307.276
2023-10-28,Florida,5750.0,5.33,307.276
2023-11-04,Florida,5659.0,5.33,307.276
2023-11-11,Florida,5979.0,5.33,307.276
2023-11-18,Florida,6268.0,5.33,307.696
2023-11-25,Florida,4034.0,5.33,307.696
2023-12-02,Florida,6183.0,5.33,307.696
2023-12-09,Florida,6170.0,5.33,307.696
2023-12-16,Florida,5713.0,5.33,307.696
2023-12-23,Florida,5489.0,5.33,308.148
2023-12-30,Florida,4081.0,5.33,308.148
2024-01-06,Florida,6078.0,5.33,308.148
2024-01-13,Florida,7103.0,5.33,308.148
2024-01-20,Florida,5803.0,5.33,308.741
2024-01-27,Florida,5887.0,5.33,308.741
2024-02-03,Florida,6286.0,5.33,308.741
2024-02-10,Florida,6292.0,5.33,308.741
2024-02-17,Florida,5768.0,5.33,309.698
2024-02-24,Florida,5016.0,5.33,309.698
2024-03-02,Florida,5799.0,5.33,309.698
2024-03-09,Florida,5944.0,5.33,309.698
2024-03-16,Florida,5351.0,5.33,309.698
2024-03-23,Florida,5254.0,5.33,310.967
2024-03-30,Florida,5408.0,5.33,310.967
2024-04-06,Florida,6385.0,5.33,310.967
2024-04-13,Florida,6215.0,5.33,310.967
2024-04-20,Florida,6351.0,5.33,312.345
2024-04-27,Florida,5989.0,5.33,312.345
2024-05-04,Florida,5893.0,5.33,312.345
2024-05-11,Florida,7224.0,5.33,312.345
2024-05-18,Florida,6612.0,5.33,313.023
2024-05-25,Florida,6276.0,5.33,313.023
2024-06-01,Florida,7060.0,5.33,313.023
2024-06-08,Florida,8900.0,5.33,313.023
2024-06-15,Florida,7766.0,5.33,313.023
2024-06-22,Florida,7307.0,5.33,313.175
2024-06-29,Florida,6901.0,5.33,313.175
2024-07-06,Florida,6552.0,5.33,313.175
2024-07-13,Florida,7955.0,5.33,313.175
2024-07-20,Florida,7059.0,5.33,313.044
2024-07-27,Florida,5472.0,5.33,313.044
2024-08-03,Florida,5338.0,5.33,313.044
2024-08-10,Florida,5562.0,5.33,313.044
2024-08-17,Florida,7715.0,5.33,313.569
2024-08-24,Florida,6402.0,5.33,313.569
2024-08-31,Florida,6081.0,5.33,313.569
2024-09-07,Florida,6005.0,5.33,313.569
2024-09-14,Florida,6696.0,5.33,313.569
2024-09-21,Florida,6454.0,5.33,314.062
2024-09-28,Florida,5535.0,5.33,314.062
2024-10-05,Florida,9556.0,5.33,314.062
2024-10-12,Florida,6299.0,5.13,314.062
2024-10-19,Florida,10800.0,5.13,314.732
2024-10-26,Florida,8371.0,5.13,314.732
2024-11-02,Florida,6841.0,5.13,314.732
2024-11-09,Florida,6660.0,4.83,314.732
2024-11-16,Florida,6280.0,4.83,314.732
2024-11-23,Florida,6360.0,4.83,315.631
2024-11-30,Florida,3987.0,4.83,315.631
2024-12-07,Florida,6299.0,4.83,315.631
2024-12-14,Florida,6049.0,4.64,315.631
2024-12-21,Florida,5166.0,4.64,316.528
2024-12-28,Florida,3475.0,4.64,316.528
2025-01-04,Florida,5018.0,4.64,316.528
2025-01-11,Florida,7525.0,4.48,316.528
2025-01-18,Florida,6778.0,4.48,317.604
2025-01-25,Florida,5747.0,4.48,317.604
2025-02-01,Florida,5962.0,4.48,317.604
2025-02-08,Florida,6778.0,4.33,317.604
2025-02-15,Florida,5797.0,4.33,317.604
2025-02-22,Florida,5913.0,4.33,318.961
2025-03-01,Florida,5566.0,4.33,318.961
2025-03-08,Florida,5922.0,4.33,318.961
2025-03-15,Florida,5684.0,4.33,318.961
2025-03-22,Florida,5614.0,4.33,319.679
2025-03-29,Florida,5587.0,4.33,319.679
2025-04-05,Florida,6692.0,4.33,319.679
2025-04-12,Florida,6831.0,4.33,319.679
2025-04-19,Florida,6060.0,4.33,319.785
2025-04-26,Florida,5842.0,4.33,319.785
2025-05-03,Florida,6426.0,4.33,319.785
2025-05-10,Florida,6724.0,4.33,319.785
2025-05-17,Florida,6177.0,4.33,319.785
2025-05-24,Florida,7154.0,4.33,320.302
2025-05-31,Florida,5698.0,4.33,320.302
2025-06-07,Florida,8786.0,4.33,320.302
2025-06-14,Florida,7612.0,4.33,320.302
2025-06-21,Florida,6516.0,4.33,320.62
2025-06-28,Florida,7060.0,4.33,320.62
2025-07-05,Florida,6188.0,4.33,320.62
2025-07-12,Florida,7335.0,4.33,320.62
2025-07-19,Florida,6331.0,4.33,321.435
2025-07-26,Florida,6347.0,4.33,321.435
2025-08-02,Florida,6252.0,4.33,321.435
2025-08-09,Florida,6448.0,4.33,321.435
2025-08-16,Florida,6143.0,4.33,321.435
2025-08-23,Florida,6177.0,4.33,322.169
2025-08-30,Florida,5721.0,4.33,322.169
2025-09-06,Florida,5803.0,4.33,322.169
2025-09-13,Florida,6075.0,4.33,322.169
2025-09-20,Florida,5747.0,4.33,323.291
2025-09-27,Florida,5609.0,4.33,323.291
2025-10-04,Florida,6075.0,4.33,323.291
2025-10-11,Florida,6340.0,4.22,323.291
2025-10-18,Florida,5561.0,4.22,324.245
2025-10-25,Florida,5485.0,4.22,324.245
2025-11-01,Florida,4952.0,4.22,324.245
2025-11-08,Florida,5833.0,4.09,324.245
2025-11-15,Florida,5284.0,4.09,324.245
2025-11-22,Florida,5946.0,4.09,324.245
2025-11-29,Florida,3761.0,4.09,324.245
2025-12-06,Florida,6189.0,4.09,324.245
2025-12-13,Florida,5498.0,3.88,324.245
2025-12-20,Florida,5303.0,3.88,325.063
2025-12-27,Florida,3322.0,3.88,325.063
2026-01-03,Florida,4205.0,3.88,325.063
2026-01-10,Florida,7146.0,3.72,325.063
2026-01-17,Florida,6546.0,3.72,326.031
2026-01-24,Florida,5744.0,3.72,326.031
2026-01-31,Florida,5645.0,3.72,326.031
2026-02-07,Florida,5800.0,3.64,326.031
2026-02-14,Florida,5884.0,3.64,326.031
2026-02-21,Florida,5608.0,3.64,326.588
2026-02-28,Florida,5084.0,3.64,326.588
2026-03-07,Florida,5641.0,3.64,326.588
2026-03-14,Florida,5450.0,3.64,326.588
2026-03-21,Florida,5398.0,3.64,327.46
2026-03-28,Florida,5110.0,3.64,327.46
2026-04-04,Florida,5584.0,3.64,327.46
2026-04-11,Florida,6387.0,3.64,327.46
2026-04-18,Florida,5659.0,3.64,330.293
2026-04-25,Florida,5587.0,3.64,330.293
2026-05-02,Florida,5573.0,3.64,330.293
2026-05-09,Florida,8164.0,3.64,330.293
2026-05-16,Florida,6224.0,3.64,330.293
2026-05-23,Florida,5970.0,3.64,332.407
2026-05-30,Florida,5363.0,3.64,332.407
2026-06-06,Florida,7671.0,3.64,332.407
2026-06-13,Florida,6943.0,3.63,332.407
2026-06-20,Florida,6120.0,3.63,333.979
2026-06-27,Florida,5753.0,3.63,333.979
2026-07-04,Florida,4535.0,3.63,333.979
2026-07-11,Florida,7334.0,3.63,333.979
2026-07-18,Florida,6281.0,3.63,332.568
2026-07-25,Florida,6003.0,3.63,332.568
2026-08-01,Florida,5551.0,3.63,332.568
2026-08-08,Florida,5797.0,3.63,332.568
2026-08-15,Florida,5680.0,3.63,332.568
2026-08-22,Florida,5205.0,3.63,332.813
2013-01-05,Georgia,26293.0,0.16,231.249
2013-01-12,Georgia,18773.0,0.16,231.249
2013-01-19,Georgia,12757.0,0.16,231.221
2013-01-26,Georgia,11141.0,0.16,231.221
2013-02-02,Georgia,10941.0,0.16,231.221
2013-02-09,Georgia,10209.0,0.14,231.221
2013-02-16,Georgia,10144.0,0.14,231.221
2013-02-23,Georgia,9400.0,0.14,231.679
2013-03-02,Georgia,8752.0,0.14,231.679
2013-03-09,Georgia,10430.0,0.14,231.679
2013-03-16,Georgia,8407.0,0.15,231.679
2013-03-23,Georgia,8791.0,0.15,232.937
2013-03-30,Georgia,8457.0,0.15,232.937
2013-04-06,Georgia,10099.0,0.15,232.937
2013-04-13,Georgia,10695.0,0.14,232.937
2013-04-20,Georgia,9340.0,0.14,232.282
2013-04-27,Georgia,8597.0,0.14,232.282
2013-05-04,Georgia,10809.0,0.14,232.282
2013-05-11,Georgia,11927.0,0.15,232.282
2013-05-18,Georgia,10125.0,0.15,231.797
2013-05-25,Georgia,9862.0,0.15,231.797
2013-06-01,Georgia,9014.0,0.15,231.797
2013-06-08,Georgia,11951.0,0.11,231.797
2013-06-15,Georgia,10058.0,0.11,231.797
2013-06-22,Georgia,9556.0,0.11,231.893
2013-06-29,Georgia,8852.0,0.11,231.893
2013-07-06,Georgia,10278.0,0.11,231.893
2013-07-13,Georgia,17305.0,0.09,231.893
2013-07-20,Georgia,11801.0,0.09,232.445
2013-07-27,Georgia,8850.0,0.09,232.445
2013-08-03,Georgia,8937.0,0.09,232.445
2013-08-10,Georgia,8225.0,0.09,232.445
2013-08-17,Georgia,8075.0,0.09,232.9
2013-08-24,Georgia,8978.0,0.09,232.9
2013-08-31,Georgia,7757.0,0.09,232.9
2013-09-07,Georgia,7638.0,0.08,232.9
2013-09-14,Georgia,10328.0,0.08,232.9
2013-09-21,Georgia,7609.0,0.08,233.456
2013-09-28,Georgia,7053.0,0.08,233.456
2013-10-05,Georgia,8651.0,0.08,233.456
2013-10-12,Georgia,9475.0,0.08,233.456
2013-10-19,Georgia,8080.0,0.08,233.544
2013-10-26,Georgia,9268.0,0.08,233.544
2013-11-02,Georgia,8858.0,0.08,233.544
2013-11-09,Georgia,9347.0,0.09,233.544
2013-11-16,Georgia,7749.0,0.09,233.544
2013-11-23,Georgia,8908.0,0.09,233.669
2013-11-30,Georgia,6567.0,0.09,233.669
2013-12-07,Georgia,18149.0,0.09,233.669
2013-12-14,Georgia,9809.0,0.08,233.669
2013-12-21,Georgia,10814.0,0.08,234.1
2013-12-28,Georgia,8785.0,0.08,234.1
2014-01-04,Georgia,27519.0,0.08,234.1
2014-01-11,Georgia,20241.0,0.09,234.1
2014-01-18,Georgia,12122.0,0.09,234.719
2014-01-25,Georgia,8887.0,0.09,234.719
2014-02-01,Georgia,6329.0,0.09,234.719
2014-02-08,Georgia,13558.0,0.07,234.719
2014-02-15,Georgia,5799.0,0.07,234.719
2014-02-22,Georgia,13182.0,0.07,235.288
2014-03-01,Georgia,7745.0,0.07,235.288
2014-03-08,Georgia,7799.0,0.07,235.288
2014-03-15,Georgia,6897.0,0.07,235.288
2014-03-22,Georgia,6860.0,0.07,235.547
2014-03-29,Georgia,7554.0,0.07,235.547
2014-04-05,Georgia,9007.0,0.07,235.547
2014-04-12,Georgia,7405.0,0.08,235.547
2014-04-19,Georgia,7297.0,0.08,236.028
2014-04-26,Georgia,7744.0,0.08,236.028
2014-05-03,Georgia,6711.0,0.08,236.028
2014-05-10,Georgia,7858.0,0.09,236.028
2014-05-17,Georgia,7305.0,0.09,236.028
2014-05-24,Georgia,7857.0,0.09,236.468
2014-05-31,Georgia,7625.0,0.09,236.468
2014-06-07,Georgia,10622.0,0.09,236.468
2014-06-14,Georgia,8377.0,0.09,236.468
2014-06-21,Georgia,8276.0,0.09,236.918
2014-06-28,Georgia,8055.0,0.09,236.918
2014-07-05,Georgia,8142.0,0.09,236.918
2014-07-12,Georgia,14254.0,0.1,236.918
2014-07-19,Georgia,9593.0,0.1,237.231
2014-07-26,Georgia,7611.0,0.1,237.231
2014-08-02,Georgia,6973.0,0.1,237.231
2014-08-09,Georgia,7724.0,0.09,237.231
2014-08-16,Georgia,8598.0,0.09,237.231
2014-08-23,Georgia,7229.0,0.09,237.498
2014-08-30,Georgia,6764.0,0.09,237.498
2014-09-06,Georgia,6725.0,0.09,237.498
2014-09-13,Georgia,7421.0,0.09,237.498
2014-09-20,Georgia,6410.0,0.09,237.46
2014-09-27,Georgia,6558.0,0.09,237.46
2014-10-04,Georgia,7824.0,0.09,237.46
2014-10-11,Georgia,8059.0,0.09,237.46
2014-10-18,Georgia,6696.0,0.09,237.477
2014-10-25,Georgia,7028.0,0.09,237.477
2014-11-01,Georgia,6998.0,0.09,237.477
2014-11-08,Georgia,8159.0,0.09,237.477
2014-11-15,Georgia,6919.0,0.09,237.477
2014-11-22,Georgia,7592.0,0.09,237.43
2014-11-29,Georgia,5976.0,0.09,237.43
2014-12-06,Georgia,14190.0,0.09,237.43
2014-12-13,Georgia,8670.0,0.09,237.43
2014-12-20,Georgia,8527.0,0.09,236.983
2014-12-27,Georgia,7367.0,0.09,236.983
2015-01-03,Georgia,21641.0,0.09,236.983
2015-01-10,Georgia,22604.0,0.12,236.983
2015-01-17,Georgia,12431.0,0.12,236.252
2015-01-24,Georgia,7935.0,0.12,236.252
2015-01-31,Georgia,9013.0,0.12,236.252
2015-02-07,Georgia,7341.0,0.11,236.252
2015-02-14,Georgia,7030.0,0.11,236.252
2015-02-21,Georgia,6157.0,0.11,234.747
2015-02-28,Georgia,8997.0,0.11,234.747
2015-03-07,Georgia,8409.0,0.11,234.747
2015-03-14,Georgia,6440.0,0.11,234.747
2015-03-21,Georgia,6086.0,0.11,235.342
2015-03-28,Georgia,6081.0,0.11,235.342
2015-04-04,Georgia,6246.0,0.11,235.342
2015-04-11,Georgia,6563.0,0.11,235.342
2015-04-18,Georgia,6648.0,0.11,235.976
2015-04-25,Georgia,7352.0,0.11,235.976
2015-05-02,Georgia,5551.0,0.11,235.976
2015-05-09,Georgia,7031.0,0.12,235.976
2015-05-16,Georgia,6600.0,0.12,235.976
2015-05-23,Georgia,6629.0,0.12,236.222
2015-05-30,Georgia,6796.0,0.12,236.222
2015-06-06,Georgia,9103.0,0.12,236.222
2015-06-13,Georgia,7210.0,0.12,236.222
2015-06-20,Georgia,6420.0,0.12,237.001
2015-06-27,Georgia,5956.0,0.12,237.001
2015-07-04,Georgia,7263.0,0.12,237.001
2015-07-11,Georgia,11338.0,0.13,237.001
2015-07-18,Georgia,8985.0,0.13,237.657
2015-07-25,Georgia,6295.0,0.13,237.657
2015-08-01,Georgia,5855.0,0.13,237.657
2015-08-08,Georgia,6333.0,0.13,237.657
2015-08-15,Georgia,6417.0,0.13,237.657
2015-08-22,Georgia,6029.0,0.13,238.034
2015-08-29,Georgia,6003.0,0.13,238.034
2015-09-05,Georgia,6252.0,0.13,238.034
2015-09-12,Georgia,5626.0,0.14,238.034
2015-09-19,Georgia,6514.0,0.14,238.033
2015-09-26,Georgia,5646.0,0.14,238.033
2015-10-03,Georgia,6881.0,0.14,238.033
2015-10-10,Georgia,8566.0,0.14,238.033
2015-10-17,Georgia,6042.0,0.14,238.033
2015-10-24,Georgia,6769.0,0.14,237.498
2015-10-31,Georgia,6404.0,0.14,237.498
2015-11-07,Georgia,8913.0,0.12,237.498
2015-11-14,Georgia,7362.0,0.12,237.498
2015-11-21,Georgia,7621.0,0.12,237.733
2015-11-28,Georgia,5366.0,0.12,237.733
2015-12-05,Georgia,13641.0,0.12,237.733
2015-12-12,Georgia,7869.0,0.12,237.733
2015-12-19,Georgia,7009.0,0.12,238.017
2015-12-26,Georgia,5987.0,0.12,238.017
2016-01-02,Georgia,18126.0,0.12,238.017
2016-01-09,Georgia,24027.0,0.24,238.017
2016-01-16,Georgia,12886.0,0.24,238.017
2016-01-23,Georgia,6773.0,0.24,237.761
2016-01-30,Georgia,8857.0,0.24,237.761
2016-02-06,Georgia,7389.0,0.24,237.761
2016-02-13,Georgia,7004.0,0.34,237.761
2016-02-20,Georgia,6609.0,0.34,237.652
2016-02-27,Georgia,6545.0,0.34,237.652
2016-03-05,Georgia,6774.0,0.34,237.652
2016-03-12,Georgia,6310.0,0.38,237.652
2016-03-19,Georgia,5886.0,0.38,237.336
2016-03-26,Georgia,5442.0,0.38,237.336
2016-04-02,Georgia,6423.0,0.38,237.336
2016-04-09,Georgia,7669.0,0.36,237.336
2016-04-16,Georgia,6444.0,0.36,237.336
2016-04-23,Georgia,6030.0,0.36,238.08
2016-04-30,Georgia,5553.0,0.36,238.08
2016-05-07,Georgia,7108.0,0.36,238.08
2016-05-14,Georgia,6771.0,0.37,238.08
2016-05-21,Georgia,6069.0,0.37,238.992
2016-05-28,Georgia,7901.0,0.37,238.992
2016-06-04,Georgia,6650.0,0.37,238.992
2016-06-11,Georgia,7937.0,0.37,238.992
2016-06-18,Georgia,6179.0,0.37,239.557
2016-06-25,Georgia,6471.0,0.37,239.557
2016-07-02,Georgia,5706.0,0.37,239.557
2016-07-09,Georgia,7346.0,0.38,239.557
2016-07-16,Georgia,11900.0,0.38,239.557
2016-07-23,Georgia,7296.0,0.38,240.222
2016-07-30,Georgia,6275.0,0.38,240.222
2016-08-06,Georgia,6233.0,0.38,240.222
2016-08-13,Georgia,5937.0,0.39,240.222
2016-08-20,Georgia,5427.0,0.39,240.101
2016-08-27,Georgia,5937.0,0.39,240.101
2016-09-03,Georgia,5770.0,0.39,240.101
2016-09-10,Georgia,5123.0,0.4,240.101
2016-09-17,Georgia,6352.0,0.4,240.545
2016-09-24,Georgia,6082.0,0.4,240.545
2016-10-01,Georgia,5159.0,0.4,240.545
2016-10-08,Georgia,7150.0,0.4,240.545
2016-10-15,Georgia,6767.0,0.4,240.545
2016-10-22,Georgia,7283.0,0.4,241.176
2016-10-29,Georgia,6510.0,0.4,241.176
2016-11-05,Georgia,6109.0,0.4,241.176
2016-11-12,Georgia,5215.0,0.4,241.176
2016-11-19,Georgia,6798.0,0.4,241.741
2016-11-26,Georgia,4354.0,0.4,241.741
2016-12-03,Georgia,10041.0,0.4,241.741
2016-12-10,Georgia,7637.0,0.41,241.741
2016-12-17,Georgia,6137.0,0.41,241.741
2016-12-24,Georgia,7002.0,0.41,242.026
2016-12-31,Georgia,8575.0,0.41,242.026
2017-01-07,Georgia,19189.0,0.54,242.026
2017-01-14,Georgia,12646.0,0.54,242.026
2017-01-21,Georgia,6956.0,0.54,242.637
2017-01-28,Georgia,7189.0,0.54,242.637
2017-02-04,Georgia,7265.0,0.54,242.637
2017-02-11,Georgia,6260.0,0.65,242.637
2017-02-18,Georgia,6471.0,0.65,243.618
2017-02-25,Georgia,5229.0,0.65,243.618
2017-03-04,Georgia,6963.0,0.65,243.618
2017-03-11,Georgia,5337.0,0.66,243.618
2017-03-18,Georgia,4787.0,0.66,243.618
2017-03-25,Georgia,5517.0,0.66,244.006
2017-04-01,Georgia,5054.0,0.66,244.006
2017-04-08,Georgia,6065.0,0.79,244.006
2017-04-15,Georgia,5818.0,0.79,244.006
2017-04-22,Georgia,5201.0,0.79,243.892
2017-04-29,Georgia,4685.0,0.79,243.892
2017-05-06,Georgia,5907.0,0.79,243.892
2017-05-13,Georgia,5625.0,0.9,243.892
2017-05-20,Georgia,5185.0,0.9,244.193
2017-05-27,Georgia,5364.0,0.9,244.193
2017-06-03,Georgia,5675.0,0.9,244.193
2017-06-10,Georgia,7244.0,0.91,244.193
2017-06-17,Georgia,5594.0,0.91,244.004
2017-06-24,Georgia,4893.0,0.91,244.004
2017-07-01,Georgia,5276.0,0.91,244.004
2017-07-08,Georgia,6646.0,1.04,244.004
2017-07-15,Georgia,9179.0,1.04,244.004
2017-07-22,Georgia,6117.0,1.04,244.163
2017-07-29,Georgia,5117.0,1.04,244.163
2017-08-05,Georgia,5296.0,1.04,244.163
2017-08-12,Georgia,5351.0,1.15,244.163
2017-08-19,Georgia,5614.0,1.15,244.243
2017-08-26,Georgia,4827.0,1.15,244.243
2017-09-02,Georgia,4903.0,1.15,244.243
2017-09-09,Georgia,4899.0,1.16,244.243
2017-09-16,Georgia,4760.0,1.16,244.243
2017-09-23,Georgia,8130.0,1.16,245.183
2017-09-30,Georgia,6143.0,1.16,245.183
2017-10-07,Georgia,7303.0,1.16,245.183
2017-10-14,Georgia,5384.0,1.15,245.183
2017-10-21,Georgia,6359.0,1.15,246.435
2017-10-28,Georgia,4828.0,1.15,246.435
2017-11-04,Georgia,5915.0,1.15,246.435
2017-11-11,Georgia,4749.0,1.15,246.435
2017-11-18,Georgia,6062.0,1.15,246.626
2017-11-25,Georgia,3119.0,1.15,246.626
2017-12-02,Georgia,9487.0,1.15,246.626
2017-12-09,Georgia,5433.0,1.16,246.626
2017-12-16,Georgia,5515.0,1.16,246.626
2017-12-23,Georgia,5995.0,1.16,247.284
2017-12-30,Georgia,7559.0,1.16,247.284
2018-01-06,Georgia,19490.0,1.16,247.284
2018-01-13,Georgia,11290.0,1.3,247.284
2018-01-20,Georgia,4852.0,1.3,247.805
2018-01-27,Georgia,7912.0,1.3,247.805
2018-02-03,Georgia,6141.0,1.3,247.805
2018-02-10,Georgia,6173.0,1.41,247.805
2018-02-17,Georgia,5739.0,1.41,248.859
2018-02-24,Georgia,4887.0,1.41,248.859
2018-03-03,Georgia,4941.0,1.41,248.859
2018-03-10,Georgia,5382.0,1.42,248.859
2018-03-17,Georgia,4516.0,1.42,248.859
2018-03-24,Georgia,4385.0,1.42,249.529
2018-03-31,Georgia,5616.0,1.42,249.529
2018-04-07,Georgia,5866.0,1.51,249.529
2018-04-14,Georgia,5602.0,1.51,249.529
2018-04-21,Georgia,4804.0,1.51,249.577
2018-04-28,Georgia,4124.0,1.51,249.577
2018-05-05,Georgia,5089.0,1.51,249.577
2018-05-12,Georgia,4748.0,1.69,249.577
2018-05-19,Georgia,4847.0,1.69,250.227
2018-05-26,Georgia,5233.0,1.69,250.227
2018-06-02,Georgia,4835.0,1.69,250.227
2018-06-09,Georgia,6323.0,1.7,250.227
2018-06-16,Georgia,4760.0,1.7,250.227
2018-06-23,Georgia,4664.0,1.7,250.792
2018-06-30,Georgia,5223.0,1.7,250.792
2018-07-07,Georgia,6078.0,1.7,250.792
2018-07-14,Georgia,10096.0,1.82,250.792
2018-07-21,Georgia,6364.0,1.82,251.018
2018-07-28,Georgia,4766.0,1.82,251.018
2018-08-04,Georgia,4714.0,1.82,251.018
2018-08-11,Georgia,5663.0,1.91,251.018
2018-08-18,Georgia,4713.0,1.91,251.214
2018-08-25,Georgia,4181.0,1.91,251.214
2018-09-01,Georgia,4270.0,1.91,251.214
2018-09-08,Georgia,4007.0,1.91,251.214
2018-09-15,Georgia,5602.0,1.91,251.214
2018-09-22,Georgia,4417.0,1.91,251.663
2018-09-29,Georgia,4327.0,1.91,251.663
2018-10-06,Georgia,5328.0,1.91,251.663
2018-10-13,Georgia,4478.0,1.95,251.663
2018-10-20,Georgia,8146.0,1.95,252.182
2018-10-27,Georgia,5697.0,1.95,252.182
2018-11-03,Georgia,5317.0,1.95,252.182
2018-11-10,Georgia,6375.0,2.19,252.182
2018-11-17,Georgia,6741.0,2.19,252.772
2018-11-24,Georgia,5062.0,2.19,252.772
2018-12-01,Georgia,9728.0,2.19,252.772
2018-12-08,Georgia,5969.0,2.2,252.772
2018-12-15,Georgia,5363.0,2.2,252.772
2018-12-22,Georgia,6098.0,2.2,252.594
2018-12-29,Georgia,7002.0,2.2,252.594
2019-01-05,Georgia,17800.0,2.2,252.594
2019-01-12,Georgia,13145.0,2.27,252.594
2019-01-19,Georgia,7402.0,2.27,252.767
2019-01-26,Georgia,5529.0,2.27,252.767
2019-02-02,Georgia,5483.0,2.27,252.767
2019-02-09,Georgia,5575.0,2.4,252.767
2019-02-16,Georgia,5711.0,2.4,252.767
2019-02-23,Georgia,5120.0,2.4,252.561
2019-03-02,Georgia,5781.0,2.4,252.561
2019-03-09,Georgia,5166.0,2.4,252.561
2019-03-16,Georgia,4387.0,2.4,252.561
2019-03-23,Georgia,4182.0,2.4,253.319
2019-03-30,Georgia,4171.0,2.4,253.319
2019-04-06,Georgia,4642.0,2.4,253.319
2019-04-13,Georgia,5248.0,2.41,253.319
2019-04-20,Georgia,4655.0,2.41,254.277
2019-04-27,Georgia,4457.0,2.41,254.277
2019-05-04,Georgia,4851.0,2.41,254.277
2019-05-11,Georgia,5072.0,2.42,254.277
2019-05-18,Georgia,4286.0,2.42,255.233
2019-05-25,Georgia,4191.0,2.42,255.233
2019-06-01,Georgia,4474.0,2.42,255.233
2019-06-08,Georgia,5366.0,2.39,255.233
2019-06-15,Georgia,4332.0,2.39,255.233
2019-06-22,Georgia,4412.0,2.39,255.296
2019-06-29,Georgia,4336.0,2.39,255.296
2019-07-06,Georgia,5234.0,2.39,255.296
2019-07-13,Georgia,9065.0,2.38,255.296
2019-07-20,Georgia,6107.0,2.38,255.213
2019-07-27,Georgia,4275.0,2.38,255.213
2019-08-03,Georgia,4402.0,2.38,255.213
2019-08-10,Georgia,4395.0,2.4,255.213
2019-08-17,Georgia,3913.0,2.4,255.802
2019-08-24,Georgia,4450.0,2.4,255.802
2019-08-31,Georgia,4797.0,2.4,255.802
2019-09-07,Georgia,3645.0,2.13,255.802
2019-09-14,Georgia,5208.0,2.13,255.802
2019-09-21,Georgia,4262.0,2.13,256.036
2019-09-28,Georgia,4534.0,2.13,256.036
2019-10-05,Georgia,4843.0,2.13,256.036
2019-10-12,Georgia,5100.0,2.04,256.036
2019-10-19,Georgia,4431.0,2.04,256.43
2019-10-26,Georgia,6255.0,2.04,256.43
2019-11-02,Georgia,5207.0,2.04,256.43
2019-11-09,Georgia,5417.0,1.83,256.43
2019-11-16,Georgia,3934.0,1.83,256.43
2019-11-23,Georgia,5780.0,1.83,257.155
2019-11-30,Georgia,3961.0,1.83,257.155
2019-12-07,Georgia,9592.0,1.83,257.155
2019-12-14,Georgia,6595.0,1.55,257.155
2019-12-21,Georgia,4885.0,1.55,257.879
2019-12-28,Georgia,4131.0,1.55,257.879
2020-01-04,Georgia,17060.0,1.55,257.879
2020-01-11,Georgia,17962.0,1.55,257.879
2020-01-18,Georgia,8161.0,1.55,258.63
2020-01-25,Georgia,5257.0,1.55,258.63
2020-02-01,Georgia,5199.0,1.55,258.63
2020-02-08,Georgia,5577.0,1.55,258.63
2020-02-15,Georgia,6277.0,1.55,258.63
2020-02-22,Georgia,5030.0,1.55,259.127
2020-02-29,Georgia,5538.0,1.55,259.127
2020-03-07,Georgia,4569.0,1.55,259.127
2020-03-14,Georgia,5445.0,1.58,259.127
2020-03-21,Georgia,12140.0,1.58,259.25
2020-03-28,Georgia,133820.0,1.58,259.25
2020-04-04,Georgia,390132.0,1.58,259.25
2020-04-11,Georgia,319581.0,0.65,259.25
2020-04-18,Georgia,247003.0,0.65,258.076
2020-04-25,Georgia,266565.0,0.65,258.076
2020-05-02,Georgia,228352.0,0.65,258.076
2020-05-09,Georgia,242772.0,0.05,258.076
2020-05-16,Georgia,177731.0,0.05,258.076
2020-05-23,Georgia,165499.0,0.05,256.032
2020-05-30,Georgia,149163.0,0.05,256.032
2020-06-06,Georgia,135254.0,0.05,256.032
2020-06-13,Georgia,131997.0,0.05,256.032
2020-06-20,Georgia,125725.0,0.05,255.802
2020-06-27,Georgia,117485.0,0.05,255.802
2020-07-04,Georgia,105160.0,0.05,255.802
2020-07-11,Georgia,138452.0,0.08,255.802
2020-07-18,Georgia,122313.0,0.08,257.042
2020-07-25,Georgia,84984.0,0.08,257.042
2020-08-01,Georgia,73931.0,0.08,257.042
2020-08-08,Georgia,62335.0,0.09,257.042
2020-08-15,Georgia,58099.0,0.09,257.042
2020-08-22,Georgia,56768.0,0.09,258.352
2020-08-29,Georgia,51283.0,0.09,258.352
2020-09-05,Georgia,50320.0,0.09,258.352
2020-09-12,Georgia,42085.0,0.1,258.352
2020-09-19,Georgia,49421.0,0.1,259.316
2020-09-26,Georgia,43526.0,0.1,259.316
2020-10-03,Georgia,44874.0,0.1,259.316
2020-10-10,Georgia,54166.0,0.09,259.316
2020-10-17,Georgia,44892.0,0.09,259.316
2020-10-24,Georgia,43695.0,0.09,259.997
2020-10-31,Georgia,37253.0,0.09,259.997
2020-11-07,Georgia,23827.0,0.09,259.997
2020-11-14,Georgia,19626.0,0.09,259.997
2020-11-21,Georgia,29088.0,0.09,260.319
2020-11-28,Georgia,19183.0,0.09,260.319
2020-12-05,Georgia,33003.0,0.09,260.319
2020-12-12,Georgia,23702.0,0.09,260.319
2020-12-19,Georgia,26673.0,0.09,260.911
2020-12-26,Georgia,18960.0,0.09,260.911
2021-01-02,Georgia,31458.0,0.09,260.911
2021-01-09,Georgia,37039.0,0.09,260.911
2021-01-16,Georgia,35912.0,0.09,260.911
2021-01-23,Georgia,28016.0,0.09,262.045
2021-01-30,Georgia,27215.0,0.09,262.045
2021-02-06,Georgia,32386.0,0.09,262.045
2021-02-13,Georgia,26532.0,0.09,262.045
2021-02-20,Georgia,25447.0,0.09,262.687
2021-02-27,Georgia,28387.0,0.09,262.687
2021-03-06,Georgia,24974.0,0.09,262.687
2021-03-13,Georgia,24700.0,0.08,262.687
2021-03-20,Georgia,24789.0,0.08,263.579
2021-03-27,Georgia,39282.0,0.08,263.579
2021-04-03,Georgia,33623.0,0.08,263.579
2021-04-10,Georgia,38382.0,0.07,263.579
2021-04-17,Georgia,32381.0,0.07,264.961
2021-04-24,Georgia,28764.0,0.07,264.961
2021-05-01,Georgia,25429.0,0.07,264.961
2021-05-08,Georgia,32833.0,0.07,264.961
2021-05-15,Georgia,25441.0,0.07,264.961
2021-05-22,Georgia,24553.0,0.07,266.614
2021-05-29,Georgia,24622.0,0.07,266.614
2021-06-05,Georgia,22240.0,0.07,266.614
2021-06-12,Georgia,22524.0,0.06,266.614
2021-06-19,Georgia,20698.0,0.06,268.383
2021-06-26,Georgia,20749.0,0.06,268.383
2021-07-03,Georgia,19761.0,0.06,268.383
2021-07-10,Georgia,14475.0,0.08,268.383
2021-07-17,Georgia,12605.0,0.08,268.383
2021-07-24,Georgia,11985.0,0.08,270.654
2021-07-31,Georgia,13406.0,0.08,270.654
2021-08-07,Georgia,10783.0,0.1,270.654
2021-08-14,Georgia,11157.0,0.1,270.654
2021-08-21,Georgia,9750.0,0.1,271.903
2021-08-28,Georgia,9849.0,0.1,271.903
2021-09-04,Georgia,8035.0,0.1,271.903
2021-09-11,Georgia,6851.0,0.09,271.903
2021-09-18,Georgia,6564.0,0.09,272.676
2021-09-25,Georgia,6106.0,0.09,272.676
2021-10-02,Georgia,6319.0,0.09,272.676
2021-10-09,Georgia,7490.0,0.08,272.676
2021-10-16,Georgia,8578.0,0.08,272.676
2021-10-23,Georgia,4471.0,0.08,273.91
2021-10-30,Georgia,4302.0,0.08,273.91
2021-11-06,Georgia,4341.0,0.08,273.91
2021-11-13,Georgia,4203.0,0.08,273.91
2021-11-20,Georgia,4249.0,0.08,276.55
2021-11-27,Georgia,2535.0,0.08,276.55
2021-12-04,Georgia,4118.0,0.08,276.55
2021-12-11,Georgia,4132.0,0.08,276.55
2021-12-18,Georgia,2433.0,0.08,278.919
2021-12-25,Georgia,2705.0,0.08,278.919
2022-01-01,Georgia,5727.0,0.08,278.919
2022-01-08,Georgia,7586.0,0.08,278.919
2022-01-15,Georgia,7320.0,0.08,278.919
2022-01-22,Georgia,5068.0,0.08,280.845
2022-01-29,Georgia,6619.0,0.08,280.845
2022-02-05,Georgia,5968.0,0.08,280.845
2022-02-12,Georgia,5909.0,0.08,280.845
2022-02-19,Georgia,5309.0,0.08,282.543
2022-02-26,Georgia,5196.0,0.08,282.543
2022-03-05,Georgia,4627.0,0.08,282.543
2022-03-12,Georgia,3987.0,0.08,282.543
2022-03-19,Georgia,4105.0,0.08,282.543
2022-03-26,Georgia,4026.0,0.08,284.5
2022-04-02,Georgia,4034.0,0.08,284.5
2022-04-09,Georgia,4153.0,0.2,284.5
2022-04-16,Georgia,3629.0,0.2,284.5
2022-04-23,Georgia,4561.0,0.2,287.674
2022-04-30,Georgia,4439.0,0.2,287.674
2022-05-07,Georgia,4296.0,0.2,287.674
2022-05-14,Georgia,3971.0,0.33,287.674
2022-05-21,Georgia,4577.0,0.33,288.561
2022-05-28,Georgia,2815.0,0.33,288.561
2022-06-04,Georgia,4875.0,0.33,288.561
2022-06-11,Georgia,6251.0,0.77,288.561
2022-06-18,Georgia,5630.0,0.77,291.298
2022-06-25,Georgia,4024.0,0.77,291.298
2022-07-02,Georgia,6959.0,0.77,291.298
2022-07-09,Georgia,5100.0,1.21,291.298
2022-07-16,Georgia,8266.0,1.21,291.298
2022-07-23,Georgia,7182.0,1.21,294.957
2022-07-30,Georgia,7297.0,1.21,294.957
2022-08-06,Georgia,6775.0,1.21,294.957
2022-08-13,Georgia,5829.0,1.68,294.957
2022-08-20,Georgia,5933.0,1.68,294.913
2022-08-27,Georgia,5080.0,1.68,294.913
2022-09-03,Georgia,5403.0,1.68,294.913
2022-09-10,Georgia,4066.0,2.33,294.913
2022-09-17,Georgia,5903.0,2.33,295.097
2022-09-24,Georgia,5104.0,2.33,295.097
2022-10-01,Georgia,4420.0,2.33,295.097
2022-10-08,Georgia,4401.0,2.56,295.097
2022-10-15,Georgia,3952.0,2.56,295.097
2022-10-22,Georgia,5253.0,2.56,296.349
2022-10-29,Georgia,5302.0,2.56,296.349
2022-11-05,Georgia,5720.0,2.56,296.349
2022-11-12,Georgia,3994.0,3.08,296.349
2022-11-19,Georgia,7711.0,3.08,298.007
2022-11-26,Georgia,3079.0,3.08,298.007
2022-12-03,Georgia,10885.0,3.08,298.007
2022-12-10,Georgia,6612.0,3.78,298.007
2022-12-17,Georgia,5852.0,3.78,298.007
2022-12-24,Georgia,4284.0,3.78,298.786
2022-12-31,Georgia,6218.0,3.78,298.786
2023-01-07,Georgia,14712.0,4.1,298.786
2023-01-14,Georgia,9889.0,4.1,298.786
2023-01-21,Georgia,5968.0,4.1,298.832
2023-01-28,Georgia,8038.0,4.1,298.832
2023-02-04,Georgia,6575.0,4.1,298.832
2023-02-11,Georgia,6510.0,4.33,298.832
2023-02-18,Georgia,5290.0,4.33,300.42
2023-02-25,Georgia,5072.0,4.33,300.42
2023-03-04,Georgia,5372.0,4.33,300.42
2023-03-11,Georgia,4410.0,4.57,300.42
2023-03-18,Georgia,5037.0,4.57,300.42
2023-03-25,Georgia,4954.0,4.57,301.45
2023-04-01,Georgia,4666.0,4.57,301.45
2023-04-08,Georgia,4198.0,4.65,301.45
2023-04-15,Georgia,7443.0,4.65,301.45
2023-04-22,Georgia,7499.0,4.65,301.821
2023-04-29,Georgia,6221.0,4.65,301.821
2023-05-06,Georgia,5305.0,4.65,301.821
2023-05-13,Georgia,5282.0,4.83,301.821
2023-05-20,Georgia,5502.0,4.83,302.845
2023-05-27,Georgia,5345.0,4.83,302.845
2023-06-03,Georgia,5025.0,4.83,302.845
2023-06-10,Georgia,6943.0,5.06,302.845
2023-06-17,Georgia,4781.0,5.06,303.334
2023-06-24,Georgia,4078.0,5.06,303.334
2023-07-01,Georgia,5326.0,5.06,303.334
2023-07-08,Georgia,5611.0,5.08,303.334
2023-07-15,Georgia,10490.0,5.08,303.334
2023-07-22,Georgia,7637.0,5.08,304.014
2023-07-29,Georgia,6264.0,5.08,304.014
2023-08-05,Georgia,6530.0,5.08,304.014
2023-08-12,Georgia,6069.0,5.12,304.014
2023-08-19,Georgia,5324.0,5.12,304.609
2023-08-26,Georgia,4999.0,5.12,304.609
2023-09-02,Georgia,4841.0,5.12,304.609
2023-09-09,Georgia,4756.0,5.33,304.609
2023-09-16,Georgia,6295.0,5.33,304.609
2023-09-23,Georgia,4442.0,5.33,306.082
2023-09-30,Georgia,4665.0,5.33,306.082
2023-10-07,Georgia,5137.0,5.33,306.082
2023-10-14,Georgia,4114.0,5.33,306.082
2023-10-21,Georgia,5366.0,5.33,307.276
2023-10-28,Georgia,5018.0,5.33,307.276
2023-11-04,Georgia,5003.0,5.33,307.276
2023-11-11,Georgia,3985.0,5.33,307.276
2023-11-18,Georgia,4834.0,5.33,307.696
2023-11-25,Georgia,2883.0,5.33,307.696
2023-12-02,Georgia,9611.0,5.33,307.696
2023-12-09,Georgia,6925.0,5.33,307.696
2023-12-16,Georgia,5241.0,5.33,307.696
2023-12-23,Georgia,5642.0,5.33,308.148
2023-12-30,Georgia,5331.0,5.33,308.148
2024-01-06,Georgia,11592.0,5.33,308.148
2024-01-13,Georgia,9042.0,5.33,308.148
2024-01-20,Georgia,5565.0,5.33,308.741
2024-01-27,Georgia,6597.0,5.33,308.741
2024-02-03,Georgia,6244.0,5.33,308.741
2024-02-10,Georgia,5596.0,5.33,308.741
2024-02-17,Georgia,5511.0,5.33,309.698
2024-02-24,Georgia,5591.0,5.33,309.698
2024-03-02,Georgia,4709.0,5.33,309.698
2024-03-09,Georgia,4779.0,5.33,309.698
2024-03-16,Georgia,4386.0,5.33,309.698
2024-03-23,Georgia,4447.0,5.33,310.967
2024-03-30,Georgia,3512.0,5.33,310.967
2024-04-06,Georgia,4448.0,5.33,310.967
2024-04-13,Georgia,5867.0,5.33,310.967
2024-04-20,Georgia,4763.0,5.33,312.345
2024-04-27,Georgia,4576.0,5.33,312.345
2024-05-04,Georgia,4997.0,5.33,312.345
2024-05-11,Georgia,4947.0,5.33,312.345
2024-05-18,Georgia,4431.0,5.33,313.023
2024-05-25,Georgia,4238.0,5.33,313.023
2024-06-01,Georgia,3429.0,5.33,313.023
2024-06-08,Georgia,5108.0,5.33,313.023
2024-06-15,Georgia,4995.0,5.33,313.023
2024-06-22,Georgia,5004.0,5.33,313.175
2024-06-29,Georgia,6853.0,5.33,313.175
2024-07-06,Georgia,4953.0,5.33,313.175
2024-07-13,Georgia,8054.0,5.33,313.175
2024-07-20,Georgia,5975.0,5.33,313.044
2024-07-27,Georgia,5419.0,5.33,313.044
2024-08-03,Georgia,4926.0,5.33,313.044
2024-08-10,Georgia,5619.0,5.33,313.044
2024-08-17,Georgia,4640.0,5.33,313.569
2024-08-24,Georgia,5806.0,5.33,313.569
2024-08-31,Georgia,5184.0,5.33,313.569
2024-09-07,Georgia,4293.0,5.33,313.569
2024-09-14,Georgia,5307.0,5.33,313.569
2024-09-21,Georgia,5219.0,5.33,314.062
2024-09-28,Georgia,3982.0,5.33,314.062
2024-10-05,Georgia,4873.0,5.33,314.062
2024-10-12,Georgia,8166.0,5.13,314.062
2024-10-19,Georgia,6314.0,5.13,314.732
2024-10-26,Georgia,6119.0,5.13,314.732
2024-11-02,Georgia,4816.0,5.13,314.732
2024-11-09,Georgia,5637.0,4.83,314.732
2024-11-16,Georgia,3685.0,4.83,314.732
2024-11-23,Georgia,5837.0,4.83,315.631
2024-11-30,Georgia,3598.0,4.83,315.631
2024-12-07,Georgia,9717.0,4.83,315.631
2024-12-14,Georgia,5055.0,4.64,315.631
2024-12-21,Georgia,5191.0,4.64,316.528
2024-12-28,Georgia,4372.0,4.64,316.528
2025-01-04,Georgia,12008.0,4.64,316.528
2025-01-11,Georgia,11484.0,4.48,316.528
2025-01-18,Georgia,6792.0,4.48,317.604
2025-01-25,Georgia,4679.0,4.48,317.604
2025-02-01,Georgia,5728.0,4.48,317.604
2025-02-08,Georgia,5444.0,4.33,317.604
2025-02-15,Georgia,5011.0,4.33,317.604
2025-02-22,Georgia,5107.0,4.33,318.961
2025-03-01,Georgia,4775.0,4.33,318.961
2025-03-08,Georgia,4915.0,4.33,318.961
2025-03-15,Georgia,4358.0,4.33,318.961
2025-03-22,Georgia,4285.0,4.33,319.679
2025-03-29,Georgia,4426.0,4.33,319.679
2025-04-05,Georgia,5070.0,4.33,319.679
2025-04-12,Georgia,4889.0,4.33,319.679
2025-04-19,Georgia,4358.0,4.33,319.785
2025-04-26,Georgia,5565.0,4.33,319.785
2025-05-03,Georgia,4813.0,4.33,319.785
2025-05-10,Georgia,4511.0,4.33,319.785
2025-05-17,Georgia,4716.0,4.33,319.785
2025-05-24,Georgia,4625.0,4.33,320.302
2025-05-31,Georgia,4408.0,4.33,320.302
2025-06-07,Georgia,5579.0,4.33,320.302
2025-06-14,Georgia,4379.0,4.33,320.302
2025-06-21,Georgia,4108.0,4.33,320.62
2025-06-28,Georgia,4602.0,4.33,320.62
2025-07-05,Georgia,4618.0,4.33,320.62
2025-07-12,Georgia,7411.0,4.33,320.62
2025-07-19,Georgia,6780.0,4.33,321.435
2025-07-26,Georgia,4831.0,4.33,321.435
2025-08-02,Georgia,4456.0,4.33,321.435
2025-08-09,Georgia,4771.0,4.33,321.435
2025-08-16,Georgia,4710.0,4.33,321.435
2025-08-23,Georgia,4616.0,4.33,322.169
2025-08-30,Georgia,4352.0,4.33,322.169
2025-09-06,Georgia,4196.0,4.33,322.169
2025-09-13,Georgia,4682.0,4.33,322.169
2025-09-20,Georgia,4127.0,4.33,323.291
2025-09-27,Georgia,4006.0,4.33,323.291
2025-10-04,Georgia,4944.0,4.33,323.291
2025-10-11,Georgia,4457.0,4.22,323.291
2025-10-18,Georgia,4225.0,4.22,324.245
2025-10-25,Georgia,4626.0,4.22,324.245
2025-11-01,Georgia,4646.0,4.22,324.245
2025-11-08,Georgia,5309.0,4.09,324.245
2025-11-15,Georgia,4452.0,4.09,324.245
2025-11-22,Georgia,4793.0,4.09,324.245
2025-11-29,Georgia,2887.0,4.09,324.245
2025-12-06,Georgia,9220.0,4.09,324.245
2025-12-13,Georgia,4895.0,3.88,324.245
2025-12-20,Georgia,4165.0,3.88,325.063
2025-12-27,Georgia,3415.0,3.88,325.063
2026-01-03,Georgia,9120.0,3.88,325.063
2026-01-10,Georgia,11988.0,3.72,325.063
2026-01-17,Georgia,6278.0,3.72,326.031
2026-01-24,Georgia,4637.0,3.72,326.031
2026-01-31,Georgia,4681.0,3.72,326.031
2026-02-07,Georgia,5350.0,3.64,326.031
2026-02-14,Georgia,4293.0,3.64,326.031
2026-02-21,Georgia,4171.0,3.64,326.588
2026-02-28,Georgia,4153.0,3.64,326.588
2026-03-07,Georgia,4509.0,3.64,326.588
2026-03-14,Georgia,4436.0,3.64,326.588
2026-03-21,Georgia,4810.0,3.64,327.46
2026-03-28,Georgia,3751.0,3.64,327.46
2026-04-04,Georgia,3540.0,3.64,327.46
2026-04-11,Georgia,4828.0,3.64,327.46
2026-04-18,Georgia,5014.0,3.64,330.293
2026-04-25,Georgia,3973.0,3.64,330.293
2026-05-02,Georgia,4103.0,3.64,330.293
2026-05-09,Georgia,4432.0,3.64,330.293
2026-05-16,Georgia,3821.0,3.64,330.293
2026-05-23,Georgia,4228.0,3.64,332.407
2026-05-30,Georgia,3874.0,3.64,332.407
2026-06-06,Georgia,5574.0,3.64,332.407
2026-06-13,Georgia,4455.0,3.63,332.407
2026-06-20,Georgia,3478.0,3.63,333.979
2026-06-27,Georgia,4580.0,3.63,333.979
2026-07-04,Georgia,4421.0,3.63,333.979
2026-07-11,Georgia,5664.0,3.63,333.979
2026-07-18,Georgia,5269.0,3.63,332.568
2026-07-25,Georgia,4267.0,3.63,332.568
2026-08-01,Georgia,3761.0,3.63,332.568
2026-08-08,Georgia,4737.0,3.63,332.568
2026-08-15,Georgia,3965.0,3.63,332.568
2026-08-22,Georgia,3953.0,3.63,332.813
2013-01-05,Illinois,18099.0,0.16,231.249
2013-01-12,Illinois,19620.0,0.16,231.249
2013-01-19,Illinois,19005.0,0.16,231.221
2013-01-26,Illinois,14140.0,0.16,231.221
2013-02-02,Illinois,15575.0,0.16,231.221
2013-02-09,Illinois,14238.0,0.14,231.221
2013-02-16,Illinois,10953.0,0.14,231.221
2013-02-23,Illinois,12735.0,0.14,231.679
2013-03-02,Illinois,12974.0,0.14,231.679
2013-03-09,Illinois,11802.0,0.14,231.679
2013-03-16,Illinois,11444.0,0.15,231.679
2013-03-23,Illinois,12032.0,0.15,232.937
2013-03-30,Illinois,14181.0,0.15,232.937
2013-04-06,Illinois,15761.0,0.15,232.937
2013-04-13,Illinois,13306.0,0.14,232.937
2013-04-20,Illinois,12110.0,0.14,232.282
2013-04-27,Illinois,13854.0,0.14,232.282
2013-05-04,Illinois,14053.0,0.14,232.282
2013-05-11,Illinois,13860.0,0.15,232.282
2013-05-18,Illinois,12662.0,0.15,231.797
2013-05-25,Illinois,13627.0,0.15,231.797
2013-06-01,Illinois,13597.0,0.15,231.797
2013-06-08,Illinois,16961.0,0.11,231.797
2013-06-15,Illinois,13560.0,0.11,231.797
2013-06-22,Illinois,12262.0,0.11,231.893
2013-06-29,Illinois,12647.0,0.11,231.893
2013-07-06,Illinois,12967.0,0.11,231.893
2013-07-13,Illinois,13213.0,0.09,231.893
2013-07-20,Illinois,13596.0,0.09,232.445
2013-07-27,Illinois,12971.0,0.09,232.445
2013-08-03,Illinois,11972.0,0.09,232.445
2013-08-10,Illinois,11946.0,0.09,232.445
2013-08-17,Illinois,11641.0,0.09,232.9
2013-08-24,Illinois,11591.0,0.09,232.9
2013-08-31,Illinois,11834.0,0.09,232.9
2013-09-07,Illinois,11472.0,0.08,232.9
2013-09-14,Illinois,11911.0,0.08,232.9
2013-09-21,Illinois,11306.0,0.08,233.456
2013-09-28,Illinois,11056.0,0.08,233.456
2013-10-05,Illinois,11913.0,0.08,233.456
2013-10-12,Illinois,14091.0,0.08,233.456
2013-10-19,Illinois,11194.0,0.08,233.544
2013-10-26,Illinois,13654.0,0.08,233.544
2013-11-02,Illinois,13783.0,0.08,233.544
2013-11-09,Illinois,14131.0,0.09,233.544
2013-11-16,Illinois,13513.0,0.09,233.544
2013-11-23,Illinois,16151.0,0.09,233.669
2013-11-30,Illinois,13757.0,0.09,233.669
2013-12-07,Illinois,19038.0,0.09,233.669
2013-12-14,Illinois,22724.0,0.08,233.669
2013-12-21,Illinois,19215.0,0.08,234.1
2013-12-28,Illinois,19036.0,0.08,234.1
2014-01-04,Illinois,17846.0,0.08,234.1
2014-01-11,Illinois,22102.0,0.09,234.1
2014-01-18,Illinois,16963.0,0.09,234.719
2014-01-25,Illinois,14479.0,0.09,234.719
2014-02-01,Illinois,13906.0,0.09,234.719
2014-02-08,Illinois,14547.0,0.07,234.719
2014-02-15,Illinois,11767.0,0.07,234.719
2014-02-22,Illinois,10193.0,0.07,235.288
2014-03-01,Illinois,11982.0,0.07,235.288
2014-03-08,Illinois,12572.0,0.07,235.288
2014-03-15,Illinois,10252.0,0.07,235.288
2014-03-22,Illinois,10487.0,0.07,235.547
2014-03-29,Illinois,11428.0,0.07,235.547
2014-04-05,Illinois,12648.0,0.07,235.547
2014-04-12,Illinois,12077.0,0.08,235.547
2014-04-19,Illinois,10657.0,0.08,236.028
2014-04-26,Illinois,10136.0,0.08,236.028
2014-05-03,Illinois,10782.0,0.08,236.028
2014-05-10,Illinois,10244.0,0.09,236.028
2014-05-17,Illinois,11105.0,0.09,236.028
2014-05-24,Illinois,9698.0,0.09,236.468
2014-05-31,Illinois,10352.0,0.09,236.468
2014-06-07,Illinois,13600.0,0.09,236.468
2014-06-14,Illinois,13305.0,0.09,236.468
2014-06-21,Illinois,11978.0,0.09,236.918
2014-06-28,Illinois,10735.0,0.09,236.918
2014-07-05,Illinois,11072.0,0.09,236.918
2014-07-12,Illinois,12607.0,0.1,236.918
2014-07-19,Illinois,10697.0,0.1,237.231
2014-07-26,Illinois,9516.0,0.1,237.231
2014-08-02,Illinois,9766.0,0.1,237.231
2014-08-09,Illinois,10306.0,0.09,237.231
2014-08-16,Illinois,8864.0,0.09,237.231
2014-08-23,Illinois,9477.0,0.09,237.498
2014-08-30,Illinois,8844.0,0.09,237.498
2014-09-06,Illinois,9756.0,0.09,237.498
2014-09-13,Illinois,9118.0,0.09,237.498
2014-09-20,Illinois,8795.0,0.09,237.46
2014-09-27,Illinois,8372.0,0.09,237.46
2014-10-04,Illinois,9687.0,0.09,237.46
2014-10-11,Illinois,10016.0,0.09,237.46
2014-10-18,Illinois,9684.0,0.09,237.477
2014-10-25,Illinois,10268.0,0.09,237.477
2014-11-01,Illinois,10271.0,0.09,237.477
2014-11-08,Illinois,12895.0,0.09,237.477
2014-11-15,Illinois,13817.0,0.09,237.477
2014-11-22,Illinois,18100.0,0.09,237.43
2014-11-29,Illinois,14741.0,0.09,237.43
2014-12-06,Illinois,18124.0,0.09,237.43
2014-12-13,Illinois,14772.0,0.09,237.43
2014-12-20,Illinois,15954.0,0.09,236.983
2014-12-27,Illinois,17616.0,0.09,236.983
2015-01-03,Illinois,15905.0,0.09,236.983
2015-01-10,Illinois,21674.0,0.12,236.983
2015-01-17,Illinois,17157.0,0.12,236.252
2015-01-24,Illinois,11406.0,0.12,236.252
2015-01-31,Illinois,11642.0,0.12,236.252
2015-02-07,Illinois,12918.0,0.11,236.252
2015-02-14,Illinois,9965.0,0.11,236.252
2015-02-21,Illinois,12742.0,0.11,234.747
2015-02-28,Illinois,11951.0,0.11,234.747
2015-03-07,Illinois,11474.0,0.11,234.747
2015-03-14,Illinois,9513.0,0.11,234.747
2015-03-21,Illinois,9396.0,0.11,235.342
2015-03-28,Illinois,9945.0,0.11,235.342
2015-04-04,Illinois,11957.0,0.11,235.342
2015-04-11,Illinois,10955.0,0.11,235.342
2015-04-18,Illinois,9318.0,0.11,235.976
2015-04-25,Illinois,9811.0,0.11,235.976
2015-05-02,Illinois,9172.0,0.11,235.976
2015-05-09,Illinois,10032.0,0.12,235.976
2015-05-16,Illinois,9384.0,0.12,235.976
2015-05-23,Illinois,9852.0,0.12,236.222
2015-05-30,Illinois,9637.0,0.12,236.222
2015-06-06,Illinois,12645.0,0.12,236.222
2015-06-13,Illinois,11862.0,0.12,236.222
2015-06-20,Illinois,11047.0,0.12,237.001
2015-06-27,Illinois,11372.0,0.12,237.001
2015-07-04,Illinois,10620.0,0.12,237.001
2015-07-11,Illinois,14510.0,0.13,237.001
2015-07-18,Illinois,10467.0,0.13,237.657
2015-07-25,Illinois,9734.0,0.13,237.657
2015-08-01,Illinois,8635.0,0.13,237.657
2015-08-08,Illinois,10677.0,0.13,237.657
2015-08-15,Illinois,9191.0,0.13,237.657
2015-08-22,Illinois,8988.0,0.13,238.034
2015-08-29,Illinois,9574.0,0.13,238.034
2015-09-05,Illinois,10403.0,0.13,238.034
2015-09-12,Illinois,8417.0,0.14,238.034
2015-09-19,Illinois,8552.0,0.14,238.033
2015-09-26,Illinois,9423.0,0.14,238.033
2015-10-03,Illinois,9298.0,0.14,238.033
2015-10-10,Illinois,10546.0,0.14,238.033
2015-10-17,Illinois,9172.0,0.14,238.033
2015-10-24,Illinois,10415.0,0.14,237.498
2015-10-31,Illinois,12211.0,0.14,237.498
2015-11-07,Illinois,12352.0,0.12,237.498
2015-11-14,Illinois,10971.0,0.12,237.498
2015-11-21,Illinois,14588.0,0.12,237.733
2015-11-28,Illinois,14366.0,0.12,237.733
2015-12-05,Illinois,19300.0,0.12,237.733
2015-12-12,Illinois,15250.0,0.12,237.733
2015-12-19,Illinois,17204.0,0.12,238.017
2015-12-26,Illinois,18415.0,0.12,238.017
2016-01-02,Illinois,14782.0,0.12,238.017
2016-01-09,Illinois,19432.0,0.24,238.017
2016-01-16,Illinois,16070.0,0.24,238.017
2016-01-23,Illinois,12901.0,0.24,237.761
2016-01-30,Illinois,17993.0,0.24,237.761
2016-02-06,Illinois,12490.0,0.24,237.761
2016-02-13,Illinois,10141.0,0.34,237.761
2016-02-20,Illinois,10555.0,0.34,237.652
2016-02-27,Illinois,10041.0,0.34,237.652
2016-03-05,Illinois,10737.0,0.34,237.652
2016-03-12,Illinois,9503.0,0.38,237.652
2016-03-19,Illinois,9837.0,0.38,237.336
2016-03-26,Illinois,10322.0,0.38,237.336
2016-04-02,Illinois,11062.0,0.38,237.336
2016-04-09,Illinois,10800.0,0.36,237.336
2016-04-16,Illinois,9169.0,0.36,237.336
2016-04-23,Illinois,14158.0,0.36,238.08
2016-04-30,Illinois,9681.0,0.36,238.08
2016-05-07,Illinois,10326.0,0.36,238.08
2016-05-14,Illinois,9623.0,0.37,238.08
2016-05-21,Illinois,10482.0,0.37,238.992
2016-05-28,Illinois,11699.0,0.37,238.992
2016-06-04,Illinois,11270.0,0.37,238.992
2016-06-11,Illinois,11802.0,0.37,238.992
2016-06-18,Illinois,9728.0,0.37,239.557
2016-06-25,Illinois,9107.0,0.37,239.557
2016-07-02,Illinois,10530.0,0.37,239.557
2016-07-09,Illinois,10239.0,0.38,239.557
2016-07-16,Illinois,9850.0,0.38,239.557
2016-07-23,Illinois,10330.0,0.38,240.222
2016-07-30,Illinois,8872.0,0.38,240.222
2016-08-06,Illinois,9455.0,0.38,240.222
2016-08-13,Illinois,8870.0,0.39,240.222
2016-08-20,Illinois,8742.0,0.39,240.101
2016-08-27,Illinois,8493.0,0.39,240.101
2016-09-03,Illinois,12417.0,0.39,240.101
2016-09-10,Illinois,8028.0,0.4,240.101
2016-09-17,Illinois,8278.0,0.4,240.545
2016-09-24,Illinois,7621.0,0.4,240.545
2016-10-01,Illinois,8113.0,0.4,240.545
2016-10-08,Illinois,9368.0,0.4,240.545
2016-10-15,Illinois,7611.0,0.4,240.545
2016-10-22,Illinois,9354.0,0.4,241.176
2016-10-29,Illinois,8972.0,0.4,241.176
2016-11-05,Illinois,10226.0,0.4,241.176
2016-11-12,Illinois,7694.0,0.4,241.176
2016-11-19,Illinois,13275.0,0.4,241.741
2016-11-26,Illinois,12618.0,0.4,241.741
2016-12-03,Illinois,17013.0,0.4,241.741
2016-12-10,Illinois,19800.0,0.41,241.741
2016-12-17,Illinois,19699.0,0.41,241.741
2016-12-24,Illinois,16784.0,0.41,242.026
2016-12-31,Illinois,14437.0,0.41,242.026
2017-01-07,Illinois,18620.0,0.54,242.026
2017-01-14,Illinois,16478.0,0.54,242.026
2017-01-21,Illinois,11558.0,0.54,242.637
2017-01-28,Illinois,11865.0,0.54,242.637
2017-02-04,Illinois,10978.0,0.54,242.637
2017-02-11,Illinois,9625.0,0.65,242.637
2017-02-18,Illinois,8971.0,0.65,243.618
2017-02-25,Illinois,7637.0,0.65,243.618
2017-03-04,Illinois,10189.0,0.65,243.618
2017-03-11,Illinois,8912.0,0.66,243.618
2017-03-18,Illinois,9329.0,0.66,243.618
2017-03-25,Illinois,8172.0,0.66,244.006
2017-04-01,Illinois,10232.0,0.66,244.006
2017-04-08,Illinois,11018.0,0.79,244.006
2017-04-15,Illinois,9065.0,0.79,244.006
2017-04-22,Illinois,8303.0,0.79,243.892
2017-04-29,Illinois,8955.0,0.79,243.892
2017-05-06,Illinois,9860.0,0.79,243.892
2017-05-13,Illinois,8825.0,0.9,243.892
2017-05-20,Illinois,8783.0,0.9,244.193
2017-05-27,Illinois,10058.0,0.9,244.193
2017-06-03,Illinois,10302.0,0.9,244.193
2017-06-10,Illinois,11337.0,0.91,244.193
2017-06-17,Illinois,9371.0,0.91,244.004
2017-06-24,Illinois,8652.0,0.91,244.004
2017-07-01,Illinois,9513.0,0.91,244.004
2017-07-08,Illinois,9954.0,1.04,244.004
2017-07-15,Illinois,9710.0,1.04,244.004
2017-07-22,Illinois,8264.0,1.04,244.163
2017-07-29,Illinois,7823.0,1.04,244.163
2017-08-05,Illinois,8714.0,1.04,244.163
2017-08-12,Illinois,8312.0,1.15,244.163
2017-08-19,Illinois,8173.0,1.15,244.243
2017-08-26,Illinois,7528.0,1.15,244.243
2017-09-02,Illinois,8303.0,1.15,244.243
2017-09-09,Illinois,7657.0,1.16,244.243
2017-09-16,Illinois,7806.0,1.16,244.243
2017-09-23,Illinois,7549.0,1.16,245.183
2017-09-30,Illinois,7457.0,1.16,245.183
2017-10-07,Illinois,9443.0,1.16,245.183
2017-10-14,Illinois,7692.0,1.15,245.183
2017-10-21,Illinois,8337.0,1.15,246.435
2017-10-28,Illinois,8938.0,1.15,246.435
2017-11-04,Illinois,10456.0,1.15,246.435
2017-11-11,Illinois,9114.0,1.15,246.435
2017-11-18,Illinois,12933.0,1.15,246.626
2017-11-25,Illinois,10412.0,1.15,246.626
2017-12-02,Illinois,15427.0,1.15,246.626
2017-12-09,Illinois,16838.0,1.16,246.626
2017-12-16,Illinois,16346.0,1.16,246.626
2017-12-23,Illinois,16243.0,1.16,247.284
2017-12-30,Illinois,17248.0,1.16,247.284
2018-01-06,Illinois,18055.0,1.16,247.284
2018-01-13,Illinois,14574.0,1.3,247.284
2018-01-20,Illinois,9645.0,1.3,247.805
2018-01-27,Illinois,10426.0,1.3,247.805
2018-02-03,Illinois,9990.0,1.3,247.805
2018-02-10,Illinois,10170.0,1.41,247.805
2018-02-17,Illinois,8139.0,1.41,248.859
2018-02-24,Illinois,8353.0,1.41,248.859
2018-03-03,Illinois,8820.0,1.41,248.859
2018-03-10,Illinois,8214.0,1.42,248.859
2018-03-17,Illinois,7734.0,1.42,248.859
2018-03-24,Illinois,7885.0,1.42,249.529
2018-03-31,Illinois,10389.0,1.42,249.529
2018-04-07,Illinois,9908.0,1.51,249.529
2018-04-14,Illinois,8916.0,1.51,249.529
2018-04-21,Illinois,8463.0,1.51,249.577
2018-04-28,Illinois,7818.0,1.51,249.577
2018-05-05,Illinois,8063.0,1.51,249.577
2018-05-12,Illinois,7914.0,1.69,249.577
2018-05-19,Illinois,7872.0,1.69,250.227
2018-05-26,Illinois,8789.0,1.69,250.227
2018-06-02,Illinois,10356.0,1.69,250.227
2018-06-09,Illinois,10612.0,1.7,250.227
2018-06-16,Illinois,8428.0,1.7,250.227
2018-06-23,Illinois,8993.0,1.7,250.792
2018-06-30,Illinois,8725.0,1.7,250.792
2018-07-07,Illinois,9867.0,1.7,250.792
2018-07-14,Illinois,7984.0,1.82,250.792
2018-07-21,Illinois,7446.0,1.82,251.018
2018-07-28,Illinois,6708.0,1.82,251.018
2018-08-04,Illinois,7050.0,1.82,251.018
2018-08-11,Illinois,6950.0,1.91,251.018
2018-08-18,Illinois,6469.0,1.91,251.214
2018-08-25,Illinois,6468.0,1.91,251.214
2018-09-01,Illinois,7027.0,1.91,251.214
2018-09-08,Illinois,7231.0,1.91,251.214
2018-09-15,Illinois,6437.0,1.91,251.214
2018-09-22,Illinois,6182.0,1.91,251.663
2018-09-29,Illinois,6594.0,1.91,251.663
2018-10-06,Illinois,8059.0,1.91,251.663
2018-10-13,Illinois,6981.0,1.95,251.663
2018-10-20,Illinois,7497.0,1.95,252.182
2018-10-27,Illinois,12766.0,1.95,252.182
2018-11-03,Illinois,9521.0,1.95,252.182
2018-11-10,Illinois,10163.0,2.19,252.182
2018-11-17,Illinois,12189.0,2.19,252.772
2018-11-24,Illinois,10168.0,2.19,252.772
2018-12-01,Illinois,18083.0,2.19,252.772
2018-12-08,Illinois,14894.0,2.2,252.772
2018-12-15,Illinois,12892.0,2.2,252.772
2018-12-22,Illinois,14636.0,2.2,252.594
2018-12-29,Illinois,14710.0,2.2,252.594
2019-01-05,Illinois,11838.0,2.2,252.594
2019-01-12,Illinois,12561.0,2.27,252.594
2019-01-19,Illinois,11347.0,2.27,252.767
2019-01-26,Illinois,10695.0,2.27,252.767
2019-02-02,Illinois,10755.0,2.27,252.767
2019-02-09,Illinois,9340.0,2.4,252.767
2019-02-16,Illinois,7520.0,2.4,252.767
2019-02-23,Illinois,7446.0,2.4,252.561
2019-03-02,Illinois,8005.0,2.4,252.561
2019-03-09,Illinois,11573.0,2.4,252.561
2019-03-16,Illinois,7987.0,2.4,252.561
2019-03-23,Illinois,7933.0,2.4,253.319
2019-03-30,Illinois,9230.0,2.4,253.319
2019-04-06,Illinois,8876.0,2.4,253.319
2019-04-13,Illinois,7728.0,2.41,253.319
2019-04-20,Illinois,8141.0,2.41,254.277
2019-04-27,Illinois,7310.0,2.41,254.277
2019-05-04,Illinois,9320.0,2.41,254.277
2019-05-11,Illinois,8836.0,2.42,254.277
2019-05-18,Illinois,7382.0,2.42,255.233
2019-05-25,Illinois,7666.0,2.42,255.233
2019-06-01,Illinois,8551.0,2.42,255.233
2019-06-08,Illinois,10583.0,2.39,255.233
2019-06-15,Illinois,8838.0,2.39,255.233
2019-06-22,Illinois,8100.0,2.39,255.296
2019-06-29,Illinois,8038.0,2.39,255.296
2019-07-06,Illinois,9137.0,2.39,255.296
2019-07-13,Illinois,7249.0,2.38,255.296
2019-07-20,Illinois,7986.0,2.38,255.213
2019-07-27,Illinois,10355.0,2.38,255.213
2019-08-03,Illinois,7546.0,2.38,255.213
2019-08-10,Illinois,7209.0,2.4,255.213
2019-08-17,Illinois,6991.0,2.4,255.802
2019-08-24,Illinois,7376.0,2.4,255.802
2019-08-31,Illinois,11104.0,2.4,255.802
2019-09-07,Illinois,7180.0,2.13,255.802
2019-09-14,Illinois,6614.0,2.13,255.802
2019-09-21,Illinois,6538.0,2.13,256.036
2019-09-28,Illinois,6793.0,2.13,256.036
2019-10-05,Illinois,8465.0,2.13,256.036
2019-10-12,Illinois,7543.0,2.04,256.036
2019-10-19,Illinois,7551.0,2.04,256.43
2019-10-26,Illinois,8307.0,2.04,256.43
2019-11-02,Illinois,10705.0,2.04,256.43
2019-11-09,Illinois,11015.0,1.83,256.43
2019-11-16,Illinois,13989.0,1.83,256.43
2019-11-23,Illinois,11266.0,1.83,257.155
2019-11-30,Illinois,10233.0,1.83,257.155
2019-12-07,Illinois,14798.0,1.83,257.155
2019-12-14,Illinois,15076.0,1.55,257.155
2019-12-21,Illinois,16669.0,1.55,257.879
2019-12-28,Illinois,16537.0,1.55,257.879
2020-01-04,Illinois,11779.0,1.55,257.879
2020-01-11,Illinois,12703.0,1.55,257.879
2020-01-18,Illinois,14807.0,1.55,258.63
2020-01-25,Illinois,9762.0,1.55,258.63
2020-02-01,Illinois,9343.0,1.55,258.63
2020-02-08,Illinois,9794.0,1.55,258.63
2020-02-15,Illinois,8045.0,1.55,258.63
2020-02-22,Illinois,11812.0,1.55,259.127
2020-02-29,Illinois,8980.0,1.55,259.127
2020-03-07,Illinois,8727.0,1.55,259.127
2020-03-14,Illinois,11305.0,1.58,259.127
2020-03-21,Illinois,126716.0,1.58,259.25
2020-03-28,Illinois,185575.0,1.58,259.25
2020-04-04,Illinois,202157.0,1.58,259.25
2020-04-11,Illinois,140787.0,0.65,259.25
2020-04-18,Illinois,118996.0,0.65,258.076
2020-04-25,Illinois,101322.0,0.65,258.076
2020-05-02,Illinois,74476.0,0.65,258.076
2020-05-09,Illinois,72671.0,0.05,258.076
2020-05-16,Illinois,72780.0,0.05,258.076
2020-05-23,Illinois,58263.0,0.05,256.032
2020-05-30,Illinois,46385.0,0.05,256.032
2020-06-06,Illinois,44606.0,0.05,256.032
2020-06-13,Illinois,44694.0,0.05,256.032
2020-06-20,Illinois,46276.0,0.05,255.802
2020-06-27,Illinois,45752.0,0.05,255.802
2020-07-04,Illinois,39015.0,0.05,255.802
2020-07-11,Illinois,38261.0,0.08,255.802
2020-07-18,Illinois,36435.0,0.08,257.042
2020-07-25,Illinois,33230.0,0.08,257.042
2020-08-01,Illinois,25274.0,0.08,257.042
2020-08-08,Illinois,22934.0,0.09,257.042
2020-08-15,Illinois,22406.0,0.09,257.042
2020-08-22,Illinois,26262.0,0.09,258.352
2020-08-29,Illinois,26194.0,0.09,258.352
2020-09-05,Illinois,25478.0,0.09,258.352
2020-09-12,Illinois,27384.0,0.1,258.352
2020-09-19,Illinois,25976.0,0.1,259.316
2020-09-26,Illinois,29390.0,0.1,259.316
2020-10-03,Illinois,36267.0,0.1,259.316
2020-10-10,Illinois,47528.0,0.09,259.316
2020-10-17,Illinois,46948.0,0.09,259.316
2020-10-24,Illinois,53138.0,0.09,259.997
2020-10-31,Illinois,73515.0,0.09,259.997
2020-11-07,Illinois,67381.0,0.09,259.997
2020-11-14,Illinois,46800.0,0.09,259.997
2020-11-21,Illinois,65596.0,0.09,260.319
2020-11-28,Illinois,74131.0,0.09,260.319
2020-12-05,Illinois,107616.0,0.09,260.319
2020-12-12,Illinois,138359.0,0.09,260.319
2020-12-19,Illinois,145054.0,0.09,260.911
2020-12-26,Illinois,110486.0,0.09,260.911
2021-01-02,Illinois,45387.0,0.09,260.911
2021-01-09,Illinois,94944.0,0.09,260.911
2021-01-16,Illinois,95472.0,0.09,260.911
2021-01-23,Illinois,95481.0,0.09,262.045
2021-01-30,Illinois,40008.0,0.09,262.045
2021-02-06,Illinois,34259.0,0.09,262.045
2021-02-13,Illinois,62369.0,0.09,262.045
2021-02-20,Illinois,68383.0,0.09,262.687
2021-02-27,Illinois,68111.0,0.09,262.687
2021-03-06,Illinois,57483.0,0.09,262.687
2021-03-13,Illinois,71175.0,0.08,262.687
2021-03-20,Illinois,15595.0,0.08,263.579
2021-03-27,Illinois,14189.0,0.08,263.579
2021-04-03,Illinois,16182.0,0.08,263.579
2021-04-10,Illinois,18986.0,0.07,263.579
2021-04-17,Illinois,15248.0,0.07,264.961
2021-04-24,Illinois,17141.0,0.07,264.961
2021-05-01,Illinois,15134.0,0.07,264.961
2021-05-08,Illinois,18355.0,0.07,264.961
2021-05-15,Illinois,17530.0,0.07,264.961
2021-05-22,Illinois,19218.0,0.07,266.614
2021-05-29,Illinois,23516.0,0.07,266.614
2021-06-05,Illinois,29231.0,0.07,266.614
2021-06-12,Illinois,28079.0,0.06,266.614
2021-06-19,Illinois,23317.0,0.06,268.383
2021-06-26,Illinois,20460.0,0.06,268.383
2021-07-03,Illinois,20464.0,0.06,268.383
2021-07-10,Illinois,22004.0,0.08,268.383
2021-07-17,Illinois,25919.0,0.08,268.383
2021-07-24,Illinois,18859.0,0.08,270.654
2021-07-31,Illinois,20019.0,0.08,270.654
2021-08-07,Illinois,21449.0,0.1,270.654
2021-08-14,Illinois,18426.0,0.1,270.654
2021-08-21,Illinois,22258.0,0.1,271.903
2021-08-28,Illinois,15546.0,0.1,271.903
2021-09-04,Illinois,15570.0,0.1,271.903
2021-09-11,Illinois,8089.0,0.09,271.903
2021-09-18,Illinois,9366.0,0.09,272.676
2021-09-25,Illinois,8292.0,0.09,272.676
2021-10-02,Illinois,6927.0,0.09,272.676
2021-10-09,Illinois,6902.0,0.08,272.676
2021-10-16,Illinois,7414.0,0.08,272.676
2021-10-23,Illinois,7719.0,0.08,273.91
2021-10-30,Illinois,8472.0,0.08,273.91
2021-11-06,Illinois,10365.0,0.08,273.91
2021-11-13,Illinois,9181.0,0.08,273.91
2021-11-20,Illinois,10606.0,0.08,276.55
2021-11-27,Illinois,10011.0,0.08,276.55
2021-12-04,Illinois,13401.0,0.08,276.55
2021-12-11,Illinois,14572.0,0.08,276.55
2021-12-18,Illinois,13251.0,0.08,278.919
2021-12-25,Illinois,13938.0,0.08,278.919
2022-01-01,Illinois,14209.0,0.08,278.919
2022-01-08,Illinois,16782.0,0.08,278.919
2022-01-15,Illinois,15150.0,0.08,278.919
2022-01-22,Illinois,11817.0,0.08,280.845
2022-01-29,Illinois,10734.0,0.08,280.845
2022-02-05,Illinois,8431.0,0.08,280.845
2022-02-12,Illinois,9919.0,0.08,280.845
2022-02-19,Illinois,10007.0,0.08,282.543
2022-02-26,Illinois,8230.0,0.08,282.543
2022-03-05,Illinois,8491.0,0.08,282.543
2022-03-12,Illinois,9156.0,0.08,282.543
2022-03-19,Illinois,6843.0,0.08,282.543
2022-03-26,Illinois,7526.0,0.08,284.5
2022-04-02,Illinois,8015.0,0.08,284.5
2022-04-09,Illinois,9263.0,0.2,284.5
2022-04-16,Illinois,7569.0,0.2,284.5
2022-04-23,Illinois,7615.0,0.2,287.674
2022-04-30,Illinois,9868.0,0.2,287.674
2022-05-07,Illinois,11093.0,0.2,287.674
2022-05-14,Illinois,12510.0,0.33,287.674
2022-05-21,Illinois,8753.0,0.33,288.561
2022-05-28,Illinois,8593.0,0.33,288.561
2022-06-04,Illinois,9420.0,0.33,288.561
2022-06-11,Illinois,11323.0,0.77,288.561
2022-06-18,Illinois,8728.0,0.77,291.298
2022-06-25,Illinois,7624.0,0.77,291.298
2022-07-02,Illinois,6116.0,0.77,291.298
2022-07-09,Illinois,6932.0,1.21,291.298
2022-07-16,Illinois,7567.0,1.21,291.298
2022-07-23,Illinois,7397.0,1.21,294.957
2022-07-30,Illinois,6364.0,1.21,294.957
2022-08-06,Illinois,6938.0,1.21,294.957
2022-08-13,Illinois,6456.0,1.68,294.957
2022-08-20,Illinois,6884.0,1.68,294.913
2022-08-27,Illinois,6395.0,1.68,294.913
2022-09-03,Illinois,6680.0,1.68,294.913
2022-09-10,Illinois,6302.0,2.33,294.913
2022-09-17,Illinois,6998.0,2.33,295.097
2022-09-24,Illinois,6219.0,2.33,295.097
2022-10-01,Illinois,6711.0,2.33,295.097
2022-10-08,Illinois,7516.0,2.56,295.097
2022-10-15,Illinois,7300.0,2.56,295.097
2022-10-22,Illinois,8316.0,2.56,296.349
2022-10-29,Illinois,8773.0,2.56,296.349
2022-11-05,Illinois,9818.0,2.56,296.349
2022-11-12,Illinois,9584.0,3.08,296.349
2022-11-19,Illinois,16170.0,3.08,298.007
2022-11-26,Illinois,11202.0,3.08,298.007
2022-12-03,Illinois,16285.0,3.08,298.007
2022-12-10,Illinois,16423.0,3.78,298.007
2022-12-17,Illinois,15797.0,3.78,298.007
2022-12-24,Illinois,16686.0,3.78,298.786
2022-12-31,Illinois,13247.0,3.78,298.786
2023-01-07,Illinois,13370.0,4.1,298.786
2023-01-14,Illinois,12133.0,4.1,298.786
2023-01-21,Illinois,9473.0,4.1,298.832
2023-01-28,Illinois,9771.0,4.1,298.832
2023-02-04,Illinois,11304.0,4.1,298.832
2023-02-11,Illinois,9348.0,4.33,298.832
2023-02-18,Illinois,9049.0,4.33,300.42
2023-02-25,Illinois,9376.0,4.33,300.42
2023-03-04,Illinois,8623.0,4.33,300.42
2023-03-11,Illinois,9236.0,4.57,300.42
2023-03-18,Illinois,8151.0,4.57,300.42
2023-03-25,Illinois,7976.0,4.57,301.45
2023-04-01,Illinois,9909.0,4.57,301.45
2023-04-08,Illinois,9500.0,4.65,301.45
2023-04-15,Illinois,8926.0,4.65,301.45
2023-04-22,Illinois,11408.0,4.65,301.821
2023-04-29,Illinois,8715.0,4.65,301.821
2023-05-06,Illinois,8402.0,4.65,301.821
2023-05-13,Illinois,9270.0,4.83,301.821
2023-05-20,Illinois,8270.0,4.83,302.845
2023-05-27,Illinois,9387.0,4.83,302.845
2023-06-03,Illinois,9707.0,4.83,302.845
2023-06-10,Illinois,10801.0,5.06,302.845
2023-06-17,Illinois,9924.0,5.06,303.334
2023-06-24,Illinois,8658.0,5.06,303.334
2023-07-01,Illinois,9351.0,5.06,303.334
2023-07-08,Illinois,9180.0,5.08,303.334
2023-07-15,Illinois,8135.0,5.08,303.334
2023-07-22,Illinois,7561.0,5.08,304.014
2023-07-29,Illinois,8284.0,5.08,304.014
2023-08-05,Illinois,8292.0,5.08,304.014
2023-08-12,Illinois,9061.0,5.12,304.014
2023-08-19,Illinois,7795.0,5.12,304.609
2023-08-26,Illinois,7462.0,5.12,304.609
2023-09-02,Illinois,7521.0,5.12,304.609
2023-09-09,Illinois,7653.0,5.33,304.609
2023-09-16,Illinois,8063.0,5.33,304.609
2023-09-23,Illinois,7862.0,5.33,306.082
2023-09-30,Illinois,7370.0,5.33,306.082
2023-10-07,Illinois,9214.0,5.33,306.082
2023-10-14,Illinois,8246.0,5.33,306.082
2023-10-21,Illinois,8624.0,5.33,307.276
2023-10-28,Illinois,9045.0,5.33,307.276
2023-11-04,Illinois,10140.0,5.33,307.276
2023-11-11,Illinois,9455.0,5.33,307.276
2023-11-18,Illinois,10814.0,5.33,307.696
2023-11-25,Illinois,10751.0,5.33,307.696
2023-12-02,Illinois,15106.0,5.33,307.696
2023-12-09,Illinois,13856.0,5.33,307.696
2023-12-16,Illinois,13518.0,5.33,307.696
2023-12-23,Illinois,14542.0,5.33,308.148
2023-12-30,Illinois,13937.0,5.33,308.148
2024-01-06,Illinois,12890.0,5.33,308.148
2024-01-13,Illinois,12668.0,5.33,308.148
2024-01-20,Illinois,12261.0,5.33,308.741
2024-01-27,Illinois,9983.0,5.33,308.741
2024-02-03,Illinois,10595.0,5.33,308.741
2024-02-10,Illinois,9382.0,5.33,308.741
2024-02-17,Illinois,7951.0,5.33,309.698
2024-02-24,Illinois,8046.0,5.33,309.698
2024-03-02,Illinois,8123.0,5.33,309.698
2024-03-09,Illinois,8106.0,5.33,309.698
2024-03-16,Illinois,7480.0,5.33,309.698
2024-03-23,Illinois,8268.0,5.33,310.967
2024-03-30,Illinois,9463.0,5.33,310.967
2024-04-06,Illinois,9491.0,5.33,310.967
2024-04-13,Illinois,7918.0,5.33,310.967
2024-04-20,Illinois,7444.0,5.33,312.345
2024-04-27,Illinois,8671.0,5.33,312.345
2024-05-04,Illinois,10507.0,5.33,312.345
2024-05-11,Illinois,7940.0,5.33,312.345
2024-05-18,Illinois,8173.0,5.33,313.023
2024-05-25,Illinois,8923.0,5.33,313.023
2024-06-01,Illinois,9141.0,5.33,313.023
2024-06-08,Illinois,11406.0,5.33,313.023
2024-06-15,Illinois,9940.0,5.33,313.023
2024-06-22,Illinois,7823.0,5.33,313.175
2024-06-29,Illinois,8906.0,5.33,313.175
2024-07-06,Illinois,9470.0,5.33,313.175
2024-07-13,Illinois,9574.0,5.33,313.175
2024-07-20,Illinois,8409.0,5.33,313.044
2024-07-27,Illinois,7817.0,5.33,313.044
2024-08-03,Illinois,8396.0,5.33,313.044
2024-08-10,Illinois,8593.0,5.33,313.044
2024-08-17,Illinois,8199.0,5.33,313.569
2024-08-24,Illinois,7970.0,5.33,313.569
2024-08-31,Illinois,8092.0,5.33,313.569
2024-09-07,Illinois,7342.0,5.33,313.569
2024-09-14,Illinois,7498.0,5.33,313.569
2024-09-21,Illinois,7545.0,5.33,314.062
2024-09-28,Illinois,7818.0,5.33,314.062
2024-10-05,Illinois,8780.0,5.33,314.062
2024-10-12,Illinois,8102.0,5.13,314.062
2024-10-19,Illinois,7669.0,5.13,314.732
2024-10-26,Illinois,8735.0,5.13,314.732
2024-11-02,Illinois,8948.0,5.13,314.732
2024-11-09,Illinois,10071.0,4.83,314.732
2024-11-16,Illinois,10231.0,4.83,314.732
2024-11-23,Illinois,13045.0,4.83,315.631
2024-11-30,Illinois,11351.0,4.83,315.631
2024-12-07,Illinois,18777.0,4.83,315.631
2024-12-14,Illinois,15258.0,4.64,315.631
2024-12-21,Illinois,16599.0,4.64,316.528
2024-12-28,Illinois,16722.0,4.64,316.528
2025-01-04,Illinois,13297.0,4.64,316.528
2025-01-11,Illinois,18931.0,4.48,316.528
2025-01-18,Illinois,13627.0,4.48,317.604
2025-01-25,Illinois,10407.0,4.48,317.604
2025-02-01,Illinois,10535.0,4.48,317.604
2025-02-08,Illinois,9560.0,4.33,317.604
2025-02-15,Illinois,9527.0,4.33,317.604
2025-02-22,Illinois,11066.0,4.33,318.961
2025-03-01,Illinois,10015.0,4.33,318.961
2025-03-08,Illinois,10013.0,4.33,318.961
2025-03-15,Illinois,8648.0,4.33,318.961
2025-03-22,Illinois,8954.0,4.33,319.679
2025-03-29,Illinois,10240.0,4.33,319.679
2025-04-05,Illinois,10615.0,4.33,319.679
2025-04-12,Illinois,9295.0,4.33,319.679
2025-04-19,Illinois,9289.0,4.33,319.785
2025-04-26,Illinois,8704.0,4.33,319.785
2025-05-03,Illinois,9131.0,4.33,319.785
2025-05-10,Illinois,9573.0,4.33,319.785
2025-05-17,Illinois,10735.0,4.33,319.785
2025-05-24,Illinois,9991.0,4.33,320.302
2025-05-31,Illinois,10396.0,4.33,320.302
2025-06-07,Illinois,12064.0,4.33,320.302
2025-06-14,Illinois,10086.0,4.33,320.302
2025-06-21,Illinois,8237.0,4.33,320.62
2025-06-28,Illinois,10077.0,4.33,320.62
2025-07-05,Illinois,10851.0,4.33,320.62
2025-07-12,Illinois,11784.0,4.33,320.62
2025-07-19,Illinois,10762.0,4.33,321.435
2025-07-26,Illinois,10116.0,4.33,321.435
2025-08-02,Illinois,9988.0,4.33,321.435
2025-08-09,Illinois,9654.0,4.33,321.435
2025-08-16,Illinois,9402.0,4.33,321.435
2025-08-23,Illinois,9911.0,4.33,322.169
2025-08-30,Illinois,11242.0,4.33,322.169
2025-09-06,Illinois,10179.0,4.33,322.169
2025-09-13,Illinois,9026.0,4.33,322.169
2025-09-20,Illinois,9617.0,4.33,323.291
2025-09-27,Illinois,8646.0,4.33,323.291
2025-10-04,Illinois,10188.0,4.33,323.291
2025-10-11,Illinois,9796.0,4.22,323.291
2025-10-18,Illinois,8101.0,4.22,324.245
2025-10-25,Illinois,8591.0,4.22,324.245
2025-11-01,Illinois,9949.0,4.22,324.245
2025-11-08,Illinois,10838.0,4.09,324.245
2025-11-15,Illinois,9876.0,4.09,324.245
2025-11-22,Illinois,12721.0,4.09,324.245
2025-11-29,Illinois,10505.0,4.09,324.245
2025-12-06,Illinois,21579.0,4.09,324.245
2025-12-13,Illinois,14337.0,3.88,324.245
2025-12-20,Illinois,14247.0,3.88,325.063
2025-12-27,Illinois,14520.0,3.88,325.063
2026-01-03,Illinois,11549.0,3.88,325.063
2026-01-10,Illinois,12733.0,3.72,325.063
2026-01-17,Illinois,10488.0,3.72,326.031
2026-01-24,Illinois,9783.0,3.72,326.031
2026-01-31,Illinois,11986.0,3.72,326.031
2026-02-07,Illinois,9615.0,3.64,326.031
2026-02-14,Illinois,7250.0,3.64,326.031
2026-02-21,Illinois,7211.0,3.64,326.588
2026-02-28,Illinois,7326.0,3.64,326.588
2026-03-07,Illinois,7700.0,3.64,326.588
2026-03-14,Illinois,6999.0,3.64,326.588
2026-03-21,Illinois,7385.0,3.64,327.46
2026-03-28,Illinois,8106.0,3.64,327.46
2026-04-04,Illinois,9758.0,3.64,327.46
2026-04-11,Illinois,7646.0,3.64,327.46
2026-04-18,Illinois,7118.0,3.64,330.293
2026-04-25,Illinois,7184.0,3.64,330.293
2026-05-02,Illinois,6942.0,3.64,330.293
2026-05-09,Illinois,7657.0,3.64,330.293
2026-05-16,Illinois,7240.0,3.64,330.293
2026-05-23,Illinois,8266.0,3.64,332.407
2026-05-30,Illinois,9469.0,3.64,332.407
2026-06-06,Illinois,10864.0,3.64,332.407
2026-06-13,Illinois,8700.0,3.63,332.407
2026-06-20,Illinois,6071.0,3.63,333.979
2026-06-27,Illinois,7331.0,3.63,333.979
2026-07-04,Illinois,7865.0,3.63,333.979
2026-07-11,Illinois,8973.0,3.63,333.979
2026-07-18,Illinois,7318.0,3.63,332.568
2026-07-25,Illinois,7047.0,3.63,332.568
2026-08-01,Illinois,6286.0,3.63,332.568
2026-08-08,Illinois,7280.0,3.63,332.568
2026-08-15,Illinois,6502.0,3.63,332.568
2026-08-22,Illinois,7133.0,3.63,332.813
2013-01-05,Louisiana,3253.0,0.16,231.249
2013-01-12,Louisiana,4483.0,0.16,231.249
2013-01-19,Louisiana,3850.0,0.16,231.221
2013-01-26,Louisiana,2904.0,0.16,231.221
2013-02-02,Louisiana,3126.0,0.16,231.221
2013-02-09,Louisiana,2829.0,0.14,231.221
2013-02-16,Louisiana,2426.0,0.14,231.221
2013-02-23,Louisiana,2918.0,0.14,231.679
2013-03-02,Louisiana,2572.0,0.14,231.679
2013-03-09,Louisiana,2860.0,0.14,231.679
2013-03-16,Louisiana,1889.0,0.15,231.679
2013-03-23,Louisiana,2057.0,0.15,232.937
2013-03-30,Louisiana,1663.0,0.15,232.937
2013-04-06,Louisiana,2444.0,0.15,232.937
2013-04-13,Louisiana,2620.0,0.14,232.937
2013-04-20,Louisiana,2619.0,0.14,232.282
2013-04-27,Louisiana,2541.0,0.14,232.282
2013-05-04,Louisiana,2466.0,0.14,232.282
2013-05-11,Louisiana,2327.0,0.15,232.282
2013-05-18,Louisiana,2738.0,0.15,231.797
2013-05-25,Louisiana,3386.0,0.15,231.797
2013-06-01,Louisiana,3306.0,0.15,231.797
2013-06-08,Louisiana,3755.0,0.11,231.797
2013-06-15,Louisiana,2915.0,0.11,231.797
2013-06-22,Louisiana,3026.0,0.11,231.893
2013-06-29,Louisiana,3027.0,0.11,231.893
2013-07-06,Louisiana,2084.0,0.11,231.893
2013-07-13,Louisiana,3764.0,0.09,231.893
2013-07-20,Louisiana,3035.0,0.09,232.445
2013-07-27,Louisiana,2627.0,0.09,232.445
2013-08-03,Louisiana,2844.0,0.09,232.445
2013-08-10,Louisiana,2719.0,0.09,232.445
2013-08-17,Louisiana,2634.0,0.09,232.9
2013-08-24,Louisiana,2505.0,0.09,232.9
2013-08-31,Louisiana,2434.0,0.09,232.9
2013-09-07,Louisiana,2190.0,0.08,232.9
2013-09-14,Louisiana,2663.0,0.08,232.9
2013-09-21,Louisiana,2494.0,0.08,233.456
2013-09-28,Louisiana,2307.0,0.08,233.456
2013-10-05,Louisiana,2456.0,0.08,233.456
2013-10-12,Louisiana,2513.0,0.08,233.456
2013-10-19,Louisiana,2311.0,0.08,233.544
2013-10-26,Louisiana,2374.0,0.08,233.544
2013-11-02,Louisiana,2309.0,0.08,233.544
2013-11-09,Louisiana,2707.0,0.09,233.544
2013-11-16,Louisiana,2363.0,0.09,233.544
2013-11-23,Louisiana,2854.0,0.09,233.669
2013-11-30,Louisiana,1850.0,0.09,233.669
2013-12-07,Louisiana,3159.0,0.09,233.669
2013-12-14,Louisiana,2737.0,0.08,233.669
2013-12-21,Louisiana,2578.0,0.08,234.1
2013-12-28,Louisiana,1721.0,0.08,234.1
2014-01-04,Louisiana,2242.0,0.08,234.1
2014-01-11,Louisiana,3330.0,0.09,234.1
2014-01-18,Louisiana,2726.0,0.09,234.719
2014-01-25,Louisiana,2220.0,0.09,234.719
2014-02-01,Louisiana,1988.0,0.09,234.719
2014-02-08,Louisiana,2392.0,0.07,234.719
2014-02-15,Louisiana,1993.0,0.07,234.719
2014-02-22,Louisiana,1964.0,0.07,235.288
2014-03-01,Louisiana,2125.0,0.07,235.288
2014-03-08,Louisiana,1857.0,0.07,235.288
2014-03-15,Louisiana,2232.0,0.07,235.288
2014-03-22,Louisiana,2131.0,0.07,235.547
2014-03-29,Louisiana,1985.0,0.07,235.547
2014-04-05,Louisiana,2101.0,0.07,235.547
2014-04-12,Louisiana,2461.0,0.08,235.547
2014-04-19,Louisiana,1951.0,0.08,236.028
2014-04-26,Louisiana,2238.0,0.08,236.028
2014-05-03,Louisiana,2273.0,0.08,236.028
2014-05-10,Louisiana,2209.0,0.09,236.028
2014-05-17,Louisiana,2343.0,0.09,236.028
2014-05-24,Louisiana,2985.0,0.09,236.468
2014-05-31,Louisiana,2976.0,0.09,236.468
2014-06-07,Louisiana,3292.0,0.09,236.468
2014-06-14,Louisiana,2691.0,0.09,236.468
2014-06-21,Louisiana,2604.0,0.09,236.918
2014-06-28,Louisiana,2577.0,0.09,236.918
2014-07-05,Louisiana,2301.0,0.09,236.918
2014-07-12,Louisiana,2984.0,0.1,236.918
2014-07-19,Louisiana,2543.0,0.1,237.231
2014-07-26,Louisiana,2312.0,0.1,237.231
2014-08-02,Louisiana,2293.0,0.1,237.231
2014-08-09,Louisiana,2364.0,0.09,237.231
2014-08-16,Louisiana,2342.0,0.09,237.231
2014-08-23,Louisiana,2268.0,0.09,237.498
2014-08-30,Louisiana,2237.0,0.09,237.498
2014-09-06,Louisiana,1961.0,0.09,237.498
2014-09-13,Louisiana,2071.0,0.09,237.498
2014-09-20,Louisiana,2068.0,0.09,237.46
2014-09-27,Louisiana,1887.0,0.09,237.46
2014-10-04,Louisiana,2081.0,0.09,237.46
2014-10-11,Louisiana,2473.0,0.09,237.46
2014-10-18,Louisiana,2024.0,0.09,237.477
2014-10-25,Louisiana,2171.0,0.09,237.477
2014-11-01,Louisiana,2178.0,0.09,237.477
2014-11-08,Louisiana,2352.0,0.09,237.477
2014-11-15,Louisiana,2377.0,0.09,237.477
2014-11-22,Louisiana,2547.0,0.09,237.43
2014-11-29,Louisiana,1698.0,0.09,237.43
2014-12-06,Louisiana,2796.0,0.09,237.43
2014-12-13,Louisiana,2506.0,0.09,237.43
2014-12-20,Louisiana,2531.0,0.09,236.983
2014-12-27,Louisiana,1566.0,0.09,236.983
2015-01-03,Louisiana,1814.0,0.09,236.983
2015-01-10,Louisiana,3601.0,0.12,236.983
2015-01-17,Louisiana,2987.0,0.12,236.252
2015-01-24,Louisiana,2531.0,0.12,236.252
2015-01-31,Louisiana,2676.0,0.12,236.252
2015-02-07,Louisiana,2939.0,0.11,236.252
2015-02-14,Louisiana,2522.0,0.11,236.252
2015-02-21,Louisiana,2144.0,0.11,234.747
2015-02-28,Louisiana,2559.0,0.11,234.747
2015-03-07,Louisiana,2782.0,0.11,234.747
2015-03-14,Louisiana,2520.0,0.11,234.747
2015-03-21,Louisiana,2723.0,0.11,235.342
2015-03-28,Louisiana,2622.0,0.11,235.342
2015-04-04,Louisiana,2298.0,0.11,235.342
2015-04-11,Louisiana,3062.0,0.11,235.342
2015-04-18,Louisiana,2789.0,0.11,235.976
2015-04-25,Louisiana,2737.0,0.11,235.976
2015-05-02,Louisiana,2498.0,0.11,235.976
2015-05-09,Louisiana,2838.0,0.12,235.976
2015-05-16,Louisiana,2762.0,0.12,235.976
2015-05-23,Louisiana,3166.0,0.12,236.222
2015-05-30,Louisiana,3299.0,0.12,236.222
2015-06-06,Louisiana,3368.0,0.12,236.222
2015-06-13,Louisiana,2888.0,0.12,236.222
2015-06-20,Louisiana,2731.0,0.12,237.001
2015-06-27,Louisiana,2707.0,0.12,237.001
2015-07-04,Louisiana,2707.0,0.12,237.001
2015-07-11,Louisiana,3451.0,0.13,237.001
2015-07-18,Louisiana,2694.0,0.13,237.657
2015-07-25,Louisiana,2510.0,0.13,237.657
2015-08-01,Louisiana,2479.0,0.13,237.657
2015-08-08,Louisiana,2445.0,0.13,237.657
2015-08-15,Louisiana,2544.0,0.13,237.657
2015-08-22,Louisiana,2414.0,0.13,238.034
2015-08-29,Louisiana,2442.0,0.13,238.034
2015-09-05,Louisiana,2417.0,0.13,238.034
2015-09-12,Louisiana,2015.0,0.14,238.034
2015-09-19,Louisiana,2307.0,0.14,238.033
2015-09-26,Louisiana,2342.0,0.14,238.033
2015-10-03,Louisiana,2341.0,0.14,238.033
2015-10-10,Louisiana,2635.0,0.14,238.033
2015-10-17,Louisiana,2338.0,0.14,238.033
2015-10-24,Louisiana,2502.0,0.14,237.498
2015-10-31,Louisiana,2439.0,0.14,237.498
2015-11-07,Louisiana,1807.0,0.12,237.498
2015-11-14,Louisiana,3196.0,0.12,237.498
2015-11-21,Louisiana,2404.0,0.12,237.733
2015-11-28,Louisiana,2554.0,0.12,237.733
2015-12-05,Louisiana,2414.0,0.12,237.733
2015-12-12,Louisiana,2443.0,0.12,237.733
2015-12-19,Louisiana,2675.0,0.12,238.017
2015-12-26,Louisiana,2398.0,0.12,238.017
2016-01-02,Louisiana,2459.0,0.12,238.017
2016-01-09,Louisiana,4203.0,0.24,238.017
2016-01-16,Louisiana,3485.0,0.24,238.017
2016-01-23,Louisiana,2932.0,0.24,237.761
2016-01-30,Louisiana,3083.0,0.24,237.761
2016-02-06,Louisiana,3084.0,0.24,237.761
2016-02-13,Louisiana,2306.0,0.34,237.761
2016-02-20,Louisiana,2958.0,0.34,237.652
2016-02-27,Louisiana,2792.0,0.34,237.652
2016-03-05,Louisiana,2950.0,0.34,237.652
2016-03-12,Louisiana,2654.0,0.38,237.652
2016-03-19,Louisiana,2878.0,0.38,237.336
2016-03-26,Louisiana,2497.0,0.38,237.336
2016-04-02,Louisiana,2484.0,0.38,237.336
2016-04-09,Louisiana,2997.0,0.36,237.336
2016-04-16,Louisiana,2791.0,0.36,237.336
2016-04-23,Louisiana,2684.0,0.36,238.08
2016-04-30,Louisiana,2563.0,0.36,238.08
2016-05-07,Louisiana,2825.0,0.36,238.08
2016-05-14,Louisiana,2969.0,0.37,238.08
2016-05-21,Louisiana,3165.0,0.37,238.992
2016-05-28,Louisiana,3138.0,0.37,238.992
2016-06-04,Louisiana,3590.0,0.37,238.992
2016-06-11,Louisiana,3445.0,0.37,238.992
2016-06-18,Louisiana,2822.0,0.37,239.557
2016-06-25,Louisiana,2966.0,0.37,239.557
2016-07-02,Louisiana,2871.0,0.37,239.557
2016-07-09,Louisiana,3163.0,0.38,239.557
2016-07-16,Louisiana,3062.0,0.38,239.557
2016-07-23,Louisiana,2880.0,0.38,240.222
2016-07-30,Louisiana,2712.0,0.38,240.222
2016-08-06,Louisiana,2949.0,0.38,240.222
2016-08-13,Louisiana,2704.0,0.39,240.222
2016-08-20,Louisiana,4984.0,0.39,240.101
2016-08-27,Louisiana,4679.0,0.39,240.101
2016-09-03,Louisiana,3067.0,0.39,240.101
2016-09-10,Louisiana,2394.0,0.4,240.101
2016-09-17,Louisiana,2402.0,0.4,240.545
2016-09-24,Louisiana,2443.0,0.4,240.545
2016-10-01,Louisiana,2379.0,0.4,240.545
2016-10-08,Louisiana,2558.0,0.4,240.545
2016-10-15,Louisiana,2674.0,0.4,240.545
2016-10-22,Louisiana,2442.0,0.4,241.176
2016-10-29,Louisiana,2499.0,0.4,241.176
2016-11-05,Louisiana,2704.0,0.4,241.176
2016-11-12,Louisiana,2386.0,0.4,241.176
2016-11-19,Louisiana,3068.0,0.4,241.741
2016-11-26,Louisiana,2029.0,0.4,241.741
2016-12-03,Louisiana,3109.0,0.4,241.741
2016-12-10,Louisiana,2864.0,0.41,241.741
2016-12-17,Louisiana,2637.0,0.41,241.741
2016-12-24,Louisiana,2093.0,0.41,242.026
2016-12-31,Louisiana,1851.0,0.41,242.026
2017-01-07,Louisiana,2708.0,0.54,242.026
2017-01-14,Louisiana,2877.0,0.54,242.026
2017-01-21,Louisiana,2458.0,0.54,242.637
2017-01-28,Louisiana,2518.0,0.54,242.637
2017-02-04,Louisiana,2356.0,0.54,242.637
2017-02-11,Louisiana,2230.0,0.65,242.637
2017-02-18,Louisiana,2131.0,0.65,243.618
2017-02-25,Louisiana,2273.0,0.65,243.618
2017-03-04,Louisiana,2066.0,0.65,243.618
2017-03-11,Louisiana,2478.0,0.66,243.618
2017-03-18,Louisiana,2341.0,0.66,243.618
2017-03-25,Louisiana,2296.0,0.66,244.006
2017-04-01,Louisiana,2381.0,0.66,244.006
2017-04-08,Louisiana,2726.0,0.79,244.006
2017-04-15,Louisiana,2367.0,0.79,244.006
2017-04-22,Louisiana,2462.0,0.79,243.892
2017-04-29,Louisiana,2286.0,0.79,243.892
2017-05-06,Louisiana,2468.0,0.79,243.892
2017-05-13,Louisiana,2633.0,0.9,243.892
2017-05-20,Louisiana,2925.0,0.9,244.193
2017-05-27,Louisiana,3458.0,0.9,244.193
2017-06-03,Louisiana,3391.0,0.9,244.193
2017-06-10,Louisiana,3370.0,0.91,244.193
2017-06-17,Louisiana,2936.0,0.91,244.004
2017-06-24,Louisiana,2864.0,0.91,244.004
2017-07-01,Louisiana,3004.0,0.91,244.004
2017-07-08,Louisiana,2632.0,1.04,244.004
2017-07-15,Louisiana,2939.0,1.04,244.004
2017-07-22,Louisiana,2700.0,1.04,244.163
2017-07-29,Louisiana,2567.0,1.04,244.163
2017-08-05,Louisiana,2627.0,1.04,244.163
2017-08-12,Louisiana,2725.0,1.15,244.163
2017-08-19,Louisiana,2570.0,1.15,244.243
2017-08-26,Louisiana,2360.0,1.15,244.243
2017-09-02,Louisiana,2915.0,1.15,244.243
2017-09-09,Louisiana,2375.0,1.16,244.243
2017-09-16,Louisiana,2232.0,1.16,244.243
2017-09-23,Louisiana,2157.0,1.16,245.183
2017-09-30,Louisiana,2138.0,1.16,245.183
2017-10-07,Louisiana,2409.0,1.16,245.183
2017-10-14,Louisiana,2317.0,1.15,245.183
2017-10-21,Louisiana,2396.0,1.15,246.435
2017-10-28,Louisiana,2247.0,1.15,246.435
2017-11-04,Louisiana,2321.0,1.15,246.435
2017-11-11,Louisiana,2281.0,1.15,246.435
2017-11-18,Louisiana,2718.0,1.15,246.626
2017-11-25,Louisiana,1857.0,1.15,246.626
2017-12-02,Louisiana,2553.0,1.15,246.626
2017-12-09,Louisiana,2145.0,1.16,246.626
2017-12-16,Louisiana,2551.0,1.16,246.626
2017-12-23,Louisiana,2511.0,1.16,247.284
2017-12-30,Louisiana,1688.0,1.16,247.284
2018-01-06,Louisiana,2221.0,1.16,247.284
2018-01-13,Louisiana,2945.0,1.3,247.284
2018-01-20,Louisiana,1737.0,1.3,247.805
2018-01-27,Louisiana,2468.0,1.3,247.805
2018-02-03,Louisiana,2291.0,1.3,247.805
2018-02-10,Louisiana,2160.0,1.41,247.805
2018-02-17,Louisiana,1801.0,1.41,248.859
2018-02-24,Louisiana,1893.0,1.41,248.859
2018-03-03,Louisiana,1897.0,1.41,248.859
2018-03-10,Louisiana,1794.0,1.42,248.859
2018-03-17,Louisiana,1805.0,1.42,248.859
2018-03-24,Louisiana,1863.0,1.42,249.529
2018-03-31,Louisiana,1648.0,1.42,249.529
2018-04-07,Louisiana,2393.0,1.51,249.529
2018-04-14,Louisiana,2142.0,1.51,249.529
2018-04-21,Louisiana,1960.0,1.51,249.577
2018-04-28,Louisiana,2242.0,1.51,249.577
2018-05-05,Louisiana,2065.0,1.51,249.577
2018-05-12,Louisiana,2026.0,1.69,249.577
2018-05-19,Louisiana,2351.0,1.69,250.227
2018-05-26,Louisiana,3059.0,1.69,250.227
2018-06-02,Louisiana,2946.0,1.69,250.227
2018-06-09,Louisiana,2883.0,1.7,250.227
2018-06-16,Louisiana,2541.0,1.7,250.227
2018-06-23,Louisiana,2263.0,1.7,250.792
2018-06-30,Louisiana,2120.0,1.7,250.792
2018-07-07,Louisiana,2325.0,1.7,250.792
2018-07-14,Louisiana,2525.0,1.82,250.792
2018-07-21,Louisiana,2198.0,1.82,251.018
2018-07-28,Louisiana,2172.0,1.82,251.018
2018-08-04,Louisiana,2204.0,1.82,251.018
2018-08-11,Louisiana,2111.0,1.91,251.018
2018-08-18,Louisiana,2193.0,1.91,251.214
2018-08-25,Louisiana,2135.0,1.91,251.214
2018-09-01,Louisiana,2040.0,1.91,251.214
2018-09-08,Louisiana,1741.0,1.91,251.214
2018-09-15,Louisiana,2033.0,1.91,251.214
2018-09-22,Louisiana,1836.0,1.91,251.663
2018-09-29,Louisiana,1802.0,1.91,251.663
2018-10-06,Louisiana,1964.0,1.91,251.663
2018-10-13,Louisiana,1893.0,1.95,251.663
2018-10-20,Louisiana,1989.0,1.95,252.182
2018-10-27,Louisiana,1957.0,1.95,252.182
2018-11-03,Louisiana,1945.0,1.95,252.182
2018-11-10,Louisiana,2115.0,2.19,252.182
2018-11-17,Louisiana,2303.0,2.19,252.772
2018-11-24,Louisiana,1789.0,2.19,252.772
2018-12-01,Louisiana,2594.0,2.19,252.772
2018-12-08,Louisiana,2375.0,2.2,252.772
2018-12-15,Louisiana,2430.0,2.2,252.772
2018-12-22,Louisiana,2184.0,2.2,252.594
2018-12-29,Louisiana,1509.0,2.2,252.594
2019-01-05,Louisiana,1826.0,2.2,252.594
2019-01-12,Louisiana,2580.0,2.27,252.594
2019-01-19,Louisiana,2222.0,2.27,252.767
2019-01-26,Louisiana,1759.0,2.27,252.767
2019-02-02,Louisiana,2062.0,2.27,252.767
2019-02-09,Louisiana,1971.0,2.4,252.767
2019-02-16,Louisiana,1672.0,2.4,252.767
2019-02-23,Louisiana,1784.0,2.4,252.561
2019-03-02,Louisiana,1674.0,2.4,252.561
2019-03-09,Louisiana,1584.0,2.4,252.561
2019-03-16,Louisiana,1661.0,2.4,252.561
2019-03-23,Louisiana,1619.0,2.4,253.319
2019-03-30,Louisiana,1666.0,2.4,253.319
2019-04-06,Louisiana,1656.0,2.4,253.319
2019-04-13,Louisiana,1887.0,2.41,253.319
2019-04-20,Louisiana,1593.0,2.41,254.277
2019-04-27,Louisiana,2030.0,2.41,254.277
2019-05-04,Louisiana,2009.0,2.41,254.277
2019-05-11,Louisiana,2028.0,2.42,254.277
2019-05-18,Louisiana,2296.0,2.42,255.233
2019-05-25,Louisiana,2742.0,2.42,255.233
2019-06-01,Louisiana,2800.0,2.42,255.233
2019-06-08,Louisiana,2818.0,2.39,255.233
2019-06-15,Louisiana,2372.0,2.39,255.233
2019-06-22,Louisiana,2238.0,2.39,255.296
2019-06-29,Louisiana,2206.0,2.39,255.296
2019-07-06,Louisiana,1844.0,2.39,255.296
2019-07-13,Louisiana,2410.0,2.38,255.296
2019-07-20,Louisiana,2349.0,2.38,255.213
2019-07-27,Louisiana,2022.0,2.38,255.213
2019-08-03,Louisiana,2126.0,2.38,255.213
2019-08-10,Louisiana,2081.0,2.4,255.213
2019-08-17,Louisiana,1994.0,2.4,255.802
2019-08-24,Louisiana,1972.0,2.4,255.802
2019-08-31,Louisiana,1881.0,2.4,255.802
2019-09-07,Louisiana,1683.0,2.13,255.802
2019-09-14,Louisiana,1806.0,2.13,255.802
2019-09-21,Louisiana,1653.0,2.13,256.036
2019-09-28,Louisiana,1612.0,2.13,256.036
2019-10-05,Louisiana,1961.0,2.13,256.036
2019-10-12,Louisiana,2069.0,2.04,256.036
2019-10-19,Louisiana,1792.0,2.04,256.43
2019-10-26,Louisiana,1867.0,2.04,256.43
2019-11-02,Louisiana,1762.0,2.04,256.43
2019-11-09,Louisiana,2272.0,1.83,256.43
2019-11-16,Louisiana,2102.0,1.83,256.43
2019-11-23,Louisiana,1903.0,1.83,257.155
2019-11-30,Louisiana,1507.0,1.83,257.155
2019-12-07,Louisiana,2448.0,1.83,257.155
2019-12-14,Louisiana,2227.0,1.55,257.155
2019-12-21,Louisiana,2218.0,1.55,257.879
2019-12-28,Louisiana,1469.0,1.55,257.879
2020-01-04,Louisiana,1658.0,1.55,257.879
2020-01-11,Louisiana,2521.0,1.55,257.879
2020-01-18,Louisiana,2008.0,1.55,258.63
2020-01-25,Louisiana,1878.0,1.55,258.63
2020-02-01,Louisiana,2058.0,1.55,258.63
2020-02-08,Louisiana,1805.0,1.55,258.63
2020-02-15,Louisiana,1739.0,1.55,258.63
2020-02-22,Louisiana,1798.0,1.55,259.127
2020-02-29,Louisiana,1509.0,1.55,259.127
2020-03-07,Louisiana,1698.0,1.55,259.127
2020-03-14,Louisiana,2255.0,1.58,259.127
2020-03-21,Louisiana,72438.0,1.58,259.25
2020-03-28,Louisiana,97400.0,1.58,259.25
2020-04-04,Louisiana,100621.0,1.58,259.25
2020-04-11,Louisiana,79653.0,0.65,259.25
2020-04-18,Louisiana,91923.0,0.65,258.076
2020-04-25,Louisiana,66141.0,0.65,258.076
2020-05-02,Louisiana,50941.0,0.65,258.076
2020-05-09,Louisiana,40125.0,0.05,258.076
2020-05-16,Louisiana,28545.0,0.05,258.076
2020-05-23,Louisiana,23961.0,0.05,256.032
2020-05-30,Louisiana,19334.0,0.05,256.032
2020-06-06,Louisiana,21879.0,0.05,256.032
2020-06-13,Louisiana,23122.0,0.05,256.032
2020-06-20,Louisiana,19524.0,0.05,255.802
2020-06-27,Louisiana,21976.0,0.05,255.802
2020-07-04,Louisiana,31417.0,0.05,255.802
2020-07-11,Louisiana,26351.0,0.08,255.802
2020-07-18,Louisiana,32079.0,0.08,257.042
2020-07-25,Louisiana,18511.0,0.08,257.042
2020-08-01,Louisiana,13402.0,0.08,257.042
2020-08-08,Louisiana,11131.0,0.09,257.042
2020-08-15,Louisiana,14365.0,0.09,257.042
2020-08-22,Louisiana,12529.0,0.09,258.352
2020-08-29,Louisiana,16191.0,0.09,258.352
2020-09-05,Louisiana,24566.0,0.09,258.352
2020-09-12,Louisiana,16182.0,0.1,258.352
2020-09-19,Louisiana,14842.0,0.1,259.316
2020-09-26,Louisiana,16296.0,0.1,259.316
2020-10-03,Louisiana,13461.0,0.1,259.316
2020-10-10,Louisiana,13577.0,0.09,259.316
2020-10-17,Louisiana,13039.0,0.09,259.316
2020-10-24,Louisiana,9943.0,0.09,259.997
2020-10-31,Louisiana,8419.0,0.09,259.997
2020-11-07,Louisiana,10045.0,0.09,259.997
2020-11-14,Louisiana,10045.0,0.09,259.997
2020-11-21,Louisiana,10045.0,0.09,260.319
2020-11-28,Louisiana,11780.0,0.09,260.319
2020-12-05,Louisiana,9114.0,0.09,260.319
2020-12-12,Louisiana,9289.0,0.09,260.319
2020-12-19,Louisiana,7926.0,0.09,260.911
2020-12-26,Louisiana,8246.0,0.09,260.911
2021-01-02,Louisiana,25365.0,0.09,260.911
2021-01-09,Louisiana,21624.0,0.09,260.911
2021-01-16,Louisiana,16340.0,0.09,260.911
2021-01-23,Louisiana,12004.0,0.09,262.045
2021-01-30,Louisiana,10376.0,0.09,262.045
2021-02-06,Louisiana,9010.0,0.09,262.045
2021-02-13,Louisiana,6458.0,0.09,262.045
2021-02-20,Louisiana,6447.0,0.09,262.687
2021-02-27,Louisiana,6981.0,0.09,262.687
2021-03-06,Louisiana,7100.0,0.09,262.687
2021-03-13,Louisiana,7195.0,0.08,262.687
2021-03-20,Louisiana,6468.0,0.08,263.579
2021-03-27,Louisiana,12845.0,0.08,263.579
2021-04-03,Louisiana,12263.0,0.08,263.579
2021-04-10,Louisiana,9809.0,0.07,263.579
2021-04-17,Louisiana,8829.0,0.07,264.961
2021-04-24,Louisiana,7114.0,0.07,264.961
2021-05-01,Louisiana,6783.0,0.07,264.961
2021-05-08,Louisiana,7129.0,0.07,264.961
2021-05-15,Louisiana,6327.0,0.07,264.961
2021-05-22,Louisiana,5976.0,0.07,266.614
2021-05-29,Louisiana,5573.0,0.07,266.614
2021-06-05,Louisiana,5569.0,0.07,266.614
2021-06-12,Louisiana,5242.0,0.06,266.614
2021-06-19,Louisiana,4278.0,0.06,268.383
2021-06-26,Louisiana,4129.0,0.06,268.383
2021-07-03,Louisiana,4222.0,0.06,268.383
2021-07-10,Louisiana,4558.0,0.08,268.383
2021-07-17,Louisiana,5492.0,0.08,268.383
2021-07-24,Louisiana,3122.0,0.08,270.654
2021-07-31,Louisiana,3228.0,0.08,270.654
2021-08-07,Louisiana,2411.0,0.1,270.654
2021-08-14,Louisiana,2332.0,0.1,270.654
2021-08-21,Louisiana,2217.0,0.1,271.903
2021-08-28,Louisiana,2060.0,0.1,271.903
2021-09-04,Louisiana,9724.0,0.1,271.903
2021-09-11,Louisiana,14042.0,0.09,271.903
2021-09-18,Louisiana,7107.0,0.09,272.676
2021-09-25,Louisiana,3947.0,0.09,272.676
2021-10-02,Louisiana,3130.0,0.09,272.676
2021-10-09,Louisiana,3141.0,0.08,272.676
2021-10-16,Louisiana,2804.0,0.08,272.676
2021-10-23,Louisiana,2102.0,0.08,273.91
2021-10-30,Louisiana,3009.0,0.08,273.91
2021-11-06,Louisiana,1981.0,0.08,273.91
2021-11-13,Louisiana,1682.0,0.08,273.91
2021-11-20,Louisiana,2001.0,0.08,276.55
2021-11-27,Louisiana,1568.0,0.08,276.55
2021-12-04,Louisiana,2183.0,0.08,276.55
2021-12-11,Louisiana,1820.0,0.08,276.55
2021-12-18,Louisiana,1923.0,0.08,278.919
2021-12-25,Louisiana,1623.0,0.08,278.919
2022-01-01,Louisiana,1633.0,0.08,278.919
2022-01-08,Louisiana,2861.0,0.08,278.919
2022-01-15,Louisiana,2550.0,0.08,278.919
2022-01-22,Louisiana,1922.0,0.08,280.845
2022-01-29,Louisiana,1893.0,0.08,280.845
2022-02-05,Louisiana,1720.0,0.08,280.845
2022-02-12,Louisiana,1631.0,0.08,280.845
2022-02-19,Louisiana,1371.0,0.08,282.543
2022-02-26,Louisiana,1327.0,0.08,282.543
2022-03-05,Louisiana,1347.0,0.08,282.543
2022-03-12,Louisiana,1573.0,0.08,282.543
2022-03-19,Louisiana,1457.0,0.08,282.543
2022-03-26,Louisiana,1432.0,0.08,284.5
2022-04-02,Louisiana,1477.0,0.08,284.5
2022-04-09,Louisiana,2047.0,0.2,284.5
2022-04-16,Louisiana,1631.0,0.2,284.5
2022-04-23,Louisiana,1604.0,0.2,287.674
2022-04-30,Louisiana,1645.0,0.2,287.674
2022-05-07,Louisiana,1692.0,0.2,287.674
2022-05-14,Louisiana,1739.0,0.33,287.674
2022-05-21,Louisiana,1838.0,0.33,288.561
2022-05-28,Louisiana,2111.0,0.33,288.561
2022-06-04,Louisiana,2094.0,0.33,288.561
2022-06-11,Louisiana,2312.0,0.77,288.561
2022-06-18,Louisiana,2005.0,0.77,291.298
2022-06-25,Louisiana,2137.0,0.77,291.298
2022-07-02,Louisiana,2151.0,0.77,291.298
2022-07-09,Louisiana,2098.0,1.21,291.298
2022-07-16,Louisiana,2875.0,1.21,291.298
2022-07-23,Louisiana,2370.0,1.21,294.957
2022-07-30,Louisiana,2074.0,1.21,294.957
2022-08-06,Louisiana,2130.0,1.21,294.957
2022-08-13,Louisiana,1962.0,1.68,294.957
2022-08-20,Louisiana,1799.0,1.68,294.913
2022-08-27,Louisiana,1799.0,1.68,294.913
2022-09-03,Louisiana,1725.0,1.68,294.913
2022-09-10,Louisiana,1489.0,2.33,294.913
2022-09-17,Louisiana,1526.0,2.33,295.097
2022-09-24,Louisiana,1543.0,2.33,295.097
2022-10-01,Louisiana,1445.0,2.33,295.097
2022-10-08,Louisiana,1923.0,2.56,295.097
2022-10-15,Louisiana,1723.0,2.56,295.097
2022-10-22,Louisiana,1581.0,2.56,296.349
2022-10-29,Louisiana,1680.0,2.56,296.349
2022-11-05,Louisiana,1796.0,2.56,296.349
2022-11-12,Louisiana,1549.0,3.08,296.349
2022-11-19,Louisiana,2173.0,3.08,298.007
2022-11-26,Louisiana,1444.0,3.08,298.007
2022-12-03,Louisiana,2205.0,3.08,298.007
2022-12-10,Louisiana,2047.0,3.78,298.007
2022-12-17,Louisiana,2078.0,3.78,298.007
2022-12-24,Louisiana,1823.0,3.78,298.786
2022-12-31,Louisiana,1539.0,3.78,298.786
2023-01-07,Louisiana,2124.0,4.1,298.786
2023-01-14,Louisiana,2313.0,4.1,298.786
2023-01-21,Louisiana,1778.0,4.1,298.832
2023-01-28,Louisiana,1840.0,4.1,298.832
2023-02-04,Louisiana,1929.0,4.1,298.832
2023-02-11,Louisiana,1766.0,4.33,298.832
2023-02-18,Louisiana,1576.0,4.33,300.42
2023-02-25,Louisiana,1374.0,4.33,300.42
2023-03-04,Louisiana,1631.0,4.33,300.42
2023-03-11,Louisiana,1715.0,4.57,300.42
2023-03-18,Louisiana,1639.0,4.57,300.42
2023-03-25,Louisiana,1562.0,4.57,301.45
2023-04-01,Louisiana,1663.0,4.57,301.45
2023-04-08,Louisiana,1797.0,4.65,301.45
2023-04-15,Louisiana,1946.0,4.65,301.45
2023-04-22,Louisiana,1666.0,4.65,301.821
2023-04-29,Louisiana,1621.0,4.65,301.821
2023-05-06,Louisiana,1701.0,4.65,301.821
2023-05-13,Louisiana,2079.0,4.83,301.821
2023-05-20,Louisiana,1988.0,4.83,302.845
2023-05-27,Louisiana,2447.0,4.83,302.845
2023-06-03,Louisiana,2770.0,4.83,302.845
2023-06-10,Louisiana,2624.0,5.06,302.845
2023-06-17,Louisiana,2202.0,5.06,303.334
2023-06-24,Louisiana,2191.0,5.06,303.334
2023-07-01,Louisiana,2157.0,5.06,303.334
2023-07-08,Louisiana,1916.0,5.08,303.334
2023-07-15,Louisiana,2402.0,5.08,303.334
2023-07-22,Louisiana,2112.0,5.08,304.014
2023-07-29,Louisiana,2034.0,5.08,304.014
2023-08-05,Louisiana,2038.0,5.08,304.014
2023-08-12,Louisiana,1897.0,5.12,304.014
2023-08-19,Louisiana,1877.0,5.12,304.609
2023-08-26,Louisiana,1830.0,5.12,304.609
2023-09-02,Louisiana,1423.0,5.12,304.609
2023-09-09,Louisiana,1384.0,5.33,304.609
2023-09-16,Louisiana,1630.0,5.33,304.609
2023-09-23,Louisiana,1770.0,5.33,306.082
2023-09-30,Louisiana,1566.0,5.33,306.082
2023-10-07,Louisiana,1590.0,5.33,306.082
2023-10-14,Louisiana,1499.0,5.33,306.082
2023-10-21,Louisiana,1562.0,5.33,307.276
2023-10-28,Louisiana,1736.0,5.33,307.276
2023-11-04,Louisiana,1782.0,5.33,307.276
2023-11-11,Louisiana,1833.0,5.33,307.276
2023-11-18,Louisiana,1979.0,5.33,307.696
2023-11-25,Louisiana,1202.0,5.33,307.696
2023-12-02,Louisiana,1950.0,5.33,307.696
2023-12-09,Louisiana,1784.0,5.33,307.696
2023-12-16,Louisiana,1857.0,5.33,307.696
2023-12-23,Louisiana,1766.0,5.33,308.148
2023-12-30,Louisiana,1273.0,5.33,308.148
2024-01-06,Louisiana,1562.0,5.33,308.148
2024-01-13,Louisiana,1772.0,5.33,308.148
2024-01-20,Louisiana,1192.0,5.33,308.741
2024-01-27,Louisiana,1722.0,5.33,308.741
2024-02-03,Louisiana,1585.0,5.33,308.741
2024-02-10,Louisiana,1541.0,5.33,308.741
2024-02-17,Louisiana,1123.0,5.33,309.698
2024-02-24,Louisiana,1424.0,5.33,309.698
2024-03-02,Louisiana,1551.0,5.33,309.698
2024-03-09,Louisiana,1635.0,5.33,309.698
2024-03-16,Louisiana,1519.0,5.33,309.698
2024-03-23,Louisiana,1512.0,5.33,310.967
2024-03-30,Louisiana,1352.0,5.33,310.967
2024-04-06,Louisiana,1683.0,5.33,310.967
2024-04-13,Louisiana,1597.0,5.33,310.967
2024-04-20,Louisiana,1695.0,5.33,312.345
2024-04-27,Louisiana,1573.0,5.33,312.345
2024-05-04,Louisiana,1360.0,5.33,312.345
2024-05-11,Louisiana,1897.0,5.33,312.345
2024-05-18,Louisiana,1955.0,5.33,313.023
2024-05-25,Louisiana,2184.0,5.33,313.023
2024-06-01,Louisiana,2046.0,5.33,313.023
2024-06-08,Louisiana,2193.0,5.33,313.023
2024-06-15,Louisiana,2020.0,5.33,313.023
2024-06-22,Louisiana,2030.0,5.33,313.175
2024-06-29,Louisiana,2090.0,5.33,313.175
2024-07-06,Louisiana,1634.0,5.33,313.175
2024-07-13,Louisiana,2132.0,5.33,313.175
2024-07-20,Louisiana,1939.0,5.33,313.044
2024-07-27,Louisiana,1838.0,5.33,313.044
2024-08-03,Louisiana,1833.0,5.33,313.044
2024-08-10,Louisiana,1846.0,5.33,313.044
2024-08-17,Louisiana,1761.0,5.33,313.569
2024-08-24,Louisiana,1786.0,5.33,313.569
2024-08-31,Louisiana,1681.0,5.33,313.569
2024-09-07,Louisiana,1545.0,5.33,313.569
2024-09-14,Louisiana,1321.0,5.33,313.569
2024-09-21,Louisiana,1703.0,5.33,314.062
2024-09-28,Louisiana,1664.0,5.33,314.062
2024-10-05,Louisiana,1651.0,5.33,314.062
2024-10-12,Louisiana,1779.0,5.13,314.062
2024-10-19,Louisiana,1583.0,5.13,314.732
2024-10-26,Louisiana,1571.0,5.13,314.732
2024-11-02,Louisiana,1572.0,5.13,314.732
2024-11-09,Louisiana,1534.0,4.83,314.732
2024-11-16,Louisiana,1733.0,4.83,314.732
2024-11-23,Louisiana,2122.0,4.83,315.631
2024-11-30,Louisiana,1423.0,4.83,315.631
2024-12-07,Louisiana,2075.0,4.83,315.631
2024-12-14,Louisiana,1878.0,4.64,315.631
2024-12-21,Louisiana,1592.0,4.64,316.528
2024-12-28,Louisiana,1106.0,4.64,316.528
2025-01-04,Louisiana,1333.0,4.64,316.528
2025-01-11,Louisiana,2070.0,4.48,316.528
2025-01-18,Louisiana,1876.0,4.48,317.604
2025-01-25,Louisiana,1039.0,4.48,317.604
2025-02-01,Louisiana,1689.0,4.48,317.604
2025-02-08,Louisiana,1647.0,4.33,317.604
2025-02-15,Louisiana,1572.0,4.33,317.604
2025-02-22,Louisiana,1668.0,4.33,318.961
2025-03-01,Louisiana,1404.0,4.33,318.961
2025-03-08,Louisiana,1419.0,4.33,318.961
2025-03-15,Louisiana,1524.0,4.33,318.961
2025-03-22,Louisiana,1502.0,4.33,319.679
2025-03-29,Louisiana,1448.0,4.33,319.679
2025-04-05,Louisiana,1508.0,4.33,319.679
2025-04-12,Louisiana,1687.0,4.33,319.679
2025-04-19,Louisiana,1508.0,4.33,319.785
2025-04-26,Louisiana,1685.0,4.33,319.785
2025-05-03,Louisiana,1714.0,4.33,319.785
2025-05-10,Louisiana,1613.0,4.33,319.785
2025-05-17,Louisiana,1996.0,4.33,319.785
2025-05-24,Louisiana,2232.0,4.33,320.302
2025-05-31,Louisiana,2131.0,4.33,320.302
2025-06-07,Louisiana,2471.0,4.33,320.302
2025-06-14,Louisiana,2053.0,4.33,320.302
2025-06-21,Louisiana,1874.0,4.33,320.62
2025-06-28,Louisiana,1984.0,4.33,320.62
2025-07-05,Louisiana,1748.0,4.33,320.62
2025-07-12,Louisiana,2077.0,4.33,320.62
2025-07-19,Louisiana,1827.0,4.33,321.435
2025-07-26,Louisiana,1914.0,4.33,321.435
2025-08-02,Louisiana,1573.0,4.33,321.435
2025-08-09,Louisiana,1658.0,4.33,321.435
2025-08-16,Louisiana,1701.0,4.33,321.435
2025-08-23,Louisiana,1635.0,4.33,322.169
2025-08-30,Louisiana,1762.0,4.33,322.169
2025-09-06,Louisiana,1359.0,4.33,322.169
2025-09-13,Louisiana,1586.0,4.33,322.169
2025-09-20,Louisiana,1485.0,4.33,323.291
2025-09-27,Louisiana,1427.0,4.33,323.291
2025-10-04,Louisiana,1559.0,4.33,323.291
2025-10-11,Louisiana,1672.0,4.22,323.291
2025-10-18,Louisiana,1581.0,4.22,324.245
2025-10-25,Louisiana,1557.0,4.22,324.245
2025-11-01,Louisiana,1546.0,4.22,324.245
2025-11-08,Louisiana,1841.0,4.09,324.245
2025-11-15,Louisiana,1573.0,4.09,324.245
2025-11-22,Louisiana,1805.0,4.09,324.245
2025-11-29,Louisiana,1155.0,4.09,324.245
2025-12-06,Louisiana,1845.0,4.09,324.245
2025-12-13,Louisiana,1673.0,3.88,324.245
2025-12-20,Louisiana,1491.0,3.88,325.063
2025-12-27,Louisiana,862.0,3.88,325.063
2026-01-03,Louisiana,1000.0,3.88,325.063
2026-01-10,Louisiana,1927.0,3.72,325.063
2026-01-17,Louisiana,1638.0,3.72,326.031
2026-01-24,Louisiana,1400.0,3.72,326.031
2026-01-31,Louisiana,1230.0,3.72,326.031
2026-02-07,Louisiana,1503.0,3.64,326.031
2026-02-14,Louisiana,1377.0,3.64,326.031
2026-02-21,Louisiana,1101.0,3.64,326.588
2026-02-28,Louisiana,1258.0,3.64,326.588
2026-03-07,Louisiana,1240.0,3.64,326.588
2026-03-14,Louisiana,1232.0,3.64,326.588
2026-03-21,Louisiana,1212.0,3.64,327.46
2026-03-28,Louisiana,1225.0,3.64,327.46
2026-04-04,Louisiana,910.0,3.64,327.46
2026-04-11,Louisiana,1540.0,3.64,327.46
2026-04-18,Louisiana,1297.0,3.64,330.293
2026-04-25,Louisiana,1427.0,3.64,330.293
2026-05-02,Louisiana,1281.0,3.64,330.293
2026-05-09,Louisiana,1490.0,3.64,330.293
2026-05-16,Louisiana,1394.0,3.64,330.293
2026-05-23,Louisiana,1694.0,3.64,332.407
2026-05-30,Louisiana,1791.0,3.64,332.407
2026-06-06,Louisiana,1933.0,3.64,332.407
2026-06-13,Louisiana,1661.0,3.63,332.407
2026-06-20,Louisiana,1544.0,3.63,333.979
2026-06-27,Louisiana,1411.0,3.63,333.979
2026-07-04,Louisiana,905.0,3.63,333.979
2026-07-11,Louisiana,1296.0,3.63,333.979
2026-07-18,Louisiana,1642.0,3.63,332.568
2026-07-25,Louisiana,1511.0,3.63,332.568
2026-08-01,Louisiana,1510.0,3.63,332.568
2026-08-08,Louisiana,1469.0,3.63,332.568
2026-08-15,Louisiana,1317.0,3.63,332.568
2026-08-22,Louisiana,1344.0,3.63,332.813
2013-01-05,Massachusetts,11703.0,0.16,231.249
2013-01-12,Massachusetts,9936.0,0.16,231.249
2013-01-19,Massachusetts,8346.0,0.16,231.221
2013-01-26,Massachusetts,7698.0,0.16,231.221
2013-02-02,Massachusetts,8431.0,0.16,231.221
2013-02-09,Massachusetts,7082.0,0.14,231.221
2013-02-16,Massachusetts,7965.0,0.14,231.221
2013-02-23,Massachusetts,11989.0,0.14,231.679
2013-03-02,Massachusetts,7796.0,0.14,231.679
2013-03-09,Massachusetts,6750.0,0.14,231.679
2013-03-16,Massachusetts,6656.0,0.15,231.679
2013-03-23,Massachusetts,5852.0,0.15,232.937
2013-03-30,Massachusetts,5644.0,0.15,232.937
2013-04-06,Massachusetts,6357.0,0.15,232.937
2013-04-13,Massachusetts,5282.0,0.14,232.937
2013-04-20,Massachusetts,9383.0,0.14,232.282
2013-04-27,Massachusetts,6896.0,0.14,232.282
2013-05-04,Massachusetts,6140.0,0.14,232.282
2013-05-11,Massachusetts,5952.0,0.15,232.282
2013-05-18,Massachusetts,6562.0,0.15,231.797
2013-05-25,Massachusetts,6537.0,0.15,231.797
2013-06-01,Massachusetts,5242.0,0.15,231.797
2013-06-08,Massachusetts,6193.0,0.11,231.797
2013-06-15,Massachusetts,5624.0,0.11,231.797
2013-06-22,Massachusetts,6356.0,0.11,231.893
2013-06-29,Massachusetts,4383.0,0.11,231.893
2013-07-06,Massachusetts,7808.0,0.11,231.893
2013-07-13,Massachusetts,8053.0,0.09,231.893
2013-07-20,Massachusetts,5888.0,0.09,232.445
2013-07-27,Massachusetts,4865.0,0.09,232.445
2013-08-03,Massachusetts,5167.0,0.09,232.445
2013-08-10,Massachusetts,5563.0,0.09,232.445
2013-08-17,Massachusetts,5038.0,0.09,232.9
2013-08-24,Massachusetts,5166.0,0.09,232.9
2013-08-31,Massachusetts,5117.0,0.09,232.9
2013-09-07,Massachusetts,4938.0,0.08,232.9
2013-09-14,Massachusetts,4669.0,0.08,232.9
2013-09-21,Massachusetts,4975.0,0.08,233.456
2013-09-28,Massachusetts,4760.0,0.08,233.456
2013-10-05,Massachusetts,6664.0,0.08,233.456
2013-10-12,Massachusetts,5981.0,0.08,233.456
2013-10-19,Massachusetts,4811.0,0.08,233.544
2013-10-26,Massachusetts,5262.0,0.08,233.544
2013-11-02,Massachusetts,6313.0,0.08,233.544
2013-11-09,Massachusetts,7480.0,0.09,233.544
2013-11-16,Massachusetts,6089.0,0.09,233.544
2013-11-23,Massachusetts,7194.0,0.09,233.669
2013-11-30,Massachusetts,8323.0,0.09,233.669
2013-12-07,Massachusetts,8006.0,0.09,233.669
2013-12-14,Massachusetts,10337.0,0.08,233.669
2013-12-21,Massachusetts,10363.0,0.08,234.1
2013-12-28,Massachusetts,13255.0,0.08,234.1
2014-01-04,Massachusetts,7770.0,0.08,234.1
2014-01-11,Massachusetts,12609.0,0.09,234.1
2014-01-18,Massachusetts,6746.0,0.09,234.719
2014-01-25,Massachusetts,7796.0,0.09,234.719
2014-02-01,Massachusetts,7851.0,0.09,234.719
2014-02-08,Massachusetts,7381.0,0.07,234.719
2014-02-15,Massachusetts,6799.0,0.07,234.719
2014-02-22,Massachusetts,10301.0,0.07,235.288
2014-03-01,Massachusetts,6531.0,0.07,235.288
2014-03-08,Massachusetts,6616.0,0.07,235.288
2014-03-15,Massachusetts,5802.0,0.07,235.288
2014-03-22,Massachusetts,5763.0,0.07,235.547
2014-03-29,Massachusetts,5504.0,0.07,235.547
2014-04-05,Massachusetts,6281.0,0.07,235.547
2014-04-12,Massachusetts,5666.0,0.08,235.547
2014-04-19,Massachusetts,5258.0,0.08,236.028
2014-04-26,Massachusetts,9241.0,0.08,236.028
2014-05-03,Massachusetts,7964.0,0.08,236.028
2014-05-10,Massachusetts,5648.0,0.09,236.028
2014-05-17,Massachusetts,5938.0,0.09,236.028
2014-05-24,Massachusetts,6455.0,0.09,236.468
2014-05-31,Massachusetts,5303.0,0.09,236.468
2014-06-07,Massachusetts,6415.0,0.09,236.468
2014-06-14,Massachusetts,6052.0,0.09,236.468
2014-06-21,Massachusetts,6394.0,0.09,236.918
2014-06-28,Massachusetts,11045.0,0.09,236.918
2014-07-05,Massachusetts,9064.0,0.09,236.918
2014-07-12,Massachusetts,7805.0,0.1,236.918
2014-07-19,Massachusetts,5784.0,0.1,237.231
2014-07-26,Massachusetts,5607.0,0.1,237.231
2014-08-02,Massachusetts,5490.0,0.1,237.231
2014-08-09,Massachusetts,6941.0,0.09,237.231
2014-08-16,Massachusetts,7034.0,0.09,237.231
2014-08-23,Massachusetts,5751.0,0.09,237.498
2014-08-30,Massachusetts,5406.0,0.09,237.498
2014-09-06,Massachusetts,5379.0,0.09,237.498
2014-09-13,Massachusetts,5460.0,0.09,237.498
2014-09-20,Massachusetts,5206.0,0.09,237.46
2014-09-27,Massachusetts,5208.0,0.09,237.46
2014-10-04,Massachusetts,5884.0,0.09,237.46
2014-10-11,Massachusetts,5605.0,0.09,237.46
2014-10-18,Massachusetts,5435.0,0.09,237.477
2014-10-25,Massachusetts,6387.0,0.09,237.477
2014-11-01,Massachusetts,6176.0,0.09,237.477
2014-11-08,Massachusetts,7873.0,0.09,237.477
2014-11-15,Massachusetts,6589.0,0.09,237.477
2014-11-22,Massachusetts,7884.0,0.09,237.43
2014-11-29,Massachusetts,7679.0,0.09,237.43
2014-12-06,Massachusetts,9361.0,0.09,237.43
2014-12-13,Massachusetts,9804.0,0.09,237.43
2014-12-20,Massachusetts,9979.0,0.09,236.983
2014-12-27,Massachusetts,14125.0,0.09,236.983
2015-01-03,Massachusetts,10746.0,0.09,236.983
2015-01-10,Massachusetts,12996.0,0.12,236.983
2015-01-17,Massachusetts,9178.0,0.12,236.252
2015-01-24,Massachusetts,6784.0,0.12,236.252
2015-01-31,Massachusetts,7490.0,0.12,236.252
2015-02-07,Massachusetts,7422.0,0.11,236.252
2015-02-14,Massachusetts,6118.0,0.11,236.252
2015-02-21,Massachusetts,9925.0,0.11,234.747
2015-02-28,Massachusetts,6126.0,0.11,234.747
2015-03-07,Massachusetts,5885.0,0.11,234.747
2015-03-14,Massachusetts,5420.0,0.11,234.747
2015-03-21,Massachusetts,5097.0,0.11,235.342
2015-03-28,Massachusetts,4721.0,0.11,235.342
2015-04-04,Massachusetts,4786.0,0.11,235.342
2015-04-11,Massachusetts,4916.0,0.11,235.342
2015-04-18,Massachusetts,4583.0,0.11,235.976
2015-04-25,Massachusetts,9101.0,0.11,235.976
2015-05-02,Massachusetts,4910.0,0.11,235.976
2015-05-09,Massachusetts,4962.0,0.12,235.976
2015-05-16,Massachusetts,5503.0,0.12,235.976
2015-05-23,Massachusetts,5621.0,0.12,236.222
2015-05-30,Massachusetts,4813.0,0.12,236.222
2015-06-06,Massachusetts,5352.0,0.12,236.222
2015-06-13,Massachusetts,5121.0,0.12,236.222
2015-06-20,Massachusetts,5145.0,0.12,237.001
2015-06-27,Massachusetts,8134.0,0.12,237.001
2015-07-04,Massachusetts,10382.0,0.12,237.001
2015-07-11,Massachusetts,6660.0,0.13,237.001
2015-07-18,Massachusetts,5040.0,0.13,237.657
2015-07-25,Massachusetts,4670.0,0.13,237.657
2015-08-01,Massachusetts,4585.0,0.13,237.657
2015-08-08,Massachusetts,5377.0,0.13,237.657
2015-08-15,Massachusetts,4899.0,0.13,237.657
2015-08-22,Massachusetts,5210.0,0.13,238.034
2015-08-29,Massachusetts,4826.0,0.13,238.034
2015-09-05,Massachusetts,5111.0,0.13,238.034
2015-09-12,Massachusetts,4338.0,0.14,238.034
2015-09-19,Massachusetts,4703.0,0.14,238.033
2015-09-26,Massachusetts,4489.0,0.14,238.033
2015-10-03,Massachusetts,4944.0,0.14,238.033
2015-10-10,Massachusetts,5102.0,0.14,238.033
2015-10-17,Massachusetts,4737.0,0.14,238.033
2015-10-24,Massachusetts,5503.0,0.14,237.498
2015-10-31,Massachusetts,5705.0,0.14,237.498
2015-11-07,Massachusetts,7030.0,0.12,237.498
2015-11-14,Massachusetts,6634.0,0.12,237.498
2015-11-21,Massachusetts,6694.0,0.12,237.733
2015-11-28,Massachusetts,7029.0,0.12,237.733
2015-12-05,Massachusetts,9237.0,0.12,237.733
2015-12-12,Massachusetts,8294.0,0.12,237.733
2015-12-19,Massachusetts,9238.0,0.12,238.017
2015-12-26,Massachusetts,11291.0,0.12,238.017
2016-01-02,Massachusetts,13124.0,0.12,238.017
2016-01-09,Massachusetts,13220.0,0.24,238.017
2016-01-16,Massachusetts,8904.0,0.24,238.017
2016-01-23,Massachusetts,7455.0,0.24,237.761
2016-01-30,Massachusetts,7084.0,0.24,237.761
2016-02-06,Massachusetts,6695.0,0.24,237.761
2016-02-13,Massachusetts,6427.0,0.34,237.761
2016-02-20,Massachusetts,9695.0,0.34,237.652
2016-02-27,Massachusetts,6282.0,0.34,237.652
2016-03-05,Massachusetts,5401.0,0.34,237.652
2016-03-12,Massachusetts,5258.0,0.38,237.652
2016-03-19,Massachusetts,5183.0,0.38,237.336
2016-03-26,Massachusetts,4788.0,0.38,237.336
2016-04-02,Massachusetts,4750.0,0.38,237.336
2016-04-09,Massachusetts,5487.0,0.36,237.336
2016-04-16,Massachusetts,7140.0,0.36,237.336
2016-04-23,Massachusetts,10313.0,0.36,238.08
2016-04-30,Massachusetts,5426.0,0.36,238.08
2016-05-07,Massachusetts,5566.0,0.36,238.08
2016-05-14,Massachusetts,5436.0,0.37,238.08
2016-05-21,Massachusetts,5504.0,0.37,238.992
2016-05-28,Massachusetts,5028.0,0.37,238.992
2016-06-04,Massachusetts,4917.0,0.37,238.992
2016-06-11,Massachusetts,5028.0,0.37,238.992
2016-06-18,Massachusetts,5417.0,0.37,239.557
2016-06-25,Massachusetts,8665.0,0.37,239.557
2016-07-02,Massachusetts,8730.0,0.37,239.557
2016-07-09,Massachusetts,6360.0,0.38,239.557
2016-07-16,Massachusetts,5194.0,0.38,239.557
2016-07-23,Massachusetts,4902.0,0.38,240.222
2016-07-30,Massachusetts,4786.0,0.38,240.222
2016-08-06,Massachusetts,5188.0,0.38,240.222
2016-08-13,Massachusetts,4789.0,0.39,240.222
2016-08-20,Massachusetts,4860.0,0.39,240.101
2016-08-27,Massachusetts,4705.0,0.39,240.101
2016-09-03,Massachusetts,4862.0,0.39,240.101
2016-09-10,Massachusetts,4420.0,0.4,240.101
2016-09-17,Massachusetts,4492.0,0.4,240.545
2016-09-24,Massachusetts,4512.0,0.4,240.545
2016-10-01,Massachusetts,4554.0,0.4,240.545
2016-10-08,Massachusetts,5199.0,0.4,240.545
2016-10-15,Massachusetts,4529.0,0.4,240.545
2016-10-22,Massachusetts,5362.0,0.4,241.176
2016-10-29,Massachusetts,5365.0,0.4,241.176
2016-11-05,Massachusetts,6891.0,0.4,241.176
2016-11-12,Massachusetts,5998.0,0.4,241.176
2016-11-19,Massachusetts,6512.0,0.4,241.741
2016-11-26,Massachusetts,6662.0,0.4,241.741
2016-12-03,Massachusetts,8172.0,0.4,241.741
2016-12-10,Massachusetts,8270.0,0.41,241.741
2016-12-17,Massachusetts,9780.0,0.41,241.741
2016-12-24,Massachusetts,10995.0,0.41,242.026
2016-12-31,Massachusetts,14015.0,0.41,242.026
2017-01-07,Massachusetts,11799.0,0.54,242.026
2017-01-14,Massachusetts,9663.0,0.54,242.026
2017-01-21,Massachusetts,7060.0,0.54,242.637
2017-01-28,Massachusetts,6938.0,0.54,242.637
2017-02-04,Massachusetts,7039.0,0.54,242.637
2017-02-11,Massachusetts,5766.0,0.65,242.637
2017-02-18,Massachusetts,6428.0,0.65,243.618
2017-02-25,Massachusetts,9434.0,0.65,243.618
2017-03-04,Massachusetts,6012.0,0.65,243.618
2017-03-11,Massachusetts,5386.0,0.66,243.618
2017-03-18,Massachusetts,4831.0,0.66,243.618
2017-03-25,Massachusetts,5009.0,0.66,244.006
2017-04-01,Massachusetts,4379.0,0.66,244.006
2017-04-08,Massachusetts,5056.0,0.79,244.006
2017-04-15,Massachusetts,4640.0,0.79,244.006
2017-04-22,Massachusetts,8975.0,0.79,243.892
2017-04-29,Massachusetts,5093.0,0.79,243.892
2017-05-06,Massachusetts,5209.0,0.79,243.892
2017-05-13,Massachusetts,5035.0,0.9,243.892
2017-05-20,Massachusetts,5353.0,0.9,244.193
2017-05-27,Massachusetts,5434.0,0.9,244.193
2017-06-03,Massachusetts,4685.0,0.9,244.193
2017-06-10,Massachusetts,5263.0,0.91,244.193
2017-06-17,Massachusetts,4985.0,0.91,244.004
2017-06-24,Massachusetts,7352.0,0.91,244.004
2017-07-01,Massachusetts,9369.0,0.91,244.004
2017-07-08,Massachusetts,7369.0,1.04,244.004
2017-07-15,Massachusetts,5508.0,1.04,244.004
2017-07-22,Massachusetts,4526.0,1.04,244.163
2017-07-29,Massachusetts,4453.0,1.04,244.163
2017-08-05,Massachusetts,5176.0,1.04,244.163
2017-08-12,Massachusetts,4729.0,1.15,244.163
2017-08-19,Massachusetts,4462.0,1.15,244.243
2017-08-26,Massachusetts,4339.0,1.15,244.243
2017-09-02,Massachusetts,4488.0,1.15,244.243
2017-09-09,Massachusetts,4610.0,1.16,244.243
2017-09-16,Massachusetts,4367.0,1.16,244.243
2017-09-23,Massachusetts,4684.0,1.16,245.183
2017-09-30,Massachusetts,4261.0,1.16,245.183
2017-10-07,Massachusetts,4997.0,1.16,245.183
2017-10-14,Massachusetts,4671.0,1.15,245.183
2017-10-21,Massachusetts,5035.0,1.15,246.435
2017-10-28,Massachusetts,5330.0,1.15,246.435
2017-11-04,Massachusetts,6002.0,1.15,246.435
2017-11-11,Massachusetts,6272.0,1.15,246.435
2017-11-18,Massachusetts,5547.0,1.15,246.626
2017-11-25,Massachusetts,7404.0,1.15,246.626
2017-12-02,Massachusetts,7816.0,1.15,246.626
2017-12-09,Massachusetts,8300.0,1.16,246.626
2017-12-16,Massachusetts,10228.0,1.16,246.626
2017-12-23,Massachusetts,11160.0,1.16,247.284
2017-12-30,Massachusetts,14960.0,1.16,247.284
2018-01-06,Massachusetts,10771.0,1.16,247.284
2018-01-13,Massachusetts,10562.0,1.3,247.284
2018-01-20,Massachusetts,7322.0,1.3,247.805
2018-01-27,Massachusetts,6771.0,1.3,247.805
2018-02-03,Massachusetts,6050.0,1.3,247.805
2018-02-10,Massachusetts,5953.0,1.41,247.805
2018-02-17,Massachusetts,5345.0,1.41,248.859
2018-02-24,Massachusetts,9154.0,1.41,248.859
2018-03-03,Massachusetts,5283.0,1.41,248.859
2018-03-10,Massachusetts,4901.0,1.42,248.859
2018-03-17,Massachusetts,4831.0,1.42,248.859
2018-03-24,Massachusetts,4920.0,1.42,249.529
2018-03-31,Massachusetts,4043.0,1.42,249.529
2018-04-07,Massachusetts,4832.0,1.51,249.529
2018-04-14,Massachusetts,4490.0,1.51,249.529
2018-04-21,Massachusetts,8718.0,1.51,249.577
2018-04-28,Massachusetts,4801.0,1.51,249.577
2018-05-05,Massachusetts,4442.0,1.51,249.577
2018-05-12,Massachusetts,4426.0,1.69,249.577
2018-05-19,Massachusetts,4833.0,1.69,250.227
2018-05-26,Massachusetts,4697.0,1.69,250.227
2018-06-02,Massachusetts,4068.0,1.69,250.227
2018-06-09,Massachusetts,4708.0,1.7,250.227
2018-06-16,Massachusetts,4639.0,1.7,250.227
2018-06-23,Massachusetts,5454.0,1.7,250.792
2018-06-30,Massachusetts,10249.0,1.7,250.792
2018-07-07,Massachusetts,7739.0,1.7,250.792
2018-07-14,Massachusetts,5546.0,1.82,250.792
2018-07-21,Massachusetts,4356.0,1.82,251.018
2018-07-28,Massachusetts,4229.0,1.82,251.018
2018-08-04,Massachusetts,4268.0,1.82,251.018
2018-08-11,Massachusetts,4392.0,1.91,251.018
2018-08-18,Massachusetts,4334.0,1.91,251.214
2018-08-25,Massachusetts,4216.0,1.91,251.214
2018-09-01,Massachusetts,3947.0,1.91,251.214
2018-09-08,Massachusetts,3971.0,1.91,251.214
2018-09-15,Massachusetts,4032.0,1.91,251.214
2018-09-22,Massachusetts,3963.0,1.91,251.663
2018-09-29,Massachusetts,3900.0,1.91,251.663
2018-10-06,Massachusetts,4403.0,1.91,251.663
2018-10-13,Massachusetts,4156.0,1.95,251.663
2018-10-20,Massachusetts,4322.0,1.95,252.182
2018-10-27,Massachusetts,4830.0,1.95,252.182
2018-11-03,Massachusetts,5420.0,1.95,252.182
2018-11-10,Massachusetts,5835.0,2.19,252.182
2018-11-17,Massachusetts,6145.0,2.19,252.772
2018-11-24,Massachusetts,7369.0,2.19,252.772
2018-12-01,Massachusetts,6754.0,2.19,252.772
2018-12-08,Massachusetts,7212.0,2.2,252.772
2018-12-15,Massachusetts,8309.0,2.2,252.772
2018-12-22,Massachusetts,10521.0,2.2,252.594
2018-12-29,Massachusetts,13681.0,2.2,252.594
2019-01-05,Massachusetts,10252.0,2.2,252.594
2019-01-12,Massachusetts,8910.0,2.27,252.594
2019-01-19,Massachusetts,7194.0,2.27,252.767
2019-01-26,Massachusetts,6581.0,2.27,252.767
2019-02-02,Massachusetts,5953.0,2.27,252.767
2019-02-09,Massachusetts,5626.0,2.4,252.767
2019-02-16,Massachusetts,5015.0,2.4,252.767
2019-02-23,Massachusetts,9298.0,2.4,252.561
2019-03-02,Massachusetts,5102.0,2.4,252.561
2019-03-09,Massachusetts,4809.0,2.4,252.561
2019-03-16,Massachusetts,4354.0,2.4,252.561
2019-03-23,Massachusetts,4301.0,2.4,253.319
2019-03-30,Massachusetts,3711.0,2.4,253.319
2019-04-06,Massachusetts,4296.0,2.4,253.319
2019-04-13,Massachusetts,4465.0,2.41,253.319
2019-04-20,Massachusetts,11276.0,2.41,254.277
2019-04-27,Massachusetts,4644.0,2.41,254.277
2019-05-04,Massachusetts,4297.0,2.41,254.277
2019-05-11,Massachusetts,4067.0,2.42,254.277
2019-05-18,Massachusetts,4745.0,2.42,255.233
2019-05-25,Massachusetts,4529.0,2.42,255.233
2019-06-01,Massachusetts,3797.0,2.42,255.233
2019-06-08,Massachusetts,4443.0,2.39,255.233
2019-06-15,Massachusetts,4615.0,2.39,255.233
2019-06-22,Massachusetts,9275.0,2.39,255.296
2019-06-29,Massachusetts,6964.0,2.39,255.296
2019-07-06,Massachusetts,5747.0,2.39,255.296
2019-07-13,Massachusetts,4905.0,2.38,255.296
2019-07-20,Massachusetts,4326.0,2.38,255.213
2019-07-27,Massachusetts,3903.0,2.38,255.213
2019-08-03,Massachusetts,4193.0,2.38,255.213
2019-08-10,Massachusetts,4536.0,2.4,255.213
2019-08-17,Massachusetts,4039.0,2.4,255.802
2019-08-24,Massachusetts,4036.0,2.4,255.802
2019-08-31,Massachusetts,4025.0,2.4,255.802
2019-09-07,Massachusetts,4255.0,2.13,255.802
2019-09-14,Massachusetts,4028.0,2.13,255.802
2019-09-21,Massachusetts,3774.0,2.13,256.036
2019-09-28,Massachusetts,3672.0,2.13,256.036
2019-10-05,Massachusetts,4378.0,2.13,256.036
2019-10-12,Massachusetts,4560.0,2.04,256.036
2019-10-19,Massachusetts,4139.0,2.04,256.43
2019-10-26,Massachusetts,4683.0,2.04,256.43
2019-11-02,Massachusetts,5129.0,2.04,256.43
2019-11-09,Massachusetts,6217.0,1.83,256.43
2019-11-16,Massachusetts,5397.0,1.83,256.43
2019-11-23,Massachusetts,6452.0,1.83,257.155
2019-11-30,Massachusetts,6142.0,1.83,257.155
2019-12-07,Massachusetts,10239.0,1.83,257.155
2019-12-14,Massachusetts,9017.0,1.55,257.155
2019-12-21,Massachusetts,9284.0,1.55,257.879
2019-12-28,Massachusetts,13251.0,1.55,257.879
2020-01-04,Massachusetts,9464.0,1.55,257.879
2020-01-11,Massachusetts,8784.0,1.55,257.879
2020-01-18,Massachusetts,6940.0,1.55,258.63
2020-01-25,Massachusetts,6022.0,1.55,258.63
2020-02-01,Massachusetts,5523.0,1.55,258.63
2020-02-08,Massachusetts,5878.0,1.55,258.63
2020-02-15,Massachusetts,5393.0,1.55,258.63
2020-02-22,Massachusetts,9264.0,1.55,259.127
2020-02-29,Massachusetts,4865.0,1.55,259.127
2020-03-07,Massachusetts,4712.0,1.55,259.127
2020-03-14,Massachusetts,7449.0,1.58,259.127
2020-03-21,Massachusetts,148452.0,1.58,259.25
2020-03-28,Massachusetts,181423.0,1.58,259.25
2020-04-04,Massachusetts,139647.0,1.58,259.25
2020-04-11,Massachusetts,103813.0,0.65,259.25
2020-04-18,Massachusetts,80969.0,0.65,258.076
2020-04-25,Massachusetts,71358.0,0.65,258.076
2020-05-02,Massachusetts,55884.0,0.65,258.076
2020-05-09,Massachusetts,44915.0,0.05,258.076
2020-05-16,Massachusetts,38684.0,0.05,258.076
2020-05-23,Massachusetts,38332.0,0.05,256.032
2020-05-30,Massachusetts,27630.0,0.05,256.032
2020-06-06,Massachusetts,45142.0,0.05,256.032
2020-06-13,Massachusetts,30411.0,0.05,256.032
2020-06-20,Massachusetts,30005.0,0.05,255.802
2020-06-27,Massachusetts,29699.0,0.05,255.802
2020-07-04,Massachusetts,27051.0,0.05,255.802
2020-07-11,Massachusetts,24131.0,0.08,255.802
2020-07-18,Massachusetts,18638.0,0.08,257.042
2020-07-25,Massachusetts,19646.0,0.08,257.042
2020-08-01,Massachusetts,15637.0,0.08,257.042
2020-08-08,Massachusetts,14729.0,0.09,257.042
2020-08-15,Massachusetts,17184.0,0.09,257.042
2020-08-22,Massachusetts,17594.0,0.09,258.352
2020-08-29,Massachusetts,18568.0,0.09,258.352
2020-09-05,Massachusetts,18656.0,0.09,258.352
2020-09-12,Massachusetts,18388.0,0.1,258.352
2020-09-19,Massachusetts,23574.0,0.1,259.316
2020-09-26,Massachusetts,25460.0,0.1,259.316
2020-10-03,Massachusetts,29481.0,0.1,259.316
2020-10-10,Massachusetts,39962.0,0.09,259.316
2020-10-17,Massachusetts,45404.0,0.09,259.316
2020-10-24,Massachusetts,47887.0,0.09,259.997
2020-10-31,Massachusetts,39417.0,0.09,259.997
2020-11-07,Massachusetts,42800.0,0.09,259.997
2020-11-14,Massachusetts,52659.0,0.09,259.997
2020-11-21,Massachusetts,30087.0,0.09,260.319
2020-11-28,Massachusetts,24178.0,0.09,260.319
2020-12-05,Massachusetts,26573.0,0.09,260.319
2020-12-12,Massachusetts,25194.0,0.09,260.319
2020-12-19,Massachusetts,21979.0,0.09,260.911
2020-12-26,Massachusetts,23388.0,0.09,260.911
2021-01-02,Massachusetts,26370.0,0.09,260.911
2021-01-09,Massachusetts,31932.0,0.09,260.911
2021-01-16,Massachusetts,27069.0,0.09,260.911
2021-01-23,Massachusetts,22185.0,0.09,262.045
2021-01-30,Massachusetts,20492.0,0.09,262.045
2021-02-06,Massachusetts,20500.0,0.09,262.045
2021-02-13,Massachusetts,17796.0,0.09,262.045
2021-02-20,Massachusetts,16318.0,0.09,262.687
2021-02-27,Massachusetts,14770.0,0.09,262.687
2021-03-06,Massachusetts,16970.0,0.09,262.687
2021-03-13,Massachusetts,19530.0,0.08,262.687
2021-03-20,Massachusetts,30916.0,0.08,263.579
2021-03-27,Massachusetts,18915.0,0.08,263.579
2021-04-03,Massachusetts,20920.0,0.08,263.579
2021-04-10,Massachusetts,15131.0,0.07,263.579
2021-04-17,Massachusetts,13581.0,0.07,264.961
2021-04-24,Massachusetts,15121.0,0.07,264.961
2021-05-01,Massachusetts,11881.0,0.07,264.961
2021-05-08,Massachusetts,10837.0,0.07,264.961
2021-05-15,Massachusetts,9494.0,0.07,264.961
2021-05-22,Massachusetts,8659.0,0.07,266.614
2021-05-29,Massachusetts,8398.0,0.07,266.614
2021-06-05,Massachusetts,8305.0,0.07,266.614
2021-06-12,Massachusetts,7898.0,0.06,266.614
2021-06-19,Massachusetts,8054.0,0.06,268.383
2021-06-26,Massachusetts,10899.0,0.06,268.383
2021-07-03,Massachusetts,9121.0,0.06,268.383
2021-07-10,Massachusetts,7613.0,0.08,268.383
2021-07-17,Massachusetts,7186.0,0.08,268.383
2021-07-24,Massachusetts,6533.0,0.08,270.654
2021-07-31,Massachusetts,6831.0,0.08,270.654
2021-08-07,Massachusetts,7552.0,0.1,270.654
2021-08-14,Massachusetts,6406.0,0.1,270.654
2021-08-21,Massachusetts,6684.0,0.1,271.903
2021-08-28,Massachusetts,5747.0,0.1,271.903
2021-09-04,Massachusetts,5961.0,0.1,271.903
2021-09-11,Massachusetts,7512.0,0.09,271.903
2021-09-18,Massachusetts,7132.0,0.09,272.676
2021-09-25,Massachusetts,4819.0,0.09,272.676
2021-10-02,Massachusetts,4626.0,0.09,272.676
2021-10-09,Massachusetts,4897.0,0.08,272.676
2021-10-16,Massachusetts,4708.0,0.08,272.676
2021-10-23,Massachusetts,5681.0,0.08,273.91
2021-10-30,Massachusetts,5901.0,0.08,273.91
2021-11-06,Massachusetts,6529.0,0.08,273.91
2021-11-13,Massachusetts,8798.0,0.08,273.91
2021-11-20,Massachusetts,7388.0,0.08,276.55
2021-11-27,Massachusetts,6855.0,0.08,276.55
2021-12-04,Massachusetts,7799.0,0.08,276.55
2021-12-11,Massachusetts,7465.0,0.08,276.55
2021-12-18,Massachusetts,7623.0,0.08,278.919
2021-12-25,Massachusetts,9883.0,0.08,278.919
2022-01-01,Massachusetts,13616.0,0.08,278.919
2022-01-08,Massachusetts,11537.0,0.08,278.919
2022-01-15,Massachusetts,9510.0,0.08,278.919
2022-01-22,Massachusetts,7392.0,0.08,280.845
2022-01-29,Massachusetts,6071.0,0.08,280.845
2022-02-05,Massachusetts,5988.0,0.08,280.845
2022-02-12,Massachusetts,5264.0,0.08,280.845
2022-02-19,Massachusetts,4694.0,0.08,282.543
2022-02-26,Massachusetts,7895.0,0.08,282.543
2022-03-05,Massachusetts,5580.0,0.08,282.543
2022-03-12,Massachusetts,4464.0,0.08,282.543
2022-03-19,Massachusetts,3808.0,0.08,282.543
2022-03-26,Massachusetts,3817.0,0.08,284.5
2022-04-02,Massachusetts,3555.0,0.08,284.5
2022-04-09,Massachusetts,4181.0,0.2,284.5
2022-04-16,Massachusetts,3984.0,0.2,284.5
2022-04-23,Massachusetts,7475.0,0.2,287.674
2022-04-30,Massachusetts,4446.0,0.2,287.674
2022-05-07,Massachusetts,3831.0,0.2,287.674
2022-05-14,Massachusetts,4084.0,0.33,287.674
2022-05-21,Massachusetts,4081.0,0.33,288.561
2022-05-28,Massachusetts,4130.0,0.33,288.561
2022-06-04,Massachusetts,3737.0,0.33,288.561
2022-06-11,Massachusetts,3868.0,0.77,288.561
2022-06-18,Massachusetts,4350.0,0.77,291.298
2022-06-25,Massachusetts,7567.0,0.77,291.298
2022-07-02,Massachusetts,7949.0,0.77,291.298
2022-07-09,Massachusetts,8930.0,1.21,291.298
2022-07-16,Massachusetts,1507.0,1.21,291.298
2022-07-23,Massachusetts,1323.0,1.21,294.957
2022-07-30,Massachusetts,1326.0,1.21,294.957
2022-08-06,Massachusetts,1443.0,1.21,294.957
2022-08-13,Massachusetts,1252.0,1.68,294.957
2022-08-20,Massachusetts,1152.0,1.68,294.913
2022-08-27,Massachusetts,1061.0,1.68,294.913
2022-09-03,Massachusetts,1221.0,1.68,294.913
2022-09-10,Massachusetts,1085.0,2.33,294.913
2022-09-17,Massachusetts,1180.0,2.33,295.097
2022-09-24,Massachusetts,1183.0,2.33,295.097
2022-10-01,Massachusetts,3428.0,2.33,295.097
2022-10-08,Massachusetts,4300.0,2.56,295.097
2022-10-15,Massachusetts,3951.0,2.56,295.097
2022-10-22,Massachusetts,4531.0,2.56,296.349
2022-10-29,Massachusetts,4675.0,2.56,296.349
2022-11-05,Massachusetts,5416.0,2.56,296.349
2022-11-12,Massachusetts,5284.0,3.08,296.349
2022-11-19,Massachusetts,5860.0,3.08,298.007
2022-11-26,Massachusetts,5990.0,3.08,298.007
2022-12-03,Massachusetts,7491.0,3.08,298.007
2022-12-10,Massachusetts,7450.0,3.78,298.007
2022-12-17,Massachusetts,8955.0,3.78,298.007
2022-12-24,Massachusetts,9700.0,3.78,298.786
2022-12-31,Massachusetts,12370.0,3.78,298.786
2023-01-07,Massachusetts,10785.0,4.1,298.786
2023-01-14,Massachusetts,8815.0,4.1,298.786
2023-01-21,Massachusetts,6963.0,4.1,298.832
2023-01-28,Massachusetts,6963.0,4.1,298.832
2023-02-04,Massachusetts,6727.0,4.1,298.832
2023-02-11,Massachusetts,7470.0,4.33,298.832
2023-02-18,Massachusetts,6834.0,4.33,300.42
2023-02-25,Massachusetts,2530.0,4.33,300.42
2023-03-04,Massachusetts,1446.0,4.33,300.42
2023-03-11,Massachusetts,2633.0,4.57,300.42
2023-03-18,Massachusetts,2363.0,4.57,300.42
2023-03-25,Massachusetts,4038.0,4.57,301.45
2023-04-01,Massachusetts,3893.0,4.57,301.45
2023-04-08,Massachusetts,4428.0,4.65,301.45
2023-04-15,Massachusetts,4160.0,4.65,301.45
2023-04-22,Massachusetts,4108.0,4.65,301.821
2023-04-29,Massachusetts,2939.0,4.65,301.821
2023-05-06,Massachusetts,5490.0,4.65,301.821
2023-05-13,Massachusetts,3830.0,4.83,301.821
2023-05-20,Massachusetts,1703.0,4.83,302.845
2023-05-27,Massachusetts,1805.0,4.83,302.845
2023-06-03,Massachusetts,2347.0,4.83,302.845
2023-06-10,Massachusetts,1692.0,5.06,302.845
2023-06-17,Massachusetts,1856.0,5.06,303.334
2023-06-24,Massachusetts,2330.0,5.06,303.334
2023-07-01,Massachusetts,3445.0,5.06,303.334
2023-07-08,Massachusetts,3560.0,5.08,303.334
2023-07-15,Massachusetts,3077.0,5.08,303.334
2023-07-22,Massachusetts,2926.0,5.08,304.014
2023-07-29,Massachusetts,2510.0,5.08,304.014
2023-08-05,Massachusetts,2538.0,5.08,304.014
2023-08-12,Massachusetts,2129.0,5.12,304.014
2023-08-19,Massachusetts,2144.0,5.12,304.609
2023-08-26,Massachusetts,2218.0,5.12,304.609
2023-09-02,Massachusetts,2564.0,5.12,304.609
2023-09-09,Massachusetts,2225.0,5.33,304.609
2023-09-16,Massachusetts,2182.0,5.33,304.609
2023-09-23,Massachusetts,2233.0,5.33,306.082
2023-09-30,Massachusetts,2087.0,5.33,306.082
2023-10-07,Massachusetts,2489.0,5.33,306.082
2023-10-14,Massachusetts,2390.0,5.33,306.082
2023-10-21,Massachusetts,2574.0,5.33,307.276
2023-10-28,Massachusetts,2521.0,5.33,307.276
2023-11-04,Massachusetts,3018.0,5.33,307.276
2023-11-11,Massachusetts,6037.0,5.33,307.276
2023-11-18,Massachusetts,6415.0,5.33,307.696
2023-11-25,Massachusetts,6673.0,5.33,307.696
2023-12-02,Massachusetts,7576.0,5.33,307.696
2023-12-09,Massachusetts,7874.0,5.33,307.696
2023-12-16,Massachusetts,8306.0,5.33,307.696
2023-12-23,Massachusetts,9760.0,5.33,308.148
2023-12-30,Massachusetts,12511.0,5.33,308.148
2024-01-06,Massachusetts,9170.0,5.33,308.148
2024-01-13,Massachusetts,8555.0,5.33,308.148
2024-01-20,Massachusetts,7630.0,5.33,308.741
2024-01-27,Massachusetts,6732.0,5.33,308.741
2024-02-03,Massachusetts,6131.0,5.33,308.741
2024-02-10,Massachusetts,5646.0,5.33,308.741
2024-02-17,Massachusetts,5296.0,5.33,309.698
2024-02-24,Massachusetts,9328.0,5.33,309.698
2024-03-02,Massachusetts,5434.0,5.33,309.698
2024-03-09,Massachusetts,5129.0,5.33,309.698
2024-03-16,Massachusetts,4671.0,5.33,309.698
2024-03-23,Massachusetts,4704.0,5.33,310.967
2024-03-30,Massachusetts,5218.0,5.33,310.967
2024-04-06,Massachusetts,5030.0,5.33,310.967
2024-04-13,Massachusetts,4538.0,5.33,310.967
2024-04-20,Massachusetts,8113.0,5.33,312.345
2024-04-27,Massachusetts,4807.0,5.33,312.345
2024-05-04,Massachusetts,4618.0,5.33,312.345
2024-05-11,Massachusetts,4981.0,5.33,312.345
2024-05-18,Massachusetts,4639.0,5.33,313.023
2024-05-25,Massachusetts,4699.0,5.33,313.023
2024-06-01,Massachusetts,4506.0,5.33,313.023
2024-06-08,Massachusetts,4870.0,5.33,313.023
2024-06-15,Massachusetts,5226.0,5.33,313.023
2024-06-22,Massachusetts,9011.0,5.33,313.175
2024-06-29,Massachusetts,9039.0,5.33,313.175
2024-07-06,Massachusetts,8033.0,5.33,313.175
2024-07-13,Massachusetts,6502.0,5.33,313.175
2024-07-20,Massachusetts,4602.0,5.33,313.044
2024-07-27,Massachusetts,6729.0,5.33,313.044
2024-08-03,Massachusetts,6347.0,5.33,313.044
2024-08-10,Massachusetts,5375.0,5.33,313.044
2024-08-17,Massachusetts,5035.0,5.33,313.569
2024-08-24,Massachusetts,5783.0,5.33,313.569
2024-08-31,Massachusetts,8013.0,5.33,313.569
2024-09-07,Massachusetts,7276.0,5.33,313.569
2024-09-14,Massachusetts,5307.0,5.33,313.569
2024-09-21,Massachusetts,4776.0,5.33,314.062
2024-09-28,Massachusetts,4941.0,5.33,314.062
2024-10-05,Massachusetts,4929.0,5.33,314.062
2024-10-12,Massachusetts,5702.0,5.13,314.062
2024-10-19,Massachusetts,5272.0,5.13,314.732
2024-10-26,Massachusetts,5084.0,5.13,314.732
2024-11-02,Massachusetts,5589.0,5.13,314.732
2024-11-09,Massachusetts,6588.0,4.83,314.732
2024-11-16,Massachusetts,5924.0,4.83,314.732
2024-11-23,Massachusetts,6626.0,4.83,315.631
2024-11-30,Massachusetts,6735.0,4.83,315.631
2024-12-07,Massachusetts,9425.0,4.83,315.631
2024-12-14,Massachusetts,8870.0,4.64,315.631
2024-12-21,Massachusetts,10663.0,4.64,316.528
2024-12-28,Massachusetts,14274.0,4.64,316.528
2025-01-04,Massachusetts,10073.0,4.64,316.528
2025-01-11,Massachusetts,9908.0,4.48,316.528
2025-01-18,Massachusetts,7886.0,4.48,317.604
2025-01-25,Massachusetts,6601.0,4.48,317.604
2025-02-01,Massachusetts,5747.0,4.48,317.604
2025-02-08,Massachusetts,6077.0,4.33,317.604
2025-02-15,Massachusetts,5448.0,4.33,317.604
2025-02-22,Massachusetts,9256.0,4.33,318.961
2025-03-01,Massachusetts,5371.0,4.33,318.961
2025-03-08,Massachusetts,5485.0,4.33,318.961
2025-03-15,Massachusetts,4854.0,4.33,318.961
2025-03-22,Massachusetts,4879.0,4.33,319.679
2025-03-29,Massachusetts,4276.0,4.33,319.679
2025-04-05,Massachusetts,4892.0,4.33,319.679
2025-04-12,Massachusetts,4855.0,4.33,319.679
2025-04-19,Massachusetts,4878.0,4.33,319.785
2025-04-26,Massachusetts,8179.0,4.33,319.785
2025-05-03,Massachusetts,4186.0,4.33,319.785
2025-05-10,Massachusetts,6525.0,4.33,319.785
2025-05-17,Massachusetts,6126.0,4.33,319.785
2025-05-24,Massachusetts,5379.0,4.33,320.302
2025-05-31,Massachusetts,3794.0,4.33,320.302
2025-06-07,Massachusetts,4736.0,4.33,320.302
2025-06-14,Massachusetts,4675.0,4.33,320.302
2025-06-21,Massachusetts,5766.0,4.33,320.62
2025-06-28,Massachusetts,6096.0,4.33,320.62
2025-07-05,Massachusetts,5861.0,4.33,320.62
2025-07-12,Massachusetts,5316.0,4.33,320.62
2025-07-19,Massachusetts,4627.0,4.33,321.435
2025-07-26,Massachusetts,4151.0,4.33,321.435
2025-08-02,Massachusetts,4414.0,4.33,321.435
2025-08-09,Massachusetts,4565.0,4.33,321.435
2025-08-16,Massachusetts,4373.0,4.33,321.435
2025-08-23,Massachusetts,4309.0,4.33,322.169
2025-08-30,Massachusetts,4422.0,4.33,322.169
2025-09-06,Massachusetts,3592.0,4.33,322.169
2025-09-13,Massachusetts,4461.0,4.33,322.169
2025-09-20,Massachusetts,3858.0,4.33,323.291
2025-09-27,Massachusetts,4437.0,4.33,323.291
2025-10-04,Massachusetts,5051.0,4.33,323.291
2025-10-11,Massachusetts,5297.0,4.22,323.291
2025-10-18,Massachusetts,4978.0,4.22,324.245
2025-10-25,Massachusetts,5033.0,4.22,324.245
2025-11-01,Massachusetts,5422.0,4.22,324.245
2025-11-08,Massachusetts,6406.0,4.09,324.245
2025-11-15,Massachusetts,5811.0,4.09,324.245
2025-11-22,Massachusetts,6191.0,4.09,324.245
2025-11-29,Massachusetts,5013.0,4.09,324.245
2025-12-06,Massachusetts,8029.0,4.09,324.245
2025-12-13,Massachusetts,7892.0,3.88,324.245
2025-12-20,Massachusetts,8517.0,3.88,325.063
2025-12-27,Massachusetts,7891.0,3.88,325.063
2026-01-03,Massachusetts,7564.0,3.88,325.063
2026-01-10,Massachusetts,9285.0,3.72,325.063
2026-01-17,Massachusetts,7729.0,3.72,326.031
2026-01-24,Massachusetts,6430.0,3.72,326.031
2026-01-31,Massachusetts,6467.0,3.72,326.031
2026-02-07,Massachusetts,6881.0,3.64,326.031
2026-02-14,Massachusetts,5722.0,3.64,326.031
2026-02-21,Massachusetts,5693.0,3.64,326.588
2026-02-28,Massachusetts,4713.0,3.64,326.588
2026-03-07,Massachusetts,5492.0,3.64,326.588
2026-03-14,Massachusetts,4651.0,3.64,326.588
2026-03-21,Massachusetts,4303.0,3.64,327.46
2026-03-28,Massachusetts,3844.0,3.64,327.46
2026-04-04,Massachusetts,4544.0,3.64,327.46
2026-04-11,Massachusetts,4335.0,3.64,327.46
2026-04-18,Massachusetts,4329.0,3.64,330.293
2026-04-25,Massachusetts,4670.0,3.64,330.293
2026-05-02,Massachusetts,4551.0,3.64,330.293
2026-05-09,Massachusetts,4506.0,3.64,330.293
2026-05-16,Massachusetts,4829.0,3.64,330.293
2026-05-23,Massachusetts,4861.0,3.64,332.407
2026-05-30,Massachusetts,4192.0,3.64,332.407
2026-06-06,Massachusetts,4805.0,3.64,332.407
2026-06-13,Massachusetts,4573.0,3.63,332.407
2026-06-20,Massachusetts,4857.0,3.63,333.979
2026-06-27,Massachusetts,6680.0,3.63,333.979
2026-07-04,Massachusetts,7337.0,3.63,333.979
2026-07-11,Massachusetts,5995.0,3.63,333.979
2026-07-18,Massachusetts,5037.0,3.63,332.568
2026-07-25,Massachusetts,4264.0,3.63,332.568
2026-08-01,Massachusetts,4199.0,3.63,332.568
2026-08-08,Massachusetts,4618.0,3.63,332.568
2026-08-15,Massachusetts,4113.0,3.63,332.568
2026-08-22,Massachusetts,4286.0,3.63,332.813
2013-01-05,Michigan,24756.0,0.16,231.249
2013-01-12,Michigan,22363.0,0.16,231.249
2013-01-19,Michigan,16671.0,0.16,231.221
2013-01-26,Michigan,13876.0,0.16,231.221
2013-02-02,Michigan,12865.0,0.16,231.221
2013-02-09,Michigan,12800.0,0.14,231.221
2013-02-16,Michigan,11349.0,0.14,231.221
2013-02-23,Michigan,11044.0,0.14,231.679
2013-03-02,Michigan,10135.0,0.14,231.679
2013-03-09,Michigan,10330.0,0.14,231.679
2013-03-16,Michigan,9238.0,0.15,231.679
2013-03-23,Michigan,9631.0,0.15,232.937
2013-03-30,Michigan,9677.0,0.15,232.937
2013-04-06,Michigan,12571.0,0.15,232.937
2013-04-13,Michigan,6573.0,0.14,232.937
2013-04-20,Michigan,12745.0,0.14,232.282
2013-04-27,Michigan,9752.0,0.14,232.282
2013-05-04,Michigan,9758.0,0.14,232.282
2013-05-11,Michigan,10504.0,0.15,232.282
2013-05-18,Michigan,11138.0,0.15,231.797
2013-05-25,Michigan,8953.0,0.15,231.797
2013-06-01,Michigan,8135.0,0.15,231.797
2013-06-08,Michigan,9432.0,0.11,231.797
2013-06-15,Michigan,10546.0,0.11,231.797
2013-06-22,Michigan,9819.0,0.11,231.893
2013-06-29,Michigan,11633.0,0.11,231.893
2013-07-06,Michigan,29333.0,0.11,231.893
2013-07-13,Michigan,17364.0,0.09,231.893
2013-07-20,Michigan,17471.0,0.09,232.445
2013-07-27,Michigan,8824.0,0.09,232.445
2013-08-03,Michigan,8262.0,0.09,232.445
2013-08-10,Michigan,8020.0,0.09,232.445
2013-08-17,Michigan,7683.0,0.09,232.9
2013-08-24,Michigan,8229.0,0.09,232.9
2013-08-31,Michigan,7763.0,0.09,232.9
2013-09-07,Michigan,7601.0,0.08,232.9
2013-09-14,Michigan,7385.0,0.08,232.9
2013-09-21,Michigan,7334.0,0.08,233.456
2013-09-28,Michigan,5273.0,0.08,233.456
2013-10-05,Michigan,9046.0,0.08,233.456
2013-10-12,Michigan,9800.0,0.08,233.456
2013-10-19,Michigan,8770.0,0.08,233.544
2013-10-26,Michigan,9742.0,0.08,233.544
2013-11-02,Michigan,12462.0,0.08,233.544
2013-11-09,Michigan,14733.0,0.09,233.544
2013-11-16,Michigan,11332.0,0.09,233.544
2013-11-23,Michigan,14758.0,0.09,233.669
2013-11-30,Michigan,12191.0,0.09,233.669
2013-12-07,Michigan,16015.0,0.09,233.669
2013-12-14,Michigan,15997.0,0.08,233.669
2013-12-21,Michigan,20862.0,0.08,234.1
2013-12-28,Michigan,36918.0,0.08,234.1
2014-01-04,Michigan,19283.0,0.08,234.1
2014-01-11,Michigan,19835.0,0.09,234.1
2014-01-18,Michigan,18025.0,0.09,234.719
2014-01-25,Michigan,14096.0,0.09,234.719
2014-02-01,Michigan,11685.0,0.09,234.719
2014-02-08,Michigan,11237.0,0.07,234.719
2014-02-15,Michigan,13366.0,0.07,234.719
2014-02-22,Michigan,11044.0,0.07,235.288
2014-03-01,Michigan,10645.0,0.07,235.288
2014-03-08,Michigan,8674.0,0.07,235.288
2014-03-15,Michigan,7747.0,0.07,235.288
2014-03-22,Michigan,7372.0,0.07,235.547
2014-03-29,Michigan,8226.0,0.07,235.547
2014-04-05,Michigan,12511.0,0.07,235.547
2014-04-12,Michigan,15411.0,0.08,235.547
2014-04-19,Michigan,14164.0,0.08,236.028
2014-04-26,Michigan,7522.0,0.08,236.028
2014-05-03,Michigan,7778.0,0.08,236.028
2014-05-10,Michigan,7628.0,0.09,236.028
2014-05-17,Michigan,13437.0,0.09,236.028
2014-05-24,Michigan,6754.0,0.09,236.468
2014-05-31,Michigan,6582.0,0.09,236.468
2014-06-07,Michigan,7312.0,0.09,236.468
2014-06-14,Michigan,7162.0,0.09,236.468
2014-06-21,Michigan,7731.0,0.09,236.918
2014-06-28,Michigan,8714.0,0.09,236.918
2014-07-05,Michigan,18535.0,0.09,236.918
2014-07-12,Michigan,11689.0,0.1,236.918
2014-07-19,Michigan,10475.0,0.1,237.231
2014-07-26,Michigan,6702.0,0.1,237.231
2014-08-02,Michigan,7484.0,0.1,237.231
2014-08-09,Michigan,8907.0,0.09,237.231
2014-08-16,Michigan,7506.0,0.09,237.231
2014-08-23,Michigan,9351.0,0.09,237.498
2014-08-30,Michigan,9697.0,0.09,237.498
2014-09-06,Michigan,8580.0,0.09,237.498
2014-09-13,Michigan,6107.0,0.09,237.498
2014-09-20,Michigan,8101.0,0.09,237.46
2014-09-27,Michigan,6019.0,0.09,237.46
2014-10-04,Michigan,6462.0,0.09,237.46
2014-10-11,Michigan,9672.0,0.09,237.46
2014-10-18,Michigan,11281.0,0.09,237.477
2014-10-25,Michigan,7432.0,0.09,237.477
2014-11-01,Michigan,9353.0,0.09,237.477
2014-11-08,Michigan,11319.0,0.09,237.477
2014-11-15,Michigan,10333.0,0.09,237.477
2014-11-22,Michigan,13350.0,0.09,237.43
2014-11-29,Michigan,10824.0,0.09,237.43
2014-12-06,Michigan,13142.0,0.09,237.43
2014-12-13,Michigan,11592.0,0.09,237.43
2014-12-20,Michigan,13685.0,0.09,236.983
2014-12-27,Michigan,25229.0,0.09,236.983
2015-01-03,Michigan,19753.0,0.09,236.983
2015-01-10,Michigan,20281.0,0.12,236.983
2015-01-17,Michigan,15823.0,0.12,236.252
2015-01-24,Michigan,9365.0,0.12,236.252
2015-01-31,Michigan,10420.0,0.12,236.252
2015-02-07,Michigan,10561.0,0.11,236.252
2015-02-14,Michigan,8580.0,0.11,236.252
2015-02-21,Michigan,10261.0,0.11,234.747
2015-02-28,Michigan,8175.0,0.11,234.747
2015-03-07,Michigan,7464.0,0.11,234.747
2015-03-14,Michigan,7921.0,0.11,234.747
2015-03-21,Michigan,6366.0,0.11,235.342
2015-03-28,Michigan,5823.0,0.11,235.342
2015-04-04,Michigan,6508.0,0.11,235.342
2015-04-11,Michigan,9551.0,0.11,235.342
2015-04-18,Michigan,9938.0,0.11,235.976
2015-04-25,Michigan,5759.0,0.11,235.976
2015-05-02,Michigan,5436.0,0.11,235.976
2015-05-09,Michigan,5588.0,0.12,235.976
2015-05-16,Michigan,5790.0,0.12,235.976
2015-05-23,Michigan,5636.0,0.12,236.222
2015-05-30,Michigan,5608.0,0.12,236.222
2015-06-06,Michigan,5923.0,0.12,236.222
2015-06-13,Michigan,5862.0,0.12,236.222
2015-06-20,Michigan,7253.0,0.12,237.001
2015-06-27,Michigan,8178.0,0.12,237.001
2015-07-04,Michigan,18139.0,0.12,237.001
2015-07-11,Michigan,13104.0,0.13,237.001
2015-07-18,Michigan,10098.0,0.13,237.657
2015-07-25,Michigan,6095.0,0.13,237.657
2015-08-01,Michigan,5700.0,0.13,237.657
2015-08-08,Michigan,5723.0,0.13,237.657
2015-08-15,Michigan,7020.0,0.13,237.657
2015-08-22,Michigan,5917.0,0.13,238.034
2015-08-29,Michigan,5214.0,0.13,238.034
2015-09-05,Michigan,5802.0,0.13,238.034
2015-09-12,Michigan,5120.0,0.14,238.034
2015-09-19,Michigan,5250.0,0.14,238.033
2015-09-26,Michigan,8087.0,0.14,238.033
2015-10-03,Michigan,5651.0,0.14,238.033
2015-10-10,Michigan,7162.0,0.14,238.033
2015-10-17,Michigan,9279.0,0.14,238.033
2015-10-24,Michigan,6679.0,0.14,237.498
2015-10-31,Michigan,10621.0,0.14,237.498
2015-11-07,Michigan,10101.0,0.12,237.498
2015-11-14,Michigan,8830.0,0.12,237.498
2015-11-21,Michigan,10411.0,0.12,237.733
2015-11-28,Michigan,10815.0,0.12,237.733
2015-12-05,Michigan,12967.0,0.12,237.733
2015-12-12,Michigan,13872.0,0.12,237.733
2015-12-19,Michigan,11286.0,0.12,238.017
2015-12-26,Michigan,17634.0,0.12,238.017
2016-01-02,Michigan,20089.0,0.12,238.017
2016-01-09,Michigan,19498.0,0.24,238.017
2016-01-16,Michigan,15024.0,0.24,238.017
2016-01-23,Michigan,9988.0,0.24,237.761
2016-01-30,Michigan,9245.0,0.24,237.761
2016-02-06,Michigan,9630.0,0.24,237.761
2016-02-13,Michigan,8473.0,0.34,237.761
2016-02-20,Michigan,7483.0,0.34,237.652
2016-02-27,Michigan,6429.0,0.34,237.652
2016-03-05,Michigan,7004.0,0.34,237.652
2016-03-12,Michigan,6861.0,0.38,237.652
2016-03-19,Michigan,6986.0,0.38,237.336
2016-03-26,Michigan,6373.0,0.38,237.336
2016-04-02,Michigan,6144.0,0.38,237.336
2016-04-09,Michigan,7294.0,0.36,237.336
2016-04-16,Michigan,5717.0,0.36,237.336
2016-04-23,Michigan,5152.0,0.36,238.08
2016-04-30,Michigan,9155.0,0.36,238.08
2016-05-07,Michigan,12433.0,0.36,238.08
2016-05-14,Michigan,8779.0,0.37,238.08
2016-05-21,Michigan,5704.0,0.37,238.992
2016-05-28,Michigan,5546.0,0.37,238.992
2016-06-04,Michigan,5316.0,0.37,238.992
2016-06-11,Michigan,5733.0,0.37,238.992
2016-06-18,Michigan,6023.0,0.37,239.557
2016-06-25,Michigan,8727.0,0.37,239.557
2016-07-02,Michigan,8326.0,0.37,239.557
2016-07-09,Michigan,17523.0,0.38,239.557
2016-07-16,Michigan,8104.0,0.38,239.557
2016-07-23,Michigan,10702.0,0.38,240.222
2016-07-30,Michigan,8838.0,0.38,240.222
2016-08-06,Michigan,6652.0,0.38,240.222
2016-08-13,Michigan,6218.0,0.39,240.222
2016-08-20,Michigan,8870.0,0.39,240.101
2016-08-27,Michigan,7769.0,0.39,240.101
2016-09-03,Michigan,5545.0,0.39,240.101
2016-09-10,Michigan,5399.0,0.4,240.101
2016-09-17,Michigan,6184.0,0.4,240.545
2016-09-24,Michigan,8340.0,0.4,240.545
2016-10-01,Michigan,5540.0,0.4,240.545
2016-10-08,Michigan,7050.0,0.4,240.545
2016-10-15,Michigan,9924.0,0.4,240.545
2016-10-22,Michigan,8034.0,0.4,241.176
2016-10-29,Michigan,7026.0,0.4,241.176
2016-11-05,Michigan,9042.0,0.4,241.176
2016-11-12,Michigan,8314.0,0.4,241.176
2016-11-19,Michigan,10582.0,0.4,241.741
2016-11-26,Michigan,9632.0,0.4,241.741
2016-12-03,Michigan,12089.0,0.4,241.741
2016-12-10,Michigan,12390.0,0.41,241.741
2016-12-17,Michigan,14073.0,0.41,241.741
2016-12-24,Michigan,16993.0,0.41,242.026
2016-12-31,Michigan,20957.0,0.41,242.026
2017-01-07,Michigan,17543.0,0.54,242.026
2017-01-14,Michigan,12743.0,0.54,242.026
2017-01-21,Michigan,10602.0,0.54,242.637
2017-01-28,Michigan,10956.0,0.54,242.637
2017-02-04,Michigan,9724.0,0.54,242.637
2017-02-11,Michigan,8392.0,0.65,242.637
2017-02-18,Michigan,10023.0,0.65,243.618
2017-02-25,Michigan,6629.0,0.65,243.618
2017-03-04,Michigan,6464.0,0.65,243.618
2017-03-11,Michigan,6595.0,0.66,243.618
2017-03-18,Michigan,6210.0,0.66,243.618
2017-03-25,Michigan,8431.0,0.66,244.006
2017-04-01,Michigan,7441.0,0.66,244.006
2017-04-08,Michigan,6753.0,0.79,244.006
2017-04-15,Michigan,5786.0,0.79,244.006
2017-04-22,Michigan,5533.0,0.79,243.892
2017-04-29,Michigan,5585.0,0.79,243.892
2017-05-06,Michigan,5952.0,0.79,243.892
2017-05-13,Michigan,5430.0,0.9,243.892
2017-05-20,Michigan,7064.0,0.9,244.193
2017-05-27,Michigan,5568.0,0.9,244.193
2017-06-03,Michigan,5179.0,0.9,244.193
2017-06-10,Michigan,5618.0,0.91,244.193
2017-06-17,Michigan,6044.0,0.91,244.004
2017-06-24,Michigan,7260.0,0.91,244.004
2017-07-01,Michigan,8975.0,0.91,244.004
2017-07-08,Michigan,17620.0,1.04,244.004
2017-07-15,Michigan,10751.0,1.04,244.004
2017-07-22,Michigan,10809.0,1.04,244.163
2017-07-29,Michigan,5570.0,1.04,244.163
2017-08-05,Michigan,5701.0,1.04,244.163
2017-08-12,Michigan,6373.0,1.15,244.163
2017-08-19,Michigan,6549.0,1.15,244.243
2017-08-26,Michigan,6485.0,1.15,244.243
2017-09-02,Michigan,10026.0,1.15,244.243
2017-09-09,Michigan,5543.0,1.16,244.243
2017-09-16,Michigan,5235.0,1.16,244.243
2017-09-23,Michigan,8870.0,1.16,245.183
2017-09-30,Michigan,5385.0,1.16,245.183
2017-10-07,Michigan,8136.0,1.16,245.183
2017-10-14,Michigan,5865.0,1.15,245.183
2017-10-21,Michigan,6249.0,1.15,246.435
2017-10-28,Michigan,6889.0,1.15,246.435
2017-11-04,Michigan,10695.0,1.15,246.435
2017-11-11,Michigan,8054.0,1.15,246.435
2017-11-18,Michigan,10350.0,1.15,246.626
2017-11-25,Michigan,10309.0,1.15,246.626
2017-12-02,Michigan,14401.0,1.15,246.626
2017-12-09,Michigan,15571.0,1.16,246.626
2017-12-16,Michigan,15053.0,1.16,246.626
2017-12-23,Michigan,17085.0,1.16,247.284
2017-12-30,Michigan,23005.0,1.16,247.284
2018-01-06,Michigan,19854.0,1.16,247.284
2018-01-13,Michigan,15190.0,1.3,247.284
2018-01-20,Michigan,14269.0,1.3,247.805
2018-01-27,Michigan,12320.0,1.3,247.805
2018-02-03,Michigan,11852.0,1.3,247.805
2018-02-10,Michigan,12417.0,1.41,247.805
2018-02-17,Michigan,7597.0,1.41,248.859
2018-02-24,Michigan,6463.0,1.41,248.859
2018-03-03,Michigan,5826.0,1.41,248.859
2018-03-10,Michigan,5493.0,1.42,248.859
2018-03-17,Michigan,4737.0,1.42,248.859
2018-03-24,Michigan,4790.0,1.42,249.529
2018-03-31,Michigan,6261.0,1.42,249.529
2018-04-07,Michigan,5691.0,1.51,249.529
2018-04-14,Michigan,4826.0,1.51,249.529
2018-04-21,Michigan,4826.0,1.51,249.577
2018-04-28,Michigan,4135.0,1.51,249.577
2018-05-05,Michigan,4366.0,1.51,249.577
2018-05-12,Michigan,5026.0,1.69,249.577
2018-05-19,Michigan,6721.0,1.69,250.227
2018-05-26,Michigan,7744.0,1.69,250.227
2018-06-02,Michigan,4106.0,1.69,250.227
2018-06-09,Michigan,4301.0,1.7,250.227
2018-06-16,Michigan,4410.0,1.7,250.227
2018-06-23,Michigan,5635.0,1.7,250.792
2018-06-30,Michigan,7128.0,1.7,250.792
2018-07-07,Michigan,16402.0,1.7,250.792
2018-07-14,Michigan,7139.0,1.82,250.792
2018-07-21,Michigan,10842.0,1.82,251.018
2018-07-28,Michigan,4845.0,1.82,251.018
2018-08-04,Michigan,4768.0,1.82,251.018
2018-08-11,Michigan,5078.0,1.91,251.018
2018-08-18,Michigan,4567.0,1.91,251.214
2018-08-25,Michigan,5494.0,1.91,251.214
2018-09-01,Michigan,4079.0,1.91,251.214
2018-09-08,Michigan,4477.0,1.91,251.214
2018-09-15,Michigan,4161.0,1.91,251.214
2018-09-22,Michigan,4538.0,1.91,251.663
2018-09-29,Michigan,4521.0,1.91,251.663
2018-10-06,Michigan,6850.0,1.91,251.663
2018-10-13,Michigan,4726.0,1.95,251.663
2018-10-20,Michigan,4970.0,1.95,252.182
2018-10-27,Michigan,6187.0,1.95,252.182
2018-11-03,Michigan,11040.0,1.95,252.182
2018-11-10,Michigan,7545.0,2.19,252.182
2018-11-17,Michigan,7869.0,2.19,252.772
2018-11-24,Michigan,7392.0,2.19,252.772
2018-12-01,Michigan,11611.0,2.19,252.772
2018-12-08,Michigan,11332.0,2.2,252.772
2018-12-15,Michigan,13059.0,2.2,252.772
2018-12-22,Michigan,12213.0,2.2,252.594
2018-12-29,Michigan,20210.0,2.2,252.594
2019-01-05,Michigan,15380.0,2.2,252.594
2019-01-12,Michigan,16109.0,2.27,252.594
2019-01-19,Michigan,9655.0,2.27,252.767
2019-01-26,Michigan,8855.0,2.27,252.767
2019-02-02,Michigan,9017.0,2.27,252.767
2019-02-09,Michigan,10373.0,2.4,252.767
2019-02-16,Michigan,6400.0,2.4,252.767
2019-02-23,Michigan,6241.0,2.4,252.561
2019-03-02,Michigan,5485.0,2.4,252.561
2019-03-09,Michigan,5927.0,2.4,252.561
2019-03-16,Michigan,5156.0,2.4,252.561
2019-03-23,Michigan,4887.0,2.4,253.319
2019-03-30,Michigan,4737.0,2.4,253.319
2019-04-06,Michigan,6682.0,2.4,253.319
2019-04-13,Michigan,5579.0,2.41,253.319
2019-04-20,Michigan,4842.0,2.41,254.277
2019-04-27,Michigan,4691.0,2.41,254.277
2019-05-04,Michigan,4637.0,2.41,254.277
2019-05-11,Michigan,5016.0,2.42,254.277
2019-05-18,Michigan,5866.0,2.42,255.233
2019-05-25,Michigan,8403.0,2.42,255.233
2019-06-01,Michigan,4112.0,2.42,255.233
2019-06-08,Michigan,5010.0,2.39,255.233
2019-06-15,Michigan,4719.0,2.39,255.233
2019-06-22,Michigan,5219.0,2.39,255.296
2019-06-29,Michigan,6890.0,2.39,255.296
2019-07-06,Michigan,13619.0,2.39,255.296
2019-07-13,Michigan,8058.0,2.38,255.296
2019-07-20,Michigan,9548.0,2.38,255.213
2019-07-27,Michigan,5119.0,2.38,255.213
2019-08-03,Michigan,4434.0,2.38,255.213
2019-08-10,Michigan,4272.0,2.4,255.213
2019-08-17,Michigan,4056.0,2.4,255.802
2019-08-24,Michigan,3791.0,2.4,255.802
2019-08-31,Michigan,4353.0,2.4,255.802
2019-09-07,Michigan,3988.0,2.13,255.802
2019-09-14,Michigan,3573.0,2.13,255.802
2019-09-21,Michigan,7831.0,2.13,256.036
2019-09-28,Michigan,7406.0,2.13,256.036
2019-10-05,Michigan,6803.0,2.13,256.036
2019-10-12,Michigan,7267.0,2.04,256.036
2019-10-19,Michigan,6180.0,2.04,256.43
2019-10-26,Michigan,5571.0,2.04,256.43
2019-11-02,Michigan,6072.0,2.04,256.43
2019-11-09,Michigan,7559.0,1.83,256.43
2019-11-16,Michigan,8872.0,1.83,256.43
2019-11-23,Michigan,9288.0,1.83,257.155
2019-11-30,Michigan,8005.0,1.83,257.155
2019-12-07,Michigan,10520.0,1.83,257.155
2019-12-14,Michigan,10201.0,1.55,257.155
2019-12-21,Michigan,10838.0,1.55,257.879
2019-12-28,Michigan,18896.0,1.55,257.879
2020-01-04,Michigan,13207.0,1.55,257.879
2020-01-11,Michigan,14245.0,1.55,257.879
2020-01-18,Michigan,10304.0,1.55,258.63
2020-01-25,Michigan,7678.0,1.55,258.63
2020-02-01,Michigan,6869.0,1.55,258.63
2020-02-08,Michigan,6627.0,1.55,258.63
2020-02-15,Michigan,5587.0,1.55,258.63
2020-02-22,Michigan,5942.0,1.55,259.127
2020-02-29,Michigan,5419.0,1.55,259.127
2020-03-07,Michigan,5150.0,1.55,259.127
2020-03-14,Michigan,5338.0,1.58,259.127
2020-03-21,Michigan,128006.0,1.58,259.25
2020-03-28,Michigan,304335.0,1.58,259.25
2020-04-04,Michigan,388554.0,1.58,259.25
2020-04-11,Michigan,222207.0,0.65,259.25
2020-04-18,Michigan,136707.0,0.65,258.076
2020-04-25,Michigan,82004.0,0.65,258.076
2020-05-02,Michigan,67399.0,0.65,258.076
2020-05-09,Michigan,55166.0,0.05,258.076
2020-05-16,Michigan,56715.0,0.05,258.076
2020-05-23,Michigan,64574.0,0.05,256.032
2020-05-30,Michigan,39290.0,0.05,256.032
2020-06-06,Michigan,27836.0,0.05,256.032
2020-06-13,Michigan,21293.0,0.05,256.032
2020-06-20,Michigan,19641.0,0.05,255.802
2020-06-27,Michigan,38309.0,0.05,255.802
2020-07-04,Michigan,34602.0,0.05,255.802
2020-07-11,Michigan,27720.0,0.08,255.802
2020-07-18,Michigan,24596.0,0.08,257.042
2020-07-25,Michigan,23219.0,0.08,257.042
2020-08-01,Michigan,19842.0,0.08,257.042
2020-08-08,Michigan,18997.0,0.09,257.042
2020-08-15,Michigan,20188.0,0.09,257.042
2020-08-22,Michigan,19997.0,0.09,258.352
2020-08-29,Michigan,18838.0,0.09,258.352
2020-09-05,Michigan,17844.0,0.09,258.352
2020-09-12,Michigan,19571.0,0.1,258.352
2020-09-19,Michigan,17402.0,0.1,259.316
2020-09-26,Michigan,19760.0,0.1,259.316
2020-10-03,Michigan,17699.0,0.1,259.316
2020-10-10,Michigan,15084.0,0.09,259.316
2020-10-17,Michigan,12640.0,0.09,259.316
2020-10-24,Michigan,18082.0,0.09,259.997
2020-10-31,Michigan,15015.0,0.09,259.997
2020-11-07,Michigan,15320.0,0.09,259.997
2020-11-14,Michigan,16656.0,0.09,259.997
2020-11-21,Michigan,33941.0,0.09,260.319
2020-11-28,Michigan,22965.0,0.09,260.319
2020-12-05,Michigan,23408.0,0.09,260.319
2020-12-12,Michigan,19465.0,0.09,260.319
2020-12-19,Michigan,19194.0,0.09,260.911
2020-12-26,Michigan,19818.0,0.09,260.911
2021-01-02,Michigan,30456.0,0.09,260.911
2021-01-09,Michigan,24654.0,0.09,260.911
2021-01-16,Michigan,21830.0,0.09,260.911
2021-01-23,Michigan,18446.0,0.09,262.045
2021-01-30,Michigan,18601.0,0.09,262.045
2021-02-06,Michigan,19881.0,0.09,262.045
2021-02-13,Michigan,18318.0,0.09,262.045
2021-02-20,Michigan,14376.0,0.09,262.687
2021-02-27,Michigan,11497.0,0.09,262.687
2021-03-06,Michigan,11393.0,0.09,262.687
2021-03-13,Michigan,12285.0,0.08,262.687
2021-03-20,Michigan,12765.0,0.08,263.579
2021-03-27,Michigan,11143.0,0.08,263.579
2021-04-03,Michigan,14507.0,0.08,263.579
2021-04-10,Michigan,16470.0,0.07,263.579
2021-04-17,Michigan,22770.0,0.07,264.961
2021-04-24,Michigan,31004.0,0.07,264.961
2021-05-01,Michigan,31356.0,0.07,264.961
2021-05-08,Michigan,17366.0,0.07,264.961
2021-05-15,Michigan,13806.0,0.07,264.961
2021-05-22,Michigan,11201.0,0.07,266.614
2021-05-29,Michigan,12865.0,0.07,266.614
2021-06-05,Michigan,12802.0,0.07,266.614
2021-06-12,Michigan,7187.0,0.06,266.614
2021-06-19,Michigan,9049.0,0.06,268.383
2021-06-26,Michigan,6169.0,0.06,268.383
2021-07-03,Michigan,6487.0,0.06,268.383
2021-07-10,Michigan,7465.0,0.08,268.383
2021-07-17,Michigan,21012.0,0.08,268.383
2021-07-24,Michigan,21461.0,0.08,270.654
2021-07-31,Michigan,18401.0,0.08,270.654
2021-08-07,Michigan,14308.0,0.1,270.654
2021-08-14,Michigan,12282.0,0.1,270.654
2021-08-21,Michigan,5525.0,0.1,271.903
2021-08-28,Michigan,6306.0,0.1,271.903
2021-09-04,Michigan,11624.0,0.1,271.903
2021-09-11,Michigan,10967.0,0.09,271.903
2021-09-18,Michigan,12295.0,0.09,272.676
2021-09-25,Michigan,19080.0,0.09,272.676
2021-10-02,Michigan,15040.0,0.09,272.676
2021-10-09,Michigan,18713.0,0.08,272.676
2021-10-16,Michigan,14630.0,0.08,272.676
2021-10-23,Michigan,12125.0,0.08,273.91
2021-10-30,Michigan,11394.0,0.08,273.91
2021-11-06,Michigan,12958.0,0.08,273.91
2021-11-13,Michigan,9728.0,0.08,273.91
2021-11-20,Michigan,11654.0,0.08,276.55
2021-11-27,Michigan,9014.0,0.08,276.55
2021-12-04,Michigan,13196.0,0.08,276.55
2021-12-11,Michigan,11987.0,0.08,276.55
2021-12-18,Michigan,12828.0,0.08,278.919
2021-12-25,Michigan,15268.0,0.08,278.919
2022-01-01,Michigan,19191.0,0.08,278.919
2022-01-08,Michigan,18033.0,0.08,278.919
2022-01-15,Michigan,12478.0,0.08,278.919
2022-01-22,Michigan,9673.0,0.08,280.845
2022-01-29,Michigan,10911.0,0.08,280.845
2022-02-05,Michigan,13795.0,0.08,280.845
2022-02-12,Michigan,14404.0,0.08,280.845
2022-02-19,Michigan,17904.0,0.08,282.543
2022-02-26,Michigan,8743.0,0.08,282.543
2022-03-05,Michigan,7696.0,0.08,282.543
2022-03-12,Michigan,9764.0,0.08,282.543
2022-03-19,Michigan,4888.0,0.08,282.543
2022-03-26,Michigan,8433.0,0.08,284.5
2022-04-02,Michigan,5942.0,0.08,284.5
2022-04-09,Michigan,11892.0,0.2,284.5
2022-04-16,Michigan,8383.0,0.2,284.5
2022-04-23,Michigan,6496.0,0.2,287.674
2022-04-30,Michigan,7588.0,0.2,287.674
2022-05-07,Michigan,7025.0,0.2,287.674
2022-05-14,Michigan,6641.0,0.33,287.674
2022-05-21,Michigan,6117.0,0.33,288.561
2022-05-28,Michigan,6699.0,0.33,288.561
2022-06-04,Michigan,4568.0,0.33,288.561
2022-06-11,Michigan,6155.0,0.77,288.561
2022-06-18,Michigan,8004.0,0.77,291.298
2022-06-25,Michigan,6321.0,0.77,291.298
2022-07-02,Michigan,11425.0,0.77,291.298
2022-07-09,Michigan,11423.0,1.21,291.298
2022-07-16,Michigan,10219.0,1.21,291.298
2022-07-23,Michigan,8213.0,1.21,294.957
2022-07-30,Michigan,6788.0,1.21,294.957
2022-08-06,Michigan,5713.0,1.21,294.957
2022-08-13,Michigan,6031.0,1.68,294.957
2022-08-20,Michigan,5317.0,1.68,294.913
2022-08-27,Michigan,6516.0,1.68,294.913
2022-09-03,Michigan,4384.0,1.68,294.913
2022-09-10,Michigan,4040.0,2.33,294.913
2022-09-17,Michigan,10142.0,2.33,295.097
2022-09-24,Michigan,4427.0,2.33,295.097
2022-10-01,Michigan,5174.0,2.33,295.097
2022-10-08,Michigan,6414.0,2.56,295.097
2022-10-15,Michigan,6484.0,2.56,295.097
2022-10-22,Michigan,5680.0,2.56,296.349
2022-10-29,Michigan,5753.0,2.56,296.349
2022-11-05,Michigan,6649.0,2.56,296.349
2022-11-12,Michigan,6310.0,3.08,296.349
2022-11-19,Michigan,9341.0,3.08,298.007
2022-11-26,Michigan,7425.0,3.08,298.007
2022-12-03,Michigan,9300.0,3.08,298.007
2022-12-10,Michigan,9247.0,3.78,298.007
2022-12-17,Michigan,9316.0,3.78,298.007
2022-12-24,Michigan,10186.0,3.78,298.786
2022-12-31,Michigan,13508.0,3.78,298.786
2023-01-07,Michigan,15300.0,4.1,298.786
2023-01-14,Michigan,9796.0,4.1,298.786
2023-01-21,Michigan,7510.0,4.1,298.832
2023-01-28,Michigan,7151.0,4.1,298.832
2023-02-04,Michigan,7477.0,4.1,298.832
2023-02-11,Michigan,8827.0,4.33,298.832
2023-02-18,Michigan,6306.0,4.33,300.42
2023-02-25,Michigan,5286.0,4.33,300.42
2023-03-04,Michigan,5342.0,4.33,300.42
2023-03-11,Michigan,5375.0,4.57,300.42
2023-03-18,Michigan,4731.0,4.57,300.42
2023-03-25,Michigan,9267.0,4.57,301.45
2023-04-01,Michigan,5986.0,4.57,301.45
2023-04-08,Michigan,5470.0,4.65,301.45
2023-04-15,Michigan,4520.0,4.65,301.45
2023-04-22,Michigan,5145.0,4.65,301.821
2023-04-29,Michigan,4737.0,4.65,301.821
2023-05-06,Michigan,5687.0,4.65,301.821
2023-05-13,Michigan,5757.0,4.83,301.821
2023-05-20,Michigan,4733.0,4.83,302.845
2023-05-27,Michigan,4368.0,4.83,302.845
2023-06-03,Michigan,4212.0,4.83,302.845
2023-06-10,Michigan,4713.0,5.06,302.845
2023-06-17,Michigan,5555.0,5.06,303.334
2023-06-24,Michigan,5464.0,5.06,303.334
2023-07-01,Michigan,12256.0,5.06,303.334
2023-07-08,Michigan,10822.0,5.08,303.334
2023-07-15,Michigan,7202.0,5.08,303.334
2023-07-22,Michigan,5302.0,5.08,304.014
2023-07-29,Michigan,4714.0,5.08,304.014
2023-08-05,Michigan,5613.0,5.08,304.014
2023-08-12,Michigan,4484.0,5.12,304.014
2023-08-19,Michigan,4222.0,5.12,304.609
2023-08-26,Michigan,4944.0,5.12,304.609
2023-09-02,Michigan,4412.0,5.12,304.609
2023-09-09,Michigan,4454.0,5.33,304.609
2023-09-16,Michigan,4337.0,5.33,304.609
2023-09-23,Michigan,5619.0,5.33,306.082
2023-09-30,Michigan,6028.0,5.33,306.082
2023-10-07,Michigan,8067.0,5.33,306.082
2023-10-14,Michigan,7619.0,5.33,306.082
2023-10-21,Michigan,6879.0,5.33,307.276
2023-10-28,Michigan,9106.0,5.33,307.276
2023-11-04,Michigan,9070.0,5.33,307.276
2023-11-11,Michigan,8676.0,5.33,307.276
2023-11-18,Michigan,8639.0,5.33,307.696
2023-11-25,Michigan,7165.0,5.33,307.696
2023-12-02,Michigan,9804.0,5.33,307.696
2023-12-09,Michigan,10083.0,5.33,307.696
2023-12-16,Michigan,10663.0,5.33,307.696
2023-12-23,Michigan,10622.0,5.33,308.148
2023-12-30,Michigan,13391.0,5.33,308.148
2024-01-06,Michigan,14847.0,5.33,308.148
2024-01-13,Michigan,10420.0,5.33,308.148
2024-01-20,Michigan,10395.0,5.33,308.741
2024-01-27,Michigan,10242.0,5.33,308.741
2024-02-03,Michigan,8751.0,5.33,308.741
2024-02-10,Michigan,7849.0,5.33,308.741
2024-02-17,Michigan,5944.0,5.33,309.698
2024-02-24,Michigan,4964.0,5.33,309.698
2024-03-02,Michigan,5943.0,5.33,309.698
2024-03-09,Michigan,5768.0,5.33,309.698
2024-03-16,Michigan,6972.0,5.33,309.698
2024-03-23,Michigan,5650.0,5.33,310.967
2024-03-30,Michigan,5304.0,5.33,310.967
2024-04-06,Michigan,5231.0,5.33,310.967
2024-04-13,Michigan,4780.0,5.33,310.967
2024-04-20,Michigan,4824.0,5.33,312.345
2024-04-27,Michigan,5154.0,5.33,312.345
2024-05-04,Michigan,5529.0,5.33,312.345
2024-05-11,Michigan,5016.0,5.33,312.345
2024-05-18,Michigan,5791.0,5.33,313.023
2024-05-25,Michigan,7348.0,5.33,313.023
2024-06-01,Michigan,4642.0,5.33,313.023
2024-06-08,Michigan,6378.0,5.33,313.023
2024-06-15,Michigan,7078.0,5.33,313.023
2024-06-22,Michigan,5964.0,5.33,313.175
2024-06-29,Michigan,7097.0,5.33,313.175
2024-07-06,Michigan,17675.0,5.33,313.175
2024-07-13,Michigan,17563.0,5.33,313.175
2024-07-20,Michigan,10622.0,5.33,313.044
2024-07-27,Michigan,14649.0,5.33,313.044
2024-08-03,Michigan,7219.0,5.33,313.044
2024-08-10,Michigan,7803.0,5.33,313.044
2024-08-17,Michigan,4956.0,5.33,313.569
2024-08-24,Michigan,6278.0,5.33,313.569
2024-08-31,Michigan,5771.0,5.33,313.569
2024-09-07,Michigan,4729.0,5.33,313.569
2024-09-14,Michigan,5516.0,5.33,313.569
2024-09-21,Michigan,5593.0,5.33,314.062
2024-09-28,Michigan,6780.0,5.33,314.062
2024-10-05,Michigan,16169.0,5.33,314.062
2024-10-12,Michigan,8252.0,5.13,314.062
2024-10-19,Michigan,6497.0,5.13,314.732
2024-10-26,Michigan,8219.0,5.13,314.732
2024-11-02,Michigan,11658.0,5.13,314.732
2024-11-09,Michigan,7586.0,4.83,314.732
2024-11-16,Michigan,7717.0,4.83,314.732
2024-11-23,Michigan,9693.0,4.83,315.631
2024-11-30,Michigan,9561.0,4.83,315.631
2024-12-07,Michigan,11948.0,4.83,315.631
2024-12-14,Michigan,9828.0,4.64,315.631
2024-12-21,Michigan,11539.0,4.64,316.528
2024-12-28,Michigan,19420.0,4.64,316.528
2025-01-04,Michigan,12380.0,4.64,316.528
2025-01-11,Michigan,27365.0,4.48,316.528
2025-01-18,Michigan,18014.0,4.48,317.604
2025-01-25,Michigan,8425.0,4.48,317.604
2025-02-01,Michigan,7932.0,4.48,317.604
2025-02-08,Michigan,7274.0,4.33,317.604
2025-02-15,Michigan,7726.0,4.33,317.604
2025-02-22,Michigan,7559.0,4.33,318.961
2025-03-01,Michigan,5626.0,4.33,318.961
2025-03-08,Michigan,6536.0,4.33,318.961
2025-03-15,Michigan,9378.0,4.33,318.961
2025-03-22,Michigan,5338.0,4.33,319.679
2025-03-29,Michigan,5029.0,4.33,319.679
2025-04-05,Michigan,5610.0,4.33,319.679
2025-04-12,Michigan,6622.0,4.33,319.679
2025-04-19,Michigan,6817.0,4.33,319.785
2025-04-26,Michigan,5381.0,4.33,319.785
2025-05-03,Michigan,12250.0,4.33,319.785
2025-05-10,Michigan,6423.0,4.33,319.785
2025-05-17,Michigan,5231.0,4.33,319.785
2025-05-24,Michigan,8490.0,4.33,320.302
2025-05-31,Michigan,4707.0,4.33,320.302
2025-06-07,Michigan,5737.0,4.33,320.302
2025-06-14,Michigan,6191.0,4.33,320.302
2025-06-21,Michigan,5957.0,4.33,320.62
2025-06-28,Michigan,6783.0,4.33,320.62
2025-07-05,Michigan,15637.0,4.33,320.62
2025-07-12,Michigan,10770.0,4.33,320.62
2025-07-19,Michigan,6654.0,4.33,321.435
2025-07-26,Michigan,5760.0,4.33,321.435
2025-08-02,Michigan,6035.0,4.33,321.435
2025-08-09,Michigan,6562.0,4.33,321.435
2025-08-16,Michigan,5392.0,4.33,321.435
2025-08-23,Michigan,5073.0,4.33,322.169
2025-08-30,Michigan,5423.0,4.33,322.169
2025-09-06,Michigan,8441.0,4.33,322.169
2025-09-13,Michigan,4497.0,4.33,322.169
2025-09-20,Michigan,4208.0,4.33,323.291
2025-09-27,Michigan,4344.0,4.33,323.291
2025-10-04,Michigan,6440.0,4.33,323.291
2025-10-11,Michigan,6109.0,4.22,323.291
2025-10-18,Michigan,6977.0,4.22,324.245
2025-10-25,Michigan,6701.0,4.22,324.245
2025-11-01,Michigan,10048.0,4.22,324.245
2025-11-08,Michigan,12646.0,4.09,324.245
2025-11-15,Michigan,7356.0,4.09,324.245
2025-11-22,Michigan,7757.0,4.09,324.245
2025-11-29,Michigan,7269.0,4.09,324.245
2025-12-06,Michigan,12529.0,4.09,324.245
2025-12-13,Michigan,10421.0,3.88,324.245
2025-12-20,Michigan,10801.0,3.88,325.063
2025-12-27,Michigan,15595.0,3.88,325.063
2026-01-03,Michigan,15209.0,3.88,325.063
2026-01-10,Michigan,19013.0,3.72,325.063
2026-01-17,Michigan,16776.0,3.72,326.031
2026-01-24,Michigan,8579.0,3.72,326.031
2026-01-31,Michigan,8981.0,3.72,326.031
2026-02-07,Michigan,7210.0,3.64,326.031
2026-02-14,Michigan,7315.0,3.64,326.031
2026-02-21,Michigan,3738.0,3.64,326.588
2026-02-28,Michigan,8220.0,3.64,326.588
2026-03-07,Michigan,5671.0,3.64,326.588
2026-03-14,Michigan,4704.0,3.64,326.588
2026-03-21,Michigan,7507.0,3.64,327.46
2026-03-28,Michigan,4756.0,3.64,327.46
2026-04-04,Michigan,4891.0,3.64,327.46
2026-04-11,Michigan,4472.0,3.64,327.46
2026-04-18,Michigan,4473.0,3.64,330.293
2026-04-25,Michigan,4176.0,3.64,330.293
2026-05-02,Michigan,5872.0,3.64,330.293
2026-05-09,Michigan,5139.0,3.64,330.293
2026-05-16,Michigan,4479.0,3.64,330.293
2026-05-23,Michigan,4147.0,3.64,332.407
2026-05-30,Michigan,3609.0,3.64,332.407
2026-06-06,Michigan,4759.0,3.64,332.407
2026-06-13,Michigan,5550.0,3.63,332.407
2026-06-20,Michigan,4890.0,3.63,333.979
2026-06-27,Michigan,4937.0,3.63,333.979
2026-07-04,Michigan,9395.0,3.63,333.979
2026-07-11,Michigan,12538.0,3.63,333.979
2026-07-18,Michigan,7564.0,3.63,332.568
2026-07-25,Michigan,4920.0,3.63,332.568
2026-08-01,Michigan,4485.0,3.63,332.568
2026-08-08,Michigan,6416.0,3.63,332.568
2026-08-15,Michigan,3970.0,3.63,332.568
2026-08-22,Michigan,4199.0,3.63,332.813
2013-01-05,New York,62285.0,0.16,231.249
2013-01-12,New York,34798.0,0.16,231.249
2013-01-19,New York,27419.0,0.16,231.221
2013-01-26,New York,26776.0,0.16,231.221
2013-02-02,New York,28842.0,0.16,231.221
2013-02-09,New York,24441.0,0.14,231.221
2013-02-16,New York,22763.0,0.14,231.221
2013-02-23,New York,20693.0,0.14,231.679
2013-03-02,New York,28593.0,0.14,231.679
2013-03-09,New York,21345.0,0.14,231.679
2013-03-16,New York,19229.0,0.15,231.679
2013-03-23,New York,19372.0,0.15,232.937
2013-03-30,New York,20359.0,0.15,232.937
2013-04-06,New York,40479.0,0.15,232.937
2013-04-13,New York,26366.0,0.14,232.937
2013-04-20,New York,19923.0,0.14,232.282
2013-04-27,New York,18798.0,0.14,232.282
2013-05-04,New York,18627.0,0.14,232.282
2013-05-11,New York,19122.0,0.15,232.282
2013-05-18,New York,19320.0,0.15,231.797
2013-05-25,New York,19334.0,0.15,231.797
2013-06-01,New York,20335.0,0.15,231.797
2013-06-08,New York,21676.0,0.11,231.797
2013-06-15,New York,19586.0,0.11,231.797
2013-06-22,New York,21468.0,0.11,231.893
2013-06-29,New York,24292.0,0.11,231.893
2013-07-06,New York,39455.0,0.11,231.893
2013-07-13,New York,34712.0,0.09,231.893
2013-07-20,New York,19746.0,0.09,232.445
2013-07-27,New York,18565.0,0.09,232.445
2013-08-03,New York,17853.0,0.09,232.445
2013-08-10,New York,18615.0,0.09,232.445
2013-08-17,New York,19060.0,0.09,232.9
2013-08-24,New York,22628.0,0.09,232.9
2013-08-31,New York,21369.0,0.09,232.9
2013-09-07,New York,19109.0,0.08,232.9
2013-09-14,New York,20980.0,0.08,232.9
2013-09-21,New York,18604.0,0.08,233.456
2013-09-28,New York,16910.0,0.08,233.456
2013-10-05,New York,19046.0,0.08,233.456
2013-10-12,New York,21489.0,0.08,233.456
2013-10-19,New York,18679.0,0.08,233.544
2013-10-26,New York,20712.0,0.08,233.544
2013-11-02,New York,20263.0,0.08,233.544
2013-11-09,New York,23116.0,0.09,233.544
2013-11-16,New York,20870.0,0.09,233.544
2013-11-23,New York,22342.0,0.09,233.669
2013-11-30,New York,20092.0,0.09,233.669
2013-12-07,New York,34414.0,0.09,233.669
2013-12-14,New York,21708.0,0.08,233.669
2013-12-21,New York,24992.0,0.08,234.1
2013-12-28,New York,23782.0,0.08,234.1
2014-01-04,New York,52096.0,0.08,234.1
2014-01-11,New York,34077.0,0.09,234.1
2014-01-18,New York,28584.0,0.09,234.719
2014-01-25,New York,21501.0,0.09,234.719
2014-02-01,New York,26331.0,0.09,234.719
2014-02-08,New York,23610.0,0.07,234.719
2014-02-15,New York,22687.0,0.07,234.719
2014-02-22,New York,19115.0,0.07,235.288
2014-03-01,New York,37824.0,0.07,235.288
2014-03-08,New York,20276.0,0.07,235.288
2014-03-15,New York,18121.0,0.07,235.288
2014-03-22,New York,17896.0,0.07,235.547
2014-03-29,New York,18356.0,0.07,235.547
2014-04-05,New York,18008.0,0.07,235.547
2014-04-12,New York,18469.0,0.08,235.547
2014-04-19,New York,16729.0,0.08,236.028
2014-04-26,New York,40252.0,0.08,236.028
2014-05-03,New York,19615.0,0.08,236.028
2014-05-10,New York,18224.0,0.09,236.028
2014-05-17,New York,16876.0,0.09,236.028
2014-05-24,New York,18223.0,0.09,236.468
2014-05-31,New York,17649.0,0.09,236.468
2014-06-07,New York,18279.0,0.09,236.468
2014-06-14,New York,16201.0,0.09,236.468
2014-06-21,New York,17631.0,0.09,236.918
2014-06-28,New York,18547.0,0.09,236.918
2014-07-05,New York,23819.0,0.09,236.918
2014-07-12,New York,38246.0,0.1,236.918
2014-07-19,New York,19583.0,0.1,237.231
2014-07-26,New York,17208.0,0.1,237.231
2014-08-02,New York,16145.0,0.1,237.231
2014-08-09,New York,18073.0,0.09,237.231
2014-08-16,New York,17156.0,0.09,237.231
2014-08-23,New York,19716.0,0.09,237.498
2014-08-30,New York,20970.0,0.09,237.498
2014-09-06,New York,18159.0,0.09,237.498
2014-09-13,New York,18969.0,0.09,237.498
2014-09-20,New York,15910.0,0.09,237.46
2014-09-27,New York,15191.0,0.09,237.46
2014-10-04,New York,19944.0,0.09,237.46
2014-10-11,New York,19344.0,0.09,237.46
2014-10-18,New York,16379.0,0.09,237.477
2014-10-25,New York,19042.0,0.09,237.477
2014-11-01,New York,18296.0,0.09,237.477
2014-11-08,New York,19092.0,0.09,237.477
2014-11-15,New York,20284.0,0.09,237.477
2014-11-22,New York,21140.0,0.09,237.43
2014-11-29,New York,24119.0,0.09,237.43
2014-12-06,New York,30091.0,0.09,237.43
2014-12-13,New York,20304.0,0.09,237.43
2014-12-20,New York,21797.0,0.09,236.983
2014-12-27,New York,19996.0,0.09,236.983
2015-01-03,New York,41489.0,0.09,236.983
2015-01-10,New York,39056.0,0.12,236.983
2015-01-17,New York,26801.0,0.12,236.252
2015-01-24,New York,19882.0,0.12,236.252
2015-01-31,New York,19593.0,0.12,236.252
2015-02-07,New York,23798.0,0.11,236.252
2015-02-14,New York,20006.0,0.11,236.252
2015-02-21,New York,17494.0,0.11,234.747
2015-02-28,New York,38550.0,0.11,234.747
2015-03-07,New York,19412.0,0.11,234.747
2015-03-14,New York,17211.0,0.11,234.747
2015-03-21,New York,16702.0,0.11,235.342
2015-03-28,New York,17046.0,0.11,235.342
2015-04-04,New York,16042.0,0.11,235.342
2015-04-11,New York,24398.0,0.11,235.342
2015-04-18,New York,33300.0,0.11,235.976
2015-04-25,New York,15795.0,0.11,235.976
2015-05-02,New York,16605.0,0.11,235.976
2015-05-09,New York,14909.0,0.12,235.976
2015-05-16,New York,15874.0,0.12,235.976
2015-05-23,New York,16230.0,0.12,236.222
2015-05-30,New York,15684.0,0.12,236.222
2015-06-06,New York,16596.0,0.12,236.222
2015-06-13,New York,15138.0,0.12,236.222
2015-06-20,New York,15295.0,0.12,237.001
2015-06-27,New York,16858.0,0.12,237.001
2015-07-04,New York,23346.0,0.12,237.001
2015-07-11,New York,38985.0,0.13,237.001
2015-07-18,New York,17903.0,0.13,237.657
2015-07-25,New York,15423.0,0.13,237.657
2015-08-01,New York,14176.0,0.13,237.657
2015-08-08,New York,15730.0,0.13,237.657
2015-08-15,New York,15492.0,0.13,237.657
2015-08-22,New York,16324.0,0.13,238.034
2015-08-29,New York,20966.0,0.13,238.034
2015-09-05,New York,16954.0,0.13,238.034
2015-09-12,New York,14016.0,0.14,238.034
2015-09-19,New York,15894.0,0.14,238.033
2015-09-26,New York,16602.0,0.14,238.033
2015-10-03,New York,14988.0,0.14,238.033
2015-10-10,New York,17257.0,0.14,238.033
2015-10-17,New York,15083.0,0.14,238.033
2015-10-24,New York,16936.0,0.14,237.498
2015-10-31,New York,16159.0,0.14,237.498
2015-11-07,New York,18396.0,0.12,237.498
2015-11-14,New York,18347.0,0.12,237.498
2015-11-21,New York,19730.0,0.12,237.733
2015-11-28,New York,16688.0,0.12,237.733
2015-12-05,New York,29801.0,0.12,237.733
2015-12-12,New York,19504.0,0.12,237.733
2015-12-19,New York,18385.0,0.12,238.017
2015-12-26,New York,19251.0,0.12,238.017
2016-01-02,New York,34341.0,0.12,238.017
2016-01-09,New York,41160.0,0.24,238.017
2016-01-16,New York,23684.0,0.24,238.017
2016-01-23,New York,20411.0,0.24,237.761
2016-01-30,New York,19994.0,0.24,237.761
2016-02-06,New York,20006.0,0.24,237.761
2016-02-13,New York,18022.0,0.34,237.761
2016-02-20,New York,16740.0,0.34,237.652
2016-02-27,New York,34660.0,0.34,237.652
2016-03-05,New York,17105.0,0.34,237.652
2016-03-12,New York,15556.0,0.38,237.652
2016-03-19,New York,14515.0,0.38,237.336
2016-03-26,New York,15874.0,0.38,237.336
2016-04-02,New York,20395.0,0.38,237.336
2016-04-09,New York,18178.0,0.36,237.336
2016-04-16,New York,15659.0,0.36,237.336
2016-04-23,New York,15644.0,0.36,238.08
2016-04-30,New York,18512.0,0.36,238.08
2016-05-07,New York,33006.0,0.36,238.08
2016-05-14,New York,17125.0,0.37,238.08
2016-05-21,New York,15555.0,0.37,238.992
2016-05-28,New York,15995.0,0.37,238.992
2016-06-04,New York,15142.0,0.37,238.992
2016-06-11,New York,16046.0,0.37,238.992
2016-06-18,New York,13600.0,0.37,239.557
2016-06-25,New York,15544.0,0.37,239.557
2016-07-02,New York,20214.0,0.37,239.557
2016-07-09,New York,33312.0,0.38,239.557
2016-07-16,New York,21300.0,0.38,239.557
2016-07-23,New York,14187.0,0.38,240.222
2016-07-30,New York,13761.0,0.38,240.222
2016-08-06,New York,14642.0,0.38,240.222
2016-08-13,New York,14301.0,0.39,240.222
2016-08-20,New York,14162.0,0.39,240.101
2016-08-27,New York,19075.0,0.39,240.101
2016-09-03,New York,15825.0,0.39,240.101
2016-09-10,New York,14095.0,0.4,240.101
2016-09-17,New York,14534.0,0.4,240.545
2016-09-24,New York,12632.0,0.4,240.545
2016-10-01,New York,12762.0,0.4,240.545
2016-10-08,New York,14855.0,0.4,240.545
2016-10-15,New York,17033.0,0.4,240.545
2016-10-22,New York,15793.0,0.4,241.176
2016-10-29,New York,14935.0,0.4,241.176
2016-11-05,New York,17170.0,0.4,241.176
2016-11-12,New York,15752.0,0.4,241.176
2016-11-19,New York,17524.0,0.4,241.741
2016-11-26,New York,15335.0,0.4,241.741
2016-12-03,New York,30401.0,0.4,241.741
2016-12-10,New York,17291.0,0.41,241.741
2016-12-17,New York,17728.0,0.41,241.741
2016-12-24,New York,21285.0,0.41,242.026
2016-12-31,New York,23243.0,0.41,242.026
2017-01-07,New York,46325.0,0.54,242.026
2017-01-14,New York,24215.0,0.54,242.026
2017-01-21,New York,17413.0,0.54,242.637
2017-01-28,New York,17703.0,0.54,242.637
2017-02-04,New York,18612.0,0.54,242.637
2017-02-11,New York,17202.0,0.65,242.637
2017-02-18,New York,17067.0,0.65,243.618
2017-02-25,New York,15087.0,0.65,243.618
2017-03-04,New York,32767.0,0.65,243.618
2017-03-11,New York,16164.0,0.66,243.618
2017-03-18,New York,14608.0,0.66,243.618
2017-03-25,New York,20857.0,0.66,244.006
2017-04-01,New York,13818.0,0.66,244.006
2017-04-08,New York,15276.0,0.79,244.006
2017-04-15,New York,15355.0,0.79,244.006
2017-04-22,New York,31670.0,0.79,243.892
2017-04-29,New York,17717.0,0.79,243.892
2017-05-06,New York,14910.0,0.79,243.892
2017-05-13,New York,15447.0,0.9,243.892
2017-05-20,New York,14414.0,0.9,244.193
2017-05-27,New York,15733.0,0.9,244.193
2017-06-03,New York,14557.0,0.9,244.193
2017-06-10,New York,15400.0,0.91,244.193
2017-06-17,New York,13616.0,0.91,244.004
2017-06-24,New York,15212.0,0.91,244.004
2017-07-01,New York,17981.0,0.91,244.004
2017-07-08,New York,31852.0,1.04,244.004
2017-07-15,New York,23565.0,1.04,244.004
2017-07-22,New York,14430.0,1.04,244.163
2017-07-29,New York,12907.0,1.04,244.163
2017-08-05,New York,13704.0,1.04,244.163
2017-08-12,New York,14015.0,1.15,244.163
2017-08-19,New York,14426.0,1.15,244.243
2017-08-26,New York,18965.0,1.15,244.243
2017-09-02,New York,16773.0,1.15,244.243
2017-09-09,New York,13835.0,1.16,244.243
2017-09-16,New York,14548.0,1.16,244.243
2017-09-23,New York,12012.0,1.16,245.183
2017-09-30,New York,15437.0,1.16,245.183
2017-10-07,New York,14372.0,1.16,245.183
2017-10-14,New York,13487.0,1.15,245.183
2017-10-21,New York,14598.0,1.15,246.435
2017-10-28,New York,13812.0,1.15,246.435
2017-11-04,New York,14924.0,1.15,246.435
2017-11-11,New York,17949.0,1.15,246.435
2017-11-18,New York,17871.0,1.15,246.626
2017-11-25,New York,14211.0,1.15,246.626
2017-12-02,New York,25985.0,1.15,246.626
2017-12-09,New York,15720.0,1.16,246.626
2017-12-16,New York,17888.0,1.16,246.626
2017-12-23,New York,20499.0,1.16,247.284
2017-12-30,New York,22470.0,1.16,247.284
2018-01-06,New York,49361.0,1.16,247.284
2018-01-13,New York,23026.0,1.3,247.284
2018-01-20,New York,18072.0,1.3,247.805
2018-01-27,New York,18282.0,1.3,247.805
2018-02-03,New York,17128.0,1.3,247.805
2018-02-10,New York,16085.0,1.41,247.805
2018-02-17,New York,15087.0,1.41,248.859
2018-02-24,New York,13703.0,1.41,248.859
2018-03-03,New York,31952.0,1.41,248.859
2018-03-10,New York,13798.0,1.42,248.859
2018-03-17,New York,15016.0,1.42,248.859
2018-03-24,New York,13790.0,1.42,249.529
2018-03-31,New York,13234.0,1.42,249.529
2018-04-07,New York,16521.0,1.51,249.529
2018-04-14,New York,31918.0,1.51,249.529
2018-04-21,New York,13449.0,1.51,249.577
2018-04-28,New York,13435.0,1.51,249.577
2018-05-05,New York,13182.0,1.51,249.577
2018-05-12,New York,12178.0,1.69,249.577
2018-05-19,New York,12279.0,1.69,250.227
2018-05-26,New York,13907.0,1.69,250.227
2018-06-02,New York,12453.0,1.69,250.227
2018-06-09,New York,13036.0,1.7,250.227
2018-06-16,New York,11418.0,1.7,250.227
2018-06-23,New York,13315.0,1.7,250.792
2018-06-30,New York,16086.0,1.7,250.792
2018-07-07,New York,31216.0,1.7,250.792
2018-07-14,New York,21424.0,1.82,250.792
2018-07-21,New York,13114.0,1.82,251.018
2018-07-28,New York,11978.0,1.82,251.018
2018-08-04,New York,12272.0,1.82,251.018
2018-08-11,New York,12303.0,1.91,251.018
2018-08-18,New York,11912.0,1.91,251.214
2018-08-25,New York,16765.0,1.91,251.214
2018-09-01,New York,15871.0,1.91,251.214
2018-09-08,New York,12106.0,1.91,251.214
2018-09-15,New York,12575.0,1.91,251.214
2018-09-22,New York,11815.0,1.91,251.663
2018-09-29,New York,10974.0,1.91,251.663
2018-10-06,New York,12700.0,1.91,251.663
2018-10-13,New York,11998.0,1.95,251.663
2018-10-20,New York,12636.0,1.95,252.182
2018-10-27,New York,12554.0,1.95,252.182
2018-11-03,New York,13279.0,1.95,252.182
2018-11-10,New York,16781.0,2.19,252.182
2018-11-17,New York,15101.0,2.19,252.772
2018-11-24,New York,15903.0,2.19,252.772
2018-12-01,New York,24555.0,2.19,252.772
2018-12-08,New York,15562.0,2.2,252.772
2018-12-15,New York,15208.0,2.2,252.772
2018-12-22,New York,16636.0,2.2,252.594
2018-12-29,New York,18768.0,2.2,252.594
2019-01-05,New York,45065.0,2.2,252.594
2019-01-12,New York,21667.0,2.27,252.594
2019-01-19,New York,16585.0,2.27,252.767
2019-01-26,New York,14615.0,2.27,252.767
2019-02-02,New York,18295.0,2.27,252.767
2019-02-09,New York,17414.0,2.4,252.767
2019-02-16,New York,13619.0,2.4,252.767
2019-02-23,New York,14038.0,2.4,252.561
2019-03-02,New York,30291.0,2.4,252.561
2019-03-09,New York,13794.0,2.4,252.561
2019-03-16,New York,12915.0,2.4,252.561
2019-03-23,New York,12684.0,2.4,253.319
2019-03-30,New York,13009.0,2.4,253.319
2019-04-06,New York,12603.0,2.4,253.319
2019-04-13,New York,12131.0,2.41,253.319
2019-04-20,New York,12048.0,2.41,254.277
2019-04-27,New York,18580.0,2.41,254.277
2019-05-04,New York,27945.0,2.41,254.277
2019-05-11,New York,12551.0,2.42,254.277
2019-05-18,New York,11874.0,2.42,255.233
2019-05-25,New York,12749.0,2.42,255.233
2019-06-01,New York,13151.0,2.42,255.233
2019-06-08,New York,13991.0,2.39,255.233
2019-06-15,New York,12287.0,2.39,255.233
2019-06-22,New York,11783.0,2.39,255.296
2019-06-29,New York,14376.0,2.39,255.296
2019-07-06,New York,25279.0,2.39,255.296
2019-07-13,New York,25416.0,2.38,255.296
2019-07-20,New York,11845.0,2.38,255.213
2019-07-27,New York,11660.0,2.38,255.213
2019-08-03,New York,11545.0,2.38,255.213
2019-08-10,New York,12153.0,2.4,255.213
2019-08-17,New York,12088.0,2.4,255.802
2019-08-24,New York,16540.0,2.4,255.802
2019-08-31,New York,15116.0,2.4,255.802
2019-09-07,New York,11569.0,2.13,255.802
2019-09-14,New York,12617.0,2.13,255.802
2019-09-21,New York,10840.0,2.13,256.036
2019-09-28,New York,10893.0,2.13,256.036
2019-10-05,New York,11894.0,2.13,256.036
2019-10-12,New York,15041.0,2.04,256.036
2019-10-19,New York,12110.0,2.04,256.43
2019-10-26,New York,13085.0,2.04,256.43
2019-11-02,New York,12996.0,2.04,256.43
2019-11-09,New York,15717.0,1.83,256.43
2019-11-16,New York,15999.0,1.83,256.43
2019-11-23,New York,18992.0,1.83,257.155
2019-11-30,New York,13521.0,1.83,257.155
2019-12-07,New York,24396.0,1.83,257.155
2019-12-14,New York,18108.0,1.55,257.155
2019-12-21,New York,16062.0,1.55,257.879
2019-12-28,New York,18384.0,1.55,257.879
2020-01-04,New York,44846.0,1.55,257.879
2020-01-11,New York,23314.0,1.55,257.879
2020-01-18,New York,17823.0,1.55,258.63
2020-01-25,New York,15022.0,1.55,258.63
2020-02-01,New York,16545.0,1.55,258.63
2020-02-08,New York,15010.0,1.55,258.63
2020-02-15,New York,14333.0,1.55,258.63
2020-02-22,New York,14144.0,1.55,259.127
2020-02-29,New York,31208.0,1.55,259.127
2020-03-07,New York,14035.0,1.55,259.127
2020-03-14,New York,14272.0,1.58,259.127
2020-03-21,New York,79999.0,1.58,259.25
2020-03-28,New York,366595.0,1.58,259.25
2020-04-04,New York,344451.0,1.58,259.25
2020-04-11,New York,394701.0,0.65,259.25
2020-04-18,New York,205184.0,0.65,258.076
2020-04-25,New York,219413.0,0.65,258.076
2020-05-02,New York,195110.0,0.65,258.076
2020-05-09,New York,199419.0,0.05,258.076
2020-05-16,New York,229524.0,0.05,258.076
2020-05-23,New York,189698.0,0.05,256.032
2020-05-30,New York,82326.0,0.05,256.032
2020-06-06,New York,94167.0,0.05,256.032
2020-06-13,New York,95559.0,0.05,256.032
2020-06-20,New York,89299.0,0.05,255.802
2020-06-27,New York,90083.0,0.05,255.802
2020-07-04,New York,94108.0,0.05,255.802
2020-07-11,New York,91898.0,0.08,255.802
2020-07-18,New York,88402.0,0.08,257.042
2020-07-25,New York,85294.0,0.08,257.042
2020-08-01,New York,74187.0,0.08,257.042
2020-08-08,New York,52794.0,0.09,257.042
2020-08-15,New York,62698.0,0.09,257.042
2020-08-22,New York,62683.0,0.09,258.352
2020-08-29,New York,63366.0,0.09,258.352
2020-09-05,New York,64734.0,0.09,258.352
2020-09-12,New York,61897.0,0.1,258.352
2020-09-19,New York,69790.0,0.1,259.316
2020-09-26,New York,64678.0,0.1,259.316
2020-10-03,New York,64156.0,0.1,259.316
2020-10-10,New York,66385.0,0.09,259.316
2020-10-17,New York,54890.0,0.09,259.316
2020-10-24,New York,51599.0,0.09,259.997
2020-10-31,New York,45716.0,0.09,259.997
2020-11-07,New York,43876.0,0.09,259.997
2020-11-14,New York,43391.0,0.09,259.997
2020-11-21,New York,46821.0,0.09,260.319
2020-11-28,New York,45863.0,0.09,260.319
2020-12-05,New York,62677.0,0.09,260.319
2020-12-12,New York,58153.0,0.09,260.319
2020-12-19,New York,41106.0,0.09,260.911
2020-12-26,New York,51424.0,0.09,260.911
2021-01-02,New York,56917.0,0.09,260.911
2021-01-09,New York,73121.0,0.09,260.911
2021-01-16,New York,62185.0,0.09,260.911
2021-01-23,New York,66250.0,0.09,262.045
2021-01-30,New York,77390.0,0.09,262.045
2021-02-06,New York,59983.0,0.09,262.045
2021-02-13,New York,56931.0,0.09,262.045
2021-02-20,New York,47814.0,0.09,262.687
2021-02-27,New York,60130.0,0.09,262.687
2021-03-06,New York,48224.0,0.09,262.687
2021-03-13,New York,47289.0,0.08,262.687
2021-03-20,New York,35991.0,0.08,263.579
2021-03-27,New York,39776.0,0.08,263.579
2021-04-03,New York,42467.0,0.08,263.579
2021-04-10,New York,58495.0,0.07,263.579
2021-04-17,New York,41655.0,0.07,264.961
2021-04-24,New York,41056.0,0.07,264.961
2021-05-01,New York,31523.0,0.07,264.961
2021-05-08,New York,23417.0,0.07,264.961
2021-05-15,New York,20808.0,0.07,264.961
2021-05-22,New York,19505.0,0.07,266.614
2021-05-29,New York,19615.0,0.07,266.614
2021-06-05,New York,18515.0,0.07,266.614
2021-06-12,New York,19191.0,0.06,266.614
2021-06-19,New York,18496.0,0.06,268.383
2021-06-26,New York,20353.0,0.06,268.383
2021-07-03,New York,25083.0,0.06,268.383
2021-07-10,New York,33273.0,0.08,268.383
2021-07-17,New York,22546.0,0.08,268.383
2021-07-24,New York,18841.0,0.08,270.654
2021-07-31,New York,17469.0,0.08,270.654
2021-08-07,New York,14548.0,0.1,270.654
2021-08-14,New York,14722.0,0.1,270.654
2021-08-21,New York,14932.0,0.1,271.903
2021-08-28,New York,18708.0,0.1,271.903
2021-09-04,New York,15688.0,0.1,271.903
2021-09-11,New York,16776.0,0.09,271.903
2021-09-18,New York,14501.0,0.09,272.676
2021-09-25,New York,15392.0,0.09,272.676
2021-10-02,New York,14165.0,0.09,272.676
2021-10-09,New York,15394.0,0.08,272.676
2021-10-16,New York,13263.0,0.08,272.676
2021-10-23,New York,13586.0,0.08,273.91
2021-10-30,New York,13592.0,0.08,273.91
2021-11-06,New York,14476.0,0.08,273.91
2021-11-13,New York,14172.0,0.08,273.91
2021-11-20,New York,14964.0,0.08,276.55
2021-11-27,New York,14867.0,0.08,276.55
2021-12-04,New York,23390.0,0.08,276.55
2021-12-11,New York,15233.0,0.08,276.55
2021-12-18,New York,15371.0,0.08,278.919
2021-12-25,New York,17658.0,0.08,278.919
2022-01-01,New York,26470.0,0.08,278.919
2022-01-08,New York,37109.0,0.08,278.919
2022-01-15,New York,23255.0,0.08,278.919
2022-01-22,New York,17533.0,0.08,280.845
2022-01-29,New York,18208.0,0.08,280.845
2022-02-05,New York,16680.0,0.08,280.845
2022-02-12,New York,16269.0,0.08,280.845
2022-02-19,New York,13232.0,0.08,282.543
2022-02-26,New York,13245.0,0.08,282.543
2022-03-05,New York,29402.0,0.08,282.543
2022-03-12,New York,13304.0,0.08,282.543
2022-03-19,New York,12749.0,0.08,282.543
2022-03-26,New York,13510.0,0.08,284.5
2022-04-02,New York,12644.0,0.08,284.5
2022-04-09,New York,14151.0,0.2,284.5
2022-04-16,New York,11195.0,0.2,284.5
2022-04-23,New York,15955.0,0.2,287.674
2022-04-30,New York,23284.0,0.2,287.674
2022-05-07,New York,13385.0,0.2,287.674
2022-05-14,New York,13364.0,0.33,287.674
2022-05-21,New York,11914.0,0.33,288.561
2022-05-28,New York,12968.0,0.33,288.561
2022-06-04,New York,12337.0,0.33,288.561
2022-06-11,New York,12519.0,0.77,288.561
2022-06-18,New York,12432.0,0.77,291.298
2022-06-25,New York,12135.0,0.77,291.298
2022-07-02,New York,17300.0,0.77,291.298
2022-07-09,New York,27351.0,1.21,291.298
2022-07-16,New York,20163.0,1.21,291.298
2022-07-23,New York,14394.0,1.21,294.957
2022-07-30,New York,13411.0,1.21,294.957
2022-08-06,New York,13507.0,1.21,294.957
2022-08-13,New York,13381.0,1.68,294.957
2022-08-20,New York,13717.0,1.68,294.913
2022-08-27,New York,18347.0,1.68,294.913
2022-09-03,New York,14685.0,1.68,294.913
2022-09-10,New York,11780.0,2.33,294.913
2022-09-17,New York,13489.0,2.33,295.097
2022-09-24,New York,12085.0,2.33,295.097
2022-10-01,New York,11750.0,2.33,295.097
2022-10-08,New York,15137.0,2.56,295.097
2022-10-15,New York,12048.0,2.56,295.097
2022-10-22,New York,13774.0,2.56,296.349
2022-10-29,New York,13584.0,2.56,296.349
2022-11-05,New York,13976.0,2.56,296.349
2022-11-12,New York,14297.0,3.08,296.349
2022-11-19,New York,16505.0,3.08,298.007
2022-11-26,New York,15189.0,3.08,298.007
2022-12-03,New York,23966.0,3.08,298.007
2022-12-10,New York,16832.0,3.78,298.007
2022-12-17,New York,16517.0,3.78,298.007
2022-12-24,New York,18596.0,3.78,298.786
2022-12-31,New York,21765.0,3.78,298.786
2023-01-07,New York,39050.0,4.1,298.786
2023-01-14,New York,21642.0,4.1,298.786
2023-01-21,New York,16685.0,4.1,298.832
2023-01-28,New York,17634.0,4.1,298.832
2023-02-04,New York,17210.0,4.1,298.832
2023-02-11,New York,16566.0,4.33,298.832
2023-02-18,New York,14461.0,4.33,300.42
2023-02-25,New York,13878.0,4.33,300.42
2023-03-04,New York,30122.0,4.33,300.42
2023-03-11,New York,14686.0,4.57,300.42
2023-03-18,New York,13630.0,4.57,300.42
2023-03-25,New York,15276.0,4.57,301.45
2023-04-01,New York,13565.0,4.57,301.45
2023-04-08,New York,14793.0,4.65,301.45
2023-04-15,New York,21393.0,4.65,301.45
2023-04-22,New York,22880.0,4.65,301.821
2023-04-29,New York,13424.0,4.65,301.821
2023-05-06,New York,14636.0,4.65,301.821
2023-05-13,New York,14447.0,4.83,301.821
2023-05-20,New York,13822.0,4.83,302.845
2023-05-27,New York,14999.0,4.83,302.845
2023-06-03,New York,13674.0,4.83,302.845
2023-06-10,New York,15006.0,5.06,302.845
2023-06-17,New York,13708.0,5.06,303.334
2023-06-24,New York,14283.0,5.06,303.334
2023-07-01,New York,18435.0,5.06,303.334
2023-07-08,New York,26478.0,5.08,303.334
2023-07-15,New York,24561.0,5.08,303.334
2023-07-22,New York,15035.0,5.08,304.014
2023-07-29,New York,14034.0,5.08,304.014
2023-08-05,New York,14773.0,5.08,304.014
2023-08-12,New York,13810.0,5.12,304.014
2023-08-19,New York,13589.0,5.12,304.609
2023-08-26,New York,17170.0,5.12,304.609
2023-09-02,New York,14942.0,5.12,304.609
2023-09-09,New York,11891.0,5.33,304.609
2023-09-16,New York,13223.0,5.33,304.609
2023-09-23,New York,12074.0,5.33,306.082
2023-09-30,New York,12107.0,5.33,306.082
2023-10-07,New York,13490.0,5.33,306.082
2023-10-14,New York,11500.0,5.33,306.082
2023-10-21,New York,13469.0,5.33,307.276
2023-10-28,New York,11527.0,5.33,307.276
2023-11-04,New York,13772.0,5.33,307.276
2023-11-11,New York,16346.0,5.33,307.276
2023-11-18,New York,15730.0,5.33,307.696
2023-11-25,New York,13657.0,5.33,307.696
2023-12-02,New York,22730.0,5.33,307.696
2023-12-09,New York,16010.0,5.33,307.696
2023-12-16,New York,15676.0,5.33,307.696
2023-12-23,New York,16281.0,5.33,308.148
2023-12-30,New York,17449.0,5.33,308.148
2024-01-06,New York,37984.0,5.33,308.148
2024-01-13,New York,20626.0,5.33,308.148
2024-01-20,New York,16418.0,5.33,308.741
2024-01-27,New York,20551.0,5.33,308.741
2024-02-03,New York,17386.0,5.33,308.741
2024-02-10,New York,16855.0,5.33,308.741
2024-02-17,New York,15212.0,5.33,309.698
2024-02-24,New York,15153.0,5.33,309.698
2024-03-02,New York,29329.0,5.33,309.698
2024-03-09,New York,14746.0,5.33,309.698
2024-03-16,New York,14349.0,5.33,309.698
2024-03-23,New York,13927.0,5.33,310.967
2024-03-30,New York,14089.0,5.33,310.967
2024-04-06,New York,16588.0,5.33,310.967
2024-04-13,New York,17094.0,5.33,310.967
2024-04-20,New York,12841.0,5.33,312.345
2024-04-27,New York,13125.0,5.33,312.345
2024-05-04,New York,23296.0,5.33,312.345
2024-05-11,New York,13753.0,5.33,312.345
2024-05-18,New York,13127.0,5.33,313.023
2024-05-25,New York,12664.0,5.33,313.023
2024-06-01,New York,11648.0,5.33,313.023
2024-06-08,New York,13201.0,5.33,313.023
2024-06-15,New York,12008.0,5.33,313.023
2024-06-22,New York,11557.0,5.33,313.175
2024-06-29,New York,15984.0,5.33,313.175
2024-07-06,New York,21231.0,5.33,313.175
2024-07-13,New York,23636.0,5.33,313.175
2024-07-20,New York,15545.0,5.33,313.044
2024-07-27,New York,13149.0,5.33,313.044
2024-08-03,New York,13756.0,5.33,313.044
2024-08-10,New York,13652.0,5.33,313.044
2024-08-17,New York,13692.0,5.33,313.569
2024-08-24,New York,16296.0,5.33,313.569
2024-08-31,New York,15111.0,5.33,313.569
2024-09-07,New York,12233.0,5.33,313.569
2024-09-14,New York,14075.0,5.33,313.569
2024-09-21,New York,12565.0,5.33,314.062
2024-09-28,New York,12114.0,5.33,314.062
2024-10-05,New York,12534.0,5.33,314.062
2024-10-12,New York,14874.0,5.13,314.062
2024-10-19,New York,12089.0,5.13,314.732
2024-10-26,New York,14072.0,5.13,314.732
2024-11-02,New York,13603.0,5.13,314.732
2024-11-09,New York,15930.0,4.83,314.732
2024-11-16,New York,14846.0,4.83,314.732
2024-11-23,New York,16408.0,4.83,315.631
2024-11-30,New York,14462.0,4.83,315.631
2024-12-07,New York,23388.0,4.83,315.631
2024-12-14,New York,16581.0,4.64,315.631
2024-12-21,New York,15616.0,4.64,316.528
2024-12-28,New York,15065.0,4.64,316.528
2025-01-04,New York,37298.0,4.64,316.528
2025-01-11,New York,21902.0,4.48,316.528
2025-01-18,New York,17548.0,4.48,317.604
2025-01-25,New York,15198.0,4.48,317.604
2025-02-01,New York,19162.0,4.48,317.604
2025-02-08,New York,16149.0,4.33,317.604
2025-02-15,New York,15451.0,4.33,317.604
2025-02-22,New York,14538.0,4.33,318.961
2025-03-01,New York,30051.0,4.33,318.961
2025-03-08,New York,14938.0,4.33,318.961
2025-03-15,New York,14434.0,4.33,318.961
2025-03-22,New York,14978.0,4.33,319.679
2025-03-29,New York,15121.0,4.33,319.679
2025-04-05,New York,14036.0,4.33,319.679
2025-04-12,New York,14856.0,4.33,319.679
2025-04-19,New York,14518.0,4.33,319.785
2025-04-26,New York,29936.0,4.33,319.785
2025-05-03,New York,14708.0,4.33,319.785
2025-05-10,New York,13849.0,4.33,319.785
2025-05-17,New York,14083.0,4.33,319.785
2025-05-24,New York,13824.0,4.33,320.302
2025-05-31,New York,13493.0,4.33,320.302
2025-06-07,New York,14656.0,4.33,320.302
2025-06-14,New York,13254.0,4.33,320.302
2025-06-21,New York,12287.0,4.33,320.62
2025-06-28,New York,15610.0,4.33,320.62
2025-07-05,New York,17889.0,4.33,320.62
2025-07-12,New York,27890.0,4.33,320.62
2025-07-19,New York,15385.0,4.33,321.435
2025-07-26,New York,13921.0,4.33,321.435
2025-08-02,New York,12904.0,4.33,321.435
2025-08-09,New York,13534.0,4.33,321.435
2025-08-16,New York,13360.0,4.33,321.435
2025-08-23,New York,14790.0,4.33,322.169
2025-08-30,New York,16473.0,4.33,322.169
2025-09-06,New York,12850.0,4.33,322.169
2025-09-13,New York,14332.0,4.33,322.169
2025-09-20,New York,12346.0,4.33,323.291
2025-09-27,New York,12226.0,4.33,323.291
2025-10-04,New York,14356.0,4.33,323.291
2025-10-11,New York,14548.0,4.22,323.291
2025-10-18,New York,14818.0,4.22,324.245
2025-10-25,New York,15135.0,4.22,324.245
2025-11-01,New York,15134.0,4.22,324.245
2025-11-08,New York,15899.0,4.09,324.245
2025-11-15,New York,15706.0,4.09,324.245
2025-11-22,New York,17941.0,4.09,324.245
2025-11-29,New York,14488.0,4.09,324.245
2025-12-06,New York,24834.0,4.09,324.245
2025-12-13,New York,19114.0,3.88,324.245
2025-12-20,New York,17829.0,3.88,325.063
2025-12-27,New York,17397.0,3.88,325.063
2026-01-03,New York,32714.0,3.88,325.063
2026-01-10,New York,28142.0,3.72,325.063
2026-01-17,New York,18678.0,3.72,326.031
2026-01-24,New York,20417.0,3.72,326.031
2026-01-31,New York,23558.0,3.72,326.031
2026-02-07,New York,24382.0,3.64,326.031
2026-02-14,New York,16767.0,3.64,326.031
2026-02-21,New York,14073.0,3.64,326.588
2026-02-28,New York,31338.0,3.64,326.588
2026-03-07,New York,16771.0,3.64,326.588
2026-03-14,New York,13862.0,3.64,326.588
2026-03-21,New York,13699.0,3.64,327.46
2026-03-28,New York,14935.0,3.64,327.46
2026-04-04,New York,13343.0,3.64,327.46
2026-04-11,New York,21488.0,3.64,327.46
2026-04-18,New York,24373.0,3.64,330.293
2026-04-25,New York,13421.0,3.64,330.293
2026-05-02,New York,12645.0,3.64,330.293
2026-05-09,New York,13741.0,3.64,330.293
2026-05-16,New York,13355.0,3.64,330.293
2026-05-23,New York,13728.0,3.64,332.407
2026-05-30,New York,13220.0,3.64,332.407
2026-06-06,New York,14680.0,3.64,332.407
2026-06-13,New York,13144.0,3.63,332.407
2026-06-20,New York,13351.0,3.63,333.979
2026-06-27,New York,14724.0,3.63,333.979
2026-07-04,New York,19311.0,3.63,333.979
2026-07-11,New York,31891.0,3.63,333.979
2026-07-18,New York,14735.0,3.63,332.568
2026-07-25,New York,12783.0,3.63,332.568
2026-08-01,New York,12942.0,3.63,332.568
2026-08-08,New York,14321.0,3.63,332.568
2026-08-15,New York,13385.0,3.63,332.568
2026-08-22,New York,13899.0,3.63,332.813
2013-01-05,Oregon,10236.0,0.16,231.249
2013-01-12,Oregon,10622.0,0.16,231.249
2013-01-19,Oregon,7339.0,0.16,231.221
2013-01-26,Oregon,7830.0,0.16,231.221
2013-02-02,Oregon,9433.0,0.16,231.221
2013-02-09,Oregon,7222.0,0.14,231.221
2013-02-16,Oregon,6573.0,0.14,231.221
2013-02-23,Oregon,6437.0,0.14,231.679
2013-03-02,Oregon,6961.0,0.14,231.679
2013-03-09,Oregon,6499.0,0.14,231.679
2013-03-16,Oregon,6109.0,0.15,231.679
2013-03-23,Oregon,5741.0,0.15,232.937
2013-03-30,Oregon,7227.0,0.15,232.937
2013-04-06,Oregon,7723.0,0.15,232.937
2013-04-13,Oregon,5698.0,0.14,232.937
2013-04-20,Oregon,4983.0,0.14,232.282
2013-04-27,Oregon,6227.0,0.14,232.282
2013-05-04,Oregon,6211.0,0.14,232.282
2013-05-11,Oregon,5460.0,0.15,232.282
2013-05-18,Oregon,5298.0,0.15,231.797
2013-05-25,Oregon,5086.0,0.15,231.797
2013-06-01,Oregon,5937.0,0.15,231.797
2013-06-08,Oregon,6605.0,0.11,231.797
2013-06-15,Oregon,5117.0,0.11,231.797
2013-06-22,Oregon,7193.0,0.11,231.893
2013-06-29,Oregon,5945.0,0.11,231.893
2013-07-06,Oregon,5974.0,0.11,231.893
2013-07-13,Oregon,7930.0,0.09,231.893
2013-07-20,Oregon,5988.0,0.09,232.445
2013-07-27,Oregon,5979.0,0.09,232.445
2013-08-03,Oregon,4341.0,0.09,232.445
2013-08-10,Oregon,5026.0,0.09,232.445
2013-08-17,Oregon,5309.0,0.09,232.9
2013-08-24,Oregon,4731.0,0.09,232.9
2013-08-31,Oregon,5816.0,0.09,232.9
2013-09-07,Oregon,4078.0,0.08,232.9
2013-09-14,Oregon,4745.0,0.08,232.9
2013-09-21,Oregon,5234.0,0.08,233.456
2013-09-28,Oregon,6338.0,0.08,233.456
2013-10-05,Oregon,6189.0,0.08,233.456
2013-10-12,Oregon,5486.0,0.08,233.456
2013-10-19,Oregon,5306.0,0.08,233.544
2013-10-26,Oregon,8262.0,0.08,233.544
2013-11-02,Oregon,5251.0,0.08,233.544
2013-11-09,Oregon,6248.0,0.09,233.544
2013-11-16,Oregon,6185.0,0.09,233.544
2013-11-23,Oregon,7673.0,0.09,233.669
2013-11-30,Oregon,7143.0,0.09,233.669
2013-12-07,Oregon,7968.0,0.09,233.669
2013-12-14,Oregon,7178.0,0.08,233.669
2013-12-21,Oregon,9079.0,0.08,234.1
2013-12-28,Oregon,9643.0,0.08,234.1
2014-01-04,Oregon,9976.0,0.08,234.1
2014-01-11,Oregon,8773.0,0.09,234.1
2014-01-18,Oregon,10012.0,0.09,234.719
2014-01-25,Oregon,7360.0,0.09,234.719
2014-02-01,Oregon,6181.0,0.09,234.719
2014-02-08,Oregon,6256.0,0.07,234.719
2014-02-15,Oregon,7830.0,0.07,234.719
2014-02-22,Oregon,6020.0,0.07,235.288
2014-03-01,Oregon,5897.0,0.07,235.288
2014-03-08,Oregon,5808.0,0.07,235.288
2014-03-15,Oregon,5482.0,0.07,235.288
2014-03-22,Oregon,5101.0,0.07,235.547
2014-03-29,Oregon,6952.0,0.07,235.547
2014-04-05,Oregon,7482.0,0.07,235.547
2014-04-12,Oregon,5238.0,0.08,235.547
2014-04-19,Oregon,4498.0,0.08,236.028
2014-04-26,Oregon,5457.0,0.08,236.028
2014-05-03,Oregon,5292.0,0.08,236.028
2014-05-10,Oregon,4435.0,0.09,236.028
2014-05-17,Oregon,5103.0,0.09,236.028
2014-05-24,Oregon,4491.0,0.09,236.468
2014-05-31,Oregon,3981.0,0.09,236.468
2014-06-07,Oregon,5482.0,0.09,236.468
2014-06-14,Oregon,4696.0,0.09,236.468
2014-06-21,Oregon,5863.0,0.09,236.918
2014-06-28,Oregon,6091.0,0.09,236.918
2014-07-05,Oregon,5772.0,0.09,236.918
2014-07-12,Oregon,6193.0,0.1,236.918
2014-07-19,Oregon,4550.0,0.1,237.231
2014-07-26,Oregon,4632.0,0.1,237.231
2014-08-02,Oregon,3665.0,0.1,237.231
2014-08-09,Oregon,4457.0,0.09,237.231
2014-08-16,Oregon,4435.0,0.09,237.231
2014-08-23,Oregon,4344.0,0.09,237.498
2014-08-30,Oregon,4471.0,0.09,237.498
2014-09-06,Oregon,3731.0,0.09,237.498
2014-09-13,Oregon,5422.0,0.09,237.498
2014-09-20,Oregon,4594.0,0.09,237.46
2014-09-27,Oregon,4477.0,0.09,237.46
2014-10-04,Oregon,5172.0,0.09,237.46
2014-10-11,Oregon,4765.0,0.09,237.46
2014-10-18,Oregon,4643.0,0.09,237.477
2014-10-25,Oregon,6317.0,0.09,237.477
2014-11-01,Oregon,5386.0,0.09,237.477
2014-11-08,Oregon,6339.0,0.09,237.477
2014-11-15,Oregon,4982.0,0.09,237.477
2014-11-22,Oregon,7330.0,0.09,237.43
2014-11-29,Oregon,6269.0,0.09,237.43
2014-12-06,Oregon,8190.0,0.09,237.43
2014-12-13,Oregon,6281.0,0.09,237.43
2014-12-20,Oregon,6513.0,0.09,236.983
2014-12-27,Oregon,7097.0,0.09,236.983
2015-01-03,Oregon,9224.0,0.09,236.983
2015-01-10,Oregon,7910.0,0.12,236.983
2015-01-17,Oregon,7135.0,0.12,236.252
2015-01-24,Oregon,5855.0,0.12,236.252
2015-01-31,Oregon,6515.0,0.12,236.252
2015-02-07,Oregon,6244.0,0.11,236.252
2015-02-14,Oregon,5933.0,0.11,236.252
2015-02-21,Oregon,4717.0,0.11,234.747
2015-02-28,Oregon,4480.0,0.11,234.747
2015-03-07,Oregon,5228.0,0.11,234.747
2015-03-14,Oregon,4551.0,0.11,234.747
2015-03-21,Oregon,4291.0,0.11,235.342
2015-03-28,Oregon,5335.0,0.11,235.342
2015-04-04,Oregon,6080.0,0.11,235.342
2015-04-11,Oregon,5226.0,0.11,235.342
2015-04-18,Oregon,4196.0,0.11,235.976
2015-04-25,Oregon,4258.0,0.11,235.976
2015-05-02,Oregon,4891.0,0.11,235.976
2015-05-09,Oregon,3960.0,0.12,235.976
2015-05-16,Oregon,4962.0,0.12,235.976
2015-05-23,Oregon,4586.0,0.12,236.222
2015-05-30,Oregon,3629.0,0.12,236.222
2015-06-06,Oregon,5673.0,0.12,236.222
2015-06-13,Oregon,5039.0,0.12,236.222
2015-06-20,Oregon,4657.0,0.12,237.001
2015-06-27,Oregon,4595.0,0.12,237.001
2015-07-04,Oregon,4024.0,0.12,237.001
2015-07-11,Oregon,6403.0,0.13,237.001
2015-07-18,Oregon,4732.0,0.13,237.657
2015-07-25,Oregon,3777.0,0.13,237.657
2015-08-01,Oregon,3918.0,0.13,237.657
2015-08-08,Oregon,4468.0,0.13,237.657
2015-08-15,Oregon,4075.0,0.13,237.657
2015-08-22,Oregon,3898.0,0.13,238.034
2015-08-29,Oregon,4707.0,0.13,238.034
2015-09-05,Oregon,4074.0,0.13,238.034
2015-09-12,Oregon,4264.0,0.14,238.034
2015-09-19,Oregon,4318.0,0.14,238.033
2015-09-26,Oregon,4032.0,0.14,238.033
2015-10-03,Oregon,3860.0,0.14,238.033
2015-10-10,Oregon,5083.0,0.14,238.033
2015-10-17,Oregon,4093.0,0.14,238.033
2015-10-24,Oregon,4145.0,0.14,237.498
2015-10-31,Oregon,4363.0,0.14,237.498
2015-11-07,Oregon,5499.0,0.12,237.498
2015-11-14,Oregon,4612.0,0.12,237.498
2015-11-21,Oregon,6425.0,0.12,237.733
2015-11-28,Oregon,3993.0,0.12,237.733
2015-12-05,Oregon,8134.0,0.12,237.733
2015-12-12,Oregon,5874.0,0.12,237.733
2015-12-19,Oregon,6210.0,0.12,238.017
2015-12-26,Oregon,6626.0,0.12,238.017
2016-01-02,Oregon,7803.0,0.12,238.017
2016-01-09,Oregon,7607.0,0.24,238.017
2016-01-16,Oregon,7799.0,0.24,238.017
2016-01-23,Oregon,5312.0,0.24,237.761
2016-01-30,Oregon,5765.0,0.24,237.761
2016-02-06,Oregon,5551.0,0.24,237.761
2016-02-13,Oregon,4624.0,0.34,237.761
2016-02-20,Oregon,3588.0,0.34,237.652
2016-02-27,Oregon,4518.0,0.34,237.652
2016-03-05,Oregon,4273.0,0.34,237.652
2016-03-12,Oregon,4277.0,0.38,237.652
2016-03-19,Oregon,3984.0,0.38,237.336
2016-03-26,Oregon,4703.0,0.38,237.336
2016-04-02,Oregon,4615.0,0.38,237.336
2016-04-09,Oregon,3593.0,0.36,237.336
2016-04-16,Oregon,3442.0,0.36,237.336
2016-04-23,Oregon,3871.0,0.36,238.08
2016-04-30,Oregon,3813.0,0.36,238.08
2016-05-07,Oregon,3248.0,0.36,238.08
2016-05-14,Oregon,3341.0,0.37,238.08
2016-05-21,Oregon,5223.0,0.37,238.992
2016-05-28,Oregon,3523.0,0.37,238.992
2016-06-04,Oregon,3614.0,0.37,238.992
2016-06-11,Oregon,4438.0,0.37,238.992
2016-06-18,Oregon,3958.0,0.37,239.557
2016-06-25,Oregon,4724.0,0.37,239.557
2016-07-02,Oregon,3494.0,0.37,239.557
2016-07-09,Oregon,3793.0,0.38,239.557
2016-07-16,Oregon,6515.0,0.38,239.557
2016-07-23,Oregon,3802.0,0.38,240.222
2016-07-30,Oregon,2718.0,0.38,240.222
2016-08-06,Oregon,3390.0,0.38,240.222
2016-08-13,Oregon,4711.0,0.39,240.222
2016-08-20,Oregon,3726.0,0.39,240.101
2016-08-27,Oregon,3648.0,0.39,240.101
2016-09-03,Oregon,3397.0,0.39,240.101
2016-09-10,Oregon,2990.0,0.4,240.101
2016-09-17,Oregon,3383.0,0.4,240.545
2016-09-24,Oregon,3837.0,0.4,240.545
2016-10-01,Oregon,3867.0,0.4,240.545
2016-10-08,Oregon,3917.0,0.4,240.545
2016-10-15,Oregon,4138.0,0.4,240.545
2016-10-22,Oregon,3830.0,0.4,241.176
2016-10-29,Oregon,4238.0,0.4,241.176
2016-11-05,Oregon,5029.0,0.4,241.176
2016-11-12,Oregon,3990.0,0.4,241.176
2016-11-19,Oregon,5803.0,0.4,241.741
2016-11-26,Oregon,3980.0,0.4,241.741
2016-12-03,Oregon,6833.0,0.4,241.741
2016-12-10,Oregon,5247.0,0.41,241.741
2016-12-17,Oregon,6023.0,0.41,241.741
2016-12-24,Oregon,7372.0,0.41,242.026
2016-12-31,Oregon,6529.0,0.41,242.026
2017-01-07,Oregon,7042.0,0.54,242.026
2017-01-14,Oregon,6642.0,0.54,242.026
2017-01-21,Oregon,6607.0,0.54,242.637
2017-01-28,Oregon,7307.0,0.54,242.637
2017-02-04,Oregon,4627.0,0.54,242.637
2017-02-11,Oregon,5058.0,0.65,242.637
2017-02-18,Oregon,4326.0,0.65,243.618
2017-02-25,Oregon,4163.0,0.65,243.618
2017-03-04,Oregon,4573.0,0.65,243.618
2017-03-11,Oregon,3960.0,0.66,243.618
2017-03-18,Oregon,3824.0,0.66,243.618
2017-03-25,Oregon,3328.0,0.66,244.006
2017-04-01,Oregon,4461.0,0.66,244.006
2017-04-08,Oregon,5024.0,0.79,244.006
2017-04-15,Oregon,3624.0,0.79,244.006
2017-04-22,Oregon,3697.0,0.79,243.892
2017-04-29,Oregon,3515.0,0.79,243.892
2017-05-06,Oregon,2974.0,0.79,243.892
2017-05-13,Oregon,3865.0,0.9,243.892
2017-05-20,Oregon,3369.0,0.9,244.193
2017-05-27,Oregon,3119.0,0.9,244.193
2017-06-03,Oregon,3121.0,0.9,244.193
2017-06-10,Oregon,3883.0,0.91,244.193
2017-06-17,Oregon,3637.0,0.91,244.004
2017-06-24,Oregon,4127.0,0.91,244.004
2017-07-01,Oregon,3928.0,0.91,244.004
2017-07-08,Oregon,4246.0,1.04,244.004
2017-07-15,Oregon,4325.0,1.04,244.004
2017-07-22,Oregon,3110.0,1.04,244.163
2017-07-29,Oregon,3081.0,1.04,244.163
2017-08-05,Oregon,3383.0,1.04,244.163
2017-08-12,Oregon,3492.0,1.15,244.163
2017-08-19,Oregon,3046.0,1.15,244.243
2017-08-26,Oregon,2943.0,1.15,244.243
2017-09-02,Oregon,3576.0,1.15,244.243
2017-09-09,Oregon,3265.0,1.16,244.243
2017-09-16,Oregon,4006.0,1.16,244.243
2017-09-23,Oregon,3320.0,1.16,245.183
2017-09-30,Oregon,3426.0,1.16,245.183
2017-10-07,Oregon,4089.0,1.16,245.183
2017-10-14,Oregon,3229.0,1.15,245.183
2017-10-21,Oregon,3972.0,1.15,246.435
2017-10-28,Oregon,3725.0,1.15,246.435
2017-11-04,Oregon,4173.0,1.15,246.435
2017-11-11,Oregon,4072.0,1.15,246.435
2017-11-18,Oregon,5066.0,1.15,246.626
2017-11-25,Oregon,3940.0,1.15,246.626
2017-12-02,Oregon,6725.0,1.15,246.626
2017-12-09,Oregon,4535.0,1.16,246.626
2017-12-16,Oregon,4271.0,1.16,246.626
2017-12-23,Oregon,5734.0,1.16,247.284
2017-12-30,Oregon,6354.0,1.16,247.284
2018-01-06,Oregon,6708.0,1.16,247.284
2018-01-13,Oregon,4967.0,1.3,247.284
2018-01-20,Oregon,4557.0,1.3,247.805
2018-01-27,Oregon,4774.0,1.3,247.805
2018-02-03,Oregon,4579.0,1.3,247.805
2018-02-10,Oregon,4254.0,1.41,247.805
2018-02-17,Oregon,3679.0,1.41,248.859
2018-02-24,Oregon,4385.0,1.41,248.859
2018-03-03,Oregon,4982.0,1.41,248.859
2018-03-10,Oregon,3615.0,1.42,248.859
2018-03-17,Oregon,3334.0,1.42,248.859
2018-03-24,Oregon,3624.0,1.42,249.529
2018-03-31,Oregon,4133.0,1.42,249.529
2018-04-07,Oregon,4832.0,1.51,249.529
2018-04-14,Oregon,3803.0,1.51,249.529
2018-04-21,Oregon,3400.0,1.51,249.577
2018-04-28,Oregon,3204.0,1.51,249.577
2018-05-05,Oregon,3309.0,1.51,249.577
2018-05-12,Oregon,2875.0,1.69,249.577
2018-05-19,Oregon,3192.0,1.69,250.227
2018-05-26,Oregon,3138.0,1.69,250.227
2018-06-02,Oregon,2994.0,1.69,250.227
2018-06-09,Oregon,3601.0,1.7,250.227
2018-06-16,Oregon,3690.0,1.7,250.227
2018-06-23,Oregon,4008.0,1.7,250.792
2018-06-30,Oregon,3518.0,1.7,250.792
2018-07-07,Oregon,5284.0,1.7,250.792
2018-07-14,Oregon,4475.0,1.82,250.792
2018-07-21,Oregon,2591.0,1.82,251.018
2018-07-28,Oregon,2746.0,1.82,251.018
2018-08-04,Oregon,3428.0,1.82,251.018
2018-08-11,Oregon,3229.0,1.91,251.018
2018-08-18,Oregon,2813.0,1.91,251.214
2018-08-25,Oregon,3177.0,1.91,251.214
2018-09-01,Oregon,2983.0,1.91,251.214
2018-09-08,Oregon,2941.0,1.91,251.214
2018-09-15,Oregon,3634.0,1.91,251.214
2018-09-22,Oregon,3350.0,1.91,251.663
2018-09-29,Oregon,2908.0,1.91,251.663
2018-10-06,Oregon,3701.0,1.91,251.663
2018-10-13,Oregon,3169.0,1.95,251.663
2018-10-20,Oregon,3756.0,1.95,252.182
2018-10-27,Oregon,3423.0,1.95,252.182
2018-11-03,Oregon,3954.0,1.95,252.182
2018-11-10,Oregon,4502.0,2.19,252.182
2018-11-17,Oregon,3862.0,2.19,252.772
2018-11-24,Oregon,4885.0,2.19,252.772
2018-12-01,Oregon,7022.0,2.19,252.772
2018-12-08,Oregon,4394.0,2.2,252.772
2018-12-15,Oregon,4556.0,2.2,252.772
2018-12-22,Oregon,5730.0,2.2,252.594
2018-12-29,Oregon,6709.0,2.2,252.594
2019-01-05,Oregon,7250.0,2.2,252.594
2019-01-12,Oregon,5945.0,2.27,252.594
2019-01-19,Oregon,4708.0,2.27,252.767
2019-01-26,Oregon,3596.0,2.27,252.767
2019-02-02,Oregon,4577.0,2.27,252.767
2019-02-09,Oregon,4928.0,2.4,252.767
2019-02-16,Oregon,5111.0,2.4,252.767
2019-02-23,Oregon,4287.0,2.4,252.561
2019-03-02,Oregon,5863.0,2.4,252.561
2019-03-09,Oregon,6732.0,2.4,252.561
2019-03-16,Oregon,3706.0,2.4,252.561
2019-03-23,Oregon,3855.0,2.4,253.319
2019-03-30,Oregon,4166.0,2.4,253.319
2019-04-06,Oregon,4468.0,2.4,253.319
2019-04-13,Oregon,4352.0,2.41,253.319
2019-04-20,Oregon,4021.0,2.41,254.277
2019-04-27,Oregon,3275.0,2.41,254.277
2019-05-04,Oregon,3038.0,2.41,254.277
2019-05-11,Oregon,3333.0,2.42,254.277
2019-05-18,Oregon,3258.0,2.42,255.233
2019-05-25,Oregon,3651.0,2.42,255.233
2019-06-01,Oregon,3491.0,2.42,255.233
2019-06-08,Oregon,3548.0,2.39,255.233
2019-06-15,Oregon,3504.0,2.39,255.233
2019-06-22,Oregon,3933.0,2.39,255.296
2019-06-29,Oregon,3771.0,2.39,255.296
2019-07-06,Oregon,4915.0,2.39,255.296
2019-07-13,Oregon,4972.0,2.38,255.296
2019-07-20,Oregon,3436.0,2.38,255.213
2019-07-27,Oregon,3148.0,2.38,255.213
2019-08-03,Oregon,3262.0,2.38,255.213
2019-08-10,Oregon,3358.0,2.4,255.213
2019-08-17,Oregon,2972.0,2.4,255.802
2019-08-24,Oregon,3264.0,2.4,255.802
2019-08-31,Oregon,3191.0,2.4,255.802
2019-09-07,Oregon,3182.0,2.13,255.802
2019-09-14,Oregon,3867.0,2.13,255.802
2019-09-21,Oregon,3637.0,2.13,256.036
2019-09-28,Oregon,3286.0,2.13,256.036
2019-10-05,Oregon,3492.0,2.13,256.036
2019-10-12,Oregon,3555.0,2.04,256.036
2019-10-19,Oregon,3973.0,2.04,256.43
2019-10-26,Oregon,3691.0,2.04,256.43
2019-11-02,Oregon,3456.0,2.04,256.43
2019-11-09,Oregon,3888.0,1.83,256.43
2019-11-16,Oregon,3942.0,1.83,256.43
2019-11-23,Oregon,4994.0,1.83,257.155
2019-11-30,Oregon,4283.0,1.83,257.155
2019-12-07,Oregon,6576.0,1.83,257.155
2019-12-14,Oregon,5519.0,1.55,257.155
2019-12-21,Oregon,4892.0,1.55,257.879
2019-12-28,Oregon,7231.0,1.55,257.879
2020-01-04,Oregon,6714.0,1.55,257.879
2020-01-11,Oregon,6215.0,1.55,257.879
2020-01-18,Oregon,4051.0,1.55,258.63
2020-01-25,Oregon,4457.0,1.55,258.63
2020-02-01,Oregon,4853.0,1.55,258.63
2020-02-08,Oregon,4953.0,1.55,258.63
2020-02-15,Oregon,4284.0,1.55,258.63
2020-02-22,Oregon,3514.0,1.55,259.127
2020-02-29,Oregon,3936.0,1.55,259.127
2020-03-07,Oregon,4154.0,1.55,259.127
2020-03-14,Oregon,4269.0,1.58,259.127
2020-03-21,Oregon,30054.0,1.58,259.25
2020-03-28,Oregon,47498.0,1.58,259.25
2020-04-04,Oregon,62788.0,1.58,259.25
2020-04-11,Oregon,54581.0,0.65,259.25
2020-04-18,Oregon,37209.0,0.65,258.076
2020-04-25,Oregon,49300.0,0.65,258.076
2020-05-02,Oregon,48120.0,0.65,258.076
2020-05-09,Oregon,33936.0,0.05,258.076
2020-05-16,Oregon,23539.0,0.05,258.076
2020-05-23,Oregon,28452.0,0.05,256.032
2020-05-30,Oregon,20565.0,0.05,256.032
2020-06-06,Oregon,24508.0,0.05,256.032
2020-06-13,Oregon,24645.0,0.05,256.032
2020-06-20,Oregon,16274.0,0.05,255.802
2020-06-27,Oregon,11195.0,0.05,255.802
2020-07-04,Oregon,10343.0,0.05,255.802
2020-07-11,Oregon,11713.0,0.08,255.802
2020-07-18,Oregon,10152.0,0.08,257.042
2020-07-25,Oregon,9417.0,0.08,257.042
2020-08-01,Oregon,7275.0,0.08,257.042
2020-08-08,Oregon,6505.0,0.09,257.042
2020-08-15,Oregon,5233.0,0.09,257.042
2020-08-22,Oregon,5152.0,0.09,258.352
2020-08-29,Oregon,5114.0,0.09,258.352
2020-09-05,Oregon,5228.0,0.09,258.352
2020-09-12,Oregon,4804.0,0.1,258.352
2020-09-19,Oregon,8055.0,0.1,259.316
2020-09-26,Oregon,5738.0,0.1,259.316
2020-10-03,Oregon,4408.0,0.1,259.316
2020-10-10,Oregon,4773.0,0.09,259.316
2020-10-17,Oregon,4767.0,0.09,259.316
2020-10-24,Oregon,4529.0,0.09,259.997
2020-10-31,Oregon,4020.0,0.09,259.997
2020-11-07,Oregon,4445.0,0.09,259.997
2020-11-14,Oregon,5788.0,0.09,259.997
2020-11-21,Oregon,9910.0,0.09,260.319
2020-11-28,Oregon,15371.0,0.09,260.319
2020-12-05,Oregon,15753.0,0.09,260.319
2020-12-12,Oregon,10464.0,0.09,260.319
2020-12-19,Oregon,10261.0,0.09,260.911
2020-12-26,Oregon,11018.0,0.09,260.911
2021-01-02,Oregon,12810.0,0.09,260.911
2021-01-09,Oregon,12896.0,0.09,260.911
2021-01-16,Oregon,10523.0,0.09,260.911
2021-01-23,Oregon,8915.0,0.09,262.045
2021-01-30,Oregon,9276.0,0.09,262.045
2021-02-06,Oregon,8847.0,0.09,262.045
2021-02-13,Oregon,7684.0,0.09,262.045
2021-02-20,Oregon,7446.0,0.09,262.687
2021-02-27,Oregon,8165.0,0.09,262.687
2021-03-06,Oregon,7115.0,0.09,262.687
2021-03-13,Oregon,6839.0,0.08,262.687
2021-03-20,Oregon,7912.0,0.08,263.579
2021-03-27,Oregon,9790.0,0.08,263.579
2021-04-03,Oregon,9485.0,0.08,263.579
2021-04-10,Oregon,8379.0,0.07,263.579
2021-04-17,Oregon,7326.0,0.07,264.961
2021-04-24,Oregon,11390.0,0.07,264.961
2021-05-01,Oregon,10993.0,0.07,264.961
2021-05-08,Oregon,9714.0,0.07,264.961
2021-05-15,Oregon,9235.0,0.07,264.961
2021-05-22,Oregon,8354.0,0.07,266.614
2021-05-29,Oregon,6532.0,0.07,266.614
2021-06-05,Oregon,6162.0,0.07,266.614
2021-06-12,Oregon,5650.0,0.06,266.614
2021-06-19,Oregon,5212.0,0.06,268.383
2021-06-26,Oregon,6049.0,0.06,268.383
2021-07-03,Oregon,6995.0,0.06,268.383
2021-07-10,Oregon,5613.0,0.08,268.383
2021-07-17,Oregon,4727.0,0.08,268.383
2021-07-24,Oregon,4316.0,0.08,270.654
2021-07-31,Oregon,4419.0,0.08,270.654
2021-08-07,Oregon,6021.0,0.1,270.654
2021-08-14,Oregon,5616.0,0.1,270.654
2021-08-21,Oregon,6993.0,0.1,271.903
2021-08-28,Oregon,5307.0,0.1,271.903
2021-09-04,Oregon,5112.0,0.1,271.903
2021-09-11,Oregon,4523.0,0.09,271.903
2021-09-18,Oregon,7936.0,0.09,272.676
2021-09-25,Oregon,6207.0,0.09,272.676
2021-10-02,Oregon,4390.0,0.09,272.676
2021-10-09,Oregon,4478.0,0.08,272.676
2021-10-16,Oregon,4179.0,0.08,272.676
2021-10-23,Oregon,4409.0,0.08,273.91
2021-10-30,Oregon,4380.0,0.08,273.91
2021-11-06,Oregon,4546.0,0.08,273.91
2021-11-13,Oregon,4210.0,0.08,273.91
2021-11-20,Oregon,4419.0,0.08,276.55
2021-11-27,Oregon,3582.0,0.08,276.55
2021-12-04,Oregon,6027.0,0.08,276.55
2021-12-11,Oregon,4045.0,0.08,276.55
2021-12-18,Oregon,4575.0,0.08,278.919
2021-12-25,Oregon,4895.0,0.08,278.919
2022-01-01,Oregon,7336.0,0.08,278.919
2022-01-08,Oregon,9471.0,0.08,278.919
2022-01-15,Oregon,5386.0,0.08,278.919
2022-01-22,Oregon,5037.0,0.08,280.845
2022-01-29,Oregon,4596.0,0.08,280.845
2022-02-05,Oregon,4277.0,0.08,280.845
2022-02-12,Oregon,3822.0,0.08,280.845
2022-02-19,Oregon,3425.0,0.08,282.543
2022-02-26,Oregon,3330.0,0.08,282.543
2022-03-05,Oregon,3859.0,0.08,282.543
2022-03-12,Oregon,3321.0,0.08,282.543
2022-03-19,Oregon,3151.0,0.08,282.543
2022-03-26,Oregon,3505.0,0.08,284.5
2022-04-02,Oregon,3607.0,0.08,284.5
2022-04-09,Oregon,3406.0,0.2,284.5
2022-04-16,Oregon,3544.0,0.2,284.5
2022-04-23,Oregon,3732.0,0.2,287.674
2022-04-30,Oregon,3198.0,0.2,287.674
2022-05-07,Oregon,3295.0,0.2,287.674
2022-05-14,Oregon,3110.0,0.33,287.674
2022-05-21,Oregon,3093.0,0.33,288.561
2022-05-28,Oregon,2997.0,0.33,288.561
2022-06-04,Oregon,3159.0,0.33,288.561
2022-06-11,Oregon,3357.0,0.77,288.561
2022-06-18,Oregon,3337.0,0.77,291.298
2022-06-25,Oregon,3671.0,0.77,291.298
2022-07-02,Oregon,4261.0,0.77,291.298
2022-07-09,Oregon,4032.0,1.21,291.298
2022-07-16,Oregon,3835.0,1.21,291.298
2022-07-23,Oregon,3167.0,1.21,294.957
2022-07-30,Oregon,3332.0,1.21,294.957
2022-08-06,Oregon,3431.0,1.21,294.957
2022-08-13,Oregon,3385.0,1.68,294.957
2022-08-20,Oregon,3176.0,1.68,294.913
2022-08-27,Oregon,3298.0,1.68,294.913
2022-09-03,Oregon,3079.0,1.68,294.913
2022-09-10,Oregon,2652.0,2.33,294.913
2022-09-17,Oregon,3519.0,2.33,295.097
2022-09-24,Oregon,3041.0,2.33,295.097
2022-10-01,Oregon,3243.0,2.33,295.097
2022-10-08,Oregon,3831.0,2.56,295.097
2022-10-15,Oregon,2998.0,2.56,295.097
2022-10-22,Oregon,3100.0,2.56,296.349
2022-10-29,Oregon,4641.0,2.56,296.349
2022-11-05,Oregon,3365.0,2.56,296.349
2022-11-12,Oregon,3843.0,3.08,296.349
2022-11-19,Oregon,5629.0,3.08,298.007
2022-11-26,Oregon,4506.0,3.08,298.007
2022-12-03,Oregon,5947.0,3.08,298.007
2022-12-10,Oregon,4584.0,3.78,298.007
2022-12-17,Oregon,4712.0,3.78,298.007
2022-12-24,Oregon,6369.0,3.78,298.786
2022-12-31,Oregon,7208.0,3.78,298.786
2023-01-07,Oregon,5683.0,4.1,298.786
2023-01-14,Oregon,5726.0,4.1,298.786
2023-01-21,Oregon,4597.0,4.1,298.832
2023-01-28,Oregon,5398.0,4.1,298.832
2023-02-04,Oregon,4706.0,4.1,298.832
2023-02-11,Oregon,4781.0,4.33,298.832
2023-02-18,Oregon,4247.0,4.33,300.42
2023-02-25,Oregon,4406.0,4.33,300.42
2023-03-04,Oregon,5682.0,4.33,300.42
2023-03-11,Oregon,4549.0,4.57,300.42
2023-03-18,Oregon,4211.0,4.57,300.42
2023-03-25,Oregon,3921.0,4.57,301.45
2023-04-01,Oregon,4973.0,4.57,301.45
2023-04-08,Oregon,6073.0,4.65,301.45
2023-04-15,Oregon,4871.0,4.65,301.45
2023-04-22,Oregon,3937.0,4.65,301.821
2023-04-29,Oregon,4006.0,4.65,301.821
2023-05-06,Oregon,4383.0,4.65,301.821
2023-05-13,Oregon,4116.0,4.83,301.821
2023-05-20,Oregon,3551.0,4.83,302.845
2023-05-27,Oregon,4190.0,4.83,302.845
2023-06-03,Oregon,3740.0,4.83,302.845
2023-06-10,Oregon,4195.0,5.06,302.845
2023-06-17,Oregon,4467.0,5.06,303.334
2023-06-24,Oregon,5178.0,5.06,303.334
2023-07-01,Oregon,5180.0,5.06,303.334
2023-07-08,Oregon,4729.0,5.08,303.334
2023-07-15,Oregon,6083.0,5.08,303.334
2023-07-22,Oregon,4546.0,5.08,304.014
2023-07-29,Oregon,4232.0,5.08,304.014
2023-08-05,Oregon,5129.0,5.08,304.014
2023-08-12,Oregon,4270.0,5.12,304.014
2023-08-19,Oregon,3884.0,5.12,304.609
2023-08-26,Oregon,4774.0,5.12,304.609
2023-09-02,Oregon,3970.0,5.12,304.609
2023-09-09,Oregon,3464.0,5.33,304.609
2023-09-16,Oregon,4021.0,5.33,304.609
2023-09-23,Oregon,3540.0,5.33,306.082
2023-09-30,Oregon,3519.0,5.33,306.082
2023-10-07,Oregon,3695.0,5.33,306.082
2023-10-14,Oregon,3164.0,5.33,306.082
2023-10-21,Oregon,6961.0,5.33,307.276
2023-10-28,Oregon,6556.0,5.33,307.276
2023-11-04,Oregon,4027.0,5.33,307.276
2023-11-11,Oregon,2664.0,5.33,307.276
2023-11-18,Oregon,6125.0,5.33,307.696
2023-11-25,Oregon,3145.0,5.33,307.696
2023-12-02,Oregon,8551.0,5.33,307.696
2023-12-09,Oregon,5153.0,5.33,307.696
2023-12-16,Oregon,4791.0,5.33,307.696
2023-12-23,Oregon,7049.0,5.33,308.148
2023-12-30,Oregon,5813.0,5.33,308.148
2024-01-06,Oregon,6029.0,5.33,308.148
2024-01-13,Oregon,7140.0,5.33,308.148
2024-01-20,Oregon,4752.0,5.33,308.741
2024-01-27,Oregon,10210.0,5.33,308.741
2024-02-03,Oregon,5649.0,5.33,308.741
2024-02-10,Oregon,4708.0,5.33,308.741
2024-02-17,Oregon,4686.0,5.33,309.698
2024-02-24,Oregon,3863.0,5.33,309.698
2024-03-02,Oregon,2800.0,5.33,309.698
2024-03-09,Oregon,5016.0,5.33,309.698
2024-03-16,Oregon,3365.0,5.33,309.698
2024-03-23,Oregon,4305.0,5.33,310.967
2024-03-30,Oregon,4547.0,5.33,310.967
2024-04-06,Oregon,5404.0,5.33,310.967
2024-04-13,Oregon,6801.0,5.33,310.967
2024-04-20,Oregon,5089.0,5.33,312.345
2024-04-27,Oregon,3360.0,5.33,312.345
2024-05-04,Oregon,3660.0,5.33,312.345
2024-05-11,Oregon,3665.0,5.33,312.345
2024-05-18,Oregon,3277.0,5.33,313.023
2024-05-25,Oregon,3195.0,5.33,313.023
2024-06-01,Oregon,3079.0,5.33,313.023
2024-06-08,Oregon,3714.0,5.33,313.023
2024-06-15,Oregon,4007.0,5.33,313.023
2024-06-22,Oregon,4975.0,5.33,313.175
2024-06-29,Oregon,5379.0,5.33,313.175
2024-07-06,Oregon,4826.0,5.33,313.175
2024-07-13,Oregon,4733.0,5.33,313.175
2024-07-20,Oregon,3359.0,5.33,313.044
2024-07-27,Oregon,3570.0,5.33,313.044
2024-08-03,Oregon,3394.0,5.33,313.044
2024-08-10,Oregon,3557.0,5.33,313.044
2024-08-17,Oregon,3222.0,5.33,313.569
2024-08-24,Oregon,3238.0,5.33,313.569
2024-08-31,Oregon,3249.0,5.33,313.569
2024-09-07,Oregon,3199.0,5.33,313.569
2024-09-14,Oregon,3618.0,5.33,313.569
2024-09-21,Oregon,3289.0,5.33,314.062
2024-09-28,Oregon,3499.0,5.33,314.062
2024-10-05,Oregon,4083.0,5.33,314.062
2024-10-12,Oregon,3826.0,5.13,314.062
2024-10-19,Oregon,3598.0,5.13,314.732
2024-10-26,Oregon,3986.0,5.13,314.732
2024-11-02,Oregon,4335.0,5.13,314.732
2024-11-09,Oregon,4637.0,4.83,314.732
2024-11-16,Oregon,4184.0,4.83,314.732
2024-11-23,Oregon,5223.0,4.83,315.631
2024-11-30,Oregon,4899.0,4.83,315.631
2024-12-07,Oregon,6407.0,4.83,315.631
2024-12-14,Oregon,4641.0,4.64,315.631
2024-12-21,Oregon,5492.0,4.64,316.528
2024-12-28,Oregon,6265.0,4.64,316.528
2025-01-04,Oregon,8832.0,4.64,316.528
2025-01-11,Oregon,5878.0,4.48,316.528
2025-01-18,Oregon,4864.0,4.48,317.604
2025-01-25,Oregon,4451.0,4.48,317.604
2025-02-01,Oregon,4848.0,4.48,317.604
2025-02-08,Oregon,5224.0,4.33,317.604
2025-02-15,Oregon,5172.0,4.33,317.604
2025-02-22,Oregon,4360.0,4.33,318.961
2025-03-01,Oregon,4101.0,4.33,318.961
2025-03-08,Oregon,4235.0,4.33,318.961
2025-03-15,Oregon,4262.0,4.33,318.961
2025-03-22,Oregon,4839.0,4.33,319.679
2025-03-29,Oregon,5041.0,4.33,319.679
2025-04-05,Oregon,6372.0,4.33,319.679
2025-04-12,Oregon,4503.0,4.33,319.679
2025-04-19,Oregon,4102.0,4.33,319.785
2025-04-26,Oregon,3821.0,4.33,319.785
2025-05-03,Oregon,3885.0,4.33,319.785
2025-05-10,Oregon,3880.0,4.33,319.785
2025-05-17,Oregon,3735.0,4.33,319.785
2025-05-24,Oregon,3775.0,4.33,320.302
2025-05-31,Oregon,3743.0,4.33,320.302
2025-06-07,Oregon,4462.0,4.33,320.302
2025-06-14,Oregon,5720.0,4.33,320.302
2025-06-21,Oregon,6891.0,4.33,320.62
2025-06-28,Oregon,6841.0,4.33,320.62
2025-07-05,Oregon,5838.0,4.33,320.62
2025-07-12,Oregon,5630.0,4.33,320.62
2025-07-19,Oregon,4570.0,4.33,321.435
2025-07-26,Oregon,4076.0,4.33,321.435
2025-08-02,Oregon,4564.0,4.33,321.435
2025-08-09,Oregon,4411.0,4.33,321.435
2025-08-16,Oregon,4078.0,4.33,321.435
2025-08-23,Oregon,3788.0,4.33,322.169
2025-08-30,Oregon,3868.0,4.33,322.169
2025-09-06,Oregon,4070.0,4.33,322.169
2025-09-13,Oregon,3895.0,4.33,322.169
2025-09-20,Oregon,3610.0,4.33,323.291
2025-09-27,Oregon,3644.0,4.33,323.291
2025-10-04,Oregon,4605.0,4.33,323.291
2025-10-11,Oregon,4478.0,4.22,323.291
2025-10-18,Oregon,4467.0,4.22,324.245
2025-10-25,Oregon,4361.0,4.22,324.245
2025-11-01,Oregon,4278.0,4.22,324.245
2025-11-08,Oregon,5109.0,4.09,324.245
2025-11-15,Oregon,4826.0,4.09,324.245
2025-11-22,Oregon,5024.0,4.09,324.245
2025-11-29,Oregon,5384.0,4.09,324.245
2025-12-06,Oregon,8006.0,4.09,324.245
2025-12-13,Oregon,5027.0,3.88,324.245
2025-12-20,Oregon,6391.0,3.88,325.063
2025-12-27,Oregon,7432.0,3.88,325.063
2026-01-03,Oregon,10169.0,3.88,325.063
2026-01-10,Oregon,6662.0,3.72,325.063
2026-01-17,Oregon,5539.0,3.72,326.031
2026-01-24,Oregon,4747.0,3.72,326.031
2026-01-31,Oregon,4929.0,3.72,326.031
2026-02-07,Oregon,5032.0,3.64,326.031
2026-02-14,Oregon,4884.0,3.64,326.031
2026-02-21,Oregon,4937.0,3.64,326.588
2026-02-28,Oregon,4569.0,3.64,326.588
2026-03-07,Oregon,4684.0,3.64,326.588
2026-03-14,Oregon,4584.0,3.64,326.588
2026-03-21,Oregon,4824.0,3.64,327.46
2026-03-28,Oregon,5915.0,3.64,327.46
2026-04-04,Oregon,8097.0,3.64,327.46
2026-04-11,Oregon,4324.0,3.64,327.46
2026-04-18,Oregon,4406.0,3.64,330.293
2026-04-25,Oregon,4208.0,3.64,330.293
2026-05-02,Oregon,4192.0,3.64,330.293
2026-05-09,Oregon,4025.0,3.64,330.293
2026-05-16,Oregon,4048.0,3.64,330.293
2026-05-23,Oregon,3892.0,3.64,332.407
2026-05-30,Oregon,3988.0,3.64,332.407
2026-06-06,Oregon,4769.0,3.64,332.407
2026-06-13,Oregon,6305.0,3.63,332.407
2026-06-20,Oregon,8238.0,3.63,333.979
2026-06-27,Oregon,8115.0,3.63,333.979
2026-07-04,Oregon,5831.0,3.63,333.979
2026-07-11,Oregon,5705.0,3.63,333.979
2026-07-18,Oregon,4835.0,3.63,332.568
2026-07-25,Oregon,4405.0,3.63,332.568
2026-08-01,Oregon,4271.0,3.63,332.568
2026-08-08,Oregon,4520.0,3.63,332.568
2026-08-15,Oregon,4027.0,3.63,332.568
2026-08-22,Oregon,3870.0,3.63,332.813
2013-01-05,Tennessee,12706.0,0.16,231.249
2013-01-12,Tennessee,12634.0,0.16,231.249
2013-01-19,Tennessee,9550.0,0.16,231.221
2013-01-26,Tennessee,8220.0,0.16,231.221
2013-02-02,Tennessee,6217.0,0.16,231.221
2013-02-09,Tennessee,6101.0,0.14,231.221
2013-02-16,Tennessee,4833.0,0.14,231.221
2013-02-23,Tennessee,4649.0,0.14,231.679
2013-03-02,Tennessee,4605.0,0.14,231.679
2013-03-09,Tennessee,5013.0,0.14,231.679
2013-03-16,Tennessee,4689.0,0.15,231.679
2013-03-23,Tennessee,4429.0,0.15,232.937
2013-03-30,Tennessee,4565.0,0.15,232.937
2013-04-06,Tennessee,5373.0,0.15,232.937
2013-04-13,Tennessee,5027.0,0.14,232.937
2013-04-20,Tennessee,4703.0,0.14,232.282
2013-04-27,Tennessee,4598.0,0.14,232.282
2013-05-04,Tennessee,5266.0,0.14,232.282
2013-05-11,Tennessee,4778.0,0.15,232.282
2013-05-18,Tennessee,5969.0,0.15,231.797
2013-05-25,Tennessee,5283.0,0.15,231.797
2013-06-01,Tennessee,6563.0,0.15,231.797
2013-06-08,Tennessee,6663.0,0.11,231.797
2013-06-15,Tennessee,5121.0,0.11,231.797
2013-06-22,Tennessee,4455.0,0.11,231.893
2013-06-29,Tennessee,4620.0,0.11,231.893
2013-07-06,Tennessee,6170.0,0.11,231.893
2013-07-13,Tennessee,9990.0,0.09,231.893
2013-07-20,Tennessee,7665.0,0.09,232.445
2013-07-27,Tennessee,5040.0,0.09,232.445
2013-08-03,Tennessee,4674.0,0.09,232.445
2013-08-10,Tennessee,4493.0,0.09,232.445
2013-08-17,Tennessee,4272.0,0.09,232.9
2013-08-24,Tennessee,4273.0,0.09,232.9
2013-08-31,Tennessee,3893.0,0.09,232.9
2013-09-07,Tennessee,4574.0,0.08,232.9
2013-09-14,Tennessee,4170.0,0.08,232.9
2013-09-21,Tennessee,3699.0,0.08,233.456
2013-09-28,Tennessee,3741.0,0.08,233.456
2013-10-05,Tennessee,3802.0,0.08,233.456
2013-10-12,Tennessee,4342.0,0.08,233.456
2013-10-19,Tennessee,4306.0,0.08,233.544
2013-10-26,Tennessee,4244.0,0.08,233.544
2013-11-02,Tennessee,3255.0,0.08,233.544
2013-11-09,Tennessee,5039.0,0.09,233.544
2013-11-16,Tennessee,4078.0,0.09,233.544
2013-11-23,Tennessee,4680.0,0.09,233.669
2013-11-30,Tennessee,3440.0,0.09,233.669
2013-12-07,Tennessee,7643.0,0.09,233.669
2013-12-14,Tennessee,5199.0,0.08,233.669
2013-12-21,Tennessee,5957.0,0.08,234.1
2013-12-28,Tennessee,6659.0,0.08,234.1
2014-01-04,Tennessee,11850.0,0.08,234.1
2014-01-11,Tennessee,11582.0,0.09,234.1
2014-01-18,Tennessee,8482.0,0.09,234.719
2014-01-25,Tennessee,6668.0,0.09,234.719
2014-02-01,Tennessee,5706.0,0.09,234.719
2014-02-08,Tennessee,6324.0,0.07,234.719
2014-02-15,Tennessee,4833.0,0.07,234.719
2014-02-22,Tennessee,4921.0,0.07,235.288
2014-03-01,Tennessee,4424.0,0.07,235.288
2014-03-08,Tennessee,3885.0,0.07,235.288
2014-03-15,Tennessee,4359.0,0.07,235.288
2014-03-22,Tennessee,3661.0,0.07,235.547
2014-03-29,Tennessee,4430.0,0.07,235.547
2014-04-05,Tennessee,3848.0,0.07,235.547
2014-04-12,Tennessee,3841.0,0.08,235.547
2014-04-19,Tennessee,3357.0,0.08,236.028
2014-04-26,Tennessee,3534.0,0.08,236.028
2014-05-03,Tennessee,3858.0,0.08,236.028
2014-05-10,Tennessee,4588.0,0.09,236.028
2014-05-17,Tennessee,3968.0,0.09,236.028
2014-05-24,Tennessee,4548.0,0.09,236.468
2014-05-31,Tennessee,5497.0,0.09,236.468
2014-06-07,Tennessee,6085.0,0.09,236.468
2014-06-14,Tennessee,4591.0,0.09,236.468
2014-06-21,Tennessee,4501.0,0.09,236.918
2014-06-28,Tennessee,3972.0,0.09,236.918
2014-07-05,Tennessee,5076.0,0.09,236.918
2014-07-12,Tennessee,8520.0,0.1,236.918
2014-07-19,Tennessee,5317.0,0.1,237.231
2014-07-26,Tennessee,4657.0,0.1,237.231
2014-08-02,Tennessee,3567.0,0.1,237.231
2014-08-09,Tennessee,3889.0,0.09,237.231
2014-08-16,Tennessee,3468.0,0.09,237.231
2014-08-23,Tennessee,3595.0,0.09,237.498
2014-08-30,Tennessee,3315.0,0.09,237.498
2014-09-06,Tennessee,3966.0,0.09,237.498
2014-09-13,Tennessee,3952.0,0.09,237.498
2014-09-20,Tennessee,3475.0,0.09,237.46
2014-09-27,Tennessee,3140.0,0.09,237.46
2014-10-04,Tennessee,3600.0,0.09,237.46
2014-10-11,Tennessee,4083.0,0.09,237.46
2014-10-18,Tennessee,4287.0,0.09,237.477
2014-10-25,Tennessee,4006.0,0.09,237.477
2014-11-01,Tennessee,3190.0,0.09,237.477
2014-11-08,Tennessee,4496.0,0.09,237.477
2014-11-15,Tennessee,3594.0,0.09,237.477
2014-11-22,Tennessee,3778.0,0.09,237.43
2014-11-29,Tennessee,3157.0,0.09,237.43
2014-12-06,Tennessee,6483.0,0.09,237.43
2014-12-13,Tennessee,4429.0,0.09,237.43
2014-12-20,Tennessee,4991.0,0.09,236.983
2014-12-27,Tennessee,5361.0,0.09,236.983
2015-01-03,Tennessee,10556.0,0.09,236.983
2015-01-10,Tennessee,11905.0,0.12,236.983
2015-01-17,Tennessee,7825.0,0.12,236.252
2015-01-24,Tennessee,4939.0,0.12,236.252
2015-01-31,Tennessee,4556.0,0.12,236.252
2015-02-07,Tennessee,4065.0,0.11,236.252
2015-02-14,Tennessee,3636.0,0.11,236.252
2015-02-21,Tennessee,2840.0,0.11,234.747
2015-02-28,Tennessee,9133.0,0.11,234.747
2015-03-07,Tennessee,5064.0,0.11,234.747
2015-03-14,Tennessee,8040.0,0.11,234.747
2015-03-21,Tennessee,4451.0,0.11,235.342
2015-03-28,Tennessee,3225.0,0.11,235.342
2015-04-04,Tennessee,3814.0,0.11,235.342
2015-04-11,Tennessee,4140.0,0.11,235.342
2015-04-18,Tennessee,3630.0,0.11,235.976
2015-04-25,Tennessee,3733.0,0.11,235.976
2015-05-02,Tennessee,3425.0,0.11,235.976
2015-05-09,Tennessee,3468.0,0.12,235.976
2015-05-16,Tennessee,3403.0,0.12,235.976
2015-05-23,Tennessee,3921.0,0.12,236.222
2015-05-30,Tennessee,4927.0,0.12,236.222
2015-06-06,Tennessee,5857.0,0.12,236.222
2015-06-13,Tennessee,3958.0,0.12,236.222
2015-06-20,Tennessee,3452.0,0.12,237.001
2015-06-27,Tennessee,3423.0,0.12,237.001
2015-07-04,Tennessee,4084.0,0.12,237.001
2015-07-11,Tennessee,7765.0,0.13,237.001
2015-07-18,Tennessee,6262.0,0.13,237.657
2015-07-25,Tennessee,4633.0,0.13,237.657
2015-08-01,Tennessee,3182.0,0.13,237.657
2015-08-08,Tennessee,3274.0,0.13,237.657
2015-08-15,Tennessee,3205.0,0.13,237.657
2015-08-22,Tennessee,3559.0,0.13,238.034
2015-08-29,Tennessee,3346.0,0.13,238.034
2015-09-05,Tennessee,2926.0,0.13,238.034
2015-09-12,Tennessee,2500.0,0.14,238.034
2015-09-19,Tennessee,3304.0,0.14,238.033
2015-09-26,Tennessee,3021.0,0.14,238.033
2015-10-03,Tennessee,2971.0,0.14,238.033
2015-10-10,Tennessee,3659.0,0.14,238.033
2015-10-17,Tennessee,3507.0,0.14,238.033
2015-10-24,Tennessee,3434.0,0.14,237.498
2015-10-31,Tennessee,3118.0,0.14,237.498
2015-11-07,Tennessee,4944.0,0.12,237.498
2015-11-14,Tennessee,3234.0,0.12,237.498
2015-11-21,Tennessee,3565.0,0.12,237.733
2015-11-28,Tennessee,3078.0,0.12,237.733
2015-12-05,Tennessee,5264.0,0.12,237.733
2015-12-12,Tennessee,4657.0,0.12,237.733
2015-12-19,Tennessee,4089.0,0.12,238.017
2015-12-26,Tennessee,4249.0,0.12,238.017
2016-01-02,Tennessee,7099.0,0.12,238.017
2016-01-09,Tennessee,12850.0,0.24,238.017
2016-01-16,Tennessee,6764.0,0.24,238.017
2016-01-23,Tennessee,3790.0,0.24,237.761
2016-01-30,Tennessee,8001.0,0.24,237.761
2016-02-06,Tennessee,4934.0,0.24,237.761
2016-02-13,Tennessee,3283.0,0.34,237.761
2016-02-20,Tennessee,4007.0,0.34,237.652
2016-02-27,Tennessee,3873.0,0.34,237.652
2016-03-05,Tennessee,3419.0,0.34,237.652
2016-03-12,Tennessee,2786.0,0.38,237.652
2016-03-19,Tennessee,2930.0,0.38,237.336
2016-03-26,Tennessee,3160.0,0.38,237.336
2016-04-02,Tennessee,3641.0,0.38,237.336
2016-04-09,Tennessee,3825.0,0.36,237.336
2016-04-16,Tennessee,2558.0,0.36,237.336
2016-04-23,Tennessee,2522.0,0.36,238.08
2016-04-30,Tennessee,4068.0,0.36,238.08
2016-05-07,Tennessee,3116.0,0.36,238.08
2016-05-14,Tennessee,1555.0,0.37,238.08
2016-05-21,Tennessee,3981.0,0.37,238.992
2016-05-28,Tennessee,4018.0,0.37,238.992
2016-06-04,Tennessee,3190.0,0.37,238.992
2016-06-11,Tennessee,3621.0,0.37,238.992
2016-06-18,Tennessee,2755.0,0.37,239.557
2016-06-25,Tennessee,3023.0,0.37,239.557
2016-07-02,Tennessee,3721.0,0.37,239.557
2016-07-09,Tennessee,4256.0,0.38,239.557
2016-07-16,Tennessee,3686.0,0.38,239.557
2016-07-23,Tennessee,3164.0,0.38,240.222
2016-07-30,Tennessee,2550.0,0.38,240.222
2016-08-06,Tennessee,2715.0,0.38,240.222
2016-08-13,Tennessee,2558.0,0.39,240.222
2016-08-20,Tennessee,2483.0,0.39,240.101
2016-08-27,Tennessee,2418.0,0.39,240.101
2016-09-03,Tennessee,2473.0,0.39,240.101
2016-09-10,Tennessee,2372.0,0.4,240.101
2016-09-17,Tennessee,2283.0,0.4,240.545
2016-09-24,Tennessee,2171.0,0.4,240.545
2016-10-01,Tennessee,2247.0,0.4,240.545
2016-10-08,Tennessee,2796.0,0.4,240.545
2016-10-15,Tennessee,2768.0,0.4,240.545
2016-10-22,Tennessee,2637.0,0.4,241.176
2016-10-29,Tennessee,2692.0,0.4,241.176
2016-11-05,Tennessee,2853.0,0.4,241.176
2016-11-12,Tennessee,2834.0,0.4,241.176
2016-11-19,Tennessee,2712.0,0.4,241.741
2016-11-26,Tennessee,2460.0,0.4,241.741
2016-12-03,Tennessee,3662.0,0.4,241.741
2016-12-10,Tennessee,3521.0,0.41,241.741
2016-12-17,Tennessee,3547.0,0.41,241.741
2016-12-24,Tennessee,4859.0,0.41,242.026
2016-12-31,Tennessee,4396.0,0.41,242.026
2017-01-07,Tennessee,5512.0,0.54,242.026
2017-01-14,Tennessee,4564.0,0.54,242.026
2017-01-21,Tennessee,3365.0,0.54,242.637
2017-01-28,Tennessee,3123.0,0.54,242.637
2017-02-04,Tennessee,3112.0,0.54,242.637
2017-02-11,Tennessee,2856.0,0.65,242.637
2017-02-18,Tennessee,2420.0,0.65,243.618
2017-02-25,Tennessee,1985.0,0.65,243.618
2017-03-04,Tennessee,2343.0,0.65,243.618
2017-03-11,Tennessee,2269.0,0.66,243.618
2017-03-18,Tennessee,2662.0,0.66,243.618
2017-03-25,Tennessee,2474.0,0.66,244.006
2017-04-01,Tennessee,2859.0,0.66,244.006
2017-04-08,Tennessee,2787.0,0.79,244.006
2017-04-15,Tennessee,2501.0,0.79,244.006
2017-04-22,Tennessee,2506.0,0.79,243.892
2017-04-29,Tennessee,2938.0,0.79,243.892
2017-05-06,Tennessee,3154.0,0.79,243.892
2017-05-13,Tennessee,2956.0,0.9,243.892
2017-05-20,Tennessee,2949.0,0.9,244.193
2017-05-27,Tennessee,6477.0,0.9,244.193
2017-06-03,Tennessee,4376.0,0.9,244.193
2017-06-10,Tennessee,3340.0,0.91,244.193
2017-06-17,Tennessee,2717.0,0.91,244.004
2017-06-24,Tennessee,2567.0,0.91,244.004
2017-07-01,Tennessee,3703.0,0.91,244.004
2017-07-08,Tennessee,4147.0,1.04,244.004
2017-07-15,Tennessee,3610.0,1.04,244.004
2017-07-22,Tennessee,2940.0,1.04,244.163
2017-07-29,Tennessee,2576.0,1.04,244.163
2017-08-05,Tennessee,2351.0,1.04,244.163
2017-08-12,Tennessee,2505.0,1.15,244.163
2017-08-19,Tennessee,2313.0,1.15,244.243
2017-08-26,Tennessee,2065.0,1.15,244.243
2017-09-02,Tennessee,2173.0,1.15,244.243
2017-09-09,Tennessee,2203.0,1.16,244.243
2017-09-16,Tennessee,2156.0,1.16,244.243
2017-09-23,Tennessee,2155.0,1.16,245.183
2017-09-30,Tennessee,2186.0,1.16,245.183
2017-10-07,Tennessee,2839.0,1.16,245.183
2017-10-14,Tennessee,2957.0,1.15,245.183
2017-10-21,Tennessee,2418.0,1.15,246.435
2017-10-28,Tennessee,2308.0,1.15,246.435
2017-11-04,Tennessee,2420.0,1.15,246.435
2017-11-11,Tennessee,2163.0,1.15,246.435
2017-11-18,Tennessee,2591.0,1.15,246.626
2017-11-25,Tennessee,2294.0,1.15,246.626
2017-12-02,Tennessee,3233.0,1.15,246.626
2017-12-09,Tennessee,3145.0,1.16,246.626
2017-12-16,Tennessee,3321.0,1.16,246.626
2017-12-23,Tennessee,3501.0,1.16,247.284
2017-12-30,Tennessee,3431.0,1.16,247.284
2018-01-06,Tennessee,5069.0,1.16,247.284
2018-01-13,Tennessee,4393.0,1.3,247.284
2018-01-20,Tennessee,3335.0,1.3,247.805
2018-01-27,Tennessee,3149.0,1.3,247.805
2018-02-03,Tennessee,2393.0,1.3,247.805
2018-02-10,Tennessee,2684.0,1.41,247.805
2018-02-17,Tennessee,2188.0,1.41,248.859
2018-02-24,Tennessee,2076.0,1.41,248.859
2018-03-03,Tennessee,1931.0,1.41,248.859
2018-03-10,Tennessee,2178.0,1.42,248.859
2018-03-17,Tennessee,2264.0,1.42,248.859
2018-03-24,Tennessee,2133.0,1.42,249.529
2018-03-31,Tennessee,2328.0,1.42,249.529
2018-04-07,Tennessee,2642.0,1.51,249.529
2018-04-14,Tennessee,2073.0,1.51,249.529
2018-04-21,Tennessee,1916.0,1.51,249.577
2018-04-28,Tennessee,2218.0,1.51,249.577
2018-05-05,Tennessee,2291.0,1.51,249.577
2018-05-12,Tennessee,2357.0,1.69,249.577
2018-05-19,Tennessee,2736.0,1.69,250.227
2018-05-26,Tennessee,3484.0,1.69,250.227
2018-06-02,Tennessee,5071.0,1.69,250.227
2018-06-09,Tennessee,4981.0,1.7,250.227
2018-06-16,Tennessee,2506.0,1.7,250.227
2018-06-23,Tennessee,2559.0,1.7,250.792
2018-06-30,Tennessee,3149.0,1.7,250.792
2018-07-07,Tennessee,4777.0,1.7,250.792
2018-07-14,Tennessee,2870.0,1.82,250.792
2018-07-21,Tennessee,2142.0,1.82,251.018
2018-07-28,Tennessee,2023.0,1.82,251.018
2018-08-04,Tennessee,2078.0,1.82,251.018
2018-08-11,Tennessee,2137.0,1.91,251.018
2018-08-18,Tennessee,1915.0,1.91,251.214
2018-08-25,Tennessee,1865.0,1.91,251.214
2018-09-01,Tennessee,1803.0,1.91,251.214
2018-09-08,Tennessee,1860.0,1.91,251.214
2018-09-15,Tennessee,1934.0,1.91,251.214
2018-09-22,Tennessee,1789.0,1.91,251.663
2018-09-29,Tennessee,1915.0,1.91,251.663
2018-10-06,Tennessee,2296.0,1.91,251.663
2018-10-13,Tennessee,2985.0,1.95,251.663
2018-10-20,Tennessee,2085.0,1.95,252.182
2018-10-27,Tennessee,1994.0,1.95,252.182
2018-11-03,Tennessee,2329.0,1.95,252.182
2018-11-10,Tennessee,2255.0,2.19,252.182
2018-11-17,Tennessee,2214.0,2.19,252.772
2018-11-24,Tennessee,2239.0,2.19,252.772
2018-12-01,Tennessee,2735.0,2.19,252.772
2018-12-08,Tennessee,2751.0,2.2,252.772
2018-12-15,Tennessee,2983.0,2.2,252.772
2018-12-22,Tennessee,4120.0,2.2,252.594
2018-12-29,Tennessee,4607.0,2.2,252.594
2019-01-05,Tennessee,3465.0,2.2,252.594
2019-01-12,Tennessee,3898.0,2.27,252.594
2019-01-19,Tennessee,2859.0,2.27,252.767
2019-01-26,Tennessee,2392.0,2.27,252.767
2019-02-02,Tennessee,2463.0,2.27,252.767
2019-02-09,Tennessee,2252.0,2.4,252.767
2019-02-16,Tennessee,2133.0,2.4,252.767
2019-02-23,Tennessee,2129.0,2.4,252.561
2019-03-02,Tennessee,2136.0,2.4,252.561
2019-03-09,Tennessee,2027.0,2.4,252.561
2019-03-16,Tennessee,2248.0,2.4,252.561
2019-03-23,Tennessee,2367.0,2.4,253.319
2019-03-30,Tennessee,2485.0,2.4,253.319
2019-04-06,Tennessee,4318.0,2.4,253.319
2019-04-13,Tennessee,2164.0,2.41,253.319
2019-04-20,Tennessee,1961.0,2.41,254.277
2019-04-27,Tennessee,2106.0,2.41,254.277
2019-05-04,Tennessee,2154.0,2.41,254.277
2019-05-11,Tennessee,2421.0,2.42,254.277
2019-05-18,Tennessee,2546.0,2.42,255.233
2019-05-25,Tennessee,2977.0,2.42,255.233
2019-06-01,Tennessee,3865.0,2.42,255.233
2019-06-08,Tennessee,2889.0,2.39,255.233
2019-06-15,Tennessee,2363.0,2.39,255.233
2019-06-22,Tennessee,2323.0,2.39,255.296
2019-06-29,Tennessee,2904.0,2.39,255.296
2019-07-06,Tennessee,2995.0,2.39,255.296
2019-07-13,Tennessee,2706.0,2.38,255.296
2019-07-20,Tennessee,2233.0,2.38,255.213
2019-07-27,Tennessee,2198.0,2.38,255.213
2019-08-03,Tennessee,2282.0,2.38,255.213
2019-08-10,Tennessee,1997.0,2.4,255.213
2019-08-17,Tennessee,1893.0,2.4,255.802
2019-08-24,Tennessee,1994.0,2.4,255.802
2019-08-31,Tennessee,2221.0,2.4,255.802
2019-09-07,Tennessee,2124.0,2.13,255.802
2019-09-14,Tennessee,2104.0,2.13,255.802
2019-09-21,Tennessee,3295.0,2.13,256.036
2019-09-28,Tennessee,2924.0,2.13,256.036
2019-10-05,Tennessee,2880.0,2.13,256.036
2019-10-12,Tennessee,3186.0,2.04,256.036
2019-10-19,Tennessee,3046.0,2.04,256.43
2019-10-26,Tennessee,2270.0,2.04,256.43
2019-11-02,Tennessee,2161.0,2.04,256.43
2019-11-09,Tennessee,2481.0,1.83,256.43
2019-11-16,Tennessee,2159.0,1.83,256.43
2019-11-23,Tennessee,2161.0,1.83,257.155
2019-11-30,Tennessee,2034.0,1.83,257.155
2019-12-07,Tennessee,3310.0,1.83,257.155
2019-12-14,Tennessee,2476.0,1.55,257.155
2019-12-21,Tennessee,3253.0,1.55,257.879
2019-12-28,Tennessee,4590.0,1.55,257.879
2020-01-04,Tennessee,3084.0,1.55,257.879
2020-01-11,Tennessee,3711.0,1.55,257.879
2020-01-18,Tennessee,3093.0,1.55,258.63
2020-01-25,Tennessee,2484.0,1.55,258.63
2020-02-01,Tennessee,2362.0,1.55,258.63
2020-02-08,Tennessee,2161.0,1.55,258.63
2020-02-15,Tennessee,2140.0,1.55,258.63
2020-02-22,Tennessee,1855.0,1.55,259.127
2020-02-29,Tennessee,2014.0,1.55,259.127
2020-03-07,Tennessee,2032.0,1.55,259.127
2020-03-14,Tennessee,2702.0,1.58,259.127
2020-03-21,Tennessee,38077.0,1.58,259.25
2020-03-28,Tennessee,92500.0,1.58,259.25
2020-04-04,Tennessee,112186.0,1.58,259.25
2020-04-11,Tennessee,71887.0,0.65,259.25
2020-04-18,Tennessee,67226.0,0.65,258.076
2020-04-25,Tennessee,42805.0,0.65,258.076
2020-05-02,Tennessee,36323.0,0.65,258.076
2020-05-09,Tennessee,28377.0,0.05,258.076
2020-05-16,Tennessee,27990.0,0.05,258.076
2020-05-23,Tennessee,25439.0,0.05,256.032
2020-05-30,Tennessee,22255.0,0.05,256.032
2020-06-06,Tennessee,20908.0,0.05,256.032
2020-06-13,Tennessee,19413.0,0.05,256.032
2020-06-20,Tennessee,20506.0,0.05,255.802
2020-06-27,Tennessee,21544.0,0.05,255.802
2020-07-04,Tennessee,24920.0,0.05,255.802
2020-07-11,Tennessee,22060.0,0.08,255.802
2020-07-18,Tennessee,25773.0,0.08,257.042
2020-07-25,Tennessee,20091.0,0.08,257.042
2020-08-01,Tennessee,12208.0,0.08,257.042
2020-08-08,Tennessee,10620.0,0.09,257.042
2020-08-15,Tennessee,14413.0,0.09,257.042
2020-08-22,Tennessee,11588.0,0.09,258.352
2020-08-29,Tennessee,12876.0,0.09,258.352
2020-09-05,Tennessee,12310.0,0.09,258.352
2020-09-12,Tennessee,11316.0,0.1,258.352
2020-09-19,Tennessee,11793.0,0.1,259.316
2020-09-26,Tennessee,10311.0,0.1,259.316
2020-10-03,Tennessee,10077.0,0.1,259.316
2020-10-10,Tennessee,10810.0,0.09,259.316
2020-10-17,Tennessee,10412.0,0.09,259.316
2020-10-24,Tennessee,8113.0,0.09,259.997
2020-10-31,Tennessee,7447.0,0.09,259.997
2020-11-07,Tennessee,7727.0,0.09,259.997
2020-11-14,Tennessee,6567.0,0.09,259.997
2020-11-21,Tennessee,7295.0,0.09,260.319
2020-11-28,Tennessee,6186.0,0.09,260.319
2020-12-05,Tennessee,6856.0,0.09,260.319
2020-12-12,Tennessee,7435.0,0.09,260.319
2020-12-19,Tennessee,7386.0,0.09,260.911
2020-12-26,Tennessee,10150.0,0.09,260.911
2021-01-02,Tennessee,16931.0,0.09,260.911
2021-01-09,Tennessee,21954.0,0.09,260.911
2021-01-16,Tennessee,19318.0,0.09,260.911
2021-01-23,Tennessee,13302.0,0.09,262.045
2021-01-30,Tennessee,11497.0,0.09,262.045
2021-02-06,Tennessee,10761.0,0.09,262.045
2021-02-13,Tennessee,8596.0,0.09,262.045
2021-02-20,Tennessee,12583.0,0.09,262.687
2021-02-27,Tennessee,10778.0,0.09,262.687
2021-03-06,Tennessee,7999.0,0.09,262.687
2021-03-13,Tennessee,8277.0,0.08,262.687
2021-03-20,Tennessee,6431.0,0.08,263.579
2021-03-27,Tennessee,8150.0,0.08,263.579
2021-04-03,Tennessee,11407.0,0.08,263.579
2021-04-10,Tennessee,11421.0,0.07,263.579
2021-04-17,Tennessee,13900.0,0.07,264.961
2021-04-24,Tennessee,9837.0,0.07,264.961
2021-05-01,Tennessee,8255.0,0.07,264.961
2021-05-08,Tennessee,8543.0,0.07,264.961
2021-05-15,Tennessee,7721.0,0.07,264.961
2021-05-22,Tennessee,6252.0,0.07,266.614
2021-05-29,Tennessee,6936.0,0.07,266.614
2021-06-05,Tennessee,8095.0,0.07,266.614
2021-06-12,Tennessee,6349.0,0.06,266.614
2021-06-19,Tennessee,4998.0,0.06,268.383
2021-06-26,Tennessee,5186.0,0.06,268.383
2021-07-03,Tennessee,6596.0,0.06,268.383
2021-07-10,Tennessee,6745.0,0.08,268.383
2021-07-17,Tennessee,6147.0,0.08,268.383
2021-07-24,Tennessee,7841.0,0.08,270.654
2021-07-31,Tennessee,4841.0,0.08,270.654
2021-08-07,Tennessee,4989.0,0.1,270.654
2021-08-14,Tennessee,4678.0,0.1,270.654
2021-08-21,Tennessee,5404.0,0.1,271.903
2021-08-28,Tennessee,7258.0,0.1,271.903
2021-09-04,Tennessee,5335.0,0.1,271.903
2021-09-11,Tennessee,4490.0,0.09,271.903
2021-09-18,Tennessee,4317.0,0.09,272.676
2021-09-25,Tennessee,4215.0,0.09,272.676
2021-10-02,Tennessee,4881.0,0.09,272.676
2021-10-09,Tennessee,3892.0,0.08,272.676
2021-10-16,Tennessee,5580.0,0.08,272.676
2021-10-23,Tennessee,4786.0,0.08,273.91
2021-10-30,Tennessee,5584.0,0.08,273.91
2021-11-06,Tennessee,7995.0,0.08,273.91
2021-11-13,Tennessee,3994.0,0.08,273.91
2021-11-20,Tennessee,4179.0,0.08,276.55
2021-11-27,Tennessee,4043.0,0.08,276.55
2021-12-04,Tennessee,4365.0,0.08,276.55
2021-12-11,Tennessee,5070.0,0.08,276.55
2021-12-18,Tennessee,4076.0,0.08,278.919
2021-12-25,Tennessee,4766.0,0.08,278.919
2022-01-01,Tennessee,4092.0,0.08,278.919
2022-01-08,Tennessee,9495.0,0.08,278.919
2022-01-15,Tennessee,7145.0,0.08,278.919
2022-01-22,Tennessee,6128.0,0.08,280.845
2022-01-29,Tennessee,5854.0,0.08,280.845
2022-02-05,Tennessee,2938.0,0.08,280.845
2022-02-12,Tennessee,4675.0,0.08,280.845
2022-02-19,Tennessee,2716.0,0.08,282.543
2022-02-26,Tennessee,3292.0,0.08,282.543
2022-03-05,Tennessee,1936.0,0.08,282.543
2022-03-12,Tennessee,1792.0,0.08,282.543
2022-03-19,Tennessee,2120.0,0.08,282.543
2022-03-26,Tennessee,1885.0,0.08,284.5
2022-04-02,Tennessee,2344.0,0.08,284.5
2022-04-09,Tennessee,2383.0,0.2,284.5
2022-04-16,Tennessee,2159.0,0.2,284.5
2022-04-23,Tennessee,1932.0,0.2,287.674
2022-04-30,Tennessee,1947.0,0.2,287.674
2022-05-07,Tennessee,2186.0,0.2,287.674
2022-05-14,Tennessee,2090.0,0.33,287.674
2022-05-21,Tennessee,2192.0,0.33,288.561
2022-05-28,Tennessee,2599.0,0.33,288.561
2022-06-04,Tennessee,3086.0,0.33,288.561
2022-06-11,Tennessee,2255.0,0.77,288.561
2022-06-18,Tennessee,2195.0,0.77,291.298
2022-06-25,Tennessee,2114.0,0.77,291.298
2022-07-02,Tennessee,1019.0,0.77,291.298
2022-07-09,Tennessee,4734.0,1.21,291.298
2022-07-16,Tennessee,4098.0,1.21,291.298
2022-07-23,Tennessee,2826.0,1.21,294.957
2022-07-30,Tennessee,2698.0,1.21,294.957
2022-08-06,Tennessee,2785.0,1.21,294.957
2022-08-13,Tennessee,2375.0,1.68,294.957
2022-08-20,Tennessee,2188.0,1.68,294.913
2022-08-27,Tennessee,2004.0,1.68,294.913
2022-09-03,Tennessee,2053.0,1.68,294.913
2022-09-10,Tennessee,1707.0,2.33,294.913
2022-09-17,Tennessee,1910.0,2.33,295.097
2022-09-24,Tennessee,2196.0,2.33,295.097
2022-10-01,Tennessee,1916.0,2.33,295.097
2022-10-08,Tennessee,2345.0,2.56,295.097
2022-10-15,Tennessee,2630.0,2.56,295.097
2022-10-22,Tennessee,2002.0,2.56,296.349
2022-10-29,Tennessee,1729.0,2.56,296.349
2022-11-05,Tennessee,2016.0,2.56,296.349
2022-11-12,Tennessee,2037.0,3.08,296.349
2022-11-19,Tennessee,2331.0,3.08,298.007
2022-11-26,Tennessee,2609.0,3.08,298.007
2022-12-03,Tennessee,2682.0,3.08,298.007
2022-12-10,Tennessee,2367.0,3.78,298.007
2022-12-17,Tennessee,2746.0,3.78,298.007
2022-12-24,Tennessee,3586.0,3.78,298.786
2022-12-31,Tennessee,3263.0,3.78,298.786
2023-01-07,Tennessee,5466.0,4.1,298.786
2023-01-14,Tennessee,3194.0,4.1,298.786
2023-01-21,Tennessee,2539.0,4.1,298.832
2023-01-28,Tennessee,2630.0,4.1,298.832
2023-02-04,Tennessee,2472.0,4.1,298.832
2023-02-11,Tennessee,2622.0,4.33,298.832
2023-02-18,Tennessee,2128.0,4.33,300.42
2023-02-25,Tennessee,2071.0,4.33,300.42
2023-03-04,Tennessee,2339.0,4.33,300.42
2023-03-11,Tennessee,2280.0,4.57,300.42
2023-03-18,Tennessee,2793.0,4.57,300.42
2023-03-25,Tennessee,2130.0,4.57,301.45
2023-04-01,Tennessee,1987.0,4.57,301.45
2023-04-08,Tennessee,2407.0,4.65,301.45
2023-04-15,Tennessee,2291.0,4.65,301.45
2023-04-22,Tennessee,2321.0,4.65,301.821
2023-04-29,Tennessee,2179.0,4.65,301.821
2023-05-06,Tennessee,2525.0,4.65,301.821
2023-05-13,Tennessee,3165.0,4.83,301.821
2023-05-20,Tennessee,2838.0,4.83,302.845
2023-05-27,Tennessee,3232.0,4.83,302.845
2023-06-03,Tennessee,3964.0,4.83,302.845
2023-06-10,Tennessee,3248.0,5.06,302.845
2023-06-17,Tennessee,2399.0,5.06,303.334
2023-06-24,Tennessee,2167.0,5.06,303.334
2023-07-01,Tennessee,3635.0,5.06,303.334
2023-07-08,Tennessee,3500.0,5.08,303.334
2023-07-15,Tennessee,3074.0,5.08,303.334
2023-07-22,Tennessee,2395.0,5.08,304.014
2023-07-29,Tennessee,2760.0,5.08,304.014
2023-08-05,Tennessee,2945.0,5.08,304.014
2023-08-12,Tennessee,2479.0,5.12,304.014
2023-08-19,Tennessee,2396.0,5.12,304.609
2023-08-26,Tennessee,2268.0,5.12,304.609
2023-09-02,Tennessee,2451.0,5.12,304.609
2023-09-09,Tennessee,2157.0,5.33,304.609
2023-09-16,Tennessee,2211.0,5.33,304.609
2023-09-23,Tennessee,2310.0,5.33,306.082
2023-09-30,Tennessee,2243.0,5.33,306.082
2023-10-07,Tennessee,2397.0,5.33,306.082
2023-10-14,Tennessee,3508.0,5.33,306.082
2023-10-21,Tennessee,2416.0,5.33,307.276
2023-10-28,Tennessee,2235.0,5.33,307.276
2023-11-04,Tennessee,2539.0,5.33,307.276
2023-11-11,Tennessee,2352.0,5.33,307.276
2023-11-18,Tennessee,2606.0,5.33,307.696
2023-11-25,Tennessee,2521.0,5.33,307.696
2023-12-02,Tennessee,4210.0,5.33,307.696
2023-12-09,Tennessee,3232.0,5.33,307.696
2023-12-16,Tennessee,3166.0,5.33,307.696
2023-12-23,Tennessee,3594.0,5.33,308.148
2023-12-30,Tennessee,2742.0,5.33,308.148
2024-01-06,Tennessee,3302.0,5.33,308.148
2024-01-13,Tennessee,4178.0,5.33,308.148
2024-01-20,Tennessee,3131.0,5.33,308.741
2024-01-27,Tennessee,3322.0,5.33,308.741
2024-02-03,Tennessee,2735.0,5.33,308.741
2024-02-10,Tennessee,2409.0,5.33,308.741
2024-02-17,Tennessee,2899.0,5.33,309.698
2024-02-24,Tennessee,2966.0,5.33,309.698
2024-03-02,Tennessee,2802.0,5.33,309.698
2024-03-09,Tennessee,2578.0,5.33,309.698
2024-03-16,Tennessee,3116.0,5.33,309.698
2024-03-23,Tennessee,2742.0,5.33,310.967
2024-03-30,Tennessee,2619.0,5.33,310.967
2024-04-06,Tennessee,3162.0,5.33,310.967
2024-04-13,Tennessee,3621.0,5.33,310.967
2024-04-20,Tennessee,3676.0,5.33,312.345
2024-04-27,Tennessee,3344.0,5.33,312.345
2024-05-04,Tennessee,3297.0,5.33,312.345
2024-05-11,Tennessee,3108.0,5.33,312.345
2024-05-18,Tennessee,3118.0,5.33,313.023
2024-05-25,Tennessee,4998.0,5.33,313.023
2024-06-01,Tennessee,3703.0,5.33,313.023
2024-06-08,Tennessee,3424.0,5.33,313.023
2024-06-15,Tennessee,2866.0,5.33,313.023
2024-06-22,Tennessee,2638.0,5.33,313.175
2024-06-29,Tennessee,3254.0,5.33,313.175
2024-07-06,Tennessee,4420.0,5.33,313.175
2024-07-13,Tennessee,3483.0,5.33,313.175
2024-07-20,Tennessee,4252.0,5.33,313.044
2024-07-27,Tennessee,2764.0,5.33,313.044
2024-08-03,Tennessee,2757.0,5.33,313.044
2024-08-10,Tennessee,2892.0,5.33,313.044
2024-08-17,Tennessee,2806.0,5.33,313.569
2024-08-24,Tennessee,2608.0,5.33,313.569
2024-08-31,Tennessee,2669.0,5.33,313.569
2024-09-07,Tennessee,2532.0,5.33,313.569
2024-09-14,Tennessee,2918.0,5.33,313.569
2024-09-21,Tennessee,2748.0,5.33,314.062
2024-09-28,Tennessee,2531.0,5.33,314.062
2024-10-05,Tennessee,4386.0,5.33,314.062
2024-10-12,Tennessee,4284.0,5.13,314.062
2024-10-19,Tennessee,3055.0,5.13,314.732
2024-10-26,Tennessee,2756.0,5.13,314.732
2024-11-02,Tennessee,2716.0,5.13,314.732
2024-11-09,Tennessee,3017.0,4.83,314.732
2024-11-16,Tennessee,2777.0,4.83,314.732
2024-11-23,Tennessee,2774.0,4.83,315.631
2024-11-30,Tennessee,2916.0,4.83,315.631
2024-12-07,Tennessee,4289.0,4.83,315.631
2024-12-14,Tennessee,3124.0,4.64,315.631
2024-12-21,Tennessee,5142.0,4.64,316.528
2024-12-28,Tennessee,3730.0,4.64,316.528
2025-01-04,Tennessee,3581.0,4.64,316.528
2025-01-11,Tennessee,5480.0,4.48,316.528
2025-01-18,Tennessee,3862.0,4.48,317.604
2025-01-25,Tennessee,2835.0,4.48,317.604
2025-02-01,Tennessee,2998.0,4.48,317.604
2025-02-08,Tennessee,2892.0,4.33,317.604
2025-02-15,Tennessee,5658.0,4.33,317.604
2025-02-22,Tennessee,3108.0,4.33,318.961
2025-03-01,Tennessee,2735.0,4.33,318.961
2025-03-08,Tennessee,2842.0,4.33,318.961
2025-03-15,Tennessee,2606.0,4.33,318.961
2025-03-22,Tennessee,3035.0,4.33,319.679
2025-03-29,Tennessee,2807.0,4.33,319.679
2025-04-05,Tennessee,5472.0,4.33,319.679
2025-04-12,Tennessee,2850.0,4.33,319.679
2025-04-19,Tennessee,2659.0,4.33,319.785
2025-04-26,Tennessee,2866.0,4.33,319.785
2025-05-03,Tennessee,2814.0,4.33,319.785
2025-05-10,Tennessee,2926.0,4.33,319.785
2025-05-17,Tennessee,2853.0,4.33,319.785
2025-05-24,Tennessee,2826.0,4.33,320.302
2025-05-31,Tennessee,4590.0,4.33,320.302
2025-06-07,Tennessee,3897.0,4.33,320.302
2025-06-14,Tennessee,2897.0,4.33,320.302
2025-06-21,Tennessee,2740.0,4.33,320.62
2025-06-28,Tennessee,3148.0,4.33,320.62
2025-07-05,Tennessee,6187.0,4.33,320.62
2025-07-12,Tennessee,3613.0,4.33,320.62
2025-07-19,Tennessee,2959.0,4.33,321.435
2025-07-26,Tennessee,2705.0,4.33,321.435
2025-08-02,Tennessee,2830.0,4.33,321.435
2025-08-09,Tennessee,2935.0,4.33,321.435
2025-08-16,Tennessee,2841.0,4.33,321.435
2025-08-23,Tennessee,2819.0,4.33,322.169
2025-08-30,Tennessee,5689.0,4.33,322.169
2025-09-06,Tennessee,2695.0,4.33,322.169
2025-09-13,Tennessee,2657.0,4.33,322.169
2025-09-20,Tennessee,2989.0,4.33,323.291
2025-09-27,Tennessee,2860.0,4.33,323.291
2025-10-04,Tennessee,3097.0,4.33,323.291
2025-10-11,Tennessee,5972.0,4.22,323.291
2025-10-18,Tennessee,6407.0,4.22,324.245
2025-10-25,Tennessee,3093.0,4.22,324.245
2025-11-01,Tennessee,3174.0,4.22,324.245
2025-11-08,Tennessee,3143.0,4.09,324.245
2025-11-15,Tennessee,2830.0,4.09,324.245
2025-11-22,Tennessee,2940.0,4.09,324.245
2025-11-29,Tennessee,2872.0,4.09,324.245
2025-12-06,Tennessee,6059.0,4.09,324.245
2025-12-13,Tennessee,3045.0,3.88,324.245
2025-12-20,Tennessee,3584.0,3.88,325.063
2025-12-27,Tennessee,5000.0,3.88,325.063
2026-01-03,Tennessee,3102.0,3.88,325.063
2026-01-10,Tennessee,6643.0,3.72,325.063
2026-01-17,Tennessee,3601.0,3.72,326.031
2026-01-24,Tennessee,2966.0,3.72,326.031
2026-01-31,Tennessee,2958.0,3.72,326.031
2026-02-07,Tennessee,3882.0,3.64,326.031
2026-02-14,Tennessee,3314.0,3.64,326.031
2026-02-21,Tennessee,3532.0,3.64,326.588
2026-02-28,Tennessee,2603.0,3.64,326.588
2026-03-07,Tennessee,2869.0,3.64,326.588
2026-03-14,Tennessee,3422.0,3.64,326.588
2026-03-21,Tennessee,3012.0,3.64,327.46
2026-03-28,Tennessee,3421.0,3.64,327.46
2026-04-04,Tennessee,2583.0,3.64,327.46
2026-04-11,Tennessee,2453.0,3.64,327.46
2026-04-18,Tennessee,4015.0,3.64,330.293
2026-04-25,Tennessee,2817.0,3.64,330.293
2026-05-02,Tennessee,2847.0,3.64,330.293
2026-05-09,Tennessee,3067.0,3.64,330.293
2026-05-16,Tennessee,3127.0,3.64,330.293
2026-05-23,Tennessee,3569.0,3.64,332.407
2026-05-30,Tennessee,5240.0,3.64,332.407
2026-06-06,Tennessee,4163.0,3.64,332.407
2026-06-13,Tennessee,3442.0,3.63,332.407
2026-06-20,Tennessee,2660.0,3.63,333.979
2026-06-27,Tennessee,2870.0,3.63,333.979
2026-07-04,Tennessee,5201.0,3.63,333.979
2026-07-11,Tennessee,4516.0,3.63,333.979
2026-07-18,Tennessee,2770.0,3.63,332.568
2026-07-25,Tennessee,2625.0,3.63,332.568
2026-08-01,Tennessee,2633.0,3.63,332.568
2026-08-08,Tennessee,2841.0,3.63,332.568
2026-08-15,Tennessee,2592.0,3.63,332.568
2026-08-22,Tennessee,2384.0,3.63,332.813
2013-01-05,Texas,18146.0,0.16,231.249
2013-01-12,Texas,30932.0,0.16,231.249
2013-01-19,Texas,20484.0,0.16,231.221
2013-01-26,Texas,15402.0,0.16,231.221
2013-02-02,Texas,17473.0,0.16,231.221
2013-02-09,Texas,17112.0,0.14,231.221
2013-02-16,Texas,16273.0,0.14,231.221
2013-02-23,Texas,14939.0,0.14,231.679
2013-03-02,Texas,15746.0,0.14,231.679
2013-03-09,Texas,16386.0,0.14,231.679
2013-03-16,Texas,15569.0,0.15,231.679
2013-03-23,Texas,18305.0,0.15,232.937
2013-03-30,Texas,14816.0,0.15,232.937
2013-04-06,Texas,17261.0,0.15,232.937
2013-04-13,Texas,20311.0,0.14,232.937
2013-04-20,Texas,17241.0,0.14,232.282
2013-04-27,Texas,16799.0,0.14,232.282
2013-05-04,Texas,17294.0,0.14,232.282
2013-05-11,Texas,17368.0,0.15,232.282
2013-05-18,Texas,17696.0,0.15,231.797
2013-05-25,Texas,17088.0,0.15,231.797
2013-06-01,Texas,15212.0,0.15,231.797
2013-06-08,Texas,18219.0,0.11,231.797
2013-06-15,Texas,17761.0,0.11,231.797
2013-06-22,Texas,17997.0,0.11,231.893
2013-06-29,Texas,18488.0,0.11,231.893
2013-07-06,Texas,15355.0,0.11,231.893
2013-07-13,Texas,21356.0,0.09,231.893
2013-07-20,Texas,18971.0,0.09,232.445
2013-07-27,Texas,16189.0,0.09,232.445
2013-08-03,Texas,17340.0,0.09,232.445
2013-08-10,Texas,16446.0,0.09,232.445
2013-08-17,Texas,16226.0,0.09,232.9
2013-08-24,Texas,15472.0,0.09,232.9
2013-08-31,Texas,15764.0,0.09,232.9
2013-09-07,Texas,14773.0,0.08,232.9
2013-09-14,Texas,16054.0,0.08,232.9
2013-09-21,Texas,16036.0,0.08,233.456
2013-09-28,Texas,14781.0,0.08,233.456
2013-10-05,Texas,16206.0,0.08,233.456
2013-10-12,Texas,16283.0,0.08,233.456
2013-10-19,Texas,15299.0,0.08,233.544
2013-10-26,Texas,16070.0,0.08,233.544
2013-11-02,Texas,16669.0,0.08,233.544
2013-11-09,Texas,18405.0,0.09,233.544
2013-11-16,Texas,15821.0,0.09,233.544
2013-11-23,Texas,17920.0,0.09,233.669
2013-11-30,Texas,10636.0,0.09,233.669
2013-12-07,Texas,20397.0,0.09,233.669
2013-12-14,Texas,15493.0,0.08,233.669
2013-12-21,Texas,16033.0,0.08,234.1
2013-12-28,Texas,9310.0,0.08,234.1
2014-01-04,Texas,15948.0,0.08,234.1
2014-01-11,Texas,28748.0,0.09,234.1
2014-01-18,Texas,19959.0,0.09,234.719
2014-01-25,Texas,15807.0,0.09,234.719
2014-02-01,Texas,16699.0,0.09,234.719
2014-02-08,Texas,17139.0,0.07,234.719
2014-02-15,Texas,15530.0,0.07,234.719
2014-02-22,Texas,13913.0,0.07,235.288
2014-03-01,Texas,15158.0,0.07,235.288
2014-03-08,Texas,15544.0,0.07,235.288
2014-03-15,Texas,14171.0,0.07,235.288
2014-03-22,Texas,16595.0,0.07,235.547
2014-03-29,Texas,14774.0,0.07,235.547
2014-04-05,Texas,16139.0,0.07,235.547
2014-04-12,Texas,17931.0,0.08,235.547
2014-04-19,Texas,14813.0,0.08,236.028
2014-04-26,Texas,15360.0,0.08,236.028
2014-05-03,Texas,16507.0,0.08,236.028
2014-05-10,Texas,16130.0,0.09,236.028
2014-05-17,Texas,16955.0,0.09,236.028
2014-05-24,Texas,16695.0,0.09,236.468
2014-05-31,Texas,15735.0,0.09,236.468
2014-06-07,Texas,17835.0,0.09,236.468
2014-06-14,Texas,16494.0,0.09,236.468
2014-06-21,Texas,16722.0,0.09,236.918
2014-06-28,Texas,16951.0,0.09,236.918
2014-07-05,Texas,14028.0,0.09,236.918
2014-07-12,Texas,19175.0,0.1,236.918
2014-07-19,Texas,16211.0,0.1,237.231
2014-07-26,Texas,14457.0,0.1,237.231
2014-08-02,Texas,14149.0,0.1,237.231
2014-08-09,Texas,14908.0,0.09,237.231
2014-08-16,Texas,13858.0,0.09,237.231
2014-08-23,Texas,14166.0,0.09,237.498
2014-08-30,Texas,14089.0,0.09,237.498
2014-09-06,Texas,13798.0,0.09,237.498
2014-09-13,Texas,13473.0,0.09,237.498
2014-09-20,Texas,13141.0,0.09,237.46
2014-09-27,Texas,12506.0,0.09,237.46
2014-10-04,Texas,14482.0,0.09,237.46
2014-10-11,Texas,16097.0,0.09,237.46
2014-10-18,Texas,14377.0,0.09,237.477
2014-10-25,Texas,13819.0,0.09,237.477
2014-11-01,Texas,14054.0,0.09,237.477
2014-11-08,Texas,16440.0,0.09,237.477
2014-11-15,Texas,15335.0,0.09,237.477
2014-11-22,Texas,16016.0,0.09,237.43
2014-11-29,Texas,9703.0,0.09,237.43
2014-12-06,Texas,18810.0,0.09,237.43
2014-12-13,Texas,14828.0,0.09,237.43
2014-12-20,Texas,15057.0,0.09,236.983
2014-12-27,Texas,8049.0,0.09,236.983
2015-01-03,Texas,13471.0,0.09,236.983
2015-01-10,Texas,25783.0,0.12,236.983
2015-01-17,Texas,19674.0,0.12,236.252
2015-01-24,Texas,17117.0,0.12,236.252
2015-01-31,Texas,17981.0,0.12,236.252
2015-02-07,Texas,20418.0,0.11,236.252
2015-02-14,Texas,17999.0,0.11,236.252
2015-02-21,Texas,17182.0,0.11,234.747
2015-02-28,Texas,17136.0,0.11,234.747
2015-03-07,Texas,19075.0,0.11,234.747
2015-03-14,Texas,17302.0,0.11,234.747
2015-03-21,Texas,19337.0,0.11,235.342
2015-03-28,Texas,18361.0,0.11,235.342
2015-04-04,Texas,18356.0,0.11,235.342
2015-04-11,Texas,21023.0,0.11,235.342
2015-04-18,Texas,18860.0,0.11,235.976
2015-04-25,Texas,17372.0,0.11,235.976
2015-05-02,Texas,17228.0,0.11,235.976
2015-05-09,Texas,17348.0,0.12,235.976
2015-05-16,Texas,17021.0,0.12,235.976
2015-05-23,Texas,17595.0,0.12,236.222
2015-05-30,Texas,15015.0,0.12,236.222
2015-06-06,Texas,18504.0,0.12,236.222
2015-06-13,Texas,16929.0,0.12,236.222
2015-06-20,Texas,17436.0,0.12,237.001
2015-06-27,Texas,18491.0,0.12,237.001
2015-07-04,Texas,16086.0,0.12,237.001
2015-07-11,Texas,19605.0,0.13,237.001
2015-07-18,Texas,16431.0,0.13,237.657
2015-07-25,Texas,16270.0,0.13,237.657
2015-08-01,Texas,16281.0,0.13,237.657
2015-08-08,Texas,16692.0,0.13,237.657
2015-08-15,Texas,15621.0,0.13,237.657
2015-08-22,Texas,15367.0,0.13,238.034
2015-08-29,Texas,15925.0,0.13,238.034
2015-09-05,Texas,17045.0,0.13,238.034
2015-09-12,Texas,13476.0,0.14,238.034
2015-09-19,Texas,15661.0,0.14,238.033
2015-09-26,Texas,15160.0,0.14,238.033
2015-10-03,Texas,16483.0,0.14,238.033
2015-10-10,Texas,19110.0,0.14,238.033
2015-10-17,Texas,16217.0,0.14,238.033
2015-10-24,Texas,16449.0,0.14,237.498
2015-10-31,Texas,16966.0,0.14,237.498
2015-11-07,Texas,19421.0,0.12,237.498
2015-11-14,Texas,16301.0,0.12,237.498
2015-11-21,Texas,18146.0,0.12,237.733
2015-11-28,Texas,10921.0,0.12,237.733
2015-12-05,Texas,21703.0,0.12,237.733
2015-12-12,Texas,17168.0,0.12,237.733
2015-12-19,Texas,16016.0,0.12,238.017
2015-12-26,Texas,10933.0,0.12,238.017
2016-01-02,Texas,12859.0,0.12,238.017
2016-01-09,Texas,26258.0,0.24,238.017
2016-01-16,Texas,19126.0,0.24,238.017
2016-01-23,Texas,16838.0,0.24,237.761
2016-01-30,Texas,17635.0,0.24,237.761
2016-02-06,Texas,19309.0,0.24,237.761
2016-02-13,Texas,16967.0,0.34,237.761
2016-02-20,Texas,15977.0,0.34,237.652
2016-02-27,Texas,16936.0,0.34,237.652
2016-03-05,Texas,17643.0,0.34,237.652
2016-03-12,Texas,16955.0,0.38,237.652
2016-03-19,Texas,16306.0,0.38,237.336
2016-03-26,Texas,17361.0,0.38,237.336
2016-04-02,Texas,16427.0,0.38,237.336
2016-04-09,Texas,19103.0,0.36,237.336
2016-04-16,Texas,16564.0,0.36,237.336
2016-04-23,Texas,16288.0,0.36,238.08
2016-04-30,Texas,16133.0,0.36,238.08
2016-05-07,Texas,17074.0,0.36,238.08
2016-05-14,Texas,17346.0,0.37,238.08
2016-05-21,Texas,17421.0,0.37,238.992
2016-05-28,Texas,17101.0,0.37,238.992
2016-06-04,Texas,16543.0,0.37,238.992
2016-06-11,Texas,17624.0,0.37,238.992
2016-06-18,Texas,17571.0,0.37,239.557
2016-06-25,Texas,17181.0,0.37,239.557
2016-07-02,Texas,16540.0,0.37,239.557
2016-07-09,Texas,16075.0,0.38,239.557
2016-07-16,Texas,17483.0,0.38,239.557
2016-07-23,Texas,15838.0,0.38,240.222
2016-07-30,Texas,14990.0,0.38,240.222
2016-08-06,Texas,16186.0,0.38,240.222
2016-08-13,Texas,15596.0,0.39,240.222
2016-08-20,Texas,15210.0,0.39,240.101
2016-08-27,Texas,14268.0,0.39,240.101
2016-09-03,Texas,15707.0,0.39,240.101
2016-09-10,Texas,13072.0,0.4,240.101
2016-09-17,Texas,14817.0,0.4,240.545
2016-09-24,Texas,14694.0,0.4,240.545
2016-10-01,Texas,14323.0,0.4,240.545
2016-10-08,Texas,16881.0,0.4,240.545
2016-10-15,Texas,14613.0,0.4,240.545
2016-10-22,Texas,15308.0,0.4,241.176
2016-10-29,Texas,15832.0,0.4,241.176
2016-11-05,Texas,17998.0,0.4,241.176
2016-11-12,Texas,15829.0,0.4,241.176
2016-11-19,Texas,18565.0,0.4,241.741
2016-11-26,Texas,10877.0,0.4,241.741
2016-12-03,Texas,20194.0,0.4,241.741
2016-12-10,Texas,15509.0,0.41,241.741
2016-12-17,Texas,15595.0,0.41,241.741
2016-12-24,Texas,13720.0,0.41,242.026
2016-12-31,Texas,11715.0,0.41,242.026
2017-01-07,Texas,21401.0,0.54,242.026
2017-01-14,Texas,17583.0,0.54,242.026
2017-01-21,Texas,15064.0,0.54,242.637
2017-01-28,Texas,15118.0,0.54,242.637
2017-02-04,Texas,15306.0,0.54,242.637
2017-02-11,Texas,14652.0,0.65,242.637
2017-02-18,Texas,13841.0,0.65,243.618
2017-02-25,Texas,12293.0,0.65,243.618
2017-03-04,Texas,13841.0,0.65,243.618
2017-03-11,Texas,14103.0,0.66,243.618
2017-03-18,Texas,13344.0,0.66,243.618
2017-03-25,Texas,15950.0,0.66,244.006
2017-04-01,Texas,13745.0,0.66,244.006
2017-04-08,Texas,16625.0,0.79,244.006
2017-04-15,Texas,13147.0,0.79,244.006
2017-04-22,Texas,13835.0,0.79,243.892
2017-04-29,Texas,13224.0,0.79,243.892
2017-05-06,Texas,14590.0,0.79,243.892
2017-05-13,Texas,14546.0,0.9,243.892
2017-05-20,Texas,15198.0,0.9,244.193
2017-05-27,Texas,15135.0,0.9,244.193
2017-06-03,Texas,14020.0,0.9,244.193
2017-06-10,Texas,15942.0,0.91,244.193
2017-06-17,Texas,15593.0,0.91,244.004
2017-06-24,Texas,15407.0,0.91,244.004
2017-07-01,Texas,14052.0,0.91,244.004
2017-07-08,Texas,13296.0,1.04,244.004
2017-07-15,Texas,14448.0,1.04,244.004
2017-07-22,Texas,13607.0,1.04,244.163
2017-07-29,Texas,13166.0,1.04,244.163
2017-08-05,Texas,14081.0,1.04,244.163
2017-08-12,Texas,13218.0,1.15,244.163
2017-08-19,Texas,13290.0,1.15,244.243
2017-08-26,Texas,12105.0,1.15,244.243
2017-09-02,Texas,63788.0,1.15,244.243
2017-09-09,Texas,52024.0,1.16,244.243
2017-09-16,Texas,28387.0,1.16,244.243
2017-09-23,Texas,20104.0,1.16,245.183
2017-09-30,Texas,17063.0,1.16,245.183
2017-10-07,Texas,16656.0,1.16,245.183
2017-10-14,Texas,14865.0,1.15,245.183
2017-10-21,Texas,15164.0,1.15,246.435
2017-10-28,Texas,14423.0,1.15,246.435
2017-11-04,Texas,14937.0,1.15,246.435
2017-11-11,Texas,14719.0,1.15,246.435
2017-11-18,Texas,15826.0,1.15,246.626
2017-11-25,Texas,10737.0,1.15,246.626
2017-12-02,Texas,19599.0,1.15,246.626
2017-12-09,Texas,14375.0,1.16,246.626
2017-12-16,Texas,14244.0,1.16,246.626
2017-12-23,Texas,14138.0,1.16,247.284
2017-12-30,Texas,9919.0,1.16,247.284
2018-01-06,Texas,14973.0,1.16,247.284
2018-01-13,Texas,20540.0,1.3,247.284
2018-01-20,Texas,12793.0,1.3,247.805
2018-01-27,Texas,14275.0,1.3,247.805
2018-02-03,Texas,14131.0,1.3,247.805
2018-02-10,Texas,13738.0,1.41,247.805
2018-02-17,Texas,13044.0,1.41,248.859
2018-02-24,Texas,11697.0,1.41,248.859
2018-03-03,Texas,12570.0,1.41,248.859
2018-03-10,Texas,12848.0,1.42,248.859
2018-03-17,Texas,11837.0,1.42,248.859
2018-03-24,Texas,14723.0,1.42,249.529
2018-03-31,Texas,11603.0,1.42,249.529
2018-04-07,Texas,15108.0,1.51,249.529
2018-04-14,Texas,12698.0,1.51,249.529
2018-04-21,Texas,12221.0,1.51,249.577
2018-04-28,Texas,12086.0,1.51,249.577
2018-05-05,Texas,13780.0,1.51,249.577
2018-05-12,Texas,13755.0,1.69,249.577
2018-05-19,Texas,13953.0,1.69,250.227
2018-05-26,Texas,12836.0,1.69,250.227
2018-06-02,Texas,12227.0,1.69,250.227
2018-06-09,Texas,14504.0,1.7,250.227
2018-06-16,Texas,14167.0,1.7,250.227
2018-06-23,Texas,13474.0,1.7,250.792
2018-06-30,Texas,13599.0,1.7,250.792
2018-07-07,Texas,13353.0,1.7,250.792
2018-07-14,Texas,13703.0,1.82,250.792
2018-07-21,Texas,12549.0,1.82,251.018
2018-07-28,Texas,11737.0,1.82,251.018
2018-08-04,Texas,12275.0,1.82,251.018
2018-08-11,Texas,11658.0,1.91,251.018
2018-08-18,Texas,11760.0,1.91,251.214
2018-08-25,Texas,11956.0,1.91,251.214
2018-09-01,Texas,11301.0,1.91,251.214
2018-09-08,Texas,10838.0,1.91,251.214
2018-09-15,Texas,11857.0,1.91,251.214
2018-09-22,Texas,10994.0,1.91,251.663
2018-09-29,Texas,10447.0,1.91,251.663
2018-10-06,Texas,11980.0,1.91,251.663
2018-10-13,Texas,11802.0,1.95,251.663
2018-10-20,Texas,12422.0,1.95,252.182
2018-10-27,Texas,12201.0,1.95,252.182
2018-11-03,Texas,12808.0,1.95,252.182
2018-11-10,Texas,14597.0,2.19,252.182
2018-11-17,Texas,15133.0,2.19,252.772
2018-11-24,Texas,9653.0,2.19,252.772
2018-12-01,Texas,17035.0,2.19,252.772
2018-12-08,Texas,14041.0,2.2,252.772
2018-12-15,Texas,13461.0,2.2,252.772
2018-12-22,Texas,13894.0,2.2,252.594
2018-12-29,Texas,9090.0,2.2,252.594
2019-01-05,Texas,12905.0,2.2,252.594
2019-01-12,Texas,20493.0,2.27,252.594
2019-01-19,Texas,17453.0,2.27,252.767
2019-01-26,Texas,12479.0,2.27,252.767
2019-02-02,Texas,14161.0,2.27,252.767
2019-02-09,Texas,13526.0,2.4,252.767
2019-02-16,Texas,12388.0,2.4,252.767
2019-02-23,Texas,11766.0,2.4,252.561
2019-03-02,Texas,12099.0,2.4,252.561
2019-03-09,Texas,12760.0,2.4,252.561
2019-03-16,Texas,11580.0,2.4,252.561
2019-03-23,Texas,14382.0,2.4,253.319
2019-03-30,Texas,12327.0,2.4,253.319
2019-04-06,Texas,13093.0,2.4,253.319
2019-04-13,Texas,13868.0,2.41,253.319
2019-04-20,Texas,11439.0,2.41,254.277
2019-04-27,Texas,12084.0,2.41,254.277
2019-05-04,Texas,12748.0,2.41,254.277
2019-05-11,Texas,12959.0,2.42,254.277
2019-05-18,Texas,13807.0,2.42,255.233
2019-05-25,Texas,14355.0,2.42,255.233
2019-06-01,Texas,12773.0,2.42,255.233
2019-06-08,Texas,15186.0,2.39,255.233
2019-06-15,Texas,15081.0,2.39,255.233
2019-06-22,Texas,14494.0,2.39,255.296
2019-06-29,Texas,13655.0,2.39,255.296
2019-07-06,Texas,11598.0,2.39,255.296
2019-07-13,Texas,16144.0,2.38,255.296
2019-07-20,Texas,12958.0,2.38,255.213
2019-07-27,Texas,12265.0,2.38,255.213
2019-08-03,Texas,12915.0,2.38,255.213
2019-08-10,Texas,12816.0,2.4,255.213
2019-08-17,Texas,11694.0,2.4,255.802
2019-08-24,Texas,12619.0,2.4,255.802
2019-08-31,Texas,13048.0,2.4,255.802
2019-09-07,Texas,11500.0,2.13,255.802
2019-09-14,Texas,12273.0,2.13,255.802
2019-09-21,Texas,12440.0,2.13,256.036
2019-09-28,Texas,12691.0,2.13,256.036
2019-10-05,Texas,14146.0,2.13,256.036
2019-10-12,Texas,14342.0,2.04,256.036
2019-10-19,Texas,13058.0,2.04,256.43
2019-10-26,Texas,13183.0,2.04,256.43
2019-11-02,Texas,13861.0,2.04,256.43
2019-11-09,Texas,16393.0,1.83,256.43
2019-11-16,Texas,14335.0,1.83,256.43
2019-11-23,Texas,16139.0,1.83,257.155
2019-11-30,Texas,10359.0,1.83,257.155
2019-12-07,Texas,20649.0,1.83,257.155
2019-12-14,Texas,15037.0,1.55,257.155
2019-12-21,Texas,12589.0,1.55,257.879
2019-12-28,Texas,8947.0,1.55,257.879
2020-01-04,Texas,12367.0,1.55,257.879
2020-01-11,Texas,21902.0,1.55,257.879
2020-01-18,Texas,15783.0,1.55,258.63
2020-01-25,Texas,13070.0,1.55,258.63
2020-02-01,Texas,13818.0,1.55,258.63
2020-02-08,Texas,13869.0,1.55,258.63
2020-02-15,Texas,12790.0,1.55,258.63
2020-02-22,Texas,12047.0,1.55,259.127
2020-02-29,Texas,12692.0,1.55,259.127
2020-03-07,Texas,14355.0,1.55,259.127
2020-03-14,Texas,16176.0,1.58,259.127
2020-03-21,Texas,155426.0,1.58,259.25
2020-03-28,Texas,276185.0,1.58,259.25
2020-04-04,Texas,315167.0,1.58,259.25
2020-04-11,Texas,274257.0,0.65,259.25
2020-04-18,Texas,280761.0,0.65,258.076
2020-04-25,Texas,254084.0,0.65,258.076
2020-05-02,Texas,243935.0,0.65,258.076
2020-05-09,Texas,141553.0,0.05,258.076
2020-05-16,Texas,134065.0,0.05,258.076
2020-05-23,Texas,127717.0,0.05,256.032
2020-05-30,Texas,106677.0,0.05,256.032
2020-06-06,Texas,89676.0,0.05,256.032
2020-06-13,Texas,94723.0,0.05,256.032
2020-06-20,Texas,89547.0,0.05,255.802
2020-06-27,Texas,96593.0,0.05,255.802
2020-07-04,Texas,117099.0,0.05,255.802
2020-07-11,Texas,105516.0,0.08,255.802
2020-07-18,Texas,87908.0,0.08,257.042
2020-07-25,Texas,76804.0,0.08,257.042
2020-08-01,Texas,62709.0,0.08,257.042
2020-08-08,Texas,52304.0,0.09,257.042
2020-08-15,Texas,61400.0,0.09,257.042
2020-08-22,Texas,52152.0,0.09,258.352
2020-08-29,Texas,56673.0,0.09,258.352
2020-09-05,Texas,65291.0,0.09,258.352
2020-09-12,Texas,49386.0,0.1,258.352
2020-09-19,Texas,48426.0,0.1,259.316
2020-09-26,Texas,41351.0,0.1,259.316
2020-10-03,Texas,42338.0,0.1,259.316
2020-10-10,Texas,44692.0,0.09,259.316
2020-10-17,Texas,45308.0,0.09,259.316
2020-10-24,Texas,35195.0,0.09,259.997
2020-10-31,Texas,37601.0,0.09,259.997
2020-11-07,Texas,33667.0,0.09,259.997
2020-11-14,Texas,38883.0,0.09,259.997
2020-11-21,Texas,38915.0,0.09,260.319
2020-11-28,Texas,24792.0,0.09,260.319
2020-12-05,Texas,47521.0,0.09,260.319
2020-12-12,Texas,38645.0,0.09,260.319
2020-12-19,Texas,34979.0,0.09,260.911
2020-12-26,Texas,31448.0,0.09,260.911
2021-01-02,Texas,45989.0,0.09,260.911
2021-01-09,Texas,64721.0,0.09,260.911
2021-01-16,Texas,55551.0,0.09,260.911
2021-01-23,Texas,53848.0,0.09,262.045
2021-01-30,Texas,52577.0,0.09,262.045
2021-02-06,Texas,47022.0,0.09,262.045
2021-02-13,Texas,35786.0,0.09,262.045
2021-02-20,Texas,36401.0,0.09,262.687
2021-02-27,Texas,56298.0,0.09,262.687
2021-03-06,Texas,49366.0,0.09,262.687
2021-03-13,Texas,73858.0,0.08,262.687
2021-03-20,Texas,81457.0,0.08,263.579
2021-03-27,Texas,87313.0,0.08,263.579
2021-04-03,Texas,83988.0,0.08,263.579
2021-04-10,Texas,66552.0,0.07,263.579
2021-04-17,Texas,46516.0,0.07,264.961
2021-04-24,Texas,33843.0,0.07,264.961
2021-05-01,Texas,30225.0,0.07,264.961
2021-05-08,Texas,31342.0,0.07,264.961
2021-05-15,Texas,27568.0,0.07,264.961
2021-05-22,Texas,25041.0,0.07,266.614
2021-05-29,Texas,21927.0,0.07,266.614
2021-06-05,Texas,18628.0,0.07,266.614
2021-06-12,Texas,21755.0,0.06,266.614
2021-06-19,Texas,23569.0,0.06,268.383
2021-06-26,Texas,19571.0,0.06,268.383
2021-07-03,Texas,24216.0,0.06,268.383
2021-07-10,Texas,34307.0,0.08,268.383
2021-07-17,Texas,45037.0,0.08,268.383
2021-07-24,Texas,33883.0,0.08,270.654
2021-07-31,Texas,30138.0,0.08,270.654
2021-08-07,Texas,31042.0,0.1,270.654
2021-08-14,Texas,23375.0,0.1,270.654
2021-08-21,Texas,20335.0,0.1,271.903
2021-08-28,Texas,20240.0,0.1,271.903
2021-09-04,Texas,20327.0,0.1,271.903
2021-09-11,Texas,16692.0,0.09,271.903
2021-09-18,Texas,16861.0,0.09,272.676
2021-09-25,Texas,21486.0,0.09,272.676
2021-10-02,Texas,19110.0,0.09,272.676
2021-10-09,Texas,18903.0,0.08,272.676
2021-10-16,Texas,16825.0,0.08,272.676
2021-10-23,Texas,16036.0,0.08,273.91
2021-10-30,Texas,15106.0,0.08,273.91
2021-11-06,Texas,16125.0,0.08,273.91
2021-11-13,Texas,15488.0,0.08,273.91
2021-11-20,Texas,15910.0,0.08,276.55
2021-11-27,Texas,10463.0,0.08,276.55
2021-12-04,Texas,19102.0,0.08,276.55
2021-12-11,Texas,15016.0,0.08,276.55
2021-12-18,Texas,15191.0,0.08,278.919
2021-12-25,Texas,11236.0,0.08,278.919
2022-01-01,Texas,13400.0,0.08,278.919
2022-01-08,Texas,23837.0,0.08,278.919
2022-01-15,Texas,19064.0,0.08,278.919
2022-01-22,Texas,15147.0,0.08,280.845
2022-01-29,Texas,15932.0,0.08,280.845
2022-02-05,Texas,14424.0,0.08,280.845
2022-02-12,Texas,13945.0,0.08,280.845
2022-02-19,Texas,13220.0,0.08,282.543
2022-02-26,Texas,12402.0,0.08,282.543
2022-03-05,Texas,13338.0,0.08,282.543
2022-03-12,Texas,13639.0,0.08,282.543
2022-03-19,Texas,13160.0,0.08,282.543
2022-03-26,Texas,15411.0,0.08,284.5
2022-04-02,Texas,12924.0,0.08,284.5
2022-04-09,Texas,15541.0,0.2,284.5
2022-04-16,Texas,13211.0,0.2,284.5
2022-04-23,Texas,13096.0,0.2,287.674
2022-04-30,Texas,12977.0,0.2,287.674
2022-05-07,Texas,13429.0,0.2,287.674
2022-05-14,Texas,13890.0,0.33,287.674
2022-05-21,Texas,14316.0,0.33,288.561
2022-05-28,Texas,14219.0,0.33,288.561
2022-06-04,Texas,14431.0,0.33,288.561
2022-06-11,Texas,15256.0,0.77,288.561
2022-06-18,Texas,16606.0,0.77,291.298
2022-06-25,Texas,14532.0,0.77,291.298
2022-07-02,Texas,15024.0,0.77,291.298
2022-07-09,Texas,15332.0,1.21,291.298
2022-07-16,Texas,16746.0,1.21,291.298
2022-07-23,Texas,15002.0,1.21,294.957
2022-07-30,Texas,14117.0,1.21,294.957
2022-08-06,Texas,14840.0,1.21,294.957
2022-08-13,Texas,14223.0,1.68,294.957
2022-08-20,Texas,14228.0,1.68,294.913
2022-08-27,Texas,13998.0,1.68,294.913
2022-09-03,Texas,14561.0,1.68,294.913
2022-09-10,Texas,12068.0,2.33,294.913
2022-09-17,Texas,12518.0,2.33,295.097
2022-09-24,Texas,12316.0,2.33,295.097
2022-10-01,Texas,12118.0,2.33,295.097
2022-10-08,Texas,14500.0,2.56,295.097
2022-10-15,Texas,12924.0,2.56,295.097
2022-10-22,Texas,12991.0,2.56,296.349
2022-10-29,Texas,13057.0,2.56,296.349
2022-11-05,Texas,15472.0,2.56,296.349
2022-11-12,Texas,14381.0,3.08,296.349
2022-11-19,Texas,15862.0,3.08,298.007
2022-11-26,Texas,11251.0,3.08,298.007
2022-12-03,Texas,19890.0,3.08,298.007
2022-12-10,Texas,15936.0,3.78,298.007
2022-12-17,Texas,14995.0,3.78,298.007
2022-12-24,Texas,13540.0,3.78,298.786
2022-12-31,Texas,10288.0,3.78,298.786
2023-01-07,Texas,20466.0,4.1,298.786
2023-01-14,Texas,17945.0,4.1,298.786
2023-01-21,Texas,15487.0,4.1,298.832
2023-01-28,Texas,15806.0,4.1,298.832
2023-02-04,Texas,14947.0,4.1,298.832
2023-02-11,Texas,15649.0,4.33,298.832
2023-02-18,Texas,14540.0,4.33,300.42
2023-02-25,Texas,13114.0,4.33,300.42
2023-03-04,Texas,14183.0,4.33,300.42
2023-03-11,Texas,14514.0,4.57,300.42
2023-03-18,Texas,13954.0,4.57,300.42
2023-03-25,Texas,15764.0,4.57,301.45
2023-04-01,Texas,14466.0,4.57,301.45
2023-04-08,Texas,17447.0,4.65,301.45
2023-04-15,Texas,14646.0,4.65,301.45
2023-04-22,Texas,14467.0,4.65,301.821
2023-04-29,Texas,14282.0,4.65,301.821
2023-05-06,Texas,15989.0,4.65,301.821
2023-05-13,Texas,16093.0,4.83,301.821
2023-05-20,Texas,18901.0,4.83,302.845
2023-05-27,Texas,20130.0,4.83,302.845
2023-06-03,Texas,19513.0,4.83,302.845
2023-06-10,Texas,26840.0,5.06,302.845
2023-06-17,Texas,28476.0,5.06,303.334
2023-06-24,Texas,19514.0,5.06,303.334
2023-07-01,Texas,16388.0,5.06,303.334
2023-07-08,Texas,15719.0,5.08,303.334
2023-07-15,Texas,16986.0,5.08,303.334
2023-07-22,Texas,15498.0,5.08,304.014
2023-07-29,Texas,14396.0,5.08,304.014
2023-08-05,Texas,16633.0,5.08,304.014
2023-08-12,Texas,14992.0,5.12,304.014
2023-08-19,Texas,14864.0,5.12,304.609
2023-08-26,Texas,14198.0,5.12,304.609
2023-09-02,Texas,13858.0,5.12,304.609
2023-09-09,Texas,12465.0,5.33,304.609
2023-09-16,Texas,13452.0,5.33,304.609
2023-09-23,Texas,12968.0,5.33,306.082
2023-09-30,Texas,13421.0,5.33,306.082
2023-10-07,Texas,16300.0,5.33,306.082
2023-10-14,Texas,13192.0,5.33,306.082
2023-10-21,Texas,14336.0,5.33,307.276
2023-10-28,Texas,14666.0,5.33,307.276
2023-11-04,Texas,16188.0,5.33,307.276
2023-11-11,Texas,17535.0,5.33,307.276
2023-11-18,Texas,16639.0,5.33,307.696
2023-11-25,Texas,11079.0,5.33,307.696
2023-12-02,Texas,19400.0,5.33,307.696
2023-12-09,Texas,15685.0,5.33,307.696
2023-12-16,Texas,15192.0,5.33,307.696
2023-12-23,Texas,13980.0,5.33,308.148
2023-12-30,Texas,8159.0,5.33,308.148
2024-01-06,Texas,17496.0,5.33,308.148
2024-01-13,Texas,19929.0,5.33,308.148
2024-01-20,Texas,14293.0,5.33,308.741
2024-01-27,Texas,15193.0,5.33,308.741
2024-02-03,Texas,16707.0,5.33,308.741
2024-02-10,Texas,15276.0,5.33,308.741
2024-02-17,Texas,14253.0,5.33,309.698
2024-02-24,Texas,13132.0,5.33,309.698
2024-03-02,Texas,15234.0,5.33,309.698
2024-03-09,Texas,15626.0,5.33,309.698
2024-03-16,Texas,14770.0,5.33,309.698
2024-03-23,Texas,17044.0,5.33,310.967
2024-03-30,Texas,13796.0,5.33,310.967
2024-04-06,Texas,15319.0,5.33,310.967
2024-04-13,Texas,15075.0,5.33,310.967
2024-04-20,Texas,15525.0,5.33,312.345
2024-04-27,Texas,14387.0,5.33,312.345
2024-05-04,Texas,15640.0,5.33,312.345
2024-05-11,Texas,15717.0,5.33,312.345
2024-05-18,Texas,16515.0,5.33,313.023
2024-05-25,Texas,16709.0,5.33,313.023
2024-06-01,Texas,14887.0,5.33,313.023
2024-06-08,Texas,17196.0,5.33,313.023
2024-06-15,Texas,18213.0,5.33,313.023
2024-06-22,Texas,15718.0,5.33,313.175
2024-06-29,Texas,15605.0,5.33,313.175
2024-07-06,Texas,13796.0,5.33,313.175
2024-07-13,Texas,25723.0,5.33,313.175
2024-07-20,Texas,31685.0,5.33,313.044
2024-07-27,Texas,25078.0,5.33,313.044
2024-08-03,Texas,19898.0,5.33,313.044
2024-08-10,Texas,18460.0,5.33,313.044
2024-08-17,Texas,16508.0,5.33,313.569
2024-08-24,Texas,14993.0,5.33,313.569
2024-08-31,Texas,13597.0,5.33,313.569
2024-09-07,Texas,13341.0,5.33,313.569
2024-09-14,Texas,15557.0,5.33,313.569
2024-09-21,Texas,14107.0,5.33,314.062
2024-09-28,Texas,13575.0,5.33,314.062
2024-10-05,Texas,14894.0,5.33,314.062
2024-10-12,Texas,15780.0,5.13,314.062
2024-10-19,Texas,13915.0,5.13,314.732
2024-10-26,Texas,14672.0,5.13,314.732
2024-11-02,Texas,15309.0,5.13,314.732
2024-11-09,Texas,16584.0,4.83,314.732
2024-11-16,Texas,15424.0,4.83,314.732
2024-11-23,Texas,16936.0,4.83,315.631
2024-11-30,Texas,10940.0,4.83,315.631
2024-12-07,Texas,20951.0,4.83,315.631
2024-12-14,Texas,15546.0,4.64,315.631
2024-12-21,Texas,15338.0,4.64,316.528
2024-12-28,Texas,6987.0,4.64,316.528
2025-01-04,Texas,12799.0,4.64,316.528
2025-01-11,Texas,24238.0,4.48,316.528
2025-01-18,Texas,16915.0,4.48,317.604
2025-01-25,Texas,14563.0,4.48,317.604
2025-02-01,Texas,15361.0,4.48,317.604
2025-02-08,Texas,16222.0,4.33,317.604
2025-02-15,Texas,15718.0,4.33,317.604
2025-02-22,Texas,14541.0,4.33,318.961
2025-03-01,Texas,16315.0,4.33,318.961
2025-03-08,Texas,17785.0,4.33,318.961
2025-03-15,Texas,19243.0,4.33,318.961
2025-03-22,Texas,17469.0,4.33,319.679
2025-03-29,Texas,16704.0,4.33,319.679
2025-04-05,Texas,16791.0,4.33,319.679
2025-04-12,Texas,17215.0,4.33,319.679
2025-04-19,Texas,15319.0,4.33,319.785
2025-04-26,Texas,15506.0,4.33,319.785
2025-05-03,Texas,16436.0,4.33,319.785
2025-05-10,Texas,16720.0,4.33,319.785
2025-05-17,Texas,16890.0,4.33,319.785
2025-05-24,Texas,16289.0,4.33,320.302
2025-05-31,Texas,15825.0,4.33,320.302
2025-06-07,Texas,19180.0,4.33,320.302
2025-06-14,Texas,19333.0,4.33,320.302
2025-06-21,Texas,16914.0,4.33,320.62
2025-06-28,Texas,16393.0,4.33,320.62
2025-07-05,Texas,15230.0,4.33,320.62
2025-07-12,Texas,18214.0,4.33,320.62
2025-07-19,Texas,18638.0,4.33,321.435
2025-07-26,Texas,15918.0,4.33,321.435
2025-08-02,Texas,16920.0,4.33,321.435
2025-08-09,Texas,16861.0,4.33,321.435
2025-08-16,Texas,15776.0,4.33,321.435
2025-08-23,Texas,17006.0,4.33,322.169
2025-08-30,Texas,16604.0,4.33,322.169
2025-09-06,Texas,31950.0,4.33,322.169
2025-09-13,Texas,27033.0,4.33,322.169
2025-09-20,Texas,20223.0,4.33,323.291
2025-09-27,Texas,16390.0,4.33,323.291
2025-10-04,Texas,17468.0,4.33,323.291
2025-10-11,Texas,16474.0,4.22,323.291
2025-10-18,Texas,16742.0,4.22,324.245
2025-10-25,Texas,17447.0,4.22,324.245
2025-11-01,Texas,15529.0,4.22,324.245
2025-11-08,Texas,18630.0,4.09,324.245
2025-11-15,Texas,18729.0,4.09,324.245
2025-11-22,Texas,19483.0,4.09,324.245
2025-11-29,Texas,11647.0,4.09,324.245
2025-12-06,Texas,19853.0,4.09,324.245
2025-12-13,Texas,16334.0,3.88,324.245
2025-12-20,Texas,16723.0,3.88,325.063
2025-12-27,Texas,8772.0,3.88,325.063
2026-01-03,Texas,14095.0,3.88,325.063
2026-01-10,Texas,22802.0,3.72,325.063
2026-01-17,Texas,18362.0,3.72,326.031
2026-01-24,Texas,16175.0,3.72,326.031
2026-01-31,Texas,15658.0,3.72,326.031
2026-02-07,Texas,18250.0,3.64,326.031
2026-02-14,Texas,15882.0,3.64,326.031
2026-02-21,Texas,14698.0,3.64,326.588
2026-02-28,Texas,15662.0,3.64,326.588
2026-03-07,Texas,15617.0,3.64,326.588
2026-03-14,Texas,15590.0,3.64,326.588
2026-03-21,Texas,15536.0,3.64,327.46
2026-03-28,Texas,17488.0,3.64,327.46
2026-04-04,Texas,16189.0,3.64,327.46
2026-04-11,Texas,17263.0,3.64,327.46
2026-04-18,Texas,16233.0,3.64,330.293
2026-04-25,Texas,15030.0,3.64,330.293
2026-05-02,Texas,15712.0,3.64,330.293
2026-05-09,Texas,17823.0,3.64,330.293
2026-05-16,Texas,17887.0,3.64,330.293
2026-05-23,Texas,16565.0,3.64,332.407
2026-05-30,Texas,14440.0,3.64,332.407
2026-06-06,Texas,17275.0,3.64,332.407
2026-06-13,Texas,17011.0,3.63,332.407
2026-06-20,Texas,15217.0,3.63,333.979
2026-06-27,Texas,14405.0,3.63,333.979
2026-07-04,Texas,13755.0,3.63,333.979
2026-07-11,Texas,16431.0,3.63,333.979
2026-07-18,Texas,14077.0,3.63,332.568
2026-07-25,Texas,14089.0,3.63,332.568
2026-08-01,Texas,13730.0,3.63,332.568
2026-08-08,Texas,15054.0,3.63,332.568
2026-08-15,Texas,15040.0,3.63,332.568
2026-08-22,Texas,15298.0,3.63,332.813
2013-01-05,Washington,13106.0,0.16,231.249
2013-01-12,Washington,12797.0,0.16,231.249
2013-01-19,Washington,10199.0,0.16,231.221
2013-01-26,Washington,9628.0,0.16,231.221
2013-02-02,Washington,9863.0,0.16,231.221
2013-02-09,Washington,9631.0,0.14,231.221
2013-02-16,Washington,8703.0,0.14,231.221
2013-02-23,Washington,8258.0,0.14,231.679
2013-03-02,Washington,9071.0,0.14,231.679
2013-03-09,Washington,8690.0,0.14,231.679
2013-03-16,Washington,8614.0,0.15,231.679
2013-03-23,Washington,8615.0,0.15,232.937
2013-03-30,Washington,8772.0,0.15,232.937
2013-04-06,Washington,9603.0,0.15,232.937
2013-04-13,Washington,10078.0,0.14,232.937
2013-04-20,Washington,9550.0,0.14,232.282
2013-04-27,Washington,8024.0,0.14,232.282
2013-05-04,Washington,8423.0,0.14,232.282
2013-05-11,Washington,8081.0,0.15,232.282
2013-05-18,Washington,7675.0,0.15,231.797
2013-05-25,Washington,7667.0,0.15,231.797
2013-06-01,Washington,7868.0,0.15,231.797
2013-06-08,Washington,7920.0,0.11,231.797
2013-06-15,Washington,7789.0,0.11,231.797
2013-06-22,Washington,8374.0,0.11,231.893
2013-06-29,Washington,9947.0,0.11,231.893
2013-07-06,Washington,8694.0,0.11,231.893
2013-07-13,Washington,9099.0,0.09,231.893
2013-07-20,Washington,7435.0,0.09,232.445
2013-07-27,Washington,7440.0,0.09,232.445
2013-08-03,Washington,7620.0,0.09,232.445
2013-08-10,Washington,7816.0,0.09,232.445
2013-08-17,Washington,7096.0,0.09,232.9
2013-08-24,Washington,6605.0,0.09,232.9
2013-08-31,Washington,6551.0,0.09,232.9
2013-09-07,Washington,6607.0,0.08,232.9
2013-09-14,Washington,7629.0,0.08,232.9
2013-09-21,Washington,6451.0,0.08,233.456
2013-09-28,Washington,6814.0,0.08,233.456
2013-10-05,Washington,9172.0,0.08,233.456
2013-10-12,Washington,10251.0,0.08,233.456
2013-10-19,Washington,9250.0,0.08,233.544
2013-10-26,Washington,8417.0,0.08,233.544
2013-11-02,Washington,9288.0,0.08,233.544
2013-11-09,Washington,10404.0,0.09,233.544
2013-11-16,Washington,9339.0,0.09,233.544
2013-11-23,Washington,10207.0,0.09,233.669
2013-11-30,Washington,9359.0,0.09,233.669
2013-12-07,Washington,13742.0,0.09,233.669
2013-12-14,Washington,11017.0,0.08,233.669
2013-12-21,Washington,9087.0,0.08,234.1
2013-12-28,Washington,12566.0,0.08,234.1
2014-01-04,Washington,12594.0,0.08,234.1
2014-01-11,Washington,12700.0,0.09,234.1
2014-01-18,Washington,10107.0,0.09,234.719
2014-01-25,Washington,8676.0,0.09,234.719
2014-02-01,Washington,9173.0,0.09,234.719
2014-02-08,Washington,10192.0,0.07,234.719
2014-02-15,Washington,9929.0,0.07,234.719
2014-02-22,Washington,8162.0,0.07,235.288
2014-03-01,Washington,8254.0,0.07,235.288
2014-03-08,Washington,9236.0,0.07,235.288
2014-03-15,Washington,8210.0,0.07,235.288
2014-03-22,Washington,7409.0,0.07,235.547
2014-03-29,Washington,7609.0,0.07,235.547
2014-04-05,Washington,8689.0,0.07,235.547
2014-04-12,Washington,9055.0,0.08,235.547
2014-04-19,Washington,8078.0,0.08,236.028
2014-04-26,Washington,8569.0,0.08,236.028
2014-05-03,Washington,7884.0,0.08,236.028
2014-05-10,Washington,7647.0,0.09,236.028
2014-05-17,Washington,7362.0,0.09,236.028
2014-05-24,Washington,6383.0,0.09,236.468
2014-05-31,Washington,6930.0,0.09,236.468
2014-06-07,Washington,7038.0,0.09,236.468
2014-06-14,Washington,6891.0,0.09,236.468
2014-06-21,Washington,7531.0,0.09,236.918
2014-06-28,Washington,7241.0,0.09,236.918
2014-07-05,Washington,7048.0,0.09,236.918
2014-07-12,Washington,7587.0,0.1,236.918
2014-07-19,Washington,6394.0,0.1,237.231
2014-07-26,Washington,6820.0,0.1,237.231
2014-08-02,Washington,6627.0,0.1,237.231
2014-08-09,Washington,7039.0,0.09,237.231
2014-08-16,Washington,6447.0,0.09,237.231
2014-08-23,Washington,6061.0,0.09,237.498
2014-08-30,Washington,6079.0,0.09,237.498
2014-09-06,Washington,6612.0,0.09,237.498
2014-09-13,Washington,6550.0,0.09,237.498
2014-09-20,Washington,6268.0,0.09,237.46
2014-09-27,Washington,6613.0,0.09,237.46
2014-10-04,Washington,7090.0,0.09,237.46
2014-10-11,Washington,8154.0,0.09,237.46
2014-10-18,Washington,7175.0,0.09,237.477
2014-10-25,Washington,8299.0,0.09,237.477
2014-11-01,Washington,8737.0,0.09,237.477
2014-11-08,Washington,9586.0,0.09,237.477
2014-11-15,Washington,9356.0,0.09,237.477
2014-11-22,Washington,11001.0,0.09,237.43
2014-11-29,Washington,9047.0,0.09,237.43
2014-12-06,Washington,11589.0,0.09,237.43
2014-12-13,Washington,8315.0,0.09,237.43
2014-12-20,Washington,9274.0,0.09,236.983
2014-12-27,Washington,10913.0,0.09,236.983
2015-01-03,Washington,10632.0,0.09,236.983
2015-01-10,Washington,11264.0,0.12,236.983
2015-01-17,Washington,8608.0,0.12,236.252
2015-01-24,Washington,7740.0,0.12,236.252
2015-01-31,Washington,8007.0,0.12,236.252
2015-02-07,Washington,8446.0,0.11,236.252
2015-02-14,Washington,8496.0,0.11,236.252
2015-02-21,Washington,6680.0,0.11,234.747
2015-02-28,Washington,6761.0,0.11,234.747
2015-03-07,Washington,7291.0,0.11,234.747
2015-03-14,Washington,6676.0,0.11,234.747
2015-03-21,Washington,6862.0,0.11,235.342
2015-03-28,Washington,6514.0,0.11,235.342
2015-04-04,Washington,7326.0,0.11,235.342
2015-04-11,Washington,8498.0,0.11,235.342
2015-04-18,Washington,7021.0,0.11,235.976
2015-04-25,Washington,6262.0,0.11,235.976
2015-05-02,Washington,6318.0,0.11,235.976
2015-05-09,Washington,6831.0,0.12,235.976
2015-05-16,Washington,6596.0,0.12,235.976
2015-05-23,Washington,6089.0,0.12,236.222
2015-05-30,Washington,5428.0,0.12,236.222
2015-06-06,Washington,6053.0,0.12,236.222
2015-06-13,Washington,5961.0,0.12,236.222
2015-06-20,Washington,6673.0,0.12,237.001
2015-06-27,Washington,6437.0,0.12,237.001
2015-07-04,Washington,6088.0,0.12,237.001
2015-07-11,Washington,8008.0,0.13,237.001
2015-07-18,Washington,6748.0,0.13,237.657
2015-07-25,Washington,6053.0,0.13,237.657
2015-08-01,Washington,6023.0,0.13,237.657
2015-08-08,Washington,6431.0,0.13,237.657
2015-08-15,Washington,5845.0,0.13,237.657
2015-08-22,Washington,5756.0,0.13,238.034
2015-08-29,Washington,5761.0,0.13,238.034
2015-09-05,Washington,7017.0,0.13,238.034
2015-09-12,Washington,5797.0,0.14,238.034
2015-09-19,Washington,6094.0,0.14,238.033
2015-09-26,Washington,6030.0,0.14,238.033
2015-10-03,Washington,6453.0,0.14,238.033
2015-10-10,Washington,7788.0,0.14,238.033
2015-10-17,Washington,7484.0,0.14,238.033
2015-10-24,Washington,7704.0,0.14,237.498
2015-10-31,Washington,8351.0,0.14,237.498
2015-11-07,Washington,9449.0,0.12,237.498
2015-11-14,Washington,8680.0,0.12,237.498
2015-11-21,Washington,10041.0,0.12,237.733
2015-11-28,Washington,8959.0,0.12,237.733
2015-12-05,Washington,10786.0,0.12,237.733
2015-12-12,Washington,8973.0,0.12,237.733
2015-12-19,Washington,8844.0,0.12,238.017
2015-12-26,Washington,10983.0,0.12,238.017
2016-01-02,Washington,10428.0,0.12,238.017
2016-01-09,Washington,11373.0,0.24,238.017
2016-01-16,Washington,8916.0,0.24,238.017
2016-01-23,Washington,7818.0,0.24,237.761
2016-01-30,Washington,7569.0,0.24,237.761
2016-02-06,Washington,7809.0,0.24,237.761
2016-02-13,Washington,7068.0,0.34,237.761
2016-02-20,Washington,6665.0,0.34,237.652
2016-02-27,Washington,6737.0,0.34,237.652
2016-03-05,Washington,6937.0,0.34,237.652
2016-03-12,Washington,7440.0,0.38,237.652
2016-03-19,Washington,6745.0,0.38,237.336
2016-03-26,Washington,6558.0,0.38,237.336
2016-04-02,Washington,6735.0,0.38,237.336
2016-04-09,Washington,8058.0,0.36,237.336
2016-04-16,Washington,6924.0,0.36,237.336
2016-04-23,Washington,6250.0,0.36,238.08
2016-04-30,Washington,6298.0,0.36,238.08
2016-05-07,Washington,6620.0,0.36,238.08
2016-05-14,Washington,6025.0,0.37,238.08
2016-05-21,Washington,5964.0,0.37,238.992
2016-05-28,Washington,5975.0,0.37,238.992
2016-06-04,Washington,5691.0,0.37,238.992
2016-06-11,Washington,5874.0,0.37,238.992
2016-06-18,Washington,5971.0,0.37,239.557
2016-06-25,Washington,6311.0,0.37,239.557
2016-07-02,Washington,6196.0,0.37,239.557
2016-07-09,Washington,7262.0,0.38,239.557
2016-07-16,Washington,6322.0,0.38,239.557
2016-07-23,Washington,5908.0,0.38,240.222
2016-07-30,Washington,6193.0,0.38,240.222
2016-08-06,Washington,6164.0,0.38,240.222
2016-08-13,Washington,5602.0,0.39,240.222
2016-08-20,Washington,5442.0,0.39,240.101
2016-08-27,Washington,5165.0,0.39,240.101
2016-09-03,Washington,6209.0,0.39,240.101
2016-09-10,Washington,5250.0,0.4,240.101
2016-09-17,Washington,5245.0,0.4,240.545
2016-09-24,Washington,5260.0,0.4,240.545
2016-10-01,Washington,5367.0,0.4,240.545
2016-10-08,Washington,7436.0,0.4,240.545
2016-10-15,Washington,6370.0,0.4,240.545
2016-10-22,Washington,7070.0,0.4,241.176
2016-10-29,Washington,7670.0,0.4,241.176
2016-11-05,Washington,8100.0,0.4,241.176
2016-11-12,Washington,7481.0,0.4,241.176
2016-11-19,Washington,8953.0,0.4,241.741
2016-11-26,Washington,8087.0,0.4,241.741
2016-12-03,Washington,9724.0,0.4,241.741
2016-12-10,Washington,8993.0,0.41,241.741
2016-12-17,Washington,10011.0,0.41,241.741
2016-12-24,Washington,9705.0,0.41,242.026
2016-12-31,Washington,8397.0,0.41,242.026
2017-01-07,Washington,7560.0,0.54,242.026
2017-01-14,Washington,8669.0,0.54,242.026
2017-01-21,Washington,7574.0,0.54,242.637
2017-01-28,Washington,7106.0,0.54,242.637
2017-02-04,Washington,6954.0,0.54,242.637
2017-02-11,Washington,8515.0,0.65,242.637
2017-02-18,Washington,7713.0,0.65,243.618
2017-02-25,Washington,5534.0,0.65,243.618
2017-03-04,Washington,6257.0,0.65,243.618
2017-03-11,Washington,6522.0,0.66,243.618
2017-03-18,Washington,6078.0,0.66,243.618
2017-03-25,Washington,5994.0,0.66,244.006
2017-04-01,Washington,6284.0,0.66,244.006
2017-04-08,Washington,7505.0,0.79,244.006
2017-04-15,Washington,6222.0,0.79,244.006
2017-04-22,Washington,5805.0,0.79,243.892
2017-04-29,Washington,5922.0,0.79,243.892
2017-05-06,Washington,5911.0,0.79,243.892
2017-05-13,Washington,5601.0,0.9,243.892
2017-05-20,Washington,5277.0,0.9,244.193
2017-05-27,Washington,5350.0,0.9,244.193
2017-06-03,Washington,5178.0,0.9,244.193
2017-06-10,Washington,5583.0,0.91,244.193
2017-06-17,Washington,5390.0,0.91,244.004
2017-06-24,Washington,5582.0,0.91,244.004
2017-07-01,Washington,5880.0,0.91,244.004
2017-07-08,Washington,6307.0,1.04,244.004
2017-07-15,Washington,6081.0,1.04,244.004
2017-07-22,Washington,4916.0,1.04,244.163
2017-07-29,Washington,5156.0,1.04,244.163
2017-08-05,Washington,5890.0,1.04,244.163
2017-08-12,Washington,5531.0,1.15,244.163
2017-08-19,Washington,5250.0,1.15,244.243
2017-08-26,Washington,4894.0,1.15,244.243
2017-09-02,Washington,5193.0,1.15,244.243
2017-09-09,Washington,5215.0,1.16,244.243
2017-09-16,Washington,5221.0,1.16,244.243
2017-09-23,Washington,5226.0,1.16,245.183
2017-09-30,Washington,4998.0,1.16,245.183
2017-10-07,Washington,6354.0,1.16,245.183
2017-10-14,Washington,5662.0,1.15,245.183
2017-10-21,Washington,6359.0,1.15,246.435
2017-10-28,Washington,6041.0,1.15,246.435
2017-11-04,Washington,6700.0,1.15,246.435
2017-11-11,Washington,6696.0,1.15,246.435
2017-11-18,Washington,8618.0,1.15,246.626
2017-11-25,Washington,7538.0,1.15,246.626
2017-12-02,Washington,9446.0,1.15,246.626
2017-12-09,Washington,7196.0,1.16,246.626
2017-12-16,Washington,7324.0,1.16,246.626
2017-12-23,Washington,8915.0,1.16,247.284
2017-12-30,Washington,9279.0,1.16,247.284
2018-01-06,Washington,9130.0,1.16,247.284
2018-01-13,Washington,8433.0,1.3,247.284
2018-01-20,Washington,6878.0,1.3,247.805
2018-01-27,Washington,7070.0,1.3,247.805
2018-02-03,Washington,6875.0,1.3,247.805
2018-02-10,Washington,6874.0,1.41,247.805
2018-02-17,Washington,5968.0,1.41,248.859
2018-02-24,Washington,6025.0,1.41,248.859
2018-03-03,Washington,7032.0,1.41,248.859
2018-03-10,Washington,5813.0,1.42,248.859
2018-03-17,Washington,5427.0,1.42,248.859
2018-03-24,Washington,5586.0,1.42,249.529
2018-03-31,Washington,5293.0,1.42,249.529
2018-04-07,Washington,6538.0,1.51,249.529
2018-04-14,Washington,6096.0,1.51,249.529
2018-04-21,Washington,5691.0,1.51,249.577
2018-04-28,Washington,5100.0,1.51,249.577
2018-05-05,Washington,5135.0,1.51,249.577
2018-05-12,Washington,5395.0,1.69,249.577
2018-05-19,Washington,5090.0,1.69,250.227
2018-05-26,Washington,5094.0,1.69,250.227
2018-06-02,Washington,4754.0,1.69,250.227
2018-06-09,Washington,5555.0,1.7,250.227
2018-06-16,Washington,5003.0,1.7,250.227
2018-06-23,Washington,5291.0,1.7,250.792
2018-06-30,Washington,5418.0,1.7,250.792
2018-07-07,Washington,6094.0,1.7,250.792
2018-07-14,Washington,5821.0,1.82,250.792
2018-07-21,Washington,4807.0,1.82,251.018
2018-07-28,Washington,4738.0,1.82,251.018
2018-08-04,Washington,5338.0,1.82,251.018
2018-08-11,Washington,4912.0,1.91,251.018
2018-08-18,Washington,4672.0,1.91,251.214
2018-08-25,Washington,5228.0,1.91,251.214
2018-09-01,Washington,5866.0,1.91,251.214
2018-09-08,Washington,5243.0,1.91,251.214
2018-09-15,Washington,5274.0,1.91,251.214
2018-09-22,Washington,5059.0,1.91,251.663
2018-09-29,Washington,4912.0,1.91,251.663
2018-10-06,Washington,5943.0,1.91,251.663
2018-10-13,Washington,6337.0,1.95,251.663
2018-10-20,Washington,6107.0,1.95,252.182
2018-10-27,Washington,6019.0,1.95,252.182
2018-11-03,Washington,7314.0,1.95,252.182
2018-11-10,Washington,7933.0,2.19,252.182
2018-11-17,Washington,7732.0,2.19,252.772
2018-11-24,Washington,7887.0,2.19,252.772
2018-12-01,Washington,9786.0,2.19,252.772
2018-12-08,Washington,7819.0,2.2,252.772
2018-12-15,Washington,7402.0,2.2,252.772
2018-12-22,Washington,8834.0,2.2,252.594
2018-12-29,Washington,9445.0,2.2,252.594
2019-01-05,Washington,9956.0,2.2,252.594
2019-01-12,Washington,9142.0,2.27,252.594
2019-01-19,Washington,7031.0,2.27,252.767
2019-01-26,Washington,6485.0,2.27,252.767
2019-02-02,Washington,6622.0,2.27,252.767
2019-02-09,Washington,11176.0,2.4,252.767
2019-02-16,Washington,12451.0,2.4,252.767
2019-02-23,Washington,7360.0,2.4,252.561
2019-03-02,Washington,6175.0,2.4,252.561
2019-03-09,Washington,7071.0,2.4,252.561
2019-03-16,Washington,5787.0,2.4,252.561
2019-03-23,Washington,5405.0,2.4,253.319
2019-03-30,Washington,5470.0,2.4,253.319
2019-04-06,Washington,6299.0,2.4,253.319
2019-04-13,Washington,6939.0,2.41,253.319
2019-04-20,Washington,5748.0,2.41,254.277
2019-04-27,Washington,5335.0,2.41,254.277
2019-05-04,Washington,5266.0,2.41,254.277
2019-05-11,Washington,5123.0,2.42,254.277
2019-05-18,Washington,5513.0,2.42,255.233
2019-05-25,Washington,5499.0,2.42,255.233
2019-06-01,Washington,4908.0,2.42,255.233
2019-06-08,Washington,5426.0,2.39,255.233
2019-06-15,Washington,4886.0,2.39,255.233
2019-06-22,Washington,5408.0,2.39,255.296
2019-06-29,Washington,5626.0,2.39,255.296
2019-07-06,Washington,5547.0,2.39,255.296
2019-07-13,Washington,6312.0,2.38,255.296
2019-07-20,Washington,4671.0,2.38,255.213
2019-07-27,Washington,4656.0,2.38,255.213
2019-08-03,Washington,5632.0,2.38,255.213
2019-08-10,Washington,5490.0,2.4,255.213
2019-08-17,Washington,5032.0,2.4,255.802
2019-08-24,Washington,4780.0,2.4,255.802
2019-08-31,Washington,4944.0,2.4,255.802
2019-09-07,Washington,5060.0,2.13,255.802
2019-09-14,Washington,5428.0,2.13,255.802
2019-09-21,Washington,5319.0,2.13,256.036
2019-09-28,Washington,5306.0,2.13,256.036
2019-10-05,Washington,6096.0,2.13,256.036
2019-10-12,Washington,6400.0,2.04,256.036
2019-10-19,Washington,6254.0,2.04,256.43
2019-10-26,Washington,6375.0,2.04,256.43
2019-11-02,Washington,6953.0,2.04,256.43
2019-11-09,Washington,7832.0,1.83,256.43
2019-11-16,Washington,7619.0,1.83,256.43
2019-11-23,Washington,8393.0,1.83,257.155
2019-11-30,Washington,7896.0,1.83,257.155
2019-12-07,Washington,10123.0,1.83,257.155
2019-12-14,Washington,7359.0,1.55,257.155
2019-12-21,Washington,8896.0,1.55,257.879
2019-12-28,Washington,10106.0,1.55,257.879
2020-01-04,Washington,10024.0,1.55,257.879
2020-01-11,Washington,9069.0,1.55,257.879
2020-01-18,Washington,9079.0,1.55,258.63
2020-01-25,Washington,8072.0,1.55,258.63
2020-02-01,Washington,6619.0,1.55,258.63
2020-02-08,Washington,7161.0,1.55,258.63
2020-02-15,Washington,6311.0,1.55,258.63
2020-02-22,Washington,5585.0,1.55,259.127
2020-02-29,Washington,5770.0,1.55,259.127
2020-03-07,Washington,6616.0,1.55,259.127
2020-03-14,Washington,14240.0,1.58,259.127
2020-03-21,Washington,129909.0,1.58,259.25
2020-03-28,Washington,182849.0,1.58,259.25
2020-04-04,Washington,171252.0,1.58,259.25
2020-04-11,Washington,144455.0,0.65,259.25
2020-04-18,Washington,83475.0,0.65,258.076
2020-04-25,Washington,139505.0,0.65,258.076
2020-05-02,Washington,102216.0,0.65,258.076
2020-05-09,Washington,110831.0,0.05,258.076
2020-05-16,Washington,140119.0,0.05,258.076
2020-05-23,Washington,49436.0,0.05,256.032
2020-05-30,Washington,31929.0,0.05,256.032
2020-06-06,Washington,30677.0,0.05,256.032
2020-06-13,Washington,30217.0,0.05,256.032
2020-06-20,Washington,30793.0,0.05,255.802
2020-06-27,Washington,33266.0,0.05,255.802
2020-07-04,Washington,29506.0,0.05,255.802
2020-07-11,Washington,45622.0,0.08,255.802
2020-07-18,Washington,33361.0,0.08,257.042
2020-07-25,Washington,30653.0,0.08,257.042
2020-08-01,Washington,26486.0,0.08,257.042
2020-08-08,Washington,22991.0,0.09,257.042
2020-08-15,Washington,24005.0,0.09,257.042
2020-08-22,Washington,21404.0,0.09,258.352
2020-08-29,Washington,22286.0,0.09,258.352
2020-09-05,Washington,24459.0,0.09,258.352
2020-09-12,Washington,21168.0,0.1,258.352
2020-09-19,Washington,23105.0,0.1,259.316
2020-09-26,Washington,21002.0,0.1,259.316
2020-10-03,Washington,18528.0,0.1,259.316
2020-10-10,Washington,25631.0,0.09,259.316
2020-10-17,Washington,19980.0,0.09,259.316
2020-10-24,Washington,18025.0,0.09,259.997
2020-10-31,Washington,18863.0,0.09,259.997
2020-11-07,Washington,26546.0,0.09,259.997
2020-11-14,Washington,17642.0,0.09,259.997
2020-11-21,Washington,31141.0,0.09,260.319
2020-11-28,Washington,23260.0,0.09,260.319
2020-12-05,Washington,25623.0,0.09,260.319
2020-12-12,Washington,20523.0,0.09,260.319
2020-12-19,Washington,18369.0,0.09,260.911
2020-12-26,Washington,19901.0,0.09,260.911
2021-01-02,Washington,30851.0,0.09,260.911
2021-01-09,Washington,28278.0,0.09,260.911
2021-01-16,Washington,20401.0,0.09,260.911
2021-01-23,Washington,17328.0,0.09,262.045
2021-01-30,Washington,16765.0,0.09,262.045
2021-02-06,Washington,16254.0,0.09,262.045
2021-02-13,Washington,14158.0,0.09,262.045
2021-02-20,Washington,14631.0,0.09,262.687
2021-02-27,Washington,13502.0,0.09,262.687
2021-03-06,Washington,12234.0,0.09,262.687
2021-03-13,Washington,12163.0,0.08,262.687
2021-03-20,Washington,11877.0,0.08,263.579
2021-03-27,Washington,11836.0,0.08,263.579
2021-04-03,Washington,12221.0,0.08,263.579
2021-04-10,Washington,17601.0,0.07,263.579
2021-04-17,Washington,13570.0,0.07,264.961
2021-04-24,Washington,11914.0,0.07,264.961
2021-05-01,Washington,10780.0,0.07,264.961
2021-05-08,Washington,16891.0,0.07,264.961
2021-05-15,Washington,19914.0,0.07,264.961
2021-05-22,Washington,11894.0,0.07,266.614
2021-05-29,Washington,10317.0,0.07,266.614
2021-06-05,Washington,9134.0,0.07,266.614
2021-06-12,Washington,7136.0,0.06,266.614
2021-06-19,Washington,7802.0,0.06,268.383
2021-06-26,Washington,7725.0,0.06,268.383
2021-07-03,Washington,6129.0,0.06,268.383
2021-07-10,Washington,5749.0,0.08,268.383
2021-07-17,Washington,5356.0,0.08,268.383
2021-07-24,Washington,4776.0,0.08,270.654
2021-07-31,Washington,5081.0,0.08,270.654
2021-08-07,Washington,5614.0,0.1,270.654
2021-08-14,Washington,5716.0,0.1,270.654
2021-08-21,Washington,5540.0,0.1,271.903
2021-08-28,Washington,5246.0,0.1,271.903
2021-09-04,Washington,5389.0,0.1,271.903
2021-09-11,Washington,5100.0,0.09,271.903
2021-09-18,Washington,5012.0,0.09,272.676
2021-09-25,Washington,5096.0,0.09,272.676
2021-10-02,Washington,4989.0,0.09,272.676
2021-10-09,Washington,5326.0,0.08,272.676
2021-10-16,Washington,4914.0,0.08,272.676
2021-10-23,Washington,5777.0,0.08,273.91
2021-10-30,Washington,5594.0,0.08,273.91
2021-11-06,Washington,6128.0,0.08,273.91
2021-11-13,Washington,5290.0,0.08,273.91
2021-11-20,Washington,5830.0,0.08,276.55
2021-11-27,Washington,5076.0,0.08,276.55
2021-12-04,Washington,6974.0,0.08,276.55
2021-12-11,Washington,5383.0,0.08,276.55
2021-12-18,Washington,6186.0,0.08,278.919
2021-12-25,Washington,7188.0,0.08,278.919
2022-01-01,Washington,11814.0,0.08,278.919
2022-01-08,Washington,11593.0,0.08,278.919
2022-01-15,Washington,5577.0,0.08,278.919
2022-01-22,Washington,4859.0,0.08,280.845
2022-01-29,Washington,4983.0,0.08,280.845
2022-02-05,Washington,4974.0,0.08,280.845
2022-02-12,Washington,4739.0,0.08,280.845
2022-02-19,Washington,4455.0,0.08,282.543
2022-02-26,Washington,4445.0,0.08,282.543
2022-03-05,Washington,5295.0,0.08,282.543
2022-03-12,Washington,4303.0,0.08,282.543
2022-03-19,Washington,3951.0,0.08,282.543
2022-03-26,Washington,4257.0,0.08,284.5
2022-04-02,Washington,4309.0,0.08,284.5
2022-04-09,Washington,4703.0,0.2,284.5
2022-04-16,Washington,4526.0,0.2,284.5
2022-04-23,Washington,4051.0,0.2,287.674
2022-04-30,Washington,3768.0,0.2,287.674
2022-05-07,Washington,4037.0,0.2,287.674
2022-05-14,Washington,3885.0,0.33,287.674
2022-05-21,Washington,3583.0,0.33,288.561
2022-05-28,Washington,3943.0,0.33,288.561
2022-06-04,Washington,3715.0,0.33,288.561
2022-06-11,Washington,3915.0,0.77,288.561
2022-06-18,Washington,3898.0,0.77,291.298
2022-06-25,Washington,4425.0,0.77,291.298
2022-07-02,Washington,4350.0,0.77,291.298
2022-07-09,Washington,4183.0,1.21,291.298
2022-07-16,Washington,3884.0,1.21,291.298
2022-07-23,Washington,3414.0,1.21,294.957
2022-07-30,Washington,3786.0,1.21,294.957
2022-08-06,Washington,4059.0,1.21,294.957
2022-08-13,Washington,3901.0,1.68,294.957
2022-08-20,Washington,3876.0,1.68,294.913
2022-08-27,Washington,3698.0,1.68,294.913
2022-09-03,Washington,3900.0,1.68,294.913
2022-09-10,Washington,3643.0,2.33,294.913
2022-09-17,Washington,3875.0,2.33,295.097
2022-09-24,Washington,3510.0,2.33,295.097
2022-10-01,Washington,3741.0,2.33,295.097
2022-10-08,Washington,4826.0,2.56,295.097
2022-10-15,Washington,4482.0,2.56,295.097
2022-10-22,Washington,4186.0,2.56,296.349
2022-10-29,Washington,4879.0,2.56,296.349
2022-11-05,Washington,5914.0,2.56,296.349
2022-11-12,Washington,5911.0,3.08,296.349
2022-11-19,Washington,6733.0,3.08,298.007
2022-11-26,Washington,5777.0,3.08,298.007
2022-12-03,Washington,8560.0,3.08,298.007
2022-12-10,Washington,6851.0,3.78,298.007
2022-12-17,Washington,6147.0,3.78,298.007
2022-12-24,Washington,8344.0,3.78,298.786
2022-12-31,Washington,8368.0,3.78,298.786
2023-01-07,Washington,7053.0,4.1,298.786
2023-01-14,Washington,5524.0,4.1,298.786
2023-01-21,Washington,5456.0,4.1,298.832
2023-01-28,Washington,5502.0,4.1,298.832
2023-02-04,Washington,5339.0,4.1,298.832
2023-02-11,Washington,5586.0,4.33,298.832
2023-02-18,Washington,5067.0,4.33,300.42
2023-02-25,Washington,4940.0,4.33,300.42
2023-03-04,Washington,5953.0,4.33,300.42
2023-03-11,Washington,5133.0,4.57,300.42
2023-03-18,Washington,4815.0,4.57,300.42
2023-03-25,Washington,5036.0,4.57,301.45
2023-04-01,Washington,4981.0,4.57,301.45
2023-04-08,Washington,6079.0,4.65,301.45
2023-04-15,Washington,5504.0,4.65,301.45
2023-04-22,Washington,4990.0,4.65,301.821
2023-04-29,Washington,4526.0,4.65,301.821
2023-05-06,Washington,5123.0,4.65,301.821
2023-05-13,Washington,4977.0,4.83,301.821
2023-05-20,Washington,4912.0,4.83,302.845
2023-05-27,Washington,4795.0,4.83,302.845
2023-06-03,Washington,4666.0,4.83,302.845
2023-06-10,Washington,4901.0,5.06,302.845
2023-06-17,Washington,5040.0,5.06,303.334
2023-06-24,Washington,5359.0,5.06,303.334
2023-07-01,Washington,5476.0,5.06,303.334
2023-07-08,Washington,5484.0,5.08,303.334
2023-07-15,Washington,5831.0,5.08,303.334
2023-07-22,Washington,4109.0,5.08,304.014
2023-07-29,Washington,4106.0,5.08,304.014
2023-08-05,Washington,5295.0,5.08,304.014
2023-08-12,Washington,4636.0,5.12,304.014
2023-08-19,Washington,4327.0,5.12,304.609
2023-08-26,Washington,4081.0,5.12,304.609
2023-09-02,Washington,4527.0,5.12,304.609
2023-09-09,Washington,4663.0,5.33,304.609
2023-09-16,Washington,4907.0,5.33,304.609
2023-09-23,Washington,4645.0,5.33,306.082
2023-09-30,Washington,4911.0,5.33,306.082
2023-10-07,Washington,5837.0,5.33,306.082
2023-10-14,Washington,5287.0,5.33,306.082
2023-10-21,Washington,5840.0,5.33,307.276
2023-10-28,Washington,5936.0,5.33,307.276
2023-11-04,Washington,6814.0,5.33,307.276
2023-11-11,Washington,6580.0,5.33,307.276
2023-11-18,Washington,6989.0,5.33,307.696
2023-11-25,Washington,5768.0,5.33,307.696
2023-12-02,Washington,8048.0,5.33,307.696
2023-12-09,Washington,6969.0,5.33,307.696
2023-12-16,Washington,6802.0,5.33,307.696
2023-12-23,Washington,7440.0,5.33,308.148
2023-12-30,Washington,7270.0,5.33,308.148
2024-01-06,Washington,8667.0,5.33,308.148
2024-01-13,Washington,6677.0,5.33,308.148
2024-01-20,Washington,7105.0,5.33,308.741
2024-01-27,Washington,7193.0,5.33,308.741
2024-02-03,Washington,5636.0,5.33,308.741
2024-02-10,Washington,5727.0,5.33,308.741
2024-02-17,Washington,5372.0,5.33,309.698
2024-02-24,Washington,5118.0,5.33,309.698
2024-03-02,Washington,5394.0,5.33,309.698
2024-03-09,Washington,5685.0,5.33,309.698
2024-03-16,Washington,5088.0,5.33,309.698
2024-03-23,Washington,5100.0,5.33,310.967
2024-03-30,Washington,5099.0,5.33,310.967
2024-04-06,Washington,5912.0,5.33,310.967
2024-04-13,Washington,5571.0,5.33,310.967
2024-04-20,Washington,5083.0,5.33,312.345
2024-04-27,Washington,4918.0,5.33,312.345
2024-05-04,Washington,5183.0,5.33,312.345
2024-05-11,Washington,5321.0,5.33,312.345
2024-05-18,Washington,5101.0,5.33,313.023
2024-05-25,Washington,5115.0,5.33,313.023
2024-06-01,Washington,4643.0,5.33,313.023
2024-06-08,Washington,5146.0,5.33,313.023
2024-06-15,Washington,4874.0,5.33,313.023
2024-06-22,Washington,5252.0,5.33,313.175
2024-06-29,Washington,5503.0,5.33,313.175
2024-07-06,Washington,5829.0,5.33,313.175
2024-07-13,Washington,5916.0,5.33,313.175
2024-07-20,Washington,3909.0,5.33,313.044
2024-07-27,Washington,4298.0,5.33,313.044
2024-08-03,Washington,4850.0,5.33,313.044
2024-08-10,Washington,4901.0,5.33,313.044
2024-08-17,Washington,4730.0,5.33,313.569
2024-08-24,Washington,4208.0,5.33,313.569
2024-08-31,Washington,4607.0,5.33,313.569
2024-09-07,Washington,4770.0,5.33,313.569
2024-09-14,Washington,4914.0,5.33,313.569
2024-09-21,Washington,5510.0,5.33,314.062
2024-09-28,Washington,6402.0,5.33,314.062
2024-10-05,Washington,8117.0,5.33,314.062
2024-10-12,Washington,8543.0,5.13,314.062
2024-10-19,Washington,7531.0,5.13,314.732
2024-10-26,Washington,6833.0,5.13,314.732
2024-11-02,Washington,6469.0,5.13,314.732
2024-11-09,Washington,7175.0,4.83,314.732
2024-11-16,Washington,6656.0,4.83,314.732
2024-11-23,Washington,7537.0,4.83,315.631
2024-11-30,Washington,6480.0,4.83,315.631
2024-12-07,Washington,8297.0,4.83,315.631
2024-12-14,Washington,5854.0,4.64,315.631
2024-12-21,Washington,7478.0,4.64,316.528
2024-12-28,Washington,8872.0,4.64,316.528
2025-01-04,Washington,10729.0,4.64,316.528
2025-01-11,Washington,6852.0,4.48,316.528
2025-01-18,Washington,5837.0,4.48,317.604
2025-01-25,Washington,6278.0,4.48,317.604
2025-02-01,Washington,6474.0,4.48,317.604
2025-02-08,Washington,7114.0,4.33,317.604
2025-02-15,Washington,7849.0,4.33,317.604
2025-02-22,Washington,5849.0,4.33,318.961
2025-03-01,Washington,5990.0,4.33,318.961
2025-03-08,Washington,6121.0,4.33,318.961
2025-03-15,Washington,5283.0,4.33,318.961
2025-03-22,Washington,5661.0,4.33,319.679
2025-03-29,Washington,5505.0,4.33,319.679
2025-04-05,Washington,6528.0,4.33,319.679
2025-04-12,Washington,6364.0,4.33,319.679
2025-04-19,Washington,5784.0,4.33,319.785
2025-04-26,Washington,5084.0,4.33,319.785
2025-05-03,Washington,5556.0,4.33,319.785
2025-05-10,Washington,5537.0,4.33,319.785
2025-05-17,Washington,5649.0,4.33,319.785
2025-05-24,Washington,5342.0,4.33,320.302
2025-05-31,Washington,5214.0,4.33,320.302
2025-06-07,Washington,5753.0,4.33,320.302
2025-06-14,Washington,5128.0,4.33,320.302
2025-06-21,Washington,5584.0,4.33,320.62
2025-06-28,Washington,5933.0,4.33,320.62
2025-07-05,Washington,6268.0,4.33,320.62
2025-07-12,Washington,6185.0,4.33,320.62
2025-07-19,Washington,5025.0,4.33,321.435
2025-07-26,Washington,4785.0,4.33,321.435
2025-08-02,Washington,5114.0,4.33,321.435
2025-08-09,Washington,5273.0,4.33,321.435
2025-08-16,Washington,5020.0,4.33,321.435
2025-08-23,Washington,4835.0,4.33,322.169
2025-08-30,Washington,4908.0,4.33,322.169
2025-09-06,Washington,5224.0,4.33,322.169
2025-09-13,Washington,5360.0,4.33,322.169
2025-09-20,Washington,5093.0,4.33,323.291
2025-09-27,Washington,4972.0,4.33,323.291
2025-10-04,Washington,6105.0,4.33,323.291
2025-10-11,Washington,6510.0,4.22,323.291
2025-10-18,Washington,6159.0,4.22,324.245
2025-10-25,Washington,6036.0,4.22,324.245
2025-11-01,Washington,6270.0,4.22,324.245
2025-11-08,Washington,7842.0,4.09,324.245
2025-11-15,Washington,7306.0,4.09,324.245
2025-11-22,Washington,7376.0,4.09,324.245
2025-11-29,Washington,6473.0,4.09,324.245
2025-12-06,Washington,9255.0,4.09,324.245
2025-12-13,Washington,6662.0,3.88,324.245
2025-12-20,Washington,8250.0,3.88,325.063
2025-12-27,Washington,9236.0,3.88,325.063
2026-01-03,Washington,9999.0,3.88,325.063
2026-01-10,Washington,6810.0,3.72,325.063
2026-01-17,Washington,5873.0,3.72,326.031
2026-01-24,Washington,5614.0,3.72,326.031
2026-01-31,Washington,6294.0,3.72,326.031
2026-02-07,Washington,6672.0,3.64,326.031
2026-02-14,Washington,5911.0,3.64,326.031
2026-02-21,Washington,5918.0,3.64,326.588
2026-02-28,Washington,5939.0,3.64,326.588
2026-03-07,Washington,5742.0,3.64,326.588
2026-03-14,Washington,5587.0,3.64,326.588
2026-03-21,Washington,5779.0,3.64,327.46
2026-03-28,Washington,5499.0,3.64,327.46
2026-04-04,Washington,6005.0,3.64,327.46
2026-04-11,Washington,6485.0,3.64,327.46
2026-04-18,Washington,5969.0,3.64,330.293
2026-04-25,Washington,5513.0,3.64,330.293
2026-05-02,Washington,5168.0,3.64,330.293
2026-05-09,Washington,5432.0,3.64,330.293
2026-05-16,Washington,5318.0,3.64,330.293
2026-05-23,Washington,4934.0,3.64,332.407
2026-05-30,Washington,4555.0,3.64,332.407
2026-06-06,Washington,5279.0,3.64,332.407
2026-06-13,Washington,4996.0,3.63,332.407
2026-06-20,Washington,5328.0,3.63,333.979
2026-06-27,Washington,5671.0,3.63,333.979
2026-07-04,Washington,5298.0,3.63,333.979
2026-07-11,Washington,5721.0,3.63,333.979
2026-07-18,Washington,4652.0,3.63,332.568
2026-07-25,Washington,4559.0,3.63,332.568
2026-08-01,Washington,4479.0,3.63,332.568
2026-08-08,Washington,5307.0,3.63,332.568
2026-08-15,Washington,4689.0,3.63,332.568
2026-08-22,Washington,4536.0,3.63,332.813
2013-01-05,Wisconsin,18424.0,0.16,231.249
2013-01-12,Wisconsin,15241.0,0.16,231.249
2013-01-19,Wisconsin,13156.0,0.16,231.221
2013-01-26,Wisconsin,12386.0,0.16,231.221
2013-02-02,Wisconsin,13684.0,0.16,231.221
2013-02-09,Wisconsin,12014.0,0.14,231.221
2013-02-16,Wisconsin,10776.0,0.14,231.221
2013-02-23,Wisconsin,11392.0,0.14,231.679
2013-03-02,Wisconsin,11306.0,0.14,231.679
2013-03-09,Wisconsin,11227.0,0.14,231.679
2013-03-16,Wisconsin,10954.0,0.15,231.679
2013-03-23,Wisconsin,10700.0,0.15,232.937
2013-03-30,Wisconsin,12283.0,0.15,232.937
2013-04-06,Wisconsin,13407.0,0.15,232.937
2013-04-13,Wisconsin,12389.0,0.14,232.937
2013-04-20,Wisconsin,12413.0,0.14,232.282
2013-04-27,Wisconsin,9790.0,0.14,232.282
2013-05-04,Wisconsin,9060.0,0.14,232.282
2013-05-11,Wisconsin,9172.0,0.15,232.282
2013-05-18,Wisconsin,8722.0,0.15,231.797
2013-05-25,Wisconsin,8923.0,0.15,231.797
2013-06-01,Wisconsin,9052.0,0.15,231.797
2013-06-08,Wisconsin,10099.0,0.11,231.797
2013-06-15,Wisconsin,10617.0,0.11,231.797
2013-06-22,Wisconsin,10181.0,0.11,231.893
2013-06-29,Wisconsin,8897.0,0.11,231.893
2013-07-06,Wisconsin,11767.0,0.11,231.893
2013-07-13,Wisconsin,10758.0,0.09,231.893
2013-07-20,Wisconsin,7434.0,0.09,232.445
2013-07-27,Wisconsin,7613.0,0.09,232.445
2013-08-03,Wisconsin,7931.0,0.09,232.445
2013-08-10,Wisconsin,7725.0,0.09,232.445
2013-08-17,Wisconsin,7584.0,0.09,232.9
2013-08-24,Wisconsin,7499.0,0.09,232.9
2013-08-31,Wisconsin,7144.0,0.09,232.9
2013-09-07,Wisconsin,7182.0,0.08,232.9
2013-09-14,Wisconsin,7593.0,0.08,232.9
2013-09-21,Wisconsin,7219.0,0.08,233.456
2013-09-28,Wisconsin,7195.0,0.08,233.456
2013-10-05,Wisconsin,7991.0,0.08,233.456
2013-10-12,Wisconsin,8667.0,0.08,233.456
2013-10-19,Wisconsin,8663.0,0.08,233.544
2013-10-26,Wisconsin,9294.0,0.08,233.544
2013-11-02,Wisconsin,9520.0,0.08,233.544
2013-11-09,Wisconsin,10315.0,0.09,233.544
2013-11-16,Wisconsin,10050.0,0.09,233.544
2013-11-23,Wisconsin,10870.0,0.09,233.669
2013-11-30,Wisconsin,15290.0,0.09,233.669
2013-12-07,Wisconsin,16896.0,0.09,233.669
2013-12-14,Wisconsin,12075.0,0.08,233.669
2013-12-21,Wisconsin,12933.0,0.08,234.1
2013-12-28,Wisconsin,16577.0,0.08,234.1
2014-01-04,Wisconsin,18091.0,0.08,234.1
2014-01-11,Wisconsin,15514.0,0.09,234.1
2014-01-18,Wisconsin,12239.0,0.09,234.719
2014-01-25,Wisconsin,9720.0,0.09,234.719
2014-02-01,Wisconsin,14761.0,0.09,234.719
2014-02-08,Wisconsin,13952.0,0.07,234.719
2014-02-15,Wisconsin,10725.0,0.07,234.719
2014-02-22,Wisconsin,9784.0,0.07,235.288
2014-03-01,Wisconsin,10034.0,0.07,235.288
2014-03-08,Wisconsin,10864.0,0.07,235.288
2014-03-15,Wisconsin,9809.0,0.07,235.288
2014-03-22,Wisconsin,9784.0,0.07,235.547
2014-03-29,Wisconsin,9828.0,0.07,235.547
2014-04-05,Wisconsin,10029.0,0.07,235.547
2014-04-12,Wisconsin,9684.0,0.08,235.547
2014-04-19,Wisconsin,9538.0,0.08,236.028
2014-04-26,Wisconsin,10296.0,0.08,236.028
2014-05-03,Wisconsin,9229.0,0.08,236.028
2014-05-10,Wisconsin,9046.0,0.09,236.028
2014-05-17,Wisconsin,7176.0,0.09,236.028
2014-05-24,Wisconsin,7845.0,0.09,236.468
2014-05-31,Wisconsin,7364.0,0.09,236.468
2014-06-07,Wisconsin,8163.0,0.09,236.468
2014-06-14,Wisconsin,8705.0,0.09,236.468
2014-06-21,Wisconsin,9938.0,0.09,236.918
2014-06-28,Wisconsin,8875.0,0.09,236.918
2014-07-05,Wisconsin,8984.0,0.09,236.918
2014-07-12,Wisconsin,10135.0,0.1,236.918
2014-07-19,Wisconsin,6416.0,0.1,237.231
2014-07-26,Wisconsin,6442.0,0.1,237.231
2014-08-02,Wisconsin,6399.0,0.1,237.231
2014-08-09,Wisconsin,6235.0,0.09,237.231
2014-08-16,Wisconsin,5881.0,0.09,237.231
2014-08-23,Wisconsin,6020.0,0.09,237.498
2014-08-30,Wisconsin,6432.0,0.09,237.498
2014-09-06,Wisconsin,6151.0,0.09,237.498
2014-09-13,Wisconsin,5764.0,0.09,237.498
2014-09-20,Wisconsin,5271.0,0.09,237.46
2014-09-27,Wisconsin,5253.0,0.09,237.46
2014-10-04,Wisconsin,6665.0,0.09,237.46
2014-10-11,Wisconsin,6942.0,0.09,237.46
2014-10-18,Wisconsin,6589.0,0.09,237.477
2014-10-25,Wisconsin,6852.0,0.09,237.477
2014-11-01,Wisconsin,7537.0,0.09,237.477
2014-11-08,Wisconsin,8567.0,0.09,237.477
2014-11-15,Wisconsin,9781.0,0.09,237.477
2014-11-22,Wisconsin,13043.0,0.09,237.43
2014-11-29,Wisconsin,15336.0,0.09,237.43
2014-12-06,Wisconsin,15389.0,0.09,237.43
2014-12-13,Wisconsin,8924.0,0.09,237.43
2014-12-20,Wisconsin,9710.0,0.09,236.983
2014-12-27,Wisconsin,16761.0,0.09,236.983
2015-01-03,Wisconsin,18501.0,0.09,236.983
2015-01-10,Wisconsin,18888.0,0.12,236.983
2015-01-17,Wisconsin,11925.0,0.12,236.252
2015-01-24,Wisconsin,9053.0,0.12,236.252
2015-01-31,Wisconsin,9466.0,0.12,236.252
2015-02-07,Wisconsin,9908.0,0.11,236.252
2015-02-14,Wisconsin,9600.0,0.11,236.252
2015-02-21,Wisconsin,9764.0,0.11,234.747
2015-02-28,Wisconsin,9555.0,0.11,234.747
2015-03-07,Wisconsin,8304.0,0.11,234.747
2015-03-14,Wisconsin,7366.0,0.11,234.747
2015-03-21,Wisconsin,7169.0,0.11,235.342
2015-03-28,Wisconsin,8049.0,0.11,235.342
2015-04-04,Wisconsin,9450.0,0.11,235.342
2015-04-11,Wisconsin,9715.0,0.11,235.342
2015-04-18,Wisconsin,7709.0,0.11,235.976
2015-04-25,Wisconsin,6696.0,0.11,235.976
2015-05-02,Wisconsin,6814.0,0.11,235.976
2015-05-09,Wisconsin,6209.0,0.12,235.976
2015-05-16,Wisconsin,6298.0,0.12,235.976
2015-05-23,Wisconsin,6370.0,0.12,236.222
2015-05-30,Wisconsin,6454.0,0.12,236.222
2015-06-06,Wisconsin,7035.0,0.12,236.222
2015-06-13,Wisconsin,7744.0,0.12,236.222
2015-06-20,Wisconsin,8782.0,0.12,237.001
2015-06-27,Wisconsin,6857.0,0.12,237.001
2015-07-04,Wisconsin,8051.0,0.12,237.001
2015-07-11,Wisconsin,8121.0,0.13,237.001
2015-07-18,Wisconsin,6212.0,0.13,237.657
2015-07-25,Wisconsin,5357.0,0.13,237.657
2015-08-01,Wisconsin,5614.0,0.13,237.657
2015-08-08,Wisconsin,5936.0,0.13,237.657
2015-08-15,Wisconsin,5136.0,0.13,237.657
2015-08-22,Wisconsin,5358.0,0.13,238.034
2015-08-29,Wisconsin,5577.0,0.13,238.034
2015-09-05,Wisconsin,5890.0,0.13,238.034
2015-09-12,Wisconsin,5312.0,0.14,238.034
2015-09-19,Wisconsin,5034.0,0.14,238.033
2015-09-26,Wisconsin,5059.0,0.14,238.033
2015-10-03,Wisconsin,5287.0,0.14,238.033
2015-10-10,Wisconsin,6078.0,0.14,238.033
2015-10-17,Wisconsin,5737.0,0.14,238.033
2015-10-24,Wisconsin,6173.0,0.14,237.498
2015-10-31,Wisconsin,7717.0,0.14,237.498
2015-11-07,Wisconsin,7945.0,0.12,237.498
2015-11-14,Wisconsin,7370.0,0.12,237.498
2015-11-21,Wisconsin,9364.0,0.12,237.733
2015-11-28,Wisconsin,14041.0,0.12,237.733
2015-12-05,Wisconsin,14371.0,0.12,237.733
2015-12-12,Wisconsin,8176.0,0.12,237.733
2015-12-19,Wisconsin,9172.0,0.12,238.017
2015-12-26,Wisconsin,12089.0,0.12,238.017
2016-01-02,Wisconsin,15355.0,0.12,238.017
2016-01-09,Wisconsin,17385.0,0.24,238.017
2016-01-16,Wisconsin,10690.0,0.24,238.017
2016-01-23,Wisconsin,10171.0,0.24,237.761
2016-01-30,Wisconsin,8925.0,0.24,237.761
2016-02-06,Wisconsin,8311.0,0.24,237.761
2016-02-13,Wisconsin,8700.0,0.34,237.761
2016-02-20,Wisconsin,8010.0,0.34,237.652
2016-02-27,Wisconsin,7559.0,0.34,237.652
2016-03-05,Wisconsin,7650.0,0.34,237.652
2016-03-12,Wisconsin,7537.0,0.38,237.652
2016-03-19,Wisconsin,7159.0,0.38,237.336
2016-03-26,Wisconsin,8301.0,0.38,237.336
2016-04-02,Wisconsin,8907.0,0.38,237.336
2016-04-09,Wisconsin,7438.0,0.36,237.336
2016-04-16,Wisconsin,5912.0,0.36,237.336
2016-04-23,Wisconsin,5418.0,0.36,238.08
2016-04-30,Wisconsin,5330.0,0.36,238.08
2016-05-07,Wisconsin,5137.0,0.36,238.08
2016-05-14,Wisconsin,5148.0,0.37,238.08
2016-05-21,Wisconsin,5520.0,0.37,238.992
2016-05-28,Wisconsin,5283.0,0.37,238.992
2016-06-04,Wisconsin,6624.0,0.37,238.992
2016-06-11,Wisconsin,7488.0,0.37,238.992
2016-06-18,Wisconsin,7388.0,0.37,239.557
2016-06-25,Wisconsin,5793.0,0.37,239.557
2016-07-02,Wisconsin,5653.0,0.37,239.557
2016-07-09,Wisconsin,7705.0,0.38,239.557
2016-07-16,Wisconsin,6185.0,0.38,239.557
2016-07-23,Wisconsin,4810.0,0.38,240.222
2016-07-30,Wisconsin,5074.0,0.38,240.222
2016-08-06,Wisconsin,5354.0,0.38,240.222
2016-08-13,Wisconsin,4626.0,0.39,240.222
2016-08-20,Wisconsin,4428.0,0.39,240.101
2016-08-27,Wisconsin,4323.0,0.39,240.101
2016-09-03,Wisconsin,4742.0,0.39,240.101
2016-09-10,Wisconsin,5010.0,0.4,240.101
2016-09-17,Wisconsin,4606.0,0.4,240.545
2016-09-24,Wisconsin,4316.0,0.4,240.545
2016-10-01,Wisconsin,4410.0,0.4,240.545
2016-10-08,Wisconsin,4870.0,0.4,240.545
2016-10-15,Wisconsin,4382.0,0.4,240.545
2016-10-22,Wisconsin,4587.0,0.4,241.176
2016-10-29,Wisconsin,6019.0,0.4,241.176
2016-11-05,Wisconsin,6267.0,0.4,241.176
2016-11-12,Wisconsin,5952.0,0.4,241.176
2016-11-19,Wisconsin,6884.0,0.4,241.741
2016-11-26,Wisconsin,11663.0,0.4,241.741
2016-12-03,Wisconsin,12637.0,0.4,241.741
2016-12-10,Wisconsin,8510.0,0.41,241.741
2016-12-17,Wisconsin,10593.0,0.41,241.741
2016-12-24,Wisconsin,11355.0,0.41,242.026
2016-12-31,Wisconsin,13305.0,0.41,242.026
2017-01-07,Wisconsin,14327.0,0.54,242.026
2017-01-14,Wisconsin,10063.0,0.54,242.026
2017-01-21,Wisconsin,7486.0,0.54,242.637
2017-01-28,Wisconsin,8102.0,0.54,242.637
2017-02-04,Wisconsin,7673.0,0.54,242.637
2017-02-11,Wisconsin,7347.0,0.65,242.637
2017-02-18,Wisconsin,7039.0,0.65,243.618
2017-02-25,Wisconsin,6359.0,0.65,243.618
2017-03-04,Wisconsin,6996.0,0.65,243.618
2017-03-11,Wisconsin,6742.0,0.66,243.618
2017-03-18,Wisconsin,6207.0,0.66,243.618
2017-03-25,Wisconsin,6589.0,0.66,244.006
2017-04-01,Wisconsin,6055.0,0.66,244.006
2017-04-08,Wisconsin,6028.0,0.79,244.006
2017-04-15,Wisconsin,5726.0,0.79,244.006
2017-04-22,Wisconsin,5792.0,0.79,243.892
2017-04-29,Wisconsin,4820.0,0.79,243.892
2017-05-06,Wisconsin,4690.0,0.79,243.892
2017-05-13,Wisconsin,4416.0,0.9,243.892
2017-05-20,Wisconsin,4382.0,0.9,244.193
2017-05-27,Wisconsin,4463.0,0.9,244.193
2017-06-03,Wisconsin,4399.0,0.9,244.193
2017-06-10,Wisconsin,4868.0,0.91,244.193
2017-06-17,Wisconsin,6650.0,0.91,244.004
2017-06-24,Wisconsin,5263.0,0.91,244.004
2017-07-01,Wisconsin,4361.0,0.91,244.004
2017-07-08,Wisconsin,5532.0,1.04,244.004
2017-07-15,Wisconsin,5138.0,1.04,244.004
2017-07-22,Wisconsin,3660.0,1.04,244.163
2017-07-29,Wisconsin,3610.0,1.04,244.163
2017-08-05,Wisconsin,3990.0,1.04,244.163
2017-08-12,Wisconsin,3706.0,1.15,244.163
2017-08-19,Wisconsin,3497.0,1.15,244.243
2017-08-26,Wisconsin,3609.0,1.15,244.243
2017-09-02,Wisconsin,3820.0,1.15,244.243
2017-09-09,Wisconsin,3620.0,1.16,244.243
2017-09-16,Wisconsin,3444.0,1.16,244.243
2017-09-23,Wisconsin,3353.0,1.16,245.183
2017-09-30,Wisconsin,3619.0,1.16,245.183
2017-10-07,Wisconsin,4230.0,1.16,245.183
2017-10-14,Wisconsin,3701.0,1.15,245.183
2017-10-21,Wisconsin,3726.0,1.15,246.435
2017-10-28,Wisconsin,4121.0,1.15,246.435
2017-11-04,Wisconsin,5309.0,1.15,246.435
2017-11-11,Wisconsin,5638.0,1.15,246.435
2017-11-18,Wisconsin,5854.0,1.15,246.626
2017-11-25,Wisconsin,8952.0,1.15,246.626
2017-12-02,Wisconsin,10094.0,1.15,246.626
2017-12-09,Wisconsin,7257.0,1.16,246.626
2017-12-16,Wisconsin,7978.0,1.16,246.626
2017-12-23,Wisconsin,8119.0,1.16,247.284
2017-12-30,Wisconsin,13393.0,1.16,247.284
2018-01-06,Wisconsin,15298.0,1.16,247.284
2018-01-13,Wisconsin,8609.0,1.3,247.284
2018-01-20,Wisconsin,6244.0,1.3,247.805
2018-01-27,Wisconsin,6851.0,1.3,247.805
2018-02-03,Wisconsin,6968.0,1.3,247.805
2018-02-10,Wisconsin,6930.0,1.41,247.805
2018-02-17,Wisconsin,6705.0,1.41,248.859
2018-02-24,Wisconsin,6510.0,1.41,248.859
2018-03-03,Wisconsin,6274.0,1.41,248.859
2018-03-10,Wisconsin,5590.0,1.42,248.859
2018-03-17,Wisconsin,5851.0,1.42,248.859
2018-03-24,Wisconsin,5403.0,1.42,249.529
2018-03-31,Wisconsin,5984.0,1.42,249.529
2018-04-07,Wisconsin,6848.0,1.51,249.529
2018-04-14,Wisconsin,6216.0,1.51,249.529
2018-04-21,Wisconsin,5249.0,1.51,249.577
2018-04-28,Wisconsin,5768.0,1.51,249.577
2018-05-05,Wisconsin,3939.0,1.51,249.577
2018-05-12,Wisconsin,3795.0,1.69,249.577
2018-05-19,Wisconsin,3634.0,1.69,250.227
2018-05-26,Wisconsin,3659.0,1.69,250.227
2018-06-02,Wisconsin,3681.0,1.69,250.227
2018-06-09,Wisconsin,4209.0,1.7,250.227
2018-06-16,Wisconsin,5956.0,1.7,250.227
2018-06-23,Wisconsin,5057.0,1.7,250.792
2018-06-30,Wisconsin,3735.0,1.7,250.792
2018-07-07,Wisconsin,4739.0,1.7,250.792
2018-07-14,Wisconsin,4689.0,1.82,250.792
2018-07-21,Wisconsin,3215.0,1.82,251.018
2018-07-28,Wisconsin,3045.0,1.82,251.018
2018-08-04,Wisconsin,3349.0,1.82,251.018
2018-08-11,Wisconsin,3520.0,1.91,251.018
2018-08-18,Wisconsin,3180.0,1.91,251.214
2018-08-25,Wisconsin,3051.0,1.91,251.214
2018-09-01,Wisconsin,3188.0,1.91,251.214
2018-09-08,Wisconsin,3831.0,1.91,251.214
2018-09-15,Wisconsin,3471.0,1.91,251.214
2018-09-22,Wisconsin,3038.0,1.91,251.663
2018-09-29,Wisconsin,2974.0,1.91,251.663
2018-10-06,Wisconsin,3299.0,1.91,251.663
2018-10-13,Wisconsin,3936.0,1.95,251.663
2018-10-20,Wisconsin,3584.0,1.95,252.182
2018-10-27,Wisconsin,3586.0,1.95,252.182
2018-11-03,Wisconsin,4521.0,1.95,252.182
2018-11-10,Wisconsin,5291.0,2.19,252.182
2018-11-17,Wisconsin,6017.0,2.19,252.772
2018-11-24,Wisconsin,8136.0,2.19,252.772
2018-12-01,Wisconsin,9976.0,2.19,252.772
2018-12-08,Wisconsin,7118.0,2.2,252.772
2018-12-15,Wisconsin,6702.0,2.2,252.772
2018-12-22,Wisconsin,6999.0,2.2,252.594
2018-12-29,Wisconsin,10494.0,2.2,252.594
2019-01-05,Wisconsin,11915.0,2.2,252.594
2019-01-12,Wisconsin,7989.0,2.27,252.594
2019-01-19,Wisconsin,6332.0,2.27,252.767
2019-01-26,Wisconsin,6902.0,2.27,252.767
2019-02-02,Wisconsin,11372.0,2.27,252.767
2019-02-09,Wisconsin,10180.0,2.4,252.767
2019-02-16,Wisconsin,5574.0,2.4,252.767
2019-02-23,Wisconsin,5769.0,2.4,252.561
2019-03-02,Wisconsin,6099.0,2.4,252.561
2019-03-09,Wisconsin,6373.0,2.4,252.561
2019-03-16,Wisconsin,5999.0,2.4,252.561
2019-03-23,Wisconsin,5416.0,2.4,253.319
2019-03-30,Wisconsin,5678.0,2.4,253.319
2019-04-06,Wisconsin,5381.0,2.4,253.319
2019-04-13,Wisconsin,4684.0,2.41,253.319
2019-04-20,Wisconsin,4902.0,2.41,254.277
2019-04-27,Wisconsin,4891.0,2.41,254.277
2019-05-04,Wisconsin,4230.0,2.41,254.277
2019-05-11,Wisconsin,4230.0,2.42,254.277
2019-05-18,Wisconsin,3510.0,2.42,255.233
2019-05-25,Wisconsin,3514.0,2.42,255.233
2019-06-01,Wisconsin,3753.0,2.42,255.233
2019-06-08,Wisconsin,4367.0,2.39,255.233
2019-06-15,Wisconsin,5208.0,2.39,255.233
2019-06-22,Wisconsin,5467.0,2.39,255.296
2019-06-29,Wisconsin,4345.0,2.39,255.296
2019-07-06,Wisconsin,5609.0,2.39,255.296
2019-07-13,Wisconsin,5475.0,2.38,255.296
2019-07-20,Wisconsin,3441.0,2.38,255.213
2019-07-27,Wisconsin,3427.0,2.38,255.213
2019-08-03,Wisconsin,3702.0,2.38,255.213
2019-08-10,Wisconsin,3833.0,2.4,255.213
2019-08-17,Wisconsin,3369.0,2.4,255.802
2019-08-24,Wisconsin,3190.0,2.4,255.802
2019-08-31,Wisconsin,3787.0,2.4,255.802
2019-09-07,Wisconsin,3826.0,2.13,255.802
2019-09-14,Wisconsin,3594.0,2.13,255.802
2019-09-21,Wisconsin,3151.0,2.13,256.036
2019-09-28,Wisconsin,2993.0,2.13,256.036
2019-10-05,Wisconsin,3773.0,2.13,256.036
2019-10-12,Wisconsin,3888.0,2.04,256.036
2019-10-19,Wisconsin,3536.0,2.04,256.43
2019-10-26,Wisconsin,3911.0,2.04,256.43
2019-11-02,Wisconsin,4827.0,2.04,256.43
2019-11-09,Wisconsin,5847.0,1.83,256.43
2019-11-16,Wisconsin,6642.0,1.83,256.43
2019-11-23,Wisconsin,7396.0,1.83,257.155
2019-11-30,Wisconsin,8129.0,1.83,257.155
2019-12-07,Wisconsin,10564.0,1.83,257.155
2019-12-14,Wisconsin,6794.0,1.55,257.155
2019-12-21,Wisconsin,7776.0,1.55,257.879
2019-12-28,Wisconsin,10483.0,1.55,257.879
2020-01-04,Wisconsin,12854.0,1.55,257.879
2020-01-11,Wisconsin,8255.0,1.55,257.879
2020-01-18,Wisconsin,6388.0,1.55,258.63
2020-01-25,Wisconsin,6134.0,1.55,258.63
2020-02-01,Wisconsin,6280.0,1.55,258.63
2020-02-08,Wisconsin,6579.0,1.55,258.63
2020-02-15,Wisconsin,5808.0,1.55,258.63
2020-02-22,Wisconsin,6098.0,1.55,259.127
2020-02-29,Wisconsin,5658.0,1.55,259.127
2020-03-07,Wisconsin,5052.0,1.55,259.127
2020-03-14,Wisconsin,5190.0,1.58,259.127
2020-03-21,Wisconsin,51031.0,1.58,259.25
2020-03-28,Wisconsin,110934.0,1.58,259.25
2020-04-04,Wisconsin,104823.0,1.58,259.25
2020-04-11,Wisconsin,70000.0,0.65,259.25
2020-04-18,Wisconsin,55883.0,0.65,258.076
2020-04-25,Wisconsin,49993.0,0.65,258.076
2020-05-02,Wisconsin,37885.0,0.65,258.076
2020-05-09,Wisconsin,38710.0,0.05,258.076
2020-05-16,Wisconsin,31287.0,0.05,258.076
2020-05-23,Wisconsin,28967.0,0.05,256.032
2020-05-30,Wisconsin,24661.0,0.05,256.032
2020-06-06,Wisconsin,25047.0,0.05,256.032
2020-06-13,Wisconsin,25543.0,0.05,256.032
2020-06-20,Wisconsin,25428.0,0.05,255.802
2020-06-27,Wisconsin,24925.0,0.05,255.802
2020-07-04,Wisconsin,27385.0,0.05,255.802
2020-07-11,Wisconsin,29051.0,0.08,255.802
2020-07-18,Wisconsin,25129.0,0.08,257.042
2020-07-25,Wisconsin,23026.0,0.08,257.042
2020-08-01,Wisconsin,19196.0,0.08,257.042
2020-08-08,Wisconsin,14257.0,0.09,257.042
2020-08-15,Wisconsin,14834.0,0.09,257.042
2020-08-22,Wisconsin,13879.0,0.09,258.352
2020-08-29,Wisconsin,12457.0,0.09,258.352
2020-09-05,Wisconsin,12238.0,0.09,258.352
2020-09-12,Wisconsin,11709.0,0.1,258.352
2020-09-19,Wisconsin,12178.0,0.1,259.316
2020-09-26,Wisconsin,11185.0,0.1,259.316
2020-10-03,Wisconsin,11916.0,0.1,259.316
2020-10-10,Wisconsin,14971.0,0.09,259.316
2020-10-17,Wisconsin,13890.0,0.09,259.316
2020-10-24,Wisconsin,13540.0,0.09,259.997
2020-10-31,Wisconsin,14874.0,0.09,259.997
2020-11-07,Wisconsin,14334.0,0.09,259.997
2020-11-14,Wisconsin,15605.0,0.09,259.997
2020-11-21,Wisconsin,16720.0,0.09,260.319
2020-11-28,Wisconsin,16138.0,0.09,260.319
2020-12-05,Wisconsin,21700.0,0.09,260.319
2020-12-12,Wisconsin,14662.0,0.09,260.319
2020-12-19,Wisconsin,14119.0,0.09,260.911
2020-12-26,Wisconsin,14294.0,0.09,260.911
2021-01-02,Wisconsin,19188.0,0.09,260.911
2021-01-09,Wisconsin,22580.0,0.09,260.911
2021-01-16,Wisconsin,17015.0,0.09,260.911
2021-01-23,Wisconsin,15471.0,0.09,262.045
2021-01-30,Wisconsin,15639.0,0.09,262.045
2021-02-06,Wisconsin,15040.0,0.09,262.045
2021-02-13,Wisconsin,16250.0,0.09,262.045
2021-02-20,Wisconsin,16250.0,0.09,262.687
2021-02-27,Wisconsin,13310.0,0.09,262.687
2021-03-06,Wisconsin,12216.0,0.09,262.687
2021-03-13,Wisconsin,12481.0,0.08,262.687
2021-03-20,Wisconsin,11793.0,0.08,263.579
2021-03-27,Wisconsin,13029.0,0.08,263.579
2021-04-03,Wisconsin,14424.0,0.08,263.579
2021-04-10,Wisconsin,16511.0,0.07,263.579
2021-04-17,Wisconsin,18856.0,0.07,264.961
2021-04-24,Wisconsin,11352.0,0.07,264.961
2021-05-01,Wisconsin,10351.0,0.07,264.961
2021-05-08,Wisconsin,10395.0,0.07,264.961
2021-05-15,Wisconsin,9880.0,0.07,264.961
2021-05-22,Wisconsin,9501.0,0.07,266.614
2021-05-29,Wisconsin,8369.0,0.07,266.614
2021-06-05,Wisconsin,7439.0,0.07,266.614
2021-06-12,Wisconsin,8826.0,0.06,266.614
2021-06-19,Wisconsin,9322.0,0.06,268.383
2021-06-26,Wisconsin,7862.0,0.06,268.383
2021-07-03,Wisconsin,7243.0,0.06,268.383
2021-07-10,Wisconsin,7831.0,0.08,268.383
2021-07-17,Wisconsin,8843.0,0.08,268.383
2021-07-24,Wisconsin,6806.0,0.08,270.654
2021-07-31,Wisconsin,7164.0,0.08,270.654
2021-08-07,Wisconsin,7052.0,0.1,270.654
2021-08-14,Wisconsin,7318.0,0.1,270.654
2021-08-21,Wisconsin,6704.0,0.1,271.903
2021-08-28,Wisconsin,6813.0,0.1,271.903
2021-09-04,Wisconsin,6967.0,0.1,271.903
2021-09-11,Wisconsin,5960.0,0.09,271.903
2021-09-18,Wisconsin,7265.0,0.09,272.676
2021-09-25,Wisconsin,6132.0,0.09,272.676
2021-10-02,Wisconsin,5856.0,0.09,272.676
2021-10-09,Wisconsin,5829.0,0.08,272.676
2021-10-16,Wisconsin,5863.0,0.08,272.676
2021-10-23,Wisconsin,5227.0,0.08,273.91
2021-10-30,Wisconsin,5568.0,0.08,273.91
2021-11-06,Wisconsin,6140.0,0.08,273.91
2021-11-13,Wisconsin,7047.0,0.08,273.91
2021-11-20,Wisconsin,7468.0,0.08,276.55
2021-11-27,Wisconsin,8549.0,0.08,276.55
2021-12-04,Wisconsin,11721.0,0.08,276.55
2021-12-11,Wisconsin,8507.0,0.08,276.55
2021-12-18,Wisconsin,8717.0,0.08,278.919
2021-12-25,Wisconsin,7536.0,0.08,278.919
2022-01-01,Wisconsin,11019.0,0.08,278.919
2022-01-08,Wisconsin,14428.0,0.08,278.919
2022-01-15,Wisconsin,10237.0,0.08,278.919
2022-01-22,Wisconsin,7832.0,0.08,280.845
2022-01-29,Wisconsin,7649.0,0.08,280.845
2022-02-05,Wisconsin,6871.0,0.08,280.845
2022-02-12,Wisconsin,5837.0,0.08,280.845
2022-02-19,Wisconsin,5299.0,0.08,282.543
2022-02-26,Wisconsin,5413.0,0.08,282.543
2022-03-05,Wisconsin,5371.0,0.08,282.543
2022-03-12,Wisconsin,5052.0,0.08,282.543
2022-03-19,Wisconsin,4763.0,0.08,282.543
2022-03-26,Wisconsin,5409.0,0.08,284.5
2022-04-02,Wisconsin,5823.0,0.08,284.5
2022-04-09,Wisconsin,4664.0,0.2,284.5
2022-04-16,Wisconsin,3804.0,0.2,284.5
2022-04-23,Wisconsin,3759.0,0.2,287.674
2022-04-30,Wisconsin,3712.0,0.2,287.674
2022-05-07,Wisconsin,3228.0,0.2,287.674
2022-05-14,Wisconsin,3233.0,0.33,287.674
2022-05-21,Wisconsin,3269.0,0.33,288.561
2022-05-28,Wisconsin,3168.0,0.33,288.561
2022-06-04,Wisconsin,3273.0,0.33,288.561
2022-06-11,Wisconsin,4385.0,0.77,288.561
2022-06-18,Wisconsin,5013.0,0.77,291.298
2022-06-25,Wisconsin,4145.0,0.77,291.298
2022-07-02,Wisconsin,3976.0,0.77,291.298
2022-07-09,Wisconsin,4181.0,1.21,291.298
2022-07-16,Wisconsin,4458.0,1.21,291.298
2022-07-23,Wisconsin,3509.0,1.21,294.957
2022-07-30,Wisconsin,3451.0,1.21,294.957
2022-08-06,Wisconsin,3658.0,1.21,294.957
2022-08-13,Wisconsin,3354.0,1.68,294.957
2022-08-20,Wisconsin,3043.0,1.68,294.913
2022-08-27,Wisconsin,2917.0,1.68,294.913
2022-09-03,Wisconsin,3255.0,1.68,294.913
2022-09-10,Wisconsin,3063.0,2.33,294.913
2022-09-17,Wisconsin,2890.0,2.33,295.097
2022-09-24,Wisconsin,2643.0,2.33,295.097
2022-10-01,Wisconsin,2659.0,2.33,295.097
2022-10-08,Wisconsin,2940.0,2.56,295.097
2022-10-15,Wisconsin,3031.0,2.56,295.097
2022-10-22,Wisconsin,3164.0,2.56,296.349
2022-10-29,Wisconsin,3322.0,2.56,296.349
2022-11-05,Wisconsin,3794.0,2.56,296.349
2022-11-12,Wisconsin,4234.0,3.08,296.349
2022-11-19,Wisconsin,5355.0,3.08,298.007
2022-11-26,Wisconsin,6897.0,3.08,298.007
2022-12-03,Wisconsin,8412.0,3.08,298.007
2022-12-10,Wisconsin,6129.0,3.78,298.007
2022-12-17,Wisconsin,6230.0,3.78,298.007
2022-12-24,Wisconsin,7442.0,3.78,298.786
2022-12-31,Wisconsin,8585.0,3.78,298.786
2023-01-07,Wisconsin,10656.0,4.1,298.786
2023-01-14,Wisconsin,6601.0,4.1,298.786
2023-01-21,Wisconsin,5324.0,4.1,298.832
2023-01-28,Wisconsin,5893.0,4.1,298.832
2023-02-04,Wisconsin,5906.0,4.1,298.832
2023-02-11,Wisconsin,6223.0,4.33,298.832
2023-02-18,Wisconsin,4803.0,4.33,300.42
2023-02-25,Wisconsin,5040.0,4.33,300.42
2023-03-04,Wisconsin,5446.0,4.33,300.42
2023-03-11,Wisconsin,4745.0,4.57,300.42
2023-03-18,Wisconsin,4667.0,4.57,300.42
2023-03-25,Wisconsin,4972.0,4.57,301.45
2023-04-01,Wisconsin,4726.0,4.57,301.45
2023-04-08,Wisconsin,4949.0,4.65,301.45
2023-04-15,Wisconsin,4322.0,4.65,301.45
2023-04-22,Wisconsin,3684.0,4.65,301.821
2023-04-29,Wisconsin,3922.0,4.65,301.821
2023-05-06,Wisconsin,3428.0,4.65,301.821
2023-05-13,Wisconsin,3199.0,4.83,301.821
2023-05-20,Wisconsin,3246.0,4.83,302.845
2023-05-27,Wisconsin,3135.0,4.83,302.845
2023-06-03,Wisconsin,3300.0,4.83,302.845
2023-06-10,Wisconsin,4156.0,5.06,302.845
2023-06-17,Wisconsin,5197.0,5.06,303.334
2023-06-24,Wisconsin,4308.0,5.06,303.334
2023-07-01,Wisconsin,3804.0,5.06,303.334
2023-07-08,Wisconsin,3924.0,5.08,303.334
2023-07-15,Wisconsin,4366.0,5.08,303.334
2023-07-22,Wisconsin,3155.0,5.08,304.014
2023-07-29,Wisconsin,3244.0,5.08,304.014
2023-08-05,Wisconsin,3636.0,5.08,304.014
2023-08-12,Wisconsin,3189.0,5.12,304.014
2023-08-19,Wisconsin,2823.0,5.12,304.609
2023-08-26,Wisconsin,2878.0,5.12,304.609
2023-09-02,Wisconsin,3019.0,5.12,304.609
2023-09-09,Wisconsin,3060.0,5.33,304.609
2023-09-16,Wisconsin,2825.0,5.33,304.609
2023-09-23,Wisconsin,2762.0,5.33,306.082
2023-09-30,Wisconsin,2927.0,5.33,306.082
2023-10-07,Wisconsin,3046.0,5.33,306.082
2023-10-14,Wisconsin,3136.0,5.33,306.082
2023-10-21,Wisconsin,3349.0,5.33,307.276
2023-10-28,Wisconsin,3510.0,5.33,307.276
2023-11-04,Wisconsin,4269.0,5.33,307.276
2023-11-11,Wisconsin,4370.0,5.33,307.276
2023-11-18,Wisconsin,4486.0,5.33,307.696
2023-11-25,Wisconsin,6236.0,5.33,307.696
2023-12-02,Wisconsin,8636.0,5.33,307.696
2023-12-09,Wisconsin,5589.0,5.33,307.696
2023-12-16,Wisconsin,5605.0,5.33,307.696
2023-12-23,Wisconsin,6298.0,5.33,308.148
2023-12-30,Wisconsin,7326.0,5.33,308.148
2024-01-06,Wisconsin,11054.0,5.33,308.148
2024-01-13,Wisconsin,6549.0,5.33,308.148
2024-01-20,Wisconsin,7597.0,5.33,308.741
2024-01-27,Wisconsin,7580.0,5.33,308.741
2024-02-03,Wisconsin,5444.0,5.33,308.741
2024-02-10,Wisconsin,5242.0,5.33,308.741
2024-02-17,Wisconsin,4839.0,5.33,309.698
2024-02-24,Wisconsin,4624.0,5.33,309.698
2024-03-02,Wisconsin,4475.0,5.33,309.698
2024-03-09,Wisconsin,4453.0,5.33,309.698
2024-03-16,Wisconsin,4489.0,5.33,309.698
2024-03-23,Wisconsin,4429.0,5.33,310.967
2024-03-30,Wisconsin,5581.0,5.33,310.967
2024-04-06,Wisconsin,6427.0,5.33,310.967
2024-04-13,Wisconsin,4584.0,5.33,310.967
2024-04-20,Wisconsin,3590.0,5.33,312.345
2024-04-27,Wisconsin,3471.0,5.33,312.345
2024-05-04,Wisconsin,3428.0,5.33,312.345
2024-05-11,Wisconsin,3349.0,5.33,312.345
2024-05-18,Wisconsin,3457.0,5.33,313.023
2024-05-25,Wisconsin,3295.0,5.33,313.023
2024-06-01,Wisconsin,3349.0,5.33,313.023
2024-06-08,Wisconsin,4129.0,5.33,313.023
2024-06-15,Wisconsin,5391.0,5.33,313.023
2024-06-22,Wisconsin,4787.0,5.33,313.175
2024-06-29,Wisconsin,3912.0,5.33,313.175
2024-07-06,Wisconsin,4904.0,5.33,313.175
2024-07-13,Wisconsin,5299.0,5.33,313.175
2024-07-20,Wisconsin,3553.0,5.33,313.044
2024-07-27,Wisconsin,3436.0,5.33,313.044
2024-08-03,Wisconsin,4108.0,5.33,313.044
2024-08-10,Wisconsin,3904.0,5.33,313.044
2024-08-17,Wisconsin,3484.0,5.33,313.569
2024-08-24,Wisconsin,3152.0,5.33,313.569
2024-08-31,Wisconsin,3972.0,5.33,313.569
2024-09-07,Wisconsin,4476.0,5.33,313.569
2024-09-14,Wisconsin,3682.0,5.33,313.569
2024-09-21,Wisconsin,3150.0,5.33,314.062
2024-09-28,Wisconsin,3307.0,5.33,314.062
2024-10-05,Wisconsin,4001.0,5.33,314.062
2024-10-12,Wisconsin,3600.0,5.13,314.062
2024-10-19,Wisconsin,3822.0,5.13,314.732
2024-10-26,Wisconsin,4129.0,5.13,314.732
2024-11-02,Wisconsin,4583.0,5.13,314.732
2024-11-09,Wisconsin,4147.0,4.83,314.732
2024-11-16,Wisconsin,3865.0,4.83,314.732
2024-11-23,Wisconsin,4647.0,4.83,315.631
2024-11-30,Wisconsin,6432.0,4.83,315.631
2024-12-07,Wisconsin,8959.0,4.83,315.631
2024-12-14,Wisconsin,5871.0,4.64,315.631
2024-12-21,Wisconsin,5738.0,4.64,316.528
2024-12-28,Wisconsin,7801.0,4.64,316.528
2025-01-04,Wisconsin,9986.0,4.64,316.528
2025-01-11,Wisconsin,6156.0,4.48,316.528
2025-01-18,Wisconsin,5375.0,4.48,317.604
2025-01-25,Wisconsin,5526.0,4.48,317.604
2025-02-01,Wisconsin,6295.0,4.48,317.604
2025-02-08,Wisconsin,4746.0,4.33,317.604
2025-02-15,Wisconsin,4671.0,4.33,317.604
2025-02-22,Wisconsin,5687.0,4.33,318.961
2025-03-01,Wisconsin,5668.0,4.33,318.961
2025-03-08,Wisconsin,3902.0,4.33,318.961
2025-03-15,Wisconsin,4058.0,4.33,318.961
2025-03-22,Wisconsin,3966.0,4.33,319.679
2025-03-29,Wisconsin,4708.0,4.33,319.679
2025-04-05,Wisconsin,4844.0,4.33,319.679
2025-04-12,Wisconsin,3531.0,4.33,319.679
2025-04-19,Wisconsin,3074.0,4.33,319.785
2025-04-26,Wisconsin,3466.0,4.33,319.785
2025-05-03,Wisconsin,3141.0,4.33,319.785
2025-05-10,Wisconsin,2768.0,4.33,319.785
2025-05-17,Wisconsin,2846.0,4.33,319.785
2025-05-24,Wisconsin,3076.0,4.33,320.302
2025-05-31,Wisconsin,3178.0,4.33,320.302
2025-06-07,Wisconsin,3377.0,4.33,320.302
2025-06-14,Wisconsin,4223.0,4.33,320.302
2025-06-21,Wisconsin,4777.0,4.33,320.62
2025-06-28,Wisconsin,3741.0,4.33,320.62
2025-07-05,Wisconsin,3417.0,4.33,320.62
2025-07-12,Wisconsin,3996.0,4.33,320.62
2025-07-19,Wisconsin,2879.0,4.33,321.435
2025-07-26,Wisconsin,2691.0,4.33,321.435
2025-08-02,Wisconsin,2944.0,4.33,321.435
2025-08-09,Wisconsin,3002.0,4.33,321.435
2025-08-16,Wisconsin,2764.0,4.33,321.435
2025-08-23,Wisconsin,2598.0,4.33,322.169
2025-08-30,Wisconsin,2464.0,4.33,322.169
2025-09-06,Wisconsin,2524.0,4.33,322.169
2025-09-13,Wisconsin,2550.0,4.33,322.169
2025-09-20,Wisconsin,2447.0,4.33,323.291
2025-09-27,Wisconsin,2530.0,4.33,323.291
2025-10-04,Wisconsin,2711.0,4.33,323.291
2025-10-11,Wisconsin,2782.0,4.22,323.291
2025-10-18,Wisconsin,2839.0,4.22,324.245
2025-10-25,Wisconsin,3075.0,4.22,324.245
2025-11-01,Wisconsin,3026.0,4.22,324.245
2025-11-08,Wisconsin,3258.0,4.09,324.245
2025-11-15,Wisconsin,3469.0,4.09,324.245
2025-11-22,Wisconsin,4322.0,4.09,324.245
2025-11-29,Wisconsin,5414.0,4.09,324.245
2025-12-06,Wisconsin,8744.0,4.09,324.245
2025-12-13,Wisconsin,5913.0,3.88,324.245
2025-12-20,Wisconsin,5395.0,3.88,325.063
2025-12-27,Wisconsin,6518.0,3.88,325.063
2026-01-03,Wisconsin,8369.0,3.88,325.063
2026-01-10,Wisconsin,6306.0,3.72,325.063
2026-01-17,Wisconsin,4939.0,3.72,326.031
2026-01-24,Wisconsin,4920.0,3.72,326.031
2026-01-31,Wisconsin,6787.0,3.72,326.031
2026-02-07,Wisconsin,4841.0,3.64,326.031
2026-02-14,Wisconsin,3870.0,3.64,326.031
2026-02-21,Wisconsin,3870.0,3.64,326.588
2026-02-28,Wisconsin,3769.0,3.64,326.588
2026-03-07,Wisconsin,3561.0,3.64,326.588
2026-03-14,Wisconsin,3567.0,3.64,326.588
2026-03-21,Wisconsin,3667.0,3.64,327.46
2026-03-28,Wisconsin,4471.0,3.64,327.46
2026-04-04,Wisconsin,4282.0,3.64,327.46
2026-04-11,Wisconsin,4187.0,3.64,327.46
2026-04-18,Wisconsin,2939.0,3.64,330.293
2026-04-25,Wisconsin,2817.0,3.64,330.293
2026-05-02,Wisconsin,2661.0,3.64,330.293
2026-05-09,Wisconsin,2605.0,3.64,330.293
2026-05-16,Wisconsin,2420.0,3.64,330.293
2026-05-23,Wisconsin,2418.0,3.64,332.407
2026-05-30,Wisconsin,2463.0,3.64,332.407
2026-06-06,Wisconsin,3070.0,3.64,332.407
2026-06-13,Wisconsin,3713.0,3.63,332.407
2026-06-20,Wisconsin,4333.0,3.63,333.979
2026-06-27,Wisconsin,3304.0,3.63,333.979
2026-07-04,Wisconsin,2936.0,3.63,333.979
2026-07-11,Wisconsin,3012.0,3.63,333.979
2026-07-18,Wisconsin,2592.0,3.63,332.568
2026-07-25,Wisconsin,2339.0,3.63,332.568
2026-08-01,Wisconsin,2433.0,3.63,332.568
2026-08-08,Wisconsin,2747.0,3.63,332.568
2026-08-15,Wisconsin,2348.0,3.63,332.568
2026-08-22,Wisconsin,2143.0,3.63,332.813
